{"columns":["ite","time","q","scaled_eu","z","solver","attacker","|Q|","|X|","|T|","rho","k","utility_time","RS_iters","mcts_iters","sa_iters","eps","lr"],"index":[0,1,2,3,4,5,6,7,8,9,10,11,12,13,14,15,16,17,18,19,20,21,22,23,24,25,26,27,28,29,30,31,32,33,34,35,36,37,38,39,40,41,42,43,44,45,46,47,48,49,50,51,52,53,54,55,56,57,58,59,60,61,62,63,64,65,66,67,68,69,70,71,72,73,74,75,76,77,78,79],"data":[[7,15,80.372602109,-27.127397891,[1,28,4,0,6,9,29,13,5,7,21,14,0,3,6,2,27,25,27,29,2,8,2,11,28,16,6,22,27,16],"SA","pd",30,30,30,0.95,10000,59.3718099594,5000,-1,50,0.05,0.1],[7,30,81.4589591924,-26.0410408076,[4,19,28,9,6,11,22,5,24,7,9,15,21,25,16,19,20,13,3,24,2,2,11,11,12,9,13,3,7,7],"SA","pd",30,30,30,0.95,10000,58.7549273968,5000,-1,50,0.05,0.1],[7,45,81.4589591924,-26.0410408076,[4,19,28,9,6,11,22,5,24,7,9,15,21,25,16,19,20,13,3,24,2,2,11,11,12,9,13,3,7,7],"SA","pd",30,30,30,0.95,10000,58.651550293,5000,-1,50,0.05,0.1],[7,60,81.4589591924,-26.0410408076,[4,19,28,9,6,11,22,5,24,7,9,15,21,25,16,19,20,13,3,24,2,2,11,11,12,9,13,3,7,7],"SA","pd",30,30,30,0.95,10000,58.9213049412,5000,-1,50,0.05,0.1],[7,75,81.4589591924,-26.0410408076,[4,19,28,9,6,11,22,5,24,7,9,15,21,25,16,19,20,13,3,24,2,2,11,11,12,9,13,3,7,7],"SA","pd",30,30,30,0.95,10000,58.9293882847,5000,-1,50,0.05,0.1],[7,90,81.4589591924,-26.0410408076,[4,19,28,9,6,11,22,5,24,7,9,15,21,25,16,19,20,13,3,24,2,2,11,11,12,9,13,3,7,7],"SA","pd",30,30,30,0.95,10000,95.5978140831,5000,-1,50,0.05,0.1],[7,105,81.4589591924,-26.0410408076,[4,19,28,9,6,11,22,5,24,7,9,15,21,25,16,19,20,13,3,24,2,2,11,11,12,9,13,3,7,7],"SA","pd",30,30,30,0.95,10000,104.7547957897,5000,-1,50,0.05,0.1],[7,120,81.4589591924,-26.0410408076,[4,19,28,9,6,11,22,5,24,7,9,15,21,25,16,19,20,13,3,24,2,2,11,11,12,9,13,3,7,7],"SA","pd",30,30,30,0.95,10000,62.7077035904,5000,-1,50,0.05,0.1],[7,135,81.4589591924,-26.0410408076,[4,19,28,9,6,11,22,5,24,7,9,15,21,25,16,19,20,13,3,24,2,2,11,11,12,9,13,3,7,7],"SA","pd",30,30,30,0.95,10000,58.831526041,5000,-1,50,0.05,0.1],[7,150,81.4589591924,-26.0410408076,[4,19,28,9,6,11,22,5,24,7,9,15,21,25,16,19,20,13,3,24,2,2,11,11,12,9,13,3,7,7],"SA","pd",30,30,30,0.95,10000,59.1546823978,5000,-1,50,0.05,0.1],[7,165,81.4589591924,-26.0410408076,[4,19,28,9,6,11,22,5,24,7,9,15,21,25,16,19,20,13,3,24,2,2,11,11,12,9,13,3,7,7],"SA","pd",30,30,30,0.95,10000,59.3302748203,5000,-1,50,0.05,0.1],[7,180,81.4589591924,-26.0410408076,[4,19,28,9,6,11,22,5,24,7,9,15,21,25,16,19,20,13,3,24,2,2,11,11,12,9,13,3,7,7],"SA","pd",30,30,30,0.95,10000,95.4349572659,5000,-1,50,0.05,0.1],[7,195,81.4589591924,-26.0410408076,[4,19,28,9,6,11,22,5,24,7,9,15,21,25,16,19,20,13,3,24,2,2,11,11,12,9,13,3,7,7],"SA","pd",30,30,30,0.95,10000,100.3776049614,5000,-1,50,0.05,0.1],[7,210,81.4589591924,-26.0410408076,[4,19,28,9,6,11,22,5,24,7,9,15,21,25,16,19,20,13,3,24,2,2,11,11,12,9,13,3,7,7],"SA","pd",30,30,30,0.95,10000,84.6846702099,5000,-1,50,0.05,0.1],[7,225,81.4589591924,-26.0410408076,[4,19,28,9,6,11,22,5,24,7,9,15,21,25,16,19,20,13,3,24,2,2,11,11,12,9,13,3,7,7],"SA","pd",30,30,30,0.95,10000,74.3145577908,5000,-1,50,0.05,0.1],[7,240,82.0625744354,-25.4374255646,[17,1,11,18,2,9,21,8,7,14,7,7,21,26,11,7,28,18,20,16,22,17,18,8,17,1,9,20,16,10],"SA","pd",30,30,30,0.95,10000,59.211966753,5000,-1,50,0.05,0.1],[7,255,82.2043116166,-25.2956883834,[17,8,26,26,26,17,14,25,12,11,15,15,21,28,7,7,1,4,20,17,22,17,5,2,19,1,9,20,25,6],"SA","pd",30,30,30,0.95,10000,59.0012717247,5000,-1,50,0.05,0.1],[7,270,83.1944972401,-24.3055027599,[9,8,26,14,5,17,24,6,3,11,15,15,21,10,29,9,1,18,1,17,16,22,4,10,19,1,12,20,12,6],"SA","pd",30,30,30,0.95,10000,59.2857625484,5000,-1,50,0.05,0.1],[7,285,83.1944972401,-24.3055027599,[9,8,26,14,5,17,24,6,3,11,15,15,21,10,29,9,1,18,1,17,16,22,4,10,19,1,12,20,12,6],"SA","pd",30,30,30,0.95,10000,59.2850227356,5000,-1,50,0.05,0.1],[7,300,83.1944972401,-24.3055027599,[9,8,26,14,5,17,24,6,3,11,15,15,21,10,29,9,1,18,1,17,16,22,4,10,19,1,12,20,12,6],"SA","pd",30,30,30,0.95,10000,59.3680901527,5000,-1,50,0.05,0.1],[7,315,83.1944972401,-24.3055027599,[9,8,26,14,5,17,24,6,3,11,15,15,21,10,29,9,1,18,1,17,16,22,4,10,19,1,12,20,12,6],"SA","pd",30,30,30,0.95,10000,59.2939903736,5000,-1,50,0.05,0.1],[7,330,83.1944972401,-24.3055027599,[15,7,6,21,26,0,27,27,20,27,7,14,23,15,4,6,9,28,10,9,17,23,19,23,8,0,1,16,20,21],"SA","pd",30,30,30,0.95,10000,59.6792631149,5000,-1,50,0.05,0.1],[7,345,83.1944972401,-24.3055027599,[15,7,6,21,26,0,27,27,20,27,7,14,23,15,4,6,9,28,10,9,17,23,19,23,8,0,1,16,20,21],"SA","pd",30,30,30,0.95,10000,59.2467691898,5000,-1,50,0.05,0.1],[7,360,83.1944972401,-24.3055027599,[15,7,6,21,26,0,27,27,20,27,7,14,23,15,4,6,9,28,10,9,17,23,19,23,8,0,1,16,20,21],"SA","pd",30,30,30,0.95,10000,59.484954834,5000,-1,50,0.05,0.1],[7,375,83.1944972401,-24.3055027599,[15,7,6,21,26,0,27,27,20,27,7,14,23,15,4,6,9,28,10,9,17,23,19,23,8,0,1,16,20,21],"SA","pd",30,30,30,0.95,10000,59.4732177258,5000,-1,50,0.05,0.1],[7,390,83.1944972401,-24.3055027599,[15,7,6,21,26,0,27,27,20,27,7,14,23,15,4,6,9,28,10,9,17,23,19,23,8,0,1,16,20,21],"SA","pd",30,30,30,0.95,10000,59.192994833,5000,-1,50,0.05,0.1],[7,405,83.1944972401,-24.3055027599,[15,7,6,21,26,0,27,27,20,27,7,14,23,15,4,6,9,28,10,9,17,23,19,23,8,0,1,16,20,21],"SA","pd",30,30,30,0.95,10000,59.3398005962,5000,-1,50,0.05,0.1],[7,420,83.1944972401,-24.3055027599,[15,7,6,21,26,0,27,27,20,27,7,14,23,15,4,6,9,28,10,9,17,23,19,23,8,0,1,16,20,21],"SA","pd",30,30,30,0.95,10000,59.1524500847,5000,-1,50,0.05,0.1],[7,435,85.0434918182,-22.4565081818,[12,12,17,2,14,7,29,20,22,20,7,5,17,8,22,9,2,22,17,5,25,16,9,26,27,22,23,5,5,20],"SA","pd",30,30,30,0.95,10000,59.1104285717,5000,-1,50,0.05,0.1],[7,450,85.0434918182,-22.4565081818,[12,12,17,2,14,7,29,20,22,20,7,5,17,8,22,9,2,22,17,5,25,16,9,26,27,22,23,5,5,20],"SA","pd",30,30,30,0.95,10000,59.1256520748,5000,-1,50,0.05,0.1],[7,465,85.0434918182,-22.4565081818,[12,12,17,2,14,7,29,20,22,20,7,5,17,8,22,9,2,22,17,5,25,16,9,26,27,22,23,5,5,20],"SA","pd",30,30,30,0.95,10000,59.2197086811,5000,-1,50,0.05,0.1],[7,480,85.0434918182,-22.4565081818,[12,12,17,2,14,7,29,20,22,20,7,5,17,8,22,9,2,22,17,5,25,16,9,26,27,22,23,5,5,20],"SA","pd",30,30,30,0.95,10000,59.3346629143,5000,-1,50,0.05,0.1],[7,495,85.0434918182,-22.4565081818,[12,12,17,2,14,7,29,20,22,20,7,5,17,8,22,9,2,22,17,5,25,16,9,26,27,22,23,5,5,20],"SA","pd",30,30,30,0.95,10000,59.292206049,5000,-1,50,0.05,0.1],[7,510,85.0434918182,-22.4565081818,[12,12,17,2,14,7,29,20,22,20,7,5,17,8,22,9,2,22,17,5,25,16,9,26,27,22,23,5,5,20],"SA","pd",30,30,30,0.95,10000,59.4671041965,5000,-1,50,0.05,0.1],[7,525,85.0434918182,-22.4565081818,[12,12,17,2,14,7,29,20,22,20,7,5,17,8,22,9,2,22,17,5,25,16,9,26,27,22,23,5,5,20],"SA","pd",30,30,30,0.95,10000,59.437343359,5000,-1,50,0.05,0.1],[7,540,85.0434918182,-22.4565081818,[12,12,17,2,14,7,29,20,22,20,7,5,17,8,22,9,2,22,17,5,25,16,9,26,27,22,23,5,5,20],"SA","pd",30,30,30,0.95,10000,59.220438242,5000,-1,50,0.05,0.1],[7,555,85.0434918182,-22.4565081818,[12,12,17,2,14,7,29,20,22,20,7,5,17,8,22,9,2,22,17,5,25,16,9,26,27,22,23,5,5,20],"SA","pd",30,30,30,0.95,10000,59.3443381786,5000,-1,50,0.05,0.1],[7,570,85.0434918182,-22.4565081818,[12,12,17,2,14,7,29,20,22,20,7,5,17,8,22,9,2,22,17,5,25,16,9,26,27,22,23,5,5,20],"SA","pd",30,30,30,0.95,10000,59.4432828426,5000,-1,50,0.05,0.1],[7,585,85.0434918182,-22.4565081818,[12,12,17,2,14,7,29,20,22,20,7,5,17,8,22,9,2,22,17,5,25,16,9,26,27,22,23,5,5,20],"SA","pd",30,30,30,0.95,10000,59.181633234,5000,-1,50,0.05,0.1],[7,600,85.0434918182,-22.4565081818,[12,12,17,2,14,7,29,20,22,20,7,5,17,8,22,9,2,22,17,5,25,16,9,26,27,22,23,5,5,20],"SA","pd",30,30,30,0.95,10000,59.3920366764,5000,-1,50,0.05,0.1],[7,615,85.0434918182,-22.4565081818,[12,12,17,2,14,7,29,20,22,20,7,5,17,8,22,9,2,22,17,5,25,16,9,26,27,22,23,5,5,20],"SA","pd",30,30,30,0.95,10000,59.3516921997,5000,-1,50,0.05,0.1],[7,630,85.0434918182,-22.4565081818,[12,12,17,2,14,7,29,20,22,20,7,5,17,8,22,9,2,22,17,5,25,16,9,26,27,22,23,5,5,20],