{"columns":["ite","time","q","scaled_eu","z","solver","attacker","|Q|","|X|","|T|","rho","k","utility_time","RS_iters","mcts_iters","sa_iters","eps","lr"],"index":[0,1,2,3,4,5,6,7,8,9,10,11,12,13,14,15,16,17,18,19,20,21,22,23,24,25,26,27,28,29,30,31,32,33,34,35,36,37,38,39,40,41,42,43,44,45,46,47,48,49,50,51,52,53,54,55,56,57,58,59,60,61,62,63,64,65,66,67,68,69,70,71,72,73,74,75,76,77,78,79],"data":[[6,15,80.7678654104,-26.7321345896,[24,28,5,0,4,22,2,17,20,6,15,9,28,9,6,4,1,9,12,27,28,3,15,0,12,10,9,18,20,23],"SA","pd",30,30,30,0.95,10000,63.885622263,5000,-1,50,0.05,0.1],[6,30,80.7678654104,-26.7321345896,[28,14,15,20,4,9,8,20,9,25,15,7,15,5,27,25,17,25,14,23,28,3,29,1,10,18,4,11,16,9],"SA","pd",30,30,30,0.95,10000,63.7442126274,5000,-1,50,0.05,0.1],[6,45,80.7678654104,-26.7321345896,[8,10,15,8,16,20,16,27,8,2,20,0,23,10,27,22,20,2,14,16,14,17,22,22,19,19,13,13,16,19],"SA","pd",30,30,30,0.95,10000,63.6387751102,5000,-1,50,0.05,0.1],[6,60,80.7678654104,-26.7321345896,[8,10,15,8,16,20,16,27,8,2,20,0,23,10,27,22,20,2,14,16,14,17,22,22,19,19,13,13,16,19],"SA","pd",30,30,30,0.95,10000,63.8161199093,5000,-1,50,0.05,0.1],[6,75,80.7678654104,-26.7321345896,[14,3,21,27,0,18,8,0,14,2,22,28,20,21,19,23,21,3,17,7,11,17,18,23,9,0,13,22,17,29],"SA","pd",30,30,30,0.95,10000,65.1556038857,5000,-1,50,0.05,0.1],[6,90,80.7678654104,-26.7321345896,[14,3,21,27,0,18,8,0,14,2,22,28,20,21,19,23,21,3,17,7,11,17,18,23,9,0,13,22,17,29],"SA","pd",30,30,30,0.95,10000,113.0329127312,5000,-1,50,0.05,0.1],[6,105,80.7678654104,-26.7321345896,[14,3,21,27,0,18,8,0,14,2,22,28,20,21,19,23,21,3,17,7,11,17,18,23,9,0,13,22,17,29],"SA","pd",30,30,30,0.95,10000,97.9601302147,5000,-1,50,0.05,0.1],[6,120,80.7678654104,-26.7321345896,[8,15,26,10,0,21,29,25,1,16,22,0,20,3,18,23,26,12,19,28,21,17,26,11,10,28,3,2,24,26],"SA","pd",30,30,30,0.95,10000,63.8627312183,5000,-1,50,0.05,0.1],[6,135,80.7678654104,-26.7321345896,[8,15,26,10,0,21,29,25,1,16,22,0,20,3,18,23,26,12,19,28,21,17,26,11,10,28,3,2,24,26],"SA","pd",30,30,30,0.95,10000,64.0540459156,5000,-1,50,0.05,0.1],[6,150,80.7678654104,-26.7321345896,[8,15,26,10,0,21,29,25,1,16,22,0,20,3,18,23,26,12,19,28,21,17,26,11,10,28,3,2,24,26],"SA","pd",30,30,30,0.95,10000,64.0421423912,5000,-1,50,0.05,0.1],[6,165,80.961222665,-26.538777335,[15,26,19,10,0,3,16,6,0,14,27,20,14,25,19,26,29,5,20,3,11,20,9,7,9,8,8,15,11,18],"SA","pd",30,30,30,0.95,10000,103.4384047985,5000,-1,50,0.05,0.1],[6,180,80.961222665,-26.538777335,[15,26,19,10,0,3,16,6,0,14,27,20,14,25,19,26,29,5,20,3,11,20,9,7,9,8,8,15,11,18],"SA","pd",30,30,30,0.95,10000,105.7841815948,5000,-1,50,0.05,0.1],[6,195,80.961222665,-26.538777335,[15,26,19,10,0,3,16,6,0,14,27,20,14,25,19,26,29,5,20,3,11,20,9,7,9,8,8,15,11,18],"SA","pd",30,30,30,0.95,10000,94.7103614807,5000,-1,50,0.05,0.1],[6,210,81.5711602329,-25.9288397671,[3,11,2,7,20,17,7,1,23,2,27,15,21,3,3,15,16,12,7,0,11,26,10,21,9,9,6,20,0,22],"SA","pd",30,30,30,0.95,10000,72.5468521118,5000,-1,50,0.05,0.1],[6,225,82.3424920243,-25.1575079757,[3,19,2,21,5,3,7,1,29,2,19,20,3,3,3,0,18,11,4,0,25,23,4,10,0,17,0,5,11,22],"SA","pd",30,30,30,0.95,10000,63.8169066906,5000,-1,50,0.05,0.1],[6,240,83.944169566,-23.555830434,[6,11,21,7,5,23,9,0,29,16,19,20,21,5,3,13,18,11,4,0,5,26,10,10,0,10,0,20,11,25],"SA","pd",30,30,30,0.95,10000,64.1235644817,5000,-1,50,0.05,0.1],[6,255,83.944169566,-23.555830434,[6,11,21,7,5,23,9,0,29,16,19,20,21,5,3,13,18,11,4,0,5,26,10,10,0,10,0,20,11,25],"SA","pd",30,30,30,0.95,10000,64.0221111774,5000,-1,50,0.05,0.1],[6,270,83.944169566,-23.555830434,[6,11,21,7,5,23,9,0,29,16,19,20,21,5,3,13,18,11,4,0,5,26,10,10,0,10,0,20,11,25],"SA","pd",30,30,30,0.95,10000,63.7907040119,5000,-1,50,0.05,0.1],[6,285,83.944169566,-23.555830434,[6,11,21,7,5,23,9,0,29,16,19,20,21,5,3,13,18,11,4,0,5,26,10,10,0,10,0,20,11,25],"SA","pd",30,30,30,0.95,10000,63.8516910076,5000,-1,50,0.05,0.1],[6,300,83.944169566,-23.555830434,[6,11,21,7,5,23,9,0,29,16,19,20,21,5,3,13,18,11,4,0,5,26,10,10,0,10,0,20,11,25],"SA","pd",30,30,30,0.95,10000,63.8462069035,5000,-1,50,0.05,0.1],[6,315,83.944169566,-23.555830434,[6,11,21,7,5,23,9,0,29,16,19,20,21,5,3,13,18,11,4,0,5,26,10,10,0,10,0,20,11,25],"SA","pd",30,30,30,0.95,10000,63.8023982048,5000,-1,50,0.05,0.1],[6,330,83.944169566,-23.555830434,[6,11,21,7,5,23,9,0,29,16,19,20,21,5,3,13,18,11,4,0,5,26,10,10,0,10,0,20,11,25],"SA","pd",30,30,30,0.95,10000,64.1081559658,5000,-1,50,0.05,0.1],[6,345,83.944169566,-23.555830434,[6,11,21,7,5,23,9,0,29,16,19,20,21,5,3,13,18,11,4,0,5,26,10,10,0,10,0,20,11,25],"SA","pd",30,30,30,0.95,10000,63.7381761074,5000,-1,50,0.05,0.1],[6,360,83.944169566,-23.555830434,[6,11,21,7,5,23,9,0,29,16,19,20,21,5,3,13,18,11,4,0,5,26,10,10,0,10,0,20,11,25],"SA","pd",30,30,30,0.95,10000,63.7837307453,5000,-1,50,0.05,0.1],[6,375,83.944169566,-23.555830434,[6,11,21,7,5,23,9,0,29,16,19,20,21,5,3,13,18,11,4,0,5,26,10,10,0,10,0,20,11,25],"SA","pd",30,30,30,0.95,10000,64.0285329819,5000,-1,50,0.05,0.1],[6,390,83.944169566,-23.555830434,[6,11,21,7,5,23,9,0,29,16,19,20,21,5,3,13,18,11,4,0,5,26,10,10,0,10,0,20,11,25],"SA","pd",30,30,30,0.95,10000,63.7047343254,5000,-1,50,0.05,0.1],[6,405,83.944169566,-23.555830434,[6,11,21,7,5,23,9,0,29,16,19,20,21,5,3,13,18,11,4,0,5,26,10,10,0,10,0,20,11,25],"SA","pd",30,30,30,0.95,10000,63.6971428394,5000,-1,50,0.05,0.1],[6,420,83.944169566,-23.555830434,[6,11,21,7,5,23,9,0,29,16,19,20,21,5,3,13,18,11,4,0,5,26,10,10,0,10,0,20,11,25],"SA","pd",30,30,30,0.95,10000,63.758919239,5000,-1,50,0.05,0.1],[6,435,83.944169566,-23.555830434,[7,0,9,3,9,0,29,1,16,21,0,9,24,10,6,1,27,28,29,0,6,12,11,10,5,29,7,11,3,5],"SA","pd",30,30,30,0.95,10000,63.6844539642,5000,-1,50,0.05,0.1],[6,450,83.944169566,-23.555830434,[7,0,9,3,9,0,29,1,16,21,0,9,24,10,6,1,27,28,29,0,6,12,11,10,5,29,7,11,3,5],"SA","pd",30,30,30,0.95,10000,63.6873576641,5000,-1,50,0.05,0.1],[6,465,83.944169566,-23.555830434,[7,0,9,3,9,0,29,1,16,21,0,9,24,10,6,1,27,28,29,0,6,12,11,10,5,29,7,11,3,5],"SA","pd",30,30,30,0.95,10000,63.8322279453,5000,-1,50,0.05,0.1],[6,480,83.944169566,-23.555830434,[7,0,9,3,9,0,29,1,16,21,0,9,24,10,6,1,27,28,29,0,6,12,11,10,5,29,7,11,3,5],"SA","pd",30,30,30,0.95,10000,76.5394766331,5000,-1,50,0.05,0.1],[6,495,83.944169566,-23.555830434,[7,0,9,3,9,0,29,1,16,21,0,9,24,10,6,1,27,28,29,0,6,12,11,10,5,29,7,11,3,5],"SA","pd",30,30,30,0.95,10000,113.2476594448,5000,-1,50,0.05,0.1],[6,510,83.944169566,-23.555830434,[7,0,9,3,9,0,29,1,16,21,0,9,24,10,6,1,27,28,29,0,6,12,11,10,5,29,7,11,3,5],"SA","pd",30,30,30,0.95,10000,74.925106287,5000,-1,50,0.05,0.1],[6,525,83.944169566,-23.555830434,[7,0,9,3,9,0,29,1,16,21,0,9,24,10,6,1,27,28,29,0,6,12,11,10,5,29,7,11,3,5],"SA","pd",30,30,30,0.95,10000,64.1743929386,5000,-1,50,0.05,0.1],[6,540,83.944169566,-23.555830434,[7,0,9,3,9,0,29,1,16,21,0,9,24,10,6,1,27,28,29,0,6,12,11,10,5,29,7,11,3,5],"SA","pd",30,30,30,0.95,10000,64.2606701851,5000,-1,50,0.05,0.1],[6,555,83.944169566,-23.555830434,[7,0,2,2,7,9,29,7,4,8,4,12,11,8,28,4,21,15,20,15,24,7,29,2,15,14,11,24,21,7],"SA","pd",30,30,30,0.95,10000,64.1592886448,5000,-1,50,0.05,0.1],[6,570,83.944169566,-23.555830434,[7,0,2,2,7,9,29,7,4,8,4,12,11,8,28,4,21,15,20,15,24,7,29,2,15,14,11,24,21,7],"SA","pd",30,30,30,0.95,10000,64.2035450935,5000,-1,50,0.05,0.1],[6,585,83.944169566,-23.555830434,[7,0,2,2,7,9,29,7,4,8,4,12,11,8,28,4,21,15,20,15,24,7,29,2,15,14,11,24,21,7],"SA","pd",30,30,30,0.95,10000,64.2015845776,5000,-1,50,0.05,0.1],[6,600,83.944169566,-23.555830434,[7,0,2,2,7,9,29,7,4,8,4,12,11,8,28,4,21,15,20,15,24,7,29,2,15,14,11,24,21,7],"SA","pd",30,30,30,0.95,10000,114.1015870571,5000,-1,50,0.05,0.1],[6,615,83.944169566,-23.555830434,[7,0,2,2,7,9,29,7,4,8,4,12,11,8,28,4,21,15,20,15,24,7,29,2,15,14,11,24,21,7],"SA","pd",30,30,30,0.95,10000,113.4007461071,5000,-1,50,0.05,0.1],[6,630,83.944169566,-23.555830434,[7,0,2,2,7,9,29,7,4,8,4,12,11,8,28,4,21,15,20,15,24,7,29,2,15,14,11,24,21,7],