{"columns":["ite","time","q","scaled_eu","z","solver","attacker","|Q|","|X|","|T|","rho","k","utility_time","RS_iters","mcts_iters","sa_iters","eps","lr"],"index":[0,1,2,3,4,5,6,7,8,9,10,11,12,13,14,15,16,17,18,19,20,21,22,23,24,25,26,27,28,29,30,31,32,33,34,35,36,37,38,39,40,41,42,43,44,45,46,47,48,49,50,51,52,53,54,55,56,57,58,59,60,61,62,63,64,65,66,67,68,69,70,71,72,73,74,75,76,77,78,79],"data":[[5,15,81.5872697112,-25.9127302888,[11,24,14,3,24,6,17,8,5,1,15,20,9,25,20,12,11,6,20,11,24,29,26,16,16,24,24,26,19,25],"SA","pd",30,30,30,0.95,10000,53.8266665936,5000,-1,50,0.05,0.1],[5,30,81.5872697112,-25.9127302888,[7,17,20,24,2,27,16,15,6,14,7,18,7,21,17,1,14,20,20,16,19,21,29,21,22,9,13,1,10,6],"SA","pd",30,30,30,0.95,10000,53.7827868462,5000,-1,50,0.05,0.1],[5,45,81.5872697112,-25.9127302888,[7,17,20,24,2,27,16,15,6,14,7,18,7,21,17,1,14,20,20,16,19,21,29,21,22,9,13,1,10,6],"SA","pd",30,30,30,0.95,10000,53.4444465637,5000,-1,50,0.05,0.1],[5,60,81.5872697112,-25.9127302888,[7,17,20,24,2,27,16,15,6,14,7,18,7,21,17,1,14,20,20,16,19,21,29,21,22,9,13,1,10,6],"SA","pd",30,30,30,0.95,10000,53.5093710423,5000,-1,50,0.05,0.1],[5,75,81.5872697112,-25.9127302888,[1,15,16,7,14,10,29,26,29,9,13,9,26,10,19,1,15,0,22,12,24,1,9,29,10,7,8,17,14,27],"SA","pd",30,30,30,0.95,10000,53.708871603,5000,-1,50,0.05,0.1],[5,90,81.5872697112,-25.9127302888,[1,15,16,7,14,10,29,26,29,9,13,9,26,10,19,1,15,0,22,12,24,1,9,29,10,7,8,17,14,27],"SA","pd",30,30,30,0.95,10000,53.837628603,5000,-1,50,0.05,0.1],[5,105,81.5872697112,-25.9127302888,[18,10,13,16,7,14,25,7,14,27,12,22,12,11,11,18,0,9,24,1,6,3,19,23,25,2,2,0,15,28],"SA","pd",30,30,30,0.95,10000,53.4104516506,5000,-1,50,0.05,0.1],[5,120,81.5872697112,-25.9127302888,[18,10,13,16,7,14,25,7,14,27,12,22,12,11,11,18,0,9,24,1,6,3,19,23,25,2,2,0,15,28],"SA","pd",30,30,30,0.95,10000,53.6229901314,5000,-1,50,0.05,0.1],[5,135,81.5872697112,-25.9127302888,[18,10,13,16,7,14,25,7,14,27,12,22,12,11,11,18,0,9,24,1,6,3,19,23,25,2,2,0,15,28],"SA","pd",30,30,30,0.95,10000,53.594637394,5000,-1,50,0.05,0.1],[5,150,81.5872697112,-25.9127302888,[7,10,9,18,5,13,17,12,25,7,29,23,18,7,3,26,17,16,8,16,22,2,23,27,9,23,15,5,11,6],"SA","pd",30,30,30,0.95,10000,53.8467831612,5000,-1,50,0.05,0.1],[5,165,81.5872697112,-25.9127302888,[7,10,9,18,5,13,17,12,25,7,29,23,18,7,3,26,17,16,8,16,22,2,23,27,9,23,15,5,11,6],"SA","pd",30,30,30,0.95,10000,54.0642297268,5000,-1,50,0.05,0.1],[5,180,81.5872697112,-25.9127302888,[1,12,3,0,9,17,4,24,26,11,26,19,3,10,27,3,24,29,29,29,18,12,23,4,28,22,8,18,11,1],"SA","pd",30,30,30,0.95,10000,54.0647075176,5000,-1,50,0.05,0.1],[5,195,81.5872697112,-25.9127302888,[1,12,3,0,9,17,4,24,26,11,26,19,3,10,27,3,24,29,29,29,18,12,23,4,28,22,8,18,11,1],"SA","pd",30,30,30,0.95,10000,54.0133829117,5000,-1,50,0.05,0.1],[5,210,81.5872697112,-25.9127302888,[1,12,3,0,9,17,4,24,26,11,26,19,3,10,27,3,24,29,29,29,18,12,23,4,28,22,8,18,11,1],"SA","pd",30,30,30,0.95,10000,53.7798445225,5000,-1,50,0.05,0.1],[5,225,81.5872697112,-25.9127302888,[1,12,3,0,9,17,4,24,26,11,26,19,3,10,27,3,24,29,29,29,18,12,23,4,28,22,8,18,11,1],"SA","pd",30,30,30,0.95,10000,53.7731351852,5000,-1,50,0.05,0.1],[5,240,81.7600668079,-25.7399331921,[28,1,7,17,22,2,22,27,28,26,26,4,13,16,7,9,16,19,14,10,29,12,11,25,3,26,0,26,24,14],"SA","pd",30,30,30,0.95,10000,53.8678619862,5000,-1,50,0.05,0.1],[5,255,81.7600668079,-25.7399331921,[28,1,7,17,22,2,22,27,28,26,26,4,13,16,7,9,16,19,14,10,29,12,11,25,3,26,0,26,24,14],"SA","pd",30,30,30,0.95,10000,53.6445446014,5000,-1,50,0.05,0.1],[5,270,81.7600668079,-25.7399331921,[28,1,7,17,22,2,22,27,28,26,26,4,13,16,7,9,16,19,14,10,29,12,11,25,3,26,0,26,24,14],"SA","pd",30,30,30,0.95,10000,53.7690000534,5000,-1,50,0.05,0.1],[5,285,81.7600668079,-25.7399331921,[28,1,7,17,22,2,22,27,28,26,26,4,13,16,7,9,16,19,14,10,29,12,11,25,3,26,0,26,24,14],"SA","pd",30,30,30,0.95,10000,53.6701519489,5000,-1,50,0.05,0.1],[5,300,81.7600668079,-25.7399331921,[28,1,7,17,22,2,22,27,28,26,26,4,13,16,7,9,16,19,14,10,29,12,11,25,3,26,0,26,24,14],"SA","pd",30,30,30,0.95,10000,53.4906334877,5000,-1,50,0.05,0.1],[5,315,81.7600668079,-25.7399331921,[28,1,7,17,22,2,22,27,28,26,26,4,13,16,7,9,16,19,14,10,29,12,11,25,3,26,0,26,24,14],"SA","pd",30,30,30,0.95,10000,53.9459517002,5000,-1,50,0.05,0.1],[5,330,81.7600668079,-25.7399331921,[28,1,7,17,22,2,22,27,28,26,26,4,13,16,7,9,16,19,14,10,29,12,11,25,3,26,0,26,24,14],"SA","pd",30,30,30,0.95,10000,53.8029239178,5000,-1,50,0.05,0.1],[5,345,81.7600668079,-25.7399331921,[28,1,7,17,22,2,22,27,28,26,26,4,13,16,7,9,16,19,14,10,29,12,11,25,3,26,0,26,24,14],"SA","pd",30,30,30,0.95,10000,54.0954167843,5000,-1,50,0.05,0.1],[5,360,81.7600668079,-25.7399331921,[28,1,7,17,22,2,22,27,28,26,26,4,13,16,7,9,16,19,14,10,29,12,11,25,3,26,0,26,24,14],"SA","pd",30,30,30,0.95,10000,53.943987608,5000,-1,50,0.05,0.1],[5,375,81.7600668079,-25.7399331921,[28,1,7,17,22,2,22,27,28,26,26,4,13,16,7,9,16,19,14,10,29,12,11,25,3,26,0,26,24,14],"SA","pd",30,30,30,0.95,10000,54.1162815094,5000,-1,50,0.05,0.1],[5,390,82.211228859,-25.288771141,[24,6,29,4,15,29,29,25,18,29,17,16,11,8,19,13,6,17,23,10,14,3,20,8,29,20,19,16,19,12],"SA","pd",30,30,30,0.95,10000,53.9130747318,5000,-1,50,0.05,0.1],[5,405,82.211228859,-25.288771141,[0,18,26,12,5,0,28,22,20,1,23,21,21,22,9,19,8,0,10,17,16,0,3,3,2,1,20,1,11,20],"SA","pd",30,30,30,0.95,10000,53.7829835415,5000,-1,50,0.05,0.1],[5,420,82.211228859,-25.288771141,[0,18,26,12,5,0,28,22,20,1,23,21,21,22,9,19,8,0,10,17,16,0,3,3,2,1,20,1,11,20],"SA","pd",30,30,30,0.95,10000,53.8716719151,5000,-1,50,0.05,0.1],[5,435,82.211228859,-25.288771141,[0,18,26,12,5,0,28,22,20,1,23,21,21,22,9,19,8,0,10,17,16,0,3,3,2,1,20,1,11,20],"SA","pd",30,30,30,0.95,10000,53.8926301003,5000,-1,50,0.05,0.1],[5,450,82.211228859,-25.288771141,[0,18,26,12,5,0,28,22,20,1,23,21,21,22,9,19,8,0,10,17,16,0,3,3,2,1,20,1,11,20],"SA","pd",30,30,30,0.95,10000,53.9263744354,5000,-1,50,0.05,0.1],[5,465,82.211228859,-25.288771141,[0,18,26,12,5,0,28,22,20,1,23,21,21,22,9,19,8,0,10,17,16,0,3,3,2,1,20,1,11,20],"SA","pd",30,30,30,0.95,10000,53.9044029713,5000,-1,50,0.05,0.1],[5,480,82.211228859,-25.288771141,[0,18,26,12,5,0,28,22,20,1,23,21,21,22,9,19,8,0,10,17,16,0,3,3,2,1,20,1,11,20],"SA","pd",30,30,30,0.95,10000,53.7522325516,5000,-1,50,0.05,0.1],[5,495,82.211228859,-25.288771141,[0,18,26,12,5,0,28,22,20,1,23,21,21,22,9,19,8,0,10,17,16,0,3,3,2,1,20,1,11,20],"SA","pd",30,30,30,0.95,10000,54.1189875603,5000,-1,50,0.05,0.1],[5,510,82.211228859,-25.288771141,[0,18,26,12,5,0,28,22,20,1,23,21,21,22,9,19,8,0,10,17,16,0,3,3,2,1,20,1,11,20],"SA","pd",30,30,30,0.95,10000,53.9400882721,5000,-1,50,0.05,0.1],[5,525,82.211228859,-25.288771141,[0,18,26,12,5,0,28,22,20,1,23,21,21,22,9,19,8,0,10,17,16,0,3,3,2,1,20,1,11,20],"SA","pd",30,30,30,0.95,10000,53.8250360489,5000,-1,50,0.05,0.1],[5,540,82.211228859,-25.288771141,[0,18,26,12,5,0,28,22,20,1,23,21,21,22,9,19,8,0,10,17,16,0,3,3,2,1,20,1,11,20],"SA","pd",30,30,30,0.95,10000,53.9294047356,5000,-1,50,0.05,0.1],[5,555,82.211228859,-25.288771141,[0,18,26,12,5,0,28,22,20,1,23,21,21,22,9,19,8,0,10,17,16,0,3,3,2,1,20,1,11,20],"SA","pd",30,30,30,0.95,10000,53.9932525158,5000,-1,50,0.05,0.1],[5,570,82.211228859,-25.288771141,[0,18,26,12,5,0,28,22,20,1,23,21,21,22,9,19,8,0,10,17,16,0,3,3,2,1,20,1,11,20],"SA","pd",30,30,30,0.95,10000,53.761081934,5000,-1,50,0.05,0.1],[5,585,82.211228859,-25.288771141,[0,18,26,12,5,0,28,22,20,1,23,21,21,22,9,19,8,0,10,17,16,0,3,3,2,1,20,1,11,20],"SA","pd",30,30,30,0.95,10000,53.8964333534,5000,-1,50,0.05,0.1],[5,600,82.211228859,-25.288771141,[0,18,26,12,5,0,28,22,20,1,23,21,21,22,9,19,8,0,10,17,16,0,3,3,2,1,20,1,11,20],"SA","pd",30,30,30,0.95,10000,54.2383444309,5000,-1,50,0.05,0.1],[5,615,82.211228859,-25.288771141,[0,18,26,12,5,0,28,22,20,1,23,21,21,22,9,19,8,0,10,17,16,0,3,3,2,1,20,1,11,20],"SA","pd",30,30,30,0.95,10000,53.7820904255,5000,-1,50,0.05,0.1],[5,630,82.211228859,-25.288771141,[0,18,26,12,5,0,28,22,20,1,23,21,21,22,9,19,8,0,10,17,16,0,3,3,2,1,20,1,11,20],