{"columns":["ite","time","q","scaled_eu","z","solver","attacker","|Q|","|X|","|T|","rho","k","utility_time","RS_iters","mcts_iters","sa_iters","eps","lr"],"index":[0,1,2,3,4,5,6,7,8,9,10,11,12,13,14,15,16,17,18,19,20,21,22,23,24,25,26,27,28,29,30,31,32,33,34,35,36,37,38,39,40,41,42,43,44,45,46,47,48,49,50,51,52,53,54,55,56,57,58,59,60,61,62,63,64,65,66,67,68,69,70,71,72,73,74,75,76,77,78,79],"data":[[0,15,82.141570588,-25.358429412,[12,23,13,28,26,13,17,19,19,0,4,10,6,1,2,29,19,3,11,23,15,28,3,23,8,22,4,24,1,20],"SA","pd",30,30,30,0.95,10000,58.6167042255,5000,-1,50,0.05,0.1],[0,30,82.141570588,-25.358429412,[12,23,13,28,26,13,17,19,19,0,4,10,6,1,2,29,19,3,11,23,15,28,3,23,8,22,4,24,1,20],"SA","pd",30,30,30,0.95,10000,58.0611763,5000,-1,50,0.05,0.1],[0,45,82.141570588,-25.358429412,[12,23,13,28,26,13,17,19,19,0,4,10,6,1,2,29,19,3,11,23,15,28,3,23,8,22,4,24,1,20],"SA","pd",30,30,30,0.95,10000,58.4686248302,5000,-1,50,0.05,0.1],[0,60,82.141570588,-25.358429412,[12,23,13,28,26,13,17,19,19,0,4,10,6,1,2,29,19,3,11,23,15,28,3,23,8,22,4,24,1,20],"SA","pd",30,30,30,0.95,10000,58.1758532524,5000,-1,50,0.05,0.1],[0,75,82.141570588,-25.358429412,[12,23,13,28,26,13,17,19,19,0,4,10,6,1,2,29,19,3,11,23,15,28,3,23,8,22,4,24,1,20],"SA","pd",30,30,30,0.95,10000,58.5537159443,5000,-1,50,0.05,0.1],[0,90,82.141570588,-25.358429412,[12,23,13,28,26,13,17,19,19,0,4,10,6,1,2,29,19,3,11,23,15,28,3,23,8,22,4,24,1,20],"SA","pd",30,30,30,0.95,10000,58.6241743565,5000,-1,50,0.05,0.1],[0,105,82.141570588,-25.358429412,[12,23,13,28,26,13,17,19,19,0,4,10,6,1,2,29,19,3,11,23,15,28,3,23,8,22,4,24,1,20],"SA","pd",30,30,30,0.95,10000,58.4979329109,5000,-1,50,0.05,0.1],[0,120,82.141570588,-25.358429412,[12,23,13,28,26,13,17,19,19,0,4,10,6,1,2,29,19,3,11,23,15,28,3,23,8,22,4,24,1,20],"SA","pd",30,30,30,0.95,10000,58.574886322,5000,-1,50,0.05,0.1],[0,135,82.141570588,-25.358429412,[12,23,13,28,26,13,17,19,19,0,4,10,6,1,2,29,19,3,11,23,15,28,3,23,8,22,4,24,1,20],"SA","pd",30,30,30,0.95,10000,58.6054098606,5000,-1,50,0.05,0.1],[0,150,82.141570588,-25.358429412,[12,23,13,28,26,13,17,19,19,0,4,10,6,1,2,29,19,3,11,23,15,28,3,23,8,22,4,24,1,20],"SA","pd",30,30,30,0.95,10000,58.8162343502,5000,-1,50,0.05,0.1],[0,165,82.141570588,-25.358429412,[12,23,13,28,26,13,17,19,19,0,4,10,6,1,2,29,19,3,11,23,15,28,3,23,8,22,4,24,1,20],"SA","pd",30,30,30,0.95,10000,58.460436821,5000,-1,50,0.05,0.1],[0,180,82.141570588,-25.358429412,[12,23,13,28,26,13,17,19,19,0,4,10,6,1,2,29,19,3,11,23,15,28,3,23,8,22,4,24,1,20],"SA","pd",30,30,30,0.95,10000,58.5048685074,5000,-1,50,0.05,0.1],[0,195,82.141570588,-25.358429412,[12,23,13,28,26,13,17,19,19,0,4,10,6,1,2,29,19,3,11,23,15,28,3,23,8,22,4,24,1,20],"SA","pd",30,30,30,0.95,10000,58.7030496597,5000,-1,50,0.05,0.1],[0,210,82.141570588,-25.358429412,[29,28,27,10,3,11,17,26,14,2,7,19,7,22,27,16,2,24,1,27,24,9,22,26,20,3,1,9,6,2],"SA","pd",30,30,30,0.95,10000,58.715950489,5000,-1,50,0.05,0.1],[0,225,82.141570588,-25.358429412,[29,28,27,10,3,11,17,26,14,2,7,19,7,22,27,16,2,24,1,27,24,9,22,26,20,3,1,9,6,2],"SA","pd",30,30,30,0.95,10000,58.7851643562,5000,-1,50,0.05,0.1],[0,240,82.141570588,-25.358429412,[29,28,27,10,3,11,17,26,14,2,7,19,7,22,27,16,2,24,1,27,24,9,22,26,20,3,1,9,6,2],"SA","pd",30,30,30,0.95,10000,58.9454061985,5000,-1,50,0.05,0.1],[0,255,83.4171191015,-24.0828808985,[1,23,28,12,18,10,27,2,3,7,19,5,5,22,27,23,4,17,10,26,21,15,19,26,15,12,21,19,23,5],"SA","pd",30,30,30,0.95,10000,58.4544684887,5000,-1,50,0.05,0.1],[0,270,83.4171191015,-24.0828808985,[1,23,28,12,18,10,27,2,3,7,19,5,5,22,27,23,4,17,10,26,21,15,19,26,15,12,21,19,23,5],"SA","pd",30,30,30,0.95,10000,58.5071635246,5000,-1,50,0.05,0.1],[0,285,83.4171191015,-24.0828808985,[1,23,28,12,18,10,27,2,3,7,19,5,5,22,27,23,4,17,10,26,21,15,19,26,15,12,21,19,23,5],"SA","pd",30,30,30,0.95,10000,58.4043529034,5000,-1,50,0.05,0.1],[0,300,83.4171191015,-24.0828808985,[1,23,28,12,18,10,27,2,3,7,19,5,5,22,27,23,4,17,10,26,21,15,19,26,15,12,21,19,23,5],"SA","pd",30,30,30,0.95,10000,58.5277700424,5000,-1,50,0.05,0.1],[0,315,83.4171191015,-24.0828808985,[1,23,28,12,18,10,27,2,3,7,19,5,5,22,27,23,4,17,10,26,21,15,19,26,15,12,21,19,23,5],"SA","pd",30,30,30,0.95,10000,58.4759328365,5000,-1,50,0.05,0.1],[0,330,83.4171191015,-24.0828808985,[1,23,28,12,18,10,27,2,3,7,19,5,5,22,27,23,4,17,10,26,21,15,19,26,15,12,21,19,23,5],"SA","pd",30,30,30,0.95,10000,58.7840590477,5000,-1,50,0.05,0.1],[0,345,83.4171191015,-24.0828808985,[1,23,28,12,18,10,27,2,3,7,19,5,5,22,27,23,4,17,10,26,21,15,19,26,15,12,21,19,23,5],"SA","pd",30,30,30,0.95,10000,58.2294089794,5000,-1,50,0.05,0.1],[0,360,83.4171191015,-24.0828808985,[1,23,28,12,18,10,27,2,3,7,19,5,5,22,27,23,4,17,10,26,21,15,19,26,15,12,21,19,23,5],"SA","pd",30,30,30,0.95,10000,58.5784275532,5000,-1,50,0.05,0.1],[0,375,83.4171191015,-24.0828808985,[1,23,28,12,18,10,27,2,3,7,19,5,5,22,27,23,4,17,10,26,21,15,19,26,15,12,21,19,23,5],"SA","pd",30,30,30,0.95,10000,58.4290621281,5000,-1,50,0.05,0.1],[0,390,83.4171191015,-24.0828808985,[1,23,28,12,18,10,27,2,3,7,19,5,5,22,27,23,4,17,10,26,21,15,19,26,15,12,21,19,23,5],"SA","pd",30,30,30,0.95,10000,58.6303510666,5000,-1,50,0.05,0.1],[0,405,83.4171191015,-24.0828808985,[1,23,28,12,18,10,27,2,3,7,19,5,5,22,27,23,4,17,10,26,21,15,19,26,15,12,21,19,23,5],"SA","pd",30,30,30,0.95,10000,58.7710738182,5000,-1,50,0.05,0.1],[0,420,83.4171191015,-24.0828808985,[1,23,28,12,18,10,27,2,3,7,19,5,5,22,27,23,4,17,10,26,21,15,19,26,15,12,21,19,23,5],"SA","pd",30,30,30,0.95,10000,58.6905596256,5000,-1,50,0.05,0.1],[0,435,83.4171191015,-24.0828808985,[1,23,28,12,18,10,27,2,3,7,19,5,5,22,27,23,4,17,10,26,21,15,19,26,15,12,21,19,23,5],"SA","pd",30,30,30,0.95,10000,58.3596453667,5000,-1,50,0.05,0.1],[0,450,83.4171191015,-24.0828808985,[1,23,28,12,18,10,27,2,3,7,19,5,5,22,27,23,4,17,10,26,21,15,19,26,15,12,21,19,23,5],"SA","pd",30,30,30,0.95,10000,58.5761191845,5000,-1,50,0.05,0.1],[0,465,83.4171191015,-24.0828808985,[1,23,28,12,18,10,27,2,3,7,19,5,5,22,27,23,4,17,10,26,21,15,19,26,15,12,21,19,23,5],"SA","pd",30,30,30,0.95,10000,58.6105747223,5000,-1,50,0.05,0.1],[0,480,83.4171191015,-24.0828808985,[1,23,28,12,18,10,27,2,3,7,19,5,5,22,27,23,4,17,10,26,21,15,19,26,15,12,21,19,23,5],"SA","pd",30,30,30,0.95,10000,58.3618648052,5000,-1,50,0.05,0.1],[0,495,83.4171191015,-24.0828808985,[1,23,28,12,18,10,27,2,3,7,19,5,5,22,27,23,4,17,10,26,21,15,19,26,15,12,21,19,23,5],"SA","pd",30,30,30,0.95,10000,58.5348963737,5000,-1,50,0.05,0.1],[0,510,83.4171191015,-24.0828808985,[1,23,28,12,18,10,27,2,3,7,19,5,5,22,27,23,4,17,10,26,21,15,19,26,15,12,21,19,23,5],"SA","pd",30,30,30,0.95,10000,58.6511449814,5000,-1,50,0.05,0.1],[0,525,83.4171191015,-24.0828808985,[1,23,28,12,18,10,27,2,3,7,19,5,5,22,27,23,4,17,10,26,21,15,19,26,15,12,21,19,23,5],"SA","pd",30,30,30,0.95,10000,58.4618108273,5000,-1,50,0.05,0.1],[0,540,83.4171191015,-24.0828808985,[1,23,28,12,18,10,27,2,3,7,19,5,5,22,27,23,4,17,10,26,21,15,19,26,15,12,21,19,23,5],"SA","pd",30,30,30,0.95,10000,58.7188370228,5000,-1,50,0.05,0.1],[0,555,83.4171191015,-24.0828808985,[1,23,28,12,18,10,27,2,3,7,19,5,5,22,27,23,4,17,10,26,21,15,19,26,15,12,21,19,23,5],"SA","pd",30,30,30,0.95,10000,58.2377946377,5000,-1,50,0.05,0.1],[0,570,83.4171191015,-24.0828808985,[1,23,28,12,18,10,27,2,3,7,19,5,5,22,27,23,4,17,10,26,21,15,19,26,15,12,21,19,23,5],"SA","pd",30,30,30,0.95,10000,58.3866803646,5000,-1,50,0.05,0.1],[0,585,83.4171191015,-24.0828808985,[1,23,28,12,18,10,27,2,3,7,19,5,5,22,27,23,4,17,10,26,21,15,19,26,15,12,21,19,23,5],"SA","pd",30,30,30,0.95,10000,58.4556372166,5000,-1,50,0.05,0.1],[0,600,83.4171191015,-24.0828808985,[1,23,28,12,18,10,27,2,3,7,19,5,5,22,27,23,4,17,10,26,21,15,19,26,15,12,21,19,23,5],"SA","pd",30,30,30,0.95,10000,58.1196551323,5000,-1,50,0.05,0.1],[0,615,83.4171191015,-24.0828808985,[1,23,28,12,18,10,27,2,3,7,19,5,5,22,27,23,4,17,10,26,21,15,19,26,15,12,21,19,23,5],