{"columns":["ite","time","q","scaled_eu","z","solver","attacker","|Q|","|X|","|T|","rho","k","utility_time","RS_iters","mcts_iters","sa_iters","eps","lr"],"index":[0,1,2,3,4,5,6,7,8,9,10,11,12,13,14,15,16,17,18,19,20,21,22,23,24,25,26,27,28,29,30,31,32,33,34,35,36,37,38,39,40,41,42,43,44,45,46,47,48,49,50,51,52,53,54,55,56,57,58,59,60,61,62,63,64,65,66,67,68,69,70,71,72,73,74,75,76,77,78,79],"data":[[3,15,79.6707835106,-27.8292164894,[24,3,21,0,6,5,1,16,6,13,6,6,25,21,12,21,18,5,7,23,13,3,26,19,20,14,29,0,0,14],"SA","pd",30,30,30,0.95,10000,58.9763743877,5000,-1,50,0.05,0.1],[3,30,82.7893730347,-24.7106269653,[0,4,6,6,6,20,22,16,0,21,6,28,12,3,27,9,12,16,10,28,20,25,2,23,20,14,15,8,0,4],"SA","pd",30,30,30,0.95,10000,58.9947504997,5000,-1,50,0.05,0.1],[3,45,82.7893730347,-24.7106269653,[4,5,6,12,7,20,11,7,0,21,21,28,11,14,28,9,25,6,19,12,24,12,4,23,20,0,5,1,11,5],"SA","pd",30,30,30,0.95,10000,58.525711298,5000,-1,50,0.05,0.1],[3,60,82.7893730347,-24.7106269653,[4,5,6,12,7,20,11,7,0,21,21,28,11,14,28,9,25,6,19,12,24,12,4,23,20,0,5,1,11,5],"SA","pd",30,30,30,0.95,10000,58.7284617424,5000,-1,50,0.05,0.1],[3,75,82.7893730347,-24.7106269653,[9,21,23,22,4,1,27,18,17,18,7,19,26,12,15,1,7,6,16,10,22,21,7,23,16,23,25,1,9,2],"SA","pd",30,30,30,0.95,10000,59.035746336,5000,-1,50,0.05,0.1],[3,90,82.7893730347,-24.7106269653,[7,5,25,7,23,14,7,29,25,4,7,0,25,12,16,1,7,25,9,2,29,18,16,23,16,25,10,23,11,2],"SA","pd",30,30,30,0.95,10000,58.8632624149,5000,-1,50,0.05,0.1],[3,105,84.3509768672,-23.1490231328,[9,10,24,7,1,17,0,4,17,19,7,3,28,5,8,1,16,21,10,2,19,18,21,23,21,23,6,20,9,2],"SA","pd",30,30,30,0.95,10000,58.7462263107,5000,-1,50,0.05,0.1],[3,120,86.2060692786,-21.2939307214,[21,2,24,7,1,14,20,2,21,17,7,22,22,5,23,1,16,29,10,2,27,18,21,23,2,23,15,20,9,4],"SA","pd",30,30,30,0.95,10000,58.9447338581,5000,-1,50,0.05,0.1],[3,135,86.2060692786,-21.2939307214,[21,2,24,7,1,14,20,2,21,17,7,22,22,5,23,1,16,29,10,2,27,18,21,23,2,23,15,20,9,4],"SA","pd",30,30,30,0.95,10000,59.1845493317,5000,-1,50,0.05,0.1],[3,150,86.2060692786,-21.2939307214,[21,2,24,7,1,14,20,2,21,17,7,22,22,5,23,1,16,29,10,2,27,18,21,23,2,23,15,20,9,4],"SA","pd",30,30,30,0.95,10000,58.9553647041,5000,-1,50,0.05,0.1],[3,165,86.2060692786,-21.2939307214,[27,2,29,13,2,7,29,27,21,17,7,22,28,2,20,24,1,29,10,8,4,18,20,23,23,23,16,27,9,3],"SA","pd",30,30,30,0.95,10000,59.2631452084,5000,-1,50,0.05,0.1],[3,180,86.2060692786,-21.2939307214,[17,19,29,2,28,29,29,17,10,21,7,5,21,2,25,13,17,10,11,3,28,22,20,23,23,23,1,4,21,3],"SA","pd",30,30,30,0.95,10000,58.9170207977,5000,-1,50,0.05,0.1],[3,195,86.2060692786,-21.2939307214,[17,19,29,2,28,29,29,17,10,21,7,5,21,2,25,13,17,10,11,3,28,22,20,23,23,23,1,4,21,3],"SA","pd",30,30,30,0.95,10000,58.7183110714,5000,-1,50,0.05,0.1],[3,210,86.2060692786,-21.2939307214,[17,19,29,2,28,29,29,17,10,21,7,5,21,2,25,13,17,10,11,3,28,22,20,23,23,23,1,4,21,3],"SA","pd",30,30,30,0.95,10000,58.5350365639,5000,-1,50,0.05,0.1],[3,225,86.2060692786,-21.2939307214,[17,19,29,2,28,29,29,17,10,21,7,5,21,2,25,13,17,10,11,3,28,22,20,23,23,23,1,4,21,3],"SA","pd",30,30,30,0.95,10000,59.1854054928,5000,-1,50,0.05,0.1],[3,240,86.2060692786,-21.2939307214,[17,19,29,2,28,29,29,17,10,21,7,5,21,2,25,13,17,10,11,3,28,22,20,23,23,23,1,4,21,3],"SA","pd",30,30,30,0.95,10000,59.1532154083,5000,-1,50,0.05,0.1],[3,255,86.2060692786,-21.2939307214,[17,19,29,2,28,29,29,17,10,21,7,5,21,2,25,13,17,10,11,3,28,22,20,23,23,23,1,4,21,3],"SA","pd",30,30,30,0.95,10000,59.0929670334,5000,-1,50,0.05,0.1],[3,270,86.2060692786,-21.2939307214,[17,19,29,2,28,29,29,17,10,21,7,5,21,2,25,13,17,10,11,3,28,22,20,23,23,23,1,4,21,3],"SA","pd",30,30,30,0.95,10000,58.7812080383,5000,-1,50,0.05,0.1],[3,285,86.2060692786,-21.2939307214,[17,19,29,2,28,29,29,17,10,21,7,5,21,2,25,13,17,10,11,3,28,22,20,23,23,23,1,4,21,3],"SA","pd",30,30,30,0.95,10000,58.5761628151,5000,-1,50,0.05,0.1],[3,300,86.2060692786,-21.2939307214,[17,19,29,2,28,29,29,17,10,21,7,5,21,2,25,13,17,10,11,3,28,22,20,23,23,23,1,4,21,3],"SA","pd",30,30,30,0.95,10000,59.1404087543,5000,-1,50,0.05,0.1],[3,315,86.2060692786,-21.2939307214,[17,19,29,2,28,29,29,17,10,21,7,5,21,2,25,13,17,10,11,3,28,22,20,23,23,23,1,4,21,3],"SA","pd",30,30,30,0.95,10000,58.7565989494,5000,-1,50,0.05,0.1],[3,330,86.2060692786,-21.2939307214,[17,19,29,2,28,29,29,17,10,21,7,5,21,2,25,13,17,10,11,3,28,22,20,23,23,23,1,4,21,3],"SA","pd",30,30,30,0.95,10000,58.7530732155,5000,-1,50,0.05,0.1],[3,345,86.2060692786,-21.2939307214,[17,19,29,2,28,29,29,17,10,21,7,5,21,2,25,13,17,10,11,3,28,22,20,23,23,23,1,4,21,3],"SA","pd",30,30,30,0.95,10000,59.533998251,5000,-1,50,0.05,0.1],[3,360,86.2060692786,-21.2939307214,[17,19,29,2,28,29,29,17,10,21,7,5,21,2,25,13,17,10,11,3,28,22,20,23,23,23,1,4,21,3],"SA","pd",30,30,30,0.95,10000,59.0923378468,5000,-1,50,0.05,0.1],[3,375,86.2060692786,-21.2939307214,[17,19,29,2,28,29,29,17,10,21,7,5,21,2,25,13,17,10,11,3,28,22,20,23,23,23,1,4,21,3],"SA","pd",30,30,30,0.95,10000,58.9959456921,5000,-1,50,0.05,0.1],[3,390,86.2060692786,-21.2939307214,[17,19,29,2,28,29,29,17,10,21,7,5,21,2,25,13,17,10,11,3,28,22,20,23,23,23,1,4,21,3],"SA","pd",30,30,30,0.95,10000,58.9443228245,5000,-1,50,0.05,0.1],[3,405,86.2060692786,-21.2939307214,[17,19,29,2,28,29,29,17,10,21,7,5,21,2,25,13,17,10,11,3,28,22,20,23,23,23,1,4,21,3],"SA","pd",30,30,30,0.95,10000,58.8326253891,5000,-1,50,0.05,0.1],[3,420,86.2060692786,-21.2939307214,[17,19,29,2,28,29,29,17,10,21,7,5,21,2,25,13,17,10,11,3,28,22,20,23,23,23,1,4,21,3],"SA","pd",30,30,30,0.95,10000,59.0832393169,5000,-1,50,0.05,0.1],[3,435,86.2060692786,-21.2939307214,[17,19,29,2,28,29,29,17,10,21,7,5,21,2,25,13,17,10,11,3,28,22,20,23,23,23,1,4,21,3],"SA","pd",30,30,30,0.95,10000,59.3945567608,5000,-1,50,0.05,0.1],[3,450,86.2060692786,-21.2939307214,[17,19,29,2,28,29,29,17,10,21,7,5,21,2,25,13,17,10,11,3,28,22,20,23,23,23,1,4,21,3],"SA","pd",30,30,30,0.95,10000,58.9057338238,5000,-1,50,0.05,0.1],[3,465,86.2060692786,-21.2939307214,[17,19,29,2,28,29,29,17,10,21,7,5,21,2,25,13,17,10,11,3,28,22,20,23,23,23,1,4,21,3],"SA","pd",30,30,30,0.95,10000,58.8599970341,5000,-1,50,0.05,0.1],[3,480,86.2060692786,-21.2939307214,[17,19,29,2,28,29,29,17,10,21,7,5,21,2,25,13,17,10,11,3,28,22,20,23,23,23,1,4,21,3],"SA","pd",30,30,30,0.95,10000,59.0848009586,5000,-1,50,0.05,0.1],[3,495,86.2060692786,-21.2939307214,[17,19,29,2,28,29,29,17,10,21,7,5,21,2,25,13,17,10,11,3,28,22,20,23,23,23,1,4,21,3],"SA","pd",30,30,30,0.95,10000,58.7303848267,5000,-1,50,0.05,0.1],[3,510,86.2060692786,-21.2939307214,[17,19,29,2,28,29,29,17,10,21,7,5,21,2,25,13,17,10,11,3,28,22,20,23,23,23,1,4,21,3],"SA","pd",30,30,30,0.95,10000,58.9718694687,5000,-1,50,0.05,0.1],[3,525,86.2060692786,-21.2939307214,[17,19,29,2,28,29,29,17,10,21,7,5,21,2,25,13,17,10,11,3,28,22,20,23,23,23,1,4,21,3],"SA","pd",30,30,30,0.95,10000,58.633292675,5000,-1,50,0.05,0.1],[3,540,86.2060692786,-21.2939307214,[17,19,29,2,28,29,29,17,10,21,7,5,21,2,25,13,17,10,11,3,28,22,20,23,23,23,1,4,21,3],"SA","pd",30,30,30,0.95,10000,58.8797430992,5000,-1,50,0.05,0.1],[3,555,86.2060692786,-21.2939307214,[17,19,29,2,28,29,29,17,10,21,7,5,21,2,25,13,17,10,11,3,28,22,20,23,23,23,1,4,21,3],"SA","pd",30,30,30,0.95,10000,58.4713721275,5000,-1,50,0.05,0.1],[3,570,86.2060692786,-21.2939307214,[17,19,29,2,28,29,29,17,10,21,7,5,21,2,25,13,17,10,11,3,28,22,20,23,23,23,1,4,21,3],"SA","pd",30,30,30,0.95,10000,58.6982750893,5000,-1,50,0.05,0.1],[3,585,86.2060692786,-21.2939307214,[17,19,29,2,28,29,29,17,10,21,7,5,21,2,25,13,17,10,11,3,28,22,20,23,23,23,1,4,21,3],"SA","pd",30,30,30,0.95,10000,58.5044739246,5000,-1,50,0.05,0.1],[3,600,86.2060692786,-21.2939307214,[17,19,29,2,28,29,29,17,10,21,7,5,21,2,25,13,17,10,11,3,28,22,20,23,23,23,1,4,21,3],"SA","pd",30,30,30,0.95,10000,58.8812055588,5000,-1,50,0.05,0.1],[3,615,86.2060692786,-21.2939307214,[17,19,29,2,28,29,29,17,10,21,7,5,21,2,25,13,17,10,11,3,28,22,20,23,23,23,1,4,21,3],