{"columns":["ite","time","q","scaled_eu","z","solver","attacker","|Q|","|X|","|T|","rho","k","utility_time","RS_iters","mcts_iters","sa_iters","eps","lr"],"index":[0,1,2,3,4,5,6,7,8,9,10,11,12,13,14,15,16,17,18,19,20,21,22,23,24,25,26,27,28,29,30,31,32,33,34,35,36,37,38,39,40,41,42,43,44,45,46,47,48,49,50,51,52,53,54,55,56,57,58,59,60,61,62,63,64,65,66,67,68,69,70,71,72,73,74,75,76,77,78,79],"data":[[1,15,80.804217483,-26.695782517,[15,6,24,11,6,12,24,22,9,7,9,28,4,0,17,19,21,6,28,24,18,12,0,7,26,19,24,9,15,2],"SA","pd",30,30,30,0.95,10000,63.4528899193,5000,-1,50,0.05,0.1],[1,30,80.804217483,-26.695782517,[15,6,24,11,6,12,24,22,9,7,9,28,4,0,17,19,21,6,28,24,18,12,0,7,26,19,24,9,15,2],"SA","pd",30,30,30,0.95,10000,63.2861902714,5000,-1,50,0.05,0.1],[1,45,81.4771073152,-26.0228926848,[20,22,1,15,29,21,1,22,20,27,11,19,7,10,13,23,29,23,0,7,12,6,9,28,21,16,9,26,17,20],"SA","pd",30,30,30,0.95,10000,63.3942813873,5000,-1,50,0.05,0.1],[1,60,81.4771073152,-26.0228926848,[23,1,25,22,4,29,9,5,20,18,28,0,7,24,13,23,6,26,0,26,12,26,9,27,21,16,1,24,0,20],"SA","pd",30,30,30,0.95,10000,63.3822135925,5000,-1,50,0.05,0.1],[1,75,81.4771073152,-26.0228926848,[23,1,25,22,4,29,9,5,20,18,28,0,7,24,13,23,6,26,0,26,12,26,9,27,21,16,1,24,0,20],"SA","pd",30,30,30,0.95,10000,63.2761902809,5000,-1,50,0.05,0.1],[1,90,82.8521282548,-24.6478717452,[18,19,17,29,19,19,9,27,8,27,20,11,14,2,10,21,5,29,6,8,20,29,3,0,21,12,1,20,22,0],"SA","pd",30,30,30,0.95,10000,63.2535631657,5000,-1,50,0.05,0.1],[1,105,82.8521282548,-24.6478717452,[18,19,17,29,19,19,9,27,8,27,20,11,14,2,10,21,5,29,6,8,20,29,3,0,21,12,1,20,22,0],"SA","pd",30,30,30,0.95,10000,63.0338804722,5000,-1,50,0.05,0.1],[1,120,82.8521282548,-24.6478717452,[18,19,17,29,19,19,9,27,8,27,20,11,14,2,10,21,5,29,6,8,20,29,3,0,21,12,1,20,22,0],"SA","pd",30,30,30,0.95,10000,63.1278922558,5000,-1,50,0.05,0.1],[1,135,82.8521282548,-24.6478717452,[18,19,17,29,19,19,9,27,8,27,20,11,14,2,10,21,5,29,6,8,20,29,3,0,21,12,1,20,22,0],"SA","pd",30,30,30,0.95,10000,63.2418437004,5000,-1,50,0.05,0.1],[1,150,82.8521282548,-24.6478717452,[18,19,17,29,19,19,9,27,8,27,20,11,14,2,10,21,5,29,6,8,20,29,3,0,21,12,1,20,22,0],"SA","pd",30,30,30,0.95,10000,63.5067648888,5000,-1,50,0.05,0.1],[1,165,82.8521282548,-24.6478717452,[18,19,17,29,19,19,9,27,8,27,20,11,14,2,10,21,5,29,6,8,20,29,3,0,21,12,1,20,22,0],"SA","pd",30,30,30,0.95,10000,63.6219398975,5000,-1,50,0.05,0.1],[1,180,82.8521282548,-24.6478717452,[18,19,17,29,19,19,9,27,8,27,20,11,14,2,10,21,5,29,6,8,20,29,3,0,21,12,1,20,22,0],"SA","pd",30,30,30,0.95,10000,63.4014418125,5000,-1,50,0.05,0.1],[1,195,82.8521282548,-24.6478717452,[18,19,17,29,19,19,9,27,8,27,20,11,14,2,10,21,5,29,6,8,20,29,3,0,21,12,1,20,22,0],"SA","pd",30,30,30,0.95,10000,63.317961216,5000,-1,50,0.05,0.1],[1,210,82.8521282548,-24.6478717452,[12,19,7,2,17,5,16,13,14,2,11,0,7,18,27,4,4,20,15,1,10,12,14,22,19,12,7,26,2,4],"SA","pd",30,30,30,0.95,10000,63.4093532562,5000,-1,50,0.05,0.1],[1,225,82.8521282548,-24.6478717452,[12,19,7,2,17,5,16,13,14,2,11,0,7,18,27,4,4,20,15,1,10,12,14,22,19,12,7,26,2,4],"SA","pd",30,30,30,0.95,10000,63.3797416687,5000,-1,50,0.05,0.1],[1,240,83.1699567797,-24.3300432203,[19,3,15,2,20,23,7,2,1,12,24,12,21,16,20,4,26,26,23,27,24,7,16,28,13,0,23,22,28,13],"SA","pd",30,30,30,0.95,10000,63.4123632908,5000,-1,50,0.05,0.1],[1,255,83.1699567797,-24.3300432203,[21,0,17,2,10,2,29,21,1,18,7,23,0,20,27,28,26,1,24,10,12,25,3,6,20,12,1,4,28,13],"SA","pd",30,30,30,0.95,10000,63.6915354729,5000,-1,50,0.05,0.1],[1,270,83.1699567797,-24.3300432203,[21,0,17,2,10,2,29,21,1,18,7,23,0,20,27,28,26,1,24,10,12,25,3,6,20,12,1,4,28,13],"SA","pd",30,30,30,0.95,10000,63.6798286438,5000,-1,50,0.05,0.1],[1,285,83.1699567797,-24.3300432203,[21,0,17,2,10,2,29,21,1,18,7,23,0,20,27,28,26,1,24,10,12,25,3,6,20,12,1,4,28,13],"SA","pd",30,30,30,0.95,10000,63.132748127,5000,-1,50,0.05,0.1],[1,300,83.1699567797,-24.3300432203,[21,0,17,2,10,2,29,21,1,18,7,23,0,20,27,28,26,1,24,10,12,25,3,6,20,12,1,4,28,13],"SA","pd",30,30,30,0.95,10000,63.4619243145,5000,-1,50,0.05,0.1],[1,315,83.7175257692,-23.7824742308,[8,15,3,23,28,2,25,3,0,20,17,17,23,28,20,14,1,20,14,27,24,29,19,16,6,11,14,24,7,10],"SA","pd",30,30,30,0.95,10000,63.7222011089,5000,-1,50,0.05,0.1],[1,330,83.7175257692,-23.7824742308,[8,15,3,23,28,2,25,3,0,20,17,17,23,28,20,14,1,20,14,27,24,29,19,16,6,11,14,24,7,10],"SA","pd",30,30,30,0.95,10000,63.5513145924,5000,-1,50,0.05,0.1],[1,345,83.7175257692,-23.7824742308,[8,15,3,23,28,2,25,3,0,20,17,17,23,28,20,14,1,20,14,27,24,29,19,16,6,11,14,24,7,10],"SA","pd",30,30,30,0.95,10000,63.3202068806,5000,-1,50,0.05,0.1],[1,360,83.9475463022,-23.5524536978,[21,29,28,2,20,3,24,26,7,16,17,24,2,16,15,24,9,25,9,29,24,5,19,22,10,27,12,4,7,10],"SA","pd",30,30,30,0.95,10000,63.5322391987,5000,-1,50,0.05,0.1],[1,375,83.9475463022,-23.5524536978,[21,29,28,2,20,3,24,26,7,16,17,24,2,16,15,24,9,25,9,29,24,5,19,22,10,27,12,4,7,10],"SA","pd",30,30,30,0.95,10000,63.4968802929,5000,-1,50,0.05,0.1],[1,390,83.9475463022,-23.5524536978,[21,29,28,2,20,3,24,26,7,16,17,24,2,16,15,24,9,25,9,29,24,5,19,22,10,27,12,4,7,10],"SA","pd",30,30,30,0.95,10000,63.3561127186,5000,-1,50,0.05,0.1],[1,405,83.9475463022,-23.5524536978,[21,29,28,2,20,3,24,26,7,16,17,24,2,16,15,24,9,25,9,29,24,5,19,22,10,27,12,4,7,10],"SA","pd",30,30,30,0.95,10000,63.4350287914,5000,-1,50,0.05,0.1],[1,420,83.9475463022,-23.5524536978,[21,29,28,2,20,3,24,26,7,16,17,24,2,16,15,24,9,25,9,29,24,5,19,22,10,27,12,4,7,10],"SA","pd",30,30,30,0.95,10000,63.5793716908,5000,-1,50,0.05,0.1],[1,435,83.9475463022,-23.5524536978,[21,29,28,2,20,3,24,26,7,16,17,24,2,16,15,24,9,25,9,29,24,5,19,22,10,27,12,4,7,10],"SA","pd",30,30,30,0.95,10000,63.6527402401,5000,-1,50,0.05,0.1],[1,450,83.9475463022,-23.5524536978,[21,29,28,2,20,3,24,26,7,16,17,24,2,16,15,24,9,25,9,29,24,5,19,22,10,27,12,4,7,10],"SA","pd",30,30,30,0.95,10000,63.4790921211,5000,-1,50,0.05,0.1],[1,465,83.9475463022,-23.5524536978,[21,29,28,2,20,3,24,26,7,16,17,24,2,16,15,24,9,25,9,29,24,5,19,22,10,27,12,4,7,10],"SA","pd",30,30,30,0.95,10000,63.1337451935,5000,-1,50,0.05,0.1],[1,480,83.9475463022,-23.5524536978,[17,27,2,16,22,3,29,26,21,20,28,22,21,16,27,3,25,29,0,10,9,14,3,28,16,18,15,14,12,20],"SA","pd",30,30,30,0.95,10000,63.6665096283,5000,-1,50,0.05,0.1],[1,495,83.9475463022,-23.5524536978,[17,27,2,16,22,3,29,26,21,20,28,22,21,16,27,3,25,29,0,10,9,14,3,28,16,18,15,14,12,20],"SA","pd",30,30,30,0.95,10000,63.4660298824,5000,-1,50,0.05,0.1],[1,510,85.0045408376,-22.4954591624,[29,0,1,12,17,21,5,26,14,24,17,0,20,16,7,3,2,5,23,10,9,6,14,28,10,22,1,19,26,18],"SA","pd",30,30,30,0.95,10000,63.4367208481,5000,-1,50,0.05,0.1],[1,525,85.1277675258,-22.3722324742,[29,0,1,12,17,21,5,3,14,24,17,0,20,14,7,3,2,29,23,29,28,6,7,14,10,9,1,22,7,18],"SA","pd",30,30,30,0.95,10000,63.4351499081,5000,-1,50,0.05,0.1],[1,540,85.1277675258,-22.3722324742,[29,0,1,12,17,21,5,3,14,24,17,0,20,14,7,3,2,29,23,29,28,6,7,14,10,9,1,22,7,18],"SA","pd",30,30,30,0.95,10000,63.2228302956,5000,-1,50,0.05,0.1],[1,555,85.1277675258,-22.3722324742,[29,0,1,12,17,21,5,3,14,24,17,0,20,14,7,3,2,29,23,29,28,6,7,14,10,9,1,22,7,18],"SA","pd",30,30,30,0.95,10000,63.7322335243,5000,-1,50,0.05,0.1],[1,570,85.1277675258,-22.3722324742,[29,0,1,12,17,21,5,3,14,24,17,0,20,14,7,3,2,29,23,29,28,6,7,14,10,9,1,22,7,18],"SA","pd",30,30,30,0.95,10000,63.700086832,5000,-1,50,0.05,0.1],[1,585,85.1277675258,-22.3722324742,[29,0,1,12,17,21,5,3,14,24,17,0,20,14,7,3,2,29,23,29,28,6,7,14,10,9,1,22,7,18],"SA","pd",30,30,30,0.95,10000,63.4223911762,5000,-1,50,0.05,0.1],[1,600,85.1277675258,-22.3722324742,[29,0,1,12,17,21,5,3,14,24,17,0,20,14,7,3,2,29,23,29,28,6,7,14,10,9,1,22,7,18],"SA","pd",30,30,30,0.95,10000,63.3513622284,5000,-1,50,0.05,0.1],[1,615,85.1277675258,-22.3722324742,[29,0,1,12,17,21,5,3,14,24,17,0,20,14,7,3,2,29,23,29,28,6,7,14,10,9,1,22,7,18],"SA","pd",30,30,30,0.95,10000,63.2626905441,5000,-1,50,0.05,0.1],[1,630,85.1277675258,-22.3722324742,[29,0,1,12,17,21,5,3,14,24,17,0,20,14,7,3,2,29,23,29,28,6,7,14,10,9,1,22,7,18],