{"columns":["ite","time","q","scaled_eu","z","solver","attacker","|Q|","|X|","|T|","rho","k","utility_time","RS_iters","mcts_iters","sa_iters","eps","lr"],"index":[0,1,2,3,4,5,6,7,8,9,10,11,12,13,14,15,16,17,18,19,20,21,22,23,24,25,26,27,28,29,30,31,32,33,34,35,36,37,38,39,40,41,42,43,44,45,46,47,48,49,50,51,52,53,54,55,56,57,58,59,60,61,62,63,64,65,66,67,68,69,70,71,72,73,74,75,76,77,78,79],"data":[[2,15,82.7769279399,-24.7230720601,[18,25,9,15,24,0,0,26,16,27,24,18,8,14,1,16,12,18,13,10,15,2,28,12,5,17,5,3,24,17],"SA","pd",30,30,30,0.95,10000,58.9060111046,5000,-1,50,0.05,0.1],[2,30,82.7769279399,-24.7230720601,[18,25,9,15,24,0,0,26,16,27,24,18,8,14,1,16,12,18,13,10,15,2,28,12,5,17,5,3,24,17],"SA","pd",30,30,30,0.95,10000,58.983641386,5000,-1,50,0.05,0.1],[2,45,82.7769279399,-24.7230720601,[18,25,9,15,24,0,0,26,16,27,24,18,8,14,1,16,12,18,13,10,15,2,28,12,5,17,5,3,24,17],"SA","pd",30,30,30,0.95,10000,58.8424797058,5000,-1,50,0.05,0.1],[2,60,82.7769279399,-24.7230720601,[18,25,9,15,24,0,0,26,16,27,24,18,8,14,1,16,12,18,13,10,15,2,28,12,5,17,5,3,24,17],"SA","pd",30,30,30,0.95,10000,59.0538797379,5000,-1,50,0.05,0.1],[2,75,82.7769279399,-24.7230720601,[18,25,9,15,24,0,0,26,16,27,24,18,8,14,1,16,12,18,13,10,15,2,28,12,5,17,5,3,24,17],"SA","pd",30,30,30,0.95,10000,59.1356306076,5000,-1,50,0.05,0.1],[2,90,82.7769279399,-24.7230720601,[18,25,9,15,24,0,0,26,16,27,24,18,8,14,1,16,12,18,13,10,15,2,28,12,5,17,5,3,24,17],"SA","pd",30,30,30,0.95,10000,58.6456229687,5000,-1,50,0.05,0.1],[2,105,82.7769279399,-24.7230720601,[6,23,18,2,5,18,11,17,6,17,14,27,25,5,11,10,15,13,15,24,25,12,16,22,7,28,20,24,6,6],"SA","pd",30,30,30,0.95,10000,58.5265946388,5000,-1,50,0.05,0.1],[2,120,82.7769279399,-24.7230720601,[24,14,29,2,9,18,28,19,3,14,5,24,13,16,15,0,15,11,4,5,21,12,21,22,10,16,1,13,21,1],"SA","pd",30,30,30,0.95,10000,59.0440797806,5000,-1,50,0.05,0.1],[2,135,82.7769279399,-24.7230720601,[24,14,29,2,9,18,28,19,3,14,5,24,13,16,15,0,15,11,4,5,21,12,21,22,10,16,1,13,21,1],"SA","pd",30,30,30,0.95,10000,58.9362072945,5000,-1,50,0.05,0.1],[2,150,82.7769279399,-24.7230720601,[24,14,29,2,9,18,28,19,3,14,5,24,13,16,15,0,15,11,4,5,21,12,21,22,10,16,1,13,21,1],"SA","pd",30,30,30,0.95,10000,58.7829825878,5000,-1,50,0.05,0.1],[2,165,82.7769279399,-24.7230720601,[24,14,29,2,9,18,28,19,3,14,5,24,13,16,15,0,15,11,4,5,21,12,21,22,10,16,1,13,21,1],"SA","pd",30,30,30,0.95,10000,58.9950959682,5000,-1,50,0.05,0.1],[2,180,84.2801901088,-23.2198098912,[8,7,3,0,5,4,22,22,3,6,12,23,15,10,18,11,4,13,4,20,19,12,2,11,26,23,3,26,3,20],"SA","pd",30,30,30,0.95,10000,59.1187679768,5000,-1,50,0.05,0.1],[2,195,84.2801901088,-23.2198098912,[8,4,28,0,5,4,11,3,3,20,16,15,12,26,19,24,28,28,13,20,6,12,0,26,16,23,15,24,22,20],"SA","pd",30,30,30,0.95,10000,58.5226194859,5000,-1,50,0.05,0.1],[2,210,84.2801901088,-23.2198098912,[8,4,28,0,5,4,11,3,3,20,16,15,12,26,19,24,28,28,13,20,6,12,0,26,16,23,15,24,22,20],"SA","pd",30,30,30,0.95,10000,59.014111042,5000,-1,50,0.05,0.1],[2,225,84.2801901088,-23.2198098912,[8,4,28,0,5,4,11,3,3,20,16,15,12,26,19,24,28,28,13,20,6,12,0,26,16,23,15,24,22,20],"SA","pd",30,30,30,0.95,10000,58.8576235771,5000,-1,50,0.05,0.1],[2,240,84.2801901088,-23.2198098912,[8,4,28,0,5,4,11,3,3,20,16,15,12,26,19,24,28,28,13,20,6,12,0,26,16,23,15,24,22,20],"SA","pd",30,30,30,0.95,10000,58.9302546978,5000,-1,50,0.05,0.1],[2,255,84.2801901088,-23.2198098912,[8,4,28,0,5,4,11,3,3,20,16,15,12,26,19,24,28,28,13,20,6,12,0,26,16,23,15,24,22,20],"SA","pd",30,30,30,0.95,10000,58.9258322716,5000,-1,50,0.05,0.1],[2,270,84.2801901088,-23.2198098912,[8,4,28,0,5,4,11,3,3,20,16,15,12,26,19,24,28,28,13,20,6,12,0,26,16,23,15,24,22,20],"SA","pd",30,30,30,0.95,10000,58.5934197903,5000,-1,50,0.05,0.1],[2,285,84.2801901088,-23.2198098912,[8,4,28,0,5,4,11,3,3,20,16,15,12,26,19,24,28,28,13,20,6,12,0,26,16,23,15,24,22,20],"SA","pd",30,30,30,0.95,10000,58.9150528908,5000,-1,50,0.05,0.1],[2,300,84.2801901088,-23.2198098912,[8,4,28,0,5,4,11,3,3,20,16,15,12,26,19,24,28,28,13,20,6,12,0,26,16,23,15,24,22,20],"SA","pd",30,30,30,0.95,10000,58.9583947659,5000,-1,50,0.05,0.1],[2,315,84.2801901088,-23.2198098912,[8,4,28,0,5,4,11,3,3,20,16,15,12,26,19,24,28,28,13,20,6,12,0,26,16,23,15,24,22,20],"SA","pd",30,30,30,0.95,10000,59.0154380798,5000,-1,50,0.05,0.1],[2,330,84.2801901088,-23.2198098912,[8,4,28,0,5,4,11,3,3,20,16,15,12,26,19,24,28,28,13,20,6,12,0,26,16,23,15,24,22,20],"SA","pd",30,30,30,0.95,10000,58.8908600807,5000,-1,50,0.05,0.1],[2,345,84.2801901088,-23.2198098912,[8,4,28,0,5,4,11,3,3,20,16,15,12,26,19,24,28,28,13,20,6,12,0,26,16,23,15,24,22,20],"SA","pd",30,30,30,0.95,10000,59.0139443874,5000,-1,50,0.05,0.1],[2,360,84.2801901088,-23.2198098912,[8,4,28,0,5,4,11,3,3,20,16,15,12,26,19,24,28,28,13,20,6,12,0,26,16,23,15,24,22,20],"SA","pd",30,30,30,0.95,10000,59.1713240147,5000,-1,50,0.05,0.1],[2,375,84.2801901088,-23.2198098912,[8,4,28,0,5,4,11,3,3,20,16,15,12,26,19,24,28,28,13,20,6,12,0,26,16,23,15,24,22,20],"SA","pd",30,30,30,0.95,10000,58.9435870647,5000,-1,50,0.05,0.1],[2,390,84.2801901088,-23.2198098912,[8,4,28,0,5,4,11,3,3,20,16,15,12,26,19,24,28,28,13,20,6,12,0,26,16,23,15,24,22,20],"SA","pd",30,30,30,0.95,10000,58.9064850807,5000,-1,50,0.05,0.1],[2,405,84.2801901088,-23.2198098912,[8,4,28,0,5,4,11,3,3,20,16,15,12,26,19,24,28,28,13,20,6,12,0,26,16,23,15,24,22,20],"SA","pd",30,30,30,0.95,10000,58.8992576599,5000,-1,50,0.05,0.1],[2,420,85.8928044217,-21.6071955783,[26,12,4,3,12,2,10,2,14,24,7,29,5,24,22,17,20,2,0,1,24,6,7,14,10,23,11,6,23,28],"SA","pd",30,30,30,0.95,10000,58.9456348419,5000,-1,50,0.05,0.1],[2,435,86.0275999295,-21.4724000705,[26,12,4,3,12,17,28,2,14,24,7,29,17,22,6,17,20,2,0,1,20,6,7,14,10,23,11,4,1,13],"SA","pd",30,30,30,0.95,10000,58.8515872955,5000,-1,50,0.05,0.1],[2,450,86.0275999295,-21.4724000705,[26,12,4,3,12,17,28,2,14,24,7,29,17,22,6,17,20,2,0,1,20,6,7,14,10,23,11,4,1,13],"SA","pd",30,30,30,0.95,10000,59.1173799038,5000,-1,50,0.05,0.1],[2,465,86.0275999295,-21.4724000705,[26,12,4,3,12,17,28,2,14,24,7,29,17,22,6,17,20,2,0,1,20,6,7,14,10,23,11,4,1,13],"SA","pd",30,30,30,0.95,10000,58.9626774788,5000,-1,50,0.05,0.1],[2,480,86.0275999295,-21.4724000705,[26,12,4,3,12,17,28,2,14,24,7,29,17,22,6,17,20,2,0,1,20,6,7,14,10,23,11,4,1,13],"SA","pd",30,30,30,0.95,10000,59.0967280865,5000,-1,50,0.05,0.1],[2,495,86.0275999295,-21.4724000705,[26,12,4,3,12,17,28,2,14,24,7,29,17,22,6,17,20,2,0,1,20,6,7,14,10,23,11,4,1,13],"SA","pd",30,30,30,0.95,10000,59.1434607506,5000,-1,50,0.05,0.1],[2,510,86.0275999295,-21.4724000705,[26,12,4,3,12,17,28,2,14,24,7,29,17,22,6,17,20,2,0,1,20,6,7,14,10,23,11,4,1,13],"SA","pd",30,30,30,0.95,10000,58.9170255661,5000,-1,50,0.05,0.1],[2,525,86.0275999295,-21.4724000705,[26,12,4,3,12,17,28,2,14,24,7,29,17,22,6,17,20,2,0,1,20,6,7,14,10,23,11,4,1,13],"SA","pd",30,30,30,0.95,10000,59.2318921089,5000,-1,50,0.05,0.1],[2,540,86.0275999295,-21.4724000705,[26,12,4,3,12,17,28,2,14,24,7,29,17,22,6,17,20,2,0,1,20,6,7,14,10,23,11,4,1,13],"SA","pd",30,30,30,0.95,10000,59.1760866642,5000,-1,50,0.05,0.1],[2,555,86.0275999295,-21.4724000705,[26,12,4,3,12,17,28,2,14,24,7,29,17,22,6,17,20,2,0,1,20,6,7,14,10,23,11,4,1,13],"SA","pd",30,30,30,0.95,10000,58.6041095257,5000,-1,50,0.05,0.1],[2,570,86.0275999295,-21.4724000705,[13,24,19,7,23,26,21,11,3,29,14,0,12,13,12,19,6,23,2,10,21,12,1,23,1,23,22,20,11,8],"SA","pd",30,30,30,0.95,10000,58.958509922,5000,-1,50,0.05,0.1],[2,585,86.0275999295,-21.4724000705,[13,24,19,7,23,26,21,11,3,29,14,0,12,13,12,19,6,23,2,10,21,12,1,23,1,23,22,20,11,8],"SA","pd",30,30,30,0.95,10000,58.5918467045,5000,-1,50,0.05,0.1],[2,600,86.0275999295,-21.4724000705,[13,24,19,7,23,26,21,11,3,29,14,0,12,13,12,19,6,23,2,10,21,12,1,23,1,23,22,20,11,8],"SA","pd",30,30,30,0.95,10000,58.6880869865,5000,-1,50,0.05,0.1],[2,615,86.0275999295,-21.4724000705,[13,24,19,7,23,26,21,11,3,29,14,0,12,13,12,19,6,23,2,10,21,12,1,23,1,23,22,20,11,8],