{"columns":["ite","time","q","scaled_eu","z","solver","attacker","|Q|","|X|","|T|","rho","k","utility_time","RS_iters","mcts_iters","sa_iters","eps","lr"],"index":[0,1,2,3,4,5,6,7,8,9,10,11,12,13,14,15,16,17,18,19,20,21,22,23,24,25,26,27,28,29,30,31,32,33,34,35,36,37,38,39,40,41,42,43,44,45,46,47,48,49,50,51,52,53,54,55,56,57,58,59,60,61,62,63,64,65,66,67,68,69,70,71,72,73,74,75,76,77,78,79],"data":[[8,15,82.5442301096,-24.9557698904,[20,6,23,0,21,16,29,8,10,7,0,3,5,14,10,1,26,3,23,1,18,12,25,26,25,9,9,13,10,18],"SA","pd",30,30,30,0.95,10000,60.8531975746,5000,-1,50,0.05,0.1],[8,30,82.5442301096,-24.9557698904,[2,6,27,0,3,16,17,0,21,7,15,12,5,8,21,1,1,29,23,1,29,12,6,24,25,2,20,13,10,18],"SA","pd",30,30,30,0.95,10000,60.748568058,5000,-1,50,0.05,0.1],[8,45,82.5442301096,-24.9557698904,[2,6,27,0,3,16,17,0,21,7,15,12,5,8,21,1,1,29,23,1,29,12,6,24,25,2,20,13,10,18],"SA","pd",30,30,30,0.95,10000,60.6418721676,5000,-1,50,0.05,0.1],[8,60,82.8442385937,-24.6557614063,[1,12,17,19,25,13,17,11,29,14,3,28,1,2,17,15,7,25,20,6,0,16,19,24,3,13,17,0,11,1],"SA","pd",30,30,30,0.95,10000,60.5852320194,5000,-1,50,0.05,0.1],[8,75,82.8442385937,-24.6557614063,[1,12,17,19,25,13,17,11,29,14,3,28,1,2,17,15,7,25,20,6,0,16,19,24,3,13,17,0,11,1],"SA","pd",30,30,30,0.95,10000,60.6346731186,5000,-1,50,0.05,0.1],[8,90,82.8442385937,-24.6557614063,[1,12,17,19,25,13,17,11,29,14,3,28,1,2,17,15,7,25,20,6,0,16,19,24,3,13,17,0,11,1],"SA","pd",30,30,30,0.95,10000,60.9056162834,5000,-1,50,0.05,0.1],[8,105,82.8442385937,-24.6557614063,[1,12,17,19,25,13,17,11,29,14,3,28,1,2,17,15,7,25,20,6,0,16,19,24,3,13,17,0,11,1],"SA","pd",30,30,30,0.95,10000,60.8089458942,5000,-1,50,0.05,0.1],[8,120,82.8442385937,-24.6557614063,[1,12,17,19,25,13,17,11,29,14,3,28,1,2,17,15,7,25,20,6,0,16,19,24,3,13,17,0,11,1],"SA","pd",30,30,30,0.95,10000,60.8256008625,5000,-1,50,0.05,0.1],[8,135,83.0079877565,-24.4920122435,[23,2,12,15,14,20,17,6,14,3,27,13,18,26,8,1,3,29,2,24,10,0,28,28,4,26,0,8,28,8],"SA","pd",30,30,30,0.95,10000,60.7639143467,5000,-1,50,0.05,0.1],[8,150,83.0079877565,-24.4920122435,[23,2,12,15,14,20,17,6,14,3,27,13,18,26,8,1,3,29,2,24,10,0,28,28,4,26,0,8,28,8],"SA","pd",30,30,30,0.95,10000,60.5760054588,5000,-1,50,0.05,0.1],[8,165,83.0079877565,-24.4920122435,[23,2,12,15,14,20,17,6,14,3,27,13,18,26,8,1,3,29,2,24,10,0,28,28,4,26,0,8,28,8],"SA","pd",30,30,30,0.95,10000,60.6898872852,5000,-1,50,0.05,0.1],[8,180,83.0079877565,-24.4920122435,[23,2,12,15,14,20,17,6,14,3,27,13,18,26,8,1,3,29,2,24,10,0,28,28,4,26,0,8,28,8],"SA","pd",30,30,30,0.95,10000,60.8309550285,5000,-1,50,0.05,0.1],[8,195,83.0079877565,-24.4920122435,[23,2,12,15,14,20,17,6,14,3,27,13,18,26,8,1,3,29,2,24,10,0,28,28,4,26,0,8,28,8],"SA","pd",30,30,30,0.95,10000,60.7922139168,5000,-1,50,0.05,0.1],[8,210,83.0079877565,-24.4920122435,[23,2,12,15,14,20,17,6,14,3,27,13,18,26,8,1,3,29,2,24,10,0,28,28,4,26,0,8,28,8],"SA","pd",30,30,30,0.95,10000,60.9826154709,5000,-1,50,0.05,0.1],[8,225,83.0079877565,-24.4920122435,[23,2,12,15,14,20,17,6,14,3,27,13,18,26,8,1,3,29,2,24,10,0,28,28,4,26,0,8,28,8],"SA","pd",30,30,30,0.95,10000,60.8424963951,5000,-1,50,0.05,0.1],[8,240,83.0079877565,-24.4920122435,[23,2,12,15,14,20,17,6,14,3,27,13,18,26,8,1,3,29,2,24,10,0,28,28,4,26,0,8,28,8],"SA","pd",30,30,30,0.95,10000,60.7176439762,5000,-1,50,0.05,0.1],[8,255,83.0079877565,-24.4920122435,[23,2,12,15,14,20,17,6,14,3,27,13,18,26,8,1,3,29,2,24,10,0,28,28,4,26,0,8,28,8],"SA","pd",30,30,30,0.95,10000,61.1902587414,5000,-1,50,0.05,0.1],[8,270,83.0079877565,-24.4920122435,[23,2,12,15,14,20,17,6,14,3,27,13,18,26,8,1,3,29,2,24,10,0,28,28,4,26,0,8,28,8],"SA","pd",30,30,30,0.95,10000,60.5996556282,5000,-1,50,0.05,0.1],[8,285,83.0079877565,-24.4920122435,[23,2,12,15,14,20,17,6,14,3,27,13,18,26,8,1,3,29,2,24,10,0,28,28,4,26,0,8,28,8],"SA","pd",30,30,30,0.95,10000,60.9091830254,5000,-1,50,0.05,0.1],[8,300,83.0079877565,-24.4920122435,[23,2,12,15,14,20,17,6,14,3,27,13,18,26,8,1,3,29,2,24,10,0,28,28,4,26,0,8,28,8],"SA","pd",30,30,30,0.95,10000,61.1674275398,5000,-1,50,0.05,0.1],[8,315,83.0079877565,-24.4920122435,[23,2,12,15,14,20,17,6,14,3,27,13,18,26,8,1,3,29,2,24,10,0,28,28,4,26,0,8,28,8],"SA","pd",30,30,30,0.95,10000,60.8906683922,5000,-1,50,0.05,0.1],[8,330,83.0079877565,-24.4920122435,[23,2,12,15,14,20,17,6,14,3,27,13,18,26,8,1,3,29,2,24,10,0,28,28,4,26,0,8,28,8],"SA","pd",30,30,30,0.95,10000,60.9838724136,5000,-1,50,0.05,0.1],[8,345,83.0079877565,-24.4920122435,[23,2,12,15,14,20,17,6,14,3,27,13,18,26,8,1,3,29,2,24,10,0,28,28,4,26,0,8,28,8],"SA","pd",30,30,30,0.95,10000,60.8474674225,5000,-1,50,0.05,0.1],[8,360,83.0079877565,-24.4920122435,[23,2,12,15,14,20,17,6,14,3,27,13,18,26,8,1,3,29,2,24,10,0,28,28,4,26,0,8,28,8],"SA","pd",30,30,30,0.95,10000,60.9325764179,5000,-1,50,0.05,0.1],[8,375,83.0079877565,-24.4920122435,[23,2,12,15,14,20,17,6,14,3,27,13,18,26,8,1,3,29,2,24,10,0,28,28,4,26,0,8,28,8],"SA","pd",30,30,30,0.95,10000,60.6279010773,5000,-1,50,0.05,0.1],[8,390,83.0079877565,-24.4920122435,[23,2,12,15,14,20,17,6,14,3,27,13,18,26,8,1,3,29,2,24,10,0,28,28,4,26,0,8,28,8],"SA","pd",30,30,30,0.95,10000,60.8234324455,5000,-1,50,0.05,0.1],[8,405,83.0079877565,-24.4920122435,[23,2,12,15,14,20,17,6,14,3,27,13,18,26,8,1,3,29,2,24,10,0,28,28,4,26,0,8,28,8],"SA","pd",30,30,30,0.95,10000,60.6724607944,5000,-1,50,0.05,0.1],[8,420,83.0079877565,-24.4920122435,[23,2,12,15,14,20,17,6,14,3,27,13,18,26,8,1,3,29,2,24,10,0,28,28,4,26,0,8,28,8],"SA","pd",30,30,30,0.95,10000,60.9095613956,5000,-1,50,0.05,0.1],[8,435,83.0079877565,-24.4920122435,[18,12,18,19,15,12,10,6,5,0,14,0,21,23,20,22,13,0,0,10,24,22,22,2,23,16,14,14,16,25],"SA","pd",30,30,30,0.95,10000,60.9662504196,5000,-1,50,0.05,0.1],[8,450,83.0079877565,-24.4920122435,[18,12,18,19,15,12,10,6,5,0,14,0,21,23,20,22,13,0,0,10,24,22,22,2,23,16,14,14,16,25],"SA","pd",30,30,30,0.95,10000,60.8033275604,5000,-1,50,0.05,0.1],[8,465,83.0079877565,-24.4920122435,[18,12,18,19,15,12,10,6,5,0,14,0,21,23,20,22,13,0,0,10,24,22,22,2,23,16,14,14,16,25],"SA","pd",30,30,30,0.95,10000,60.7490661144,5000,-1,50,0.05,0.1],[8,480,83.0079877565,-24.4920122435,[18,12,18,19,15,12,10,6,5,0,14,0,21,23,20,22,13,0,0,10,24,22,22,2,23,16,14,14,16,25],"SA","pd",30,30,30,0.95,10000,60.8474256992,5000,-1,50,0.05,0.1],[8,495,83.0079877565,-24.4920122435,[18,12,18,19,15,12,10,6,5,0,14,0,21,23,20,22,13,0,0,10,24,22,22,2,23,16,14,14,16,25],"SA","pd",30,30,30,0.95,10000,60.7782511711,5000,-1,50,0.05,0.1],[8,510,83.0079877565,-24.4920122435,[18,12,18,19,15,12,10,6,5,0,14,0,21,23,20,22,13,0,0,10,24,22,22,2,23,16,14,14,16,25],"SA","pd",30,30,30,0.95,10000,60.5199420452,5000,-1,50,0.05,0.1],[8,525,83.0079877565,-24.4920122435,[18,12,18,19,15,12,10,6,5,0,14,0,21,23,20,22,13,0,0,10,24,22,22,2,23,16,14,14,16,25],"SA","pd",30,30,30,0.95,10000,60.578081131,5000,-1,50,0.05,0.1],[8,540,83.0079877565,-24.4920122435,[18,12,18,19,15,12,10,6,5,0,14,0,21,23,20,22,13,0,0,10,24,22,22,2,23,16,14,14,16,25],"SA","pd",30,30,30,0.95,10000,60.6897120476,5000,-1,50,0.05,0.1],[8,555,83.1113103301,-24.3886896699,[19,20,13,20,13,12,3,15,21,18,7,23,21,26,12,0,3,19,14,14,16,19,20,19,4,12,3,5,20,3],"SA","pd",30,30,30,0.95,10000,74.1271007061,5000,-1,50,0.05,0.1],[8,570,83.1113103301,-24.3886896699,[19,20,13,20,13,12,3,15,21,18,7,23,21,26,12,0,3,19,14,14,16,19,20,19,4,12,3,5,20,3],"SA","pd",30,30,30,0.95,10000,60.6104593277,5000,-1,50,0.05,0.1],[8,585,83.1113103301,-24.3886896699,[19,20,13,20,13,12,3,15,21,18,7,23,21,26,12,0,3,19,14,14,16,19,20,19,4,12,3,5,20,3],"SA","pd",30,30,30,0.95,10000,60.6062927246,5000,-1,50,0.05,0.1],[8,600,83.4915118713,-24.0084881287,[5,20,1,5,21,4,9,12,7,23,7,21,7,6,27,19,28,14,5,17,16,24,28,23,0,0,13,6,11,16],"SA","pd",30,30,30,0.95,10000,60.605535984,5000,-1,50,0.05,0.1],[8,615,85.0132891493,-22.4867108507,[28,20,1,5,21,4,29,13,14,12,7,19,21,5,4,19,8,12,15,14,4,7,20,27,0,16,2,5,11,16],"SA","pd",30,30,30,0.95,10000,61.0141904354,5000,-1,50,0.05,0.1],[8,630,85.0132891493,-22.4867108507,[28,20,1,5,21,4,29,13,14,12,7,19,21,5,4,19,8,12,15,14,4,7,20,27,0,16,2,5,11,16],