{"columns":["ite","time","q","scaled_eu","z","solver","attacker","|Q|","|X|","|T|","rho","k","utility_time","RS_iters","mcts_iters","sa_iters","eps","lr"],"index":[0,1,2,3,4,5,6,7,8,9,10,11,12,13,14,15,16,17,18,19,20,21,22,23,24,25,26,27,28,29,30,31,32,33,34,35,36,37,38,39,40,41,42,43,44,45,46,47,48,49,50,51,52,53,54,55,56,57,58,59,60,61,62,63,64,65,66,67,68,69,70,71,72,73,74,75,76,77,78,79],"data":[[9,15,80.6929681069,-26.8070318931,[27,23,27,2,16,14,1,17,10,9,6,7,12,13,24,12,29,0,12,25,22,6,11,27,21,11,11,18,29,6],"SA","pd",30,30,30,0.95,10000,59.5417101383,5000,-1,50,0.05,0.1],[9,30,81.8715153712,-25.6284846288,[22,23,21,12,17,4,9,0,25,20,6,24,4,10,29,22,26,8,9,17,0,12,26,16,15,11,23,20,8,21],"SA","pd",30,30,30,0.95,10000,59.4427754879,5000,-1,50,0.05,0.1],[9,45,81.8715153712,-25.6284846288,[22,23,15,12,10,4,17,0,12,11,13,18,21,0,29,22,1,8,9,28,0,12,17,22,5,23,7,20,8,5],"SA","pd",30,30,30,0.95,10000,59.8866074085,5000,-1,50,0.05,0.1],[9,60,81.8715153712,-25.6284846288,[22,23,15,12,10,4,17,0,12,11,13,18,21,0,29,22,1,8,9,28,0,12,17,22,5,23,7,20,8,5],"SA","pd",30,30,30,0.95,10000,59.5330274105,5000,-1,50,0.05,0.1],[9,75,81.8715153712,-25.6284846288,[22,23,15,12,10,4,17,0,12,11,13,18,21,0,29,22,1,8,9,28,0,12,17,22,5,23,7,20,8,5],"SA","pd",30,30,30,0.95,10000,59.2799136639,5000,-1,50,0.05,0.1],[9,90,81.8715153712,-25.6284846288,[22,23,15,12,10,4,17,0,12,11,13,18,21,0,29,22,1,8,9,28,0,12,17,22,5,23,7,20,8,5],"SA","pd",30,30,30,0.95,10000,59.655828476,5000,-1,50,0.05,0.1],[9,105,81.8715153712,-25.6284846288,[22,23,15,12,10,4,17,0,12,11,13,18,21,0,29,22,1,8,9,28,0,12,17,22,5,23,7,20,8,5],"SA","pd",30,30,30,0.95,10000,59.809700489,5000,-1,50,0.05,0.1],[9,120,82.6298957768,-24.8701042232,[7,7,0,3,18,6,14,15,6,27,2,5,27,11,11,29,11,29,12,12,10,4,23,25,18,26,7,1,16,7],"SA","pd",30,30,30,0.95,10000,59.7540476322,5000,-1,50,0.05,0.1],[9,135,85.5135794439,-21.9864205561,[7,5,14,19,18,20,17,5,14,27,26,3,27,16,27,29,3,29,2,12,24,29,23,6,16,19,27,6,15,28],"SA","pd",30,30,30,0.95,10000,59.715722084,5000,-1,50,0.05,0.1],[9,150,85.5135794439,-21.9864205561,[7,5,14,19,18,20,17,5,14,27,26,3,27,16,27,29,3,29,2,12,24,29,23,6,16,19,27,6,15,28],"SA","pd",30,30,30,0.95,10000,59.906973362,5000,-1,50,0.05,0.1],[9,165,85.5135794439,-21.9864205561,[7,5,14,19,18,20,17,5,14,27,26,3,27,16,27,29,3,29,2,12,24,29,23,6,16,19,27,6,15,28],"SA","pd",30,30,30,0.95,10000,59.473526001,5000,-1,50,0.05,0.1],[9,180,85.5135794439,-21.9864205561,[7,5,14,19,18,20,17,5,14,27,26,3,27,16,27,29,3,29,2,12,24,29,23,6,16,19,27,6,15,28],"SA","pd",30,30,30,0.95,10000,59.9000124931,5000,-1,50,0.05,0.1],[9,195,85.5135794439,-21.9864205561,[7,5,14,19,18,20,17,5,14,27,26,3,27,16,27,29,3,29,2,12,24,29,23,6,16,19,27,6,15,28],"SA","pd",30,30,30,0.95,10000,59.9443871975,5000,-1,50,0.05,0.1],[9,210,85.5135794439,-21.9864205561,[7,5,14,19,18,20,17,5,14,27,26,3,27,16,27,29,3,29,2,12,24,29,23,6,16,19,27,6,15,28],"SA","pd",30,30,30,0.95,10000,59.6071090698,5000,-1,50,0.05,0.1],[9,225,85.5135794439,-21.9864205561,[7,5,14,19,18,20,17,5,14,27,26,3,27,16,27,29,3,29,2,12,24,29,23,6,16,19,27,6,15,28],"SA","pd",30,30,30,0.95,10000,59.8209011555,5000,-1,50,0.05,0.1],[9,240,85.5135794439,-21.9864205561,[7,5,14,19,18,20,17,5,14,27,26,3,27,16,27,29,3,29,2,12,24,29,23,6,16,19,27,6,15,28],"SA","pd",30,30,30,0.95,10000,59.8009569645,5000,-1,50,0.05,0.1],[9,255,85.5135794439,-21.9864205561,[7,5,14,19,18,20,17,5,14,27,26,3,27,16,27,29,3,29,2,12,24,29,23,6,16,19,27,6,15,28],"SA","pd",30,30,30,0.95,10000,59.742818594,5000,-1,50,0.05,0.1],[9,270,85.5135794439,-21.9864205561,[7,5,14,19,18,20,17,5,14,27,26,3,27,16,27,29,3,29,2,12,24,29,23,6,16,19,27,6,15,28],"SA","pd",30,30,30,0.95,10000,59.9803237915,5000,-1,50,0.05,0.1],[9,285,85.5135794439,-21.9864205561,[7,5,14,19,18,20,17,5,14,27,26,3,27,16,27,29,3,29,2,12,24,29,23,6,16,19,27,6,15,28],"SA","pd",30,30,30,0.95,10000,59.8052170277,5000,-1,50,0.05,0.1],[9,300,85.5135794439,-21.9864205561,[7,5,14,19,18,20,17,5,14,27,26,3,27,16,27,29,3,29,2,12,24,29,23,6,16,19,27,6,15,28],"SA","pd",30,30,30,0.95,10000,59.7553267479,5000,-1,50,0.05,0.1],[9,315,85.5135794439,-21.9864205561,[7,5,14,19,18,20,17,5,14,27,26,3,27,16,27,29,3,29,2,12,24,29,23,6,16,19,27,6,15,28],"SA","pd",30,30,30,0.95,10000,59.7245461941,5000,-1,50,0.05,0.1],[9,330,85.5135794439,-21.9864205561,[7,5,14,19,18,20,17,5,14,27,26,3,27,16,27,29,3,29,2,12,24,29,23,6,16,19,27,6,15,28],"SA","pd",30,30,30,0.95,10000,60.0236644745,5000,-1,50,0.05,0.1],[9,345,85.5135794439,-21.9864205561,[7,5,14,19,18,20,17,5,14,27,26,3,27,16,27,29,3,29,2,12,24,29,23,6,16,19,27,6,15,28],"SA","pd",30,30,30,0.95,10000,60.0204145908,5000,-1,50,0.05,0.1],[9,360,85.5135794439,-21.9864205561,[7,5,14,19,18,20,17,5,14,27,26,3,27,16,27,29,3,29,2,12,24,29,23,6,16,19,27,6,15,28],"SA","pd",30,30,30,0.95,10000,59.7180194855,5000,-1,50,0.05,0.1],[9,375,85.5135794439,-21.9864205561,[7,5,14,19,18,20,17,5,14,27,26,3,27,16,27,29,3,29,2,12,24,29,23,6,16,19,27,6,15,28],"SA","pd",30,30,30,0.95,10000,59.5591628551,5000,-1,50,0.05,0.1],[9,390,85.5135794439,-21.9864205561,[7,5,14,19,18,20,17,5,14,27,26,3,27,16,27,29,3,29,2,12,24,29,23,6,16,19,27,6,15,28],"SA","pd",30,30,30,0.95,10000,59.6222810745,5000,-1,50,0.05,0.1],[9,405,85.5135794439,-21.9864205561,[7,5,14,19,18,20,17,5,14,27,26,3,27,16,27,29,3,29,2,12,24,29,23,6,16,19,27,6,15,28],"SA","pd",30,30,30,0.95,10000,59.6789751053,5000,-1,50,0.05,0.1],[9,420,85.5135794439,-21.9864205561,[7,5,14,19,18,20,17,5,14,27,26,3,27,16,27,29,3,29,2,12,24,29,23,6,16,19,27,6,15,28],"SA","pd",30,30,30,0.95,10000,59.5771381855,5000,-1,50,0.05,0.1],[9,435,85.5135794439,-21.9864205561,[6,11,12,10,24,9,29,18,14,4,14,0,2,19,16,19,1,20,26,13,24,23,9,9,11,10,8,29,5,20],"SA","pd",30,30,30,0.95,10000,59.4647336006,5000,-1,50,0.05,0.1],[9,450,85.5135794439,-21.9864205561,[6,11,12,10,24,9,29,18,14,4,14,0,2,19,16,19,1,20,26,13,24,23,9,9,11,10,8,29,5,20],"SA","pd",30,30,30,0.95,10000,59.8005347252,5000,-1,50,0.05,0.1],[9,465,85.5135794439,-21.9864205561,[6,11,12,10,24,9,29,18,14,4,14,0,2,19,16,19,1,20,26,13,24,23,9,9,11,10,8,29,5,20],"SA","pd",30,30,30,0.95,10000,59.641493082,5000,-1,50,0.05,0.1],[9,480,85.5135794439,-21.9864205561,[6,11,12,10,24,9,29,18,14,4,14,0,2,19,16,19,1,20,26,13,24,23,9,9,11,10,8,29,5,20],"SA","pd",30,30,30,0.95,10000,59.6359224319,5000,-1,50,0.05,0.1],[9,495,85.5135794439,-21.9864205561,[6,11,12,10,24,9,29,18,14,4,14,0,2,19,16,19,1,20,26,13,24,23,9,9,11,10,8,29,5,20],"SA","pd",30,30,30,0.95,10000,59.7567503452,5000,-1,50,0.05,0.1],[9,510,85.5135794439,-21.9864205561,[6,11,12,10,24,9,29,18,14,4,14,0,2,19,16,19,1,20,26,13,24,23,9,9,11,10,8,29,5,20],"SA","pd",30,30,30,0.95,10000,59.5740611553,5000,-1,50,0.05,0.1],[9,525,85.5135794439,-21.9864205561,[6,11,12,10,24,9,29,18,14,4,14,0,2,19,16,19,1,20,26,13,24,23,9,9,11,10,8,29,5,20],"SA","pd",30,30,30,0.95,10000,59.8350276947,5000,-1,50,0.05,0.1],[9,540,85.5135794439,-21.9864205561,[6,11,12,10,24,9,29,18,14,4,14,0,2,19,16,19,1,20,26,13,24,23,9,9,11,10,8,29,5,20],"SA","pd",30,30,30,0.95,10000,59.4791302681,5000,-1,50,0.05,0.1],[9,555,85.5135794439,-21.9864205561,[6,11,12,10,24,9,29,18,14,4,14,0,2,19,16,19,1,20,26,13,24,23,9,9,11,10,8,29,5,20],"SA","pd",30,30,30,0.95,10000,59.610984087,5000,-1,50,0.05,0.1],[9,570,85.5135794439,-21.9864205561,[6,11,12,10,24,9,29,18,14,4,14,0,2,19,16,19,1,20,26,13,24,23,9,9,11,10,8,29,5,20],"SA","pd",30,30,30,0.95,10000,59.6667976379,5000,-1,50,0.05,0.1],[9,585,85.5135794439,-21.9864205561,[6,11,12,10,24,9,29,18,14,4,14,0,2,19,16,19,1,20,26,13,24,23,9,9,11,10,8,29,5,20],"SA","pd",30,30,30,0.95,10000,59.4172303677,5000,-1,50,0.05,0.1],[9,600,85.5135794439,-21.9864205561,[6,11,12,10,24,9,29,18,14,4,14,0,2,19,16,19,1,20,26,13,24,23,9,9,11,10,8,29,5,20],"SA","pd",30,30,30,0.95,10000,59.8815300465,5000,-1,50,0.05,0.1],[9,615,85.5135794439,-21.9864205561,[6,11,12,10,24,9,29,18,14,4,14,0,2,19,16,19,1,20,26,13,24,23,9,9,11,10,8,29,5,20],