{"columns":["ite","time","q","scaled_eu","z","solver","attacker","|Q|","|X|","|T|","rho","k","utility_time","RS_iters","mcts_iters","sa_iters","eps","lr"],"index":[0,1,2,3,4,5,6,7,8,9,10,11,12,13,14,15,16,17,18,19,20,21,22,23,24,25,26,27,28,29,30,31,32,33,34,35,36,37,38,39,40,41,42,43,44,45,46,47,48,49,50,51,52,53,54,55,56,57,58,59,60,61,62,63,64,65,66,67,68,69,70,71,72,73,74,75,76,77,78,79],"data":[[4,15,80.6110072345,-26.8889927655,[6,17,3,7,6,12,4,8,14,22,0,1,8,14,13,7,25,26,11,8,17,29,16,16,21,19,3,3,4,7],"SA","pd",30,30,30,0.95,10000,61.2042589188,5000,-1,50,0.05,0.1],[4,30,80.6110072345,-26.8889927655,[6,17,3,7,6,12,4,8,14,22,0,1,8,14,13,7,25,26,11,8,17,29,16,16,21,19,3,3,4,7],"SA","pd",30,30,30,0.95,10000,61.4455854893,5000,-1,50,0.05,0.1],[4,45,80.6110072345,-26.8889927655,[6,17,3,7,6,12,4,8,14,22,0,1,8,14,13,7,25,26,11,8,17,29,16,16,21,19,3,3,4,7],"SA","pd",30,30,30,0.95,10000,61.3290092945,5000,-1,50,0.05,0.1],[4,60,81.4086965492,-26.0913034508,[8,19,24,21,10,27,13,3,26,1,20,13,18,12,9,24,11,18,23,20,12,12,7,17,27,12,4,16,7,16],"SA","pd",30,30,30,0.95,10000,61.5026254654,5000,-1,50,0.05,0.1],[4,75,81.4144434134,-26.0855565866,[29,19,15,28,14,29,13,3,9,10,5,3,18,12,27,27,29,25,14,25,6,27,16,19,11,19,8,16,0,10],"SA","pd",30,30,30,0.95,10000,61.1052515507,5000,-1,50,0.05,0.1],[4,90,81.4144434134,-26.0855565866,[29,19,15,28,14,29,13,3,9,10,5,3,18,12,27,27,29,25,14,25,6,27,16,19,11,19,8,16,0,10],"SA","pd",30,30,30,0.95,10000,61.3594639301,5000,-1,50,0.05,0.1],[4,105,81.4144434134,-26.0855565866,[29,19,15,28,14,29,13,3,9,10,5,3,18,12,27,27,29,25,14,25,6,27,16,19,11,19,8,16,0,10],"SA","pd",30,30,30,0.95,10000,61.6698696613,5000,-1,50,0.05,0.1],[4,120,81.4144434134,-26.0855565866,[29,19,15,28,14,29,13,3,9,10,5,3,18,12,27,27,29,25,14,25,6,27,16,19,11,19,8,16,0,10],"SA","pd",30,30,30,0.95,10000,61.2412445545,5000,-1,50,0.05,0.1],[4,135,81.4144434134,-26.0855565866,[29,19,15,28,14,29,13,3,9,10,5,3,18,12,27,27,29,25,14,25,6,27,16,19,11,19,8,16,0,10],"SA","pd",30,30,30,0.95,10000,61.4818530083,5000,-1,50,0.05,0.1],[4,150,81.4144434134,-26.0855565866,[29,19,15,28,14,29,13,3,9,10,5,3,18,12,27,27,29,25,14,25,6,27,16,19,11,19,8,16,0,10],"SA","pd",30,30,30,0.95,10000,61.7685968876,5000,-1,50,0.05,0.1],[4,165,81.4144434134,-26.0855565866,[29,19,15,28,14,29,13,3,9,10,5,3,18,12,27,27,29,25,14,25,6,27,16,19,11,19,8,16,0,10],"SA","pd",30,30,30,0.95,10000,61.5497045517,5000,-1,50,0.05,0.1],[4,180,81.6859370184,-25.8140629816,[8,9,20,2,29,14,29,27,2,1,26,26,1,0,15,11,29,18,29,26,18,4,16,6,8,2,26,22,18,15],"SA","pd",30,30,30,0.95,10000,61.3418543339,5000,-1,50,0.05,0.1],[4,195,81.6859370184,-25.8140629816,[8,9,20,2,29,14,29,27,2,1,26,26,1,0,15,11,29,18,29,26,18,4,16,6,8,2,26,22,18,15],"SA","pd",30,30,30,0.95,10000,61.235013485,5000,-1,50,0.05,0.1],[4,210,82.6576105308,-24.8423894692,[19,0,20,2,6,14,29,13,15,27,18,14,5,5,4,7,11,18,8,16,19,8,0,20,20,0,26,27,23,16],"SA","pd",30,30,30,0.95,10000,61.3122498989,5000,-1,50,0.05,0.1],[4,225,82.6576105308,-24.8423894692,[19,0,20,2,6,14,29,13,15,27,18,14,5,5,4,7,11,18,8,16,19,8,0,20,20,0,26,27,23,16],"SA","pd",30,30,30,0.95,10000,61.6317586899,5000,-1,50,0.05,0.1],[4,240,82.6576105308,-24.8423894692,[19,0,20,2,6,14,29,13,15,27,18,14,5,5,4,7,11,18,8,16,19,8,0,20,20,0,26,27,23,16],"SA","pd",30,30,30,0.95,10000,61.6283249855,5000,-1,50,0.05,0.1],[4,255,82.6576105308,-24.8423894692,[19,0,20,2,6,14,29,13,15,27,18,14,5,5,4,7,11,18,8,16,19,8,0,20,20,0,26,27,23,16],"SA","pd",30,30,30,0.95,10000,61.3834764957,5000,-1,50,0.05,0.1],[4,270,82.6576105308,-24.8423894692,[19,0,20,2,6,14,29,13,15,27,18,14,5,5,4,7,11,18,8,16,19,8,0,20,20,0,26,27,23,16],"SA","pd",30,30,30,0.95,10000,61.7149989605,5000,-1,50,0.05,0.1],[4,285,82.6576105308,-24.8423894692,[19,0,20,2,6,14,29,13,15,27,18,14,5,5,4,7,11,18,8,16,19,8,0,20,20,0,26,27,23,16],"SA","pd",30,30,30,0.95,10000,61.191836834,5000,-1,50,0.05,0.1],[4,300,82.6576105308,-24.8423894692,[19,0,20,2,6,14,29,13,15,27,18,14,5,5,4,7,11,18,8,16,19,8,0,20,20,0,26,27,23,16],"SA","pd",30,30,30,0.95,10000,61.6263647079,5000,-1,50,0.05,0.1],[4,315,83.8693098136,-23.6306901864,[4,8,9,2,9,23,29,27,24,27,18,8,2,22,6,11,21,6,9,27,6,10,1,5,7,6,15,18,26,15],"SA","pd",30,30,30,0.95,10000,61.3954679966,5000,-1,50,0.05,0.1],[4,330,84.3552416212,-23.1447583788,[9,1,9,2,17,17,29,27,15,27,18,8,2,20,6,7,4,13,6,16,19,25,4,23,24,26,15,2,26,8],"SA","pd",30,30,30,0.95,10000,61.4138422012,5000,-1,50,0.05,0.1],[4,345,84.5099908882,-22.9900091118,[9,13,9,2,9,24,29,18,0,28,18,10,24,22,6,11,4,13,6,20,12,10,14,5,7,6,1,18,26,26],"SA","pd",30,30,30,0.95,10000,61.436196804,5000,-1,50,0.05,0.1],[4,360,84.5099908882,-22.9900091118,[9,14,16,2,12,17,9,15,28,2,9,1,21,24,23,1,27,13,12,20,20,21,4,23,16,7,1,2,11,24],"SA","pd",30,30,30,0.95,10000,61.5733468533,5000,-1,50,0.05,0.1],[4,375,84.5099908882,-22.9900091118,[9,14,16,2,12,17,9,15,28,2,9,1,21,24,23,1,27,13,12,20,20,21,4,23,16,7,1,2,11,24],"SA","pd",30,30,30,0.95,10000,61.6197612286,5000,-1,50,0.05,0.1],[4,390,84.5099908882,-22.9900091118,[9,14,16,2,12,17,9,15,28,2,9,1,21,24,23,1,27,13,12,20,20,21,4,23,16,7,1,2,11,24],"SA","pd",30,30,30,0.95,10000,61.2504043579,5000,-1,50,0.05,0.1],[4,405,84.5099908882,-22.9900091118,[9,14,16,2,12,17,9,15,28,2,9,1,21,24,23,1,27,13,12,20,20,21,4,23,16,7,1,2,11,24],"SA","pd",30,30,30,0.95,10000,61.3154046535,5000,-1,50,0.05,0.1],[4,420,84.5099908882,-22.9900091118,[9,14,16,2,12,17,9,15,28,2,9,1,21,24,23,1,27,13,12,20,20,21,4,23,16,7,1,2,11,24],"SA","pd",30,30,30,0.95,10000,61.4572601318,5000,-1,50,0.05,0.1],[4,435,84.5099908882,-22.9900091118,[9,14,16,2,12,17,9,15,28,2,9,1,21,24,23,1,27,13,12,20,20,21,4,23,16,7,1,2,11,24],"SA","pd",30,30,30,0.95,10000,61.25821805,5000,-1,50,0.05,0.1],[4,450,84.5099908882,-22.9900091118,[9,14,16,2,12,17,9,15,28,2,9,1,21,24,23,1,27,13,12,20,20,21,4,23,16,7,1,2,11,24],"SA","pd",30,30,30,0.95,10000,61.5748047829,5000,-1,50,0.05,0.1],[4,465,84.5099908882,-22.9900091118,[9,14,16,2,12,17,9,15,28,2,9,1,21,24,23,1,27,13,12,20,20,21,4,23,16,7,1,2,11,24],"SA","pd",30,30,30,0.95,10000,61.2424511909,5000,-1,50,0.05,0.1],[4,480,84.5099908882,-22.9900091118,[9,14,16,2,12,17,9,15,28,2,9,1,21,24,23,1,27,13,12,20,20,21,4,23,16,7,1,2,11,24],"SA","pd",30,30,30,0.95,10000,61.0353486538,5000,-1,50,0.05,0.1],[4,495,84.5099908882,-22.9900091118,[9,14,16,2,12,17,9,15,28,2,9,1,21,24,23,1,27,13,12,20,20,21,4,23,16,7,1,2,11,24],"SA","pd",30,30,30,0.95,10000,61.5946576595,5000,-1,50,0.05,0.1],[4,510,84.5099908882,-22.9900091118,[9,14,16,2,12,17,9,15,28,2,9,1,21,24,23,1,27,13,12,20,20,21,4,23,16,7,1,2,11,24],"SA","pd",30,30,30,0.95,10000,61.376855135,5000,-1,50,0.05,0.1],[4,525,84.5099908882,-22.9900091118,[9,14,16,2,12,17,9,15,28,2,9,1,21,24,23,1,27,13,12,20,20,21,4,23,16,7,1,2,11,24],"SA","pd",30,30,30,0.95,10000,61.5600743294,5000,-1,50,0.05,0.1],[4,540,84.5099908882,-22.9900091118,[9,14,16,2,12,17,9,15,28,2,9,1,21,24,23,1,27,13,12,20,20,21,4,23,16,7,1,2,11,24],"SA","pd",30,30,30,0.95,10000,61.6927993298,5000,-1,50,0.05,0.1],[4,555,84.5099908882,-22.9900091118,[9,14,16,2,12,17,9,15,28,2,9,1,21,24,23,1,27,13,12,20,20,21,4,23,16,7,1,2,11,24],"SA","pd",30,30,30,0.95,10000,71.3503074646,5000,-1,50,0.05,0.1],[4,570,84.5099908882,-22.9900091118,[9,14,16,2,12,17,9,15,28,2,9,1,21,24,23,1,27,13,12,20,20,21,4,23,16,7,1,2,11,24],"SA","pd",30,30,30,0.95,10000,109.0635240078,5000,-1,50,0.05,0.1],[4,585,84.617850877,-22.882149123,[14,12,1,2,27,5,5,0,15,14,13,5,14,20,24,1,23,6,0,10,17,27,4,29,8,3,11,27,9,2],"SA","pd",30,30,30,0.95,10000,64.313138485,5000,-1,50,0.05,0.1],[4,600,84.617850877,-22.882149123,[14,12,1,2,27,5,5,0,15,14,13,5,14,20,24,1,23,6,0,10,17,27,4,29,8,3,11,27,9,2],"SA","pd",30,30,30,0.95,10000,60.9237911701,5000,-1,50,0.05,0.1],[4,615,84.617850877,-22.882149123,[14,12,1,2,27,5,5,0,15,14,13,5,14,20,24,1,23,6,0,10,17,27,4,29,8,3,11,27,9,2],"SA","pd",30,30,30,0.95,10000,61.0746192932,5000,-1,50,0.05,0.1],[4,630,86.0288297328,-21.4711702672,[14,12,12,2,2,20,12,10,0,27,0,18,4,8,15,1,19,21,27,11,5,15,11,3,8,19,1,24,18,25],