{"columns":["ite","time","q","scaled_eu","z","solver","attacker","|Q|","|X|","|T|","rho","k","utility_time","RS_iters","mcts_iters","sa_iters","eps","lr"],"index":[0,1,2,3,4,5,6,7,8,9,10,11,12,13,14,15,16,17,18,19,20,21,22,23,24,25,26,27,28,29,30,31,32,33,34,35,36,37,38,39,40,41,42,43,44,45,46,47,48,49,50,51,52,53,54,55,56,57,58,59,60,61,62,63,64,65,66,67,68,69,70,71,72,73,74,75,76,77,78,79],"data":[[4,15,17.4124520239,-8.5875479761,[1,3,1,9,2,6,2,1,5,6],"SA","rep",30,10,10,0.95,10000,61.4049179554,5000,-1,50,0.05,0.1],[4,30,17.4124520239,-8.5875479761,[1,3,1,9,2,6,2,1,3,6],"SA","rep",30,10,10,0.95,10000,61.4813690186,5000,-1,50,0.05,0.1],[4,45,17.9512764999,-8.0487235001,[7,5,2,8,8,2,5,8,7,4],"SA","rep",30,10,10,0.95,10000,61.1562547684,5000,-1,50,0.05,0.1],[4,60,18.5124716581,-7.4875283419,[7,8,2,8,2,6,3,7,5,6],"SA","rep",30,10,10,0.95,10000,61.4399573803,5000,-1,50,0.05,0.1],[4,75,18.8700625319,-7.1299374681,[7,8,2,0,8,8,2,7,6,6],"SA","rep",30,10,10,0.95,10000,61.3301336765,5000,-1,50,0.05,0.1],[4,90,18.8700625319,-7.1299374681,[7,8,2,8,5,9,2,8,6,6],"SA","rep",30,10,10,0.95,10000,63.5362391472,5000,-1,50,0.05,0.1],[4,105,20.82103708,-5.17896292,[7,3,2,3,6,9,5,3,3,8],"SA","rep",30,10,10,0.95,10000,61.1364462376,5000,-1,50,0.05,0.1],[4,120,20.82103708,-5.17896292,[7,3,2,3,5,9,5,3,9,6],"SA","rep",30,10,10,0.95,10000,61.3874373436,5000,-1,50,0.05,0.1],[4,135,20.82103708,-5.17896292,[7,3,2,3,5,9,5,3,9,6],"SA","rep",30,10,10,0.95,10000,62.494184494,5000,-1,50,0.05,0.1],[4,150,20.82103708,-5.17896292,[7,3,2,3,6,9,5,6,6,6],"SA","rep",30,10,10,0.95,10000,60.4588592052,5000,-1,50,0.05,0.1],[4,165,22.6635758972,-3.3364241028,[7,3,2,4,4,9,5,0,9,6],"SA","rep",30,10,10,0.95,10000,60.9742794037,5000,-1,50,0.05,0.1],[4,180,23.7570190904,-2.2429809096,[7,3,2,4,9,9,5,0,3,6],"SA","rep",30,10,10,0.95,10000,60.9110987186,5000,-1,50,0.05,0.1],[4,195,23.8153052168,-2.1846947832,[7,3,2,6,9,9,5,0,1,6],"SA","rep",30,10,10,0.95,10000,61.0317473412,5000,-1,50,0.05,0.1],[4,210,23.8153052168,-2.1846947832,[7,3,2,6,9,9,5,0,1,6],"SA","rep",30,10,10,0.95,10000,60.9464604855,5000,-1,50,0.05,0.1],[4,225,23.8153052168,-2.1846947832,[7,3,2,6,9,9,5,0,1,6],"SA","rep",30,10,10,0.95,10000,66.1259133816,5000,-1,50,0.05,0.1],[4,240,23.8153052168,-2.1846947832,[7,3,2,1,9,9,5,0,3,6],"SA","rep",30,10,10,0.95,10000,61.0607223511,5000,-1,50,0.05,0.1],[4,255,23.8153052168,-2.1846947832,[7,3,2,1,9,9,5,0,3,6],"SA","rep",30,10,10,0.95,10000,61.1319508553,5000,-1,50,0.05,0.1],[4,270,23.8153052168,-2.1846947832,[7,3,2,1,9,9,5,0,3,6],"SA","rep",30,10,10,0.95,10000,60.9820659161,5000,-1,50,0.05,0.1],[4,285,23.8153052168,-2.1846947832,[7,3,2,1,9,9,5,0,3,6],"SA","rep",30,10,10,0.95,10000,61.0917630196,5000,-1,50,0.05,0.1],[4,300,23.8153052168,-2.1846947832,[7,3,2,1,9,9,5,0,3,6],"SA","rep",30,10,10,0.95,10000,61.0381689072,5000,-1,50,0.05,0.1],[4,315,23.8153052168,-2.1846947832,[7,3,2,1,9,9,5,0,3,6],"SA","rep",30,10,10,0.95,10000,61.0309743881,5000,-1,50,0.05,0.1],[4,330,23.8153052168,-2.1846947832,[7,3,2,1,9,9,5,0,3,6],"SA","rep",30,10,10,0.95,10000,60.8873417377,5000,-1,50,0.05,0.1],[4,345,23.8153052168,-2.1846947832,[7,3,2,1,9,9,5,0,3,6],"SA","rep",30,10,10,0.95,10000,60.9134714603,5000,-1,50,0.05,0.1],[4,360,23.8153052168,-2.1846947832,[7,3,2,1,9,9,5,0,3,6],"SA","rep",30,10,10,0.95,10000,61.0542056561,5000,-1,50,0.05,0.1],[4,375,23.8153052168,-2.1846947832,[7,3,2,1,9,9,5,0,3,6],"SA","rep",30,10,10,0.95,10000,60.9171903133,5000,-1,50,0.05,0.1],[4,390,23.8153052168,-2.1846947832,[7,3,2,1,9,9,5,0,3,6],"SA","rep",30,10,10,0.95,10000,61.0116281509,5000,-1,50,0.05,0.1],[4,405,24.8167066161,-1.1832933839,[7,3,2,1,9,9,5,0,1,6],"SA","rep",30,10,10,0.95,10000,60.8895075321,5000,-1,50,0.05,0.1],[4,420,24.8167066161,-1.1832933839,[7,3,2,1,9,9,5,0,6,6],"SA","rep",30,10,10,0.95,10000,60.8929750919,5000,-1,50,0.05,0.1],[4,435,24.8167066161,-1.1832933839,[7,3,2,1,9,9,5,0,6,6],"SA","rep",30,10,10,0.95,10000,60.8984222412,5000,-1,50,0.05,0.1],[4,450,24.8167066161,-1.1832933839,[7,3,2,1,9,9,5,0,6,6],"SA","rep",30,10,10,0.95,10000,60.8877081871,5000,-1,50,0.05,0.1],[4,465,24.8167066161,-1.1832933839,[7,3,2,1,9,9,5,0,6,6],"SA","rep",30,10,10,0.95,10000,60.8848707676,5000,-1,50,0.05,0.1],[4,480,24.8167066161,-1.1832933839,[7,3,2,1,9,9,5,0,6,6],"SA","rep",30,10,10,0.95,10000,60.9353444576,5000,-1,50,0.05,0.1],[4,495,24.8167066161,-1.1832933839,[7,3,2,1,9,9,5,0,6,6],"SA","rep",30,10,10,0.95,10000,60.969022274,5000,-1,50,0.05,0.1],[4,510,24.8167066161,-1.1832933839,[7,3,2,1,9,9,5,0,6,6],"SA","rep",30,10,10,0.95,10000,61.55838871,5000,-1,50,0.05,0.1],[4,525,24.8627637197,-1.1372362803,[7,3,2,1,9,9,5,0,6,6],"SA","rep",30,10,10,0.95,10000,56.7956440449,5000,-1,50,0.05,0.1],[4,540,24.8627637197,-1.1372362803,[7,3,2,1,9,9,5,0,6,6],"SA","rep",30,10,10,0.95,10000,56.8152086735,5000,-1,50,0.05,0.1],[4,555,24.8627637197,-1.1372362803,[7,3,2,1,9,9,5,0,6,6],"SA","rep",30,10,10,0.95,10000,58.9636187553,5000,-1,50,0.05,0.1],[4,570,24.8627637197,-1.1372362803,[7,3,2,1,9,9,5,0,6,6],"SA","rep",30,10,10,0.95,10000,56.890550375,5000,-1,50,0.05,0.1],[4,585,24.8642972775,-1.1357027225,[7,3,2,1,9,9,5,0,6,6],"SA","rep",30,10,10,0.95,10000,56.8357107639,5000,-1,50,0.05,0.1],[4,600,24.8642972775,-1.1357027225,[7,3,2,1,9,9,5,0,6,6],"SA","rep",30,10,10,0.95,10000,56.8004202843,5000,-1,50,0.05,0.1],[4,615,24.8642972775,-1.1357027225,[7,3,2,1,9,9,5,0,6,6],"SA","rep",30,10,10,0.95,10000,65.0968294144,5000,-1,50,0.05,0.1],[4,630,24.8642972775,-1.1357027225,[7,3,2,1,9,9,5,0,6,6],"SA","rep",30,10,10,0.95,10000,61.2240302563,5000,-1,50,0.05,0.1],[4,645,24.8642972775,-1.1357027225,[7,3,2,1,9,9,5,0,6,6],"SA","rep",30,10,10,0.95,10000,61.1629850864,5000,-1,50,0.05,0.1],[4,660,24.8642972775,-1.1357027225,[7,3,2,1,9,9,5,0,6,6],"SA","rep",30,10,10,0.95,10000,61.0485191345,5000,-1,50,0.05,0.1],[4,675,24.8642972775,-1.1357027225,[7,3,2,1,9,9,5,0,6,6],"SA","rep",30,10,10,0.95,10000,61.1361465454,5000,-1,50,0.05,0.1],[4,690,24.8642972775,-1.1357027225,[7,3,2,1,9,9,5,0,6,6],"SA","rep",30,10,10,0.95,10000,61.2127518654,5000,-1,50,0.05,0.1],[4,705,24.8642972775,-1.1357027225,[7,3,2,1,9,9,5,0,6,6],"SA","rep",30,10,10,0.95,10000,61.2323870659,5000,-1,50,0.05,0.1],[4,720,24.8642972775,-1.1357027225,[7,3,2,1,9,9,5,0,6,6],"SA","rep",30,10,10,0.95,10000,61.1410870552,5000,-1,50,0.05,0.1],[4,735,24.8642972775,-1.1357027225,[7,3,2,1,9,9,5,0,6,6],"SA","rep",30,10,10,0.95,10000,61.2012047768,5000,-1,50,0.05,0.1],[4,750,24.8642972775,-1.1357027225,[7,3,2,1,9,9,5,0,6,6],"SA","rep",30,10,10,0.95,10000,61.9659311771,5000,-1,50,0.05,0.1],[4,765,24.8642972775,-1.1357027225,[7,3,2,1,9,9,5,0,6,6],"SA","rep",30,10,10,0.95,10000,61.1258060932,5000,-1,50,0.05,0.1],[4,780,24.8642972775,-1.1357027225,[7,3,2,1,9,9,5,0,6,6],"SA","rep",30,10,10,0.95,10000,61.0093109608,5000,-1,50,0.05,0.1],[4,795,24.8642972775,-1.1357027225,[7,3,2,1,9,9,5,0,6,6],"SA","rep",30,10,10,0.95,10000,61.2170598507,5000,-1,50,0.05,0.1],[4,810,24.8642972775,-1.1357027225,[7,3,2,1,9,9,5,0,6,6],"SA","rep",30,10,10,0.95,10000,61.2515387535,5000,-1,50,0.05,0.1],[4,825,24.8642972775,-1.1357027225,[7,3,2,1,9,9,5,0,6,6],"SA","rep",30,10,10,0.95,10000,61.1972517967,5000,-1,50,0.05,0.1],[4,840,24.8642972775,-1.1357027225,[7,3,2,1,9,9,5,0,6,6],"SA","rep",30,10,10,0.95,10000,61.0476438999,5000,-1,50,0.05,0.1],[4,855,24.8642972775,-1.1357027225,[7,3,2,1,9,9,5,0,6,6],"SA","rep",30,10,10,0.95,10000,70.378572464,5000,-1,50,0.05,0.1],[4,870,24.8642972775,-1.1357027225,[7,3,2,1,9,9,5,0,6,6],"SA","rep",30,10,10,0.95,10000,64.3737523556,5000,-1,50,0.05,0.1],[4,885,24.8642972775,-1.1357027225,[7,3,2,1,9,9,5,0,6,6],"SA","rep",30,10,10,0.95,10000,61.20099473,5000,-1,50,0.05,0.1],[4,900,24.8642972775,-1.1357027225,[7,3,2,1,9,9,5,0,6,6],"SA","rep",30,10,10,0.95,10000,61.3943350315,5000,-1,50,0.05,0.1],[4,915,24.8642972775,-1.1357027225,[7,3,2,1,9,9,5,0,6,6],"SA","rep",30,10,10,0.95,10000,61.3809475899,5000,-1,50,0.05,0.1],[4,930,24.8642972775,-1.1357027225,[7,3,2,1,9,9,5,0,6,6],