{"columns":["ite","time","q","scaled_eu","z","solver","attacker","|Q|","|X|","|T|","rho","k","utility_time","RS_iters","mcts_iters","sa_iters","eps","lr"],"index":[0,1,2,3,4,5,6,7,8,9,10,11,12,13,14,15,16,17,18,19,20,21,22,23,24,25,26,27,28,29,30,31,32,33,34,35,36,37,38,39,40,41,42,43,44,45,46,47,48,49,50,51,52,53,54,55,56,57,58,59,60,61,62,63,64,65,66,67,68,69,70,71,72,73,74,75,76,77,78,79],"data":[[8,15,17.8452047631,-8.1547952369,[4,3,5,1,7,7,3,3,2,2],"SA","rep",30,10,10,0.95,10000,61.0552034378,5000,-1,50,0.05,0.1],[8,30,17.8452047631,-8.1547952369,[7,3,5,1,4,7,3,7,1,6],"SA","rep",30,10,10,0.95,10000,61.1803245544,5000,-1,50,0.05,0.1],[8,45,18.8394931704,-7.1605068296,[7,5,8,0,9,5,5,6,1,1],"SA","rep",30,10,10,0.95,10000,60.9128134251,5000,-1,50,0.05,0.1],[8,60,20.8347389882,-5.1652610118,[9,3,2,6,9,5,5,8,1,6],"SA","rep",30,10,10,0.95,10000,61.0376546383,5000,-1,50,0.05,0.1],[8,75,20.8600403387,-5.1399596613,[6,3,2,6,1,9,5,0,1,0],"SA","rep",30,10,10,0.95,10000,61.1500997543,5000,-1,50,0.05,0.1],[8,90,22.7922187477,-3.2077812523,[7,3,2,1,9,9,6,2,4,6],"SA","rep",30,10,10,0.95,10000,61.056240797,5000,-1,50,0.05,0.1],[8,105,23.6664253508,-2.3335746492,[7,3,4,1,9,9,5,0,9,6],"SA","rep",30,10,10,0.95,10000,61.2010910511,5000,-1,50,0.05,0.1],[8,120,23.8097194976,-2.1902805024,[8,3,2,1,9,9,5,0,1,6],"SA","rep",30,10,10,0.95,10000,61.1360971928,5000,-1,50,0.05,0.1],[8,135,24.8129740657,-1.1870259343,[7,3,2,1,9,9,5,0,1,6],"SA","rep",30,10,10,0.95,10000,61.0767495632,5000,-1,50,0.05,0.1],[8,150,24.821644496,-1.178355504,[7,3,2,1,9,9,5,0,1,6],"SA","rep",30,10,10,0.95,10000,61.1382501125,5000,-1,50,0.05,0.1],[8,165,24.821644496,-1.178355504,[7,3,2,1,9,9,5,0,6,6],"SA","rep",30,10,10,0.95,10000,61.0676460266,5000,-1,50,0.05,0.1],[8,180,24.821644496,-1.178355504,[7,3,2,1,9,9,5,0,6,6],"SA","rep",30,10,10,0.95,10000,61.2006380558,5000,-1,50,0.05,0.1],[8,195,24.821644496,-1.178355504,[7,3,2,1,9,9,5,0,6,6],"SA","rep",30,10,10,0.95,10000,61.1030967236,5000,-1,50,0.05,0.1],[8,210,24.821644496,-1.178355504,[7,3,2,1,9,9,5,0,6,6],"SA","rep",30,10,10,0.95,10000,61.0653398037,5000,-1,50,0.05,0.1],[8,225,24.821644496,-1.178355504,[7,3,2,1,9,9,5,0,6,6],"SA","rep",30,10,10,0.95,10000,71.9487187862,5000,-1,50,0.05,0.1],[8,240,24.821644496,-1.178355504,[7,3,2,1,9,9,5,0,6,6],"SA","rep",30,10,10,0.95,10000,65.6303684711,5000,-1,50,0.05,0.1],[8,255,24.8556959846,-1.1443040154,[7,3,2,1,9,9,5,0,6,6],"SA","rep",30,10,10,0.95,10000,61.2096531391,5000,-1,50,0.05,0.1],[8,270,24.8556959846,-1.1443040154,[7,3,2,1,9,9,5,0,6,6],"SA","rep",30,10,10,0.95,10000,61.0190105438,5000,-1,50,0.05,0.1],[8,285,24.8556959846,-1.1443040154,[7,3,2,1,9,9,5,0,6,6],"SA","rep",30,10,10,0.95,10000,60.9406499863,5000,-1,50,0.05,0.1],[8,300,24.8556959846,-1.1443040154,[7,3,2,1,9,9,5,0,6,6],"SA","rep",30,10,10,0.95,10000,60.9712512493,5000,-1,50,0.05,0.1],[8,315,24.8594456314,-1.1405543686,[7,3,2,1,9,9,5,0,6,6],"SA","rep",30,10,10,0.95,10000,60.959250927,5000,-1,50,0.05,0.1],[8,330,24.8594456314,-1.1405543686,[7,3,2,1,9,9,5,0,6,6],"SA","rep",30,10,10,0.95,10000,60.8258326054,5000,-1,50,0.05,0.1],[8,345,24.8594456314,-1.1405543686,[7,3,2,1,9,9,5,0,6,6],"SA","rep",30,10,10,0.95,10000,61.1263360977,5000,-1,50,0.05,0.1],[8,360,24.8594456314,-1.1405543686,[7,3,2,1,9,9,5,0,6,6],"SA","rep",30,10,10,0.95,10000,60.9117708206,5000,-1,50,0.05,0.1],[8,375,24.8594456314,-1.1405543686,[7,3,2,1,9,9,5,0,6,6],"SA","rep",30,10,10,0.95,10000,60.8979585171,5000,-1,50,0.05,0.1],[8,390,24.8594456314,-1.1405543686,[7,3,2,1,9,9,5,0,6,6],"SA","rep",30,10,10,0.95,10000,60.8547108173,5000,-1,50,0.05,0.1],[8,405,24.8625606511,-1.1374393489,[7,3,2,1,9,9,5,0,6,6],"SA","rep",30,10,10,0.95,10000,60.9313437939,5000,-1,50,0.05,0.1],[8,420,24.8625606511,-1.1374393489,[7,3,2,1,9,9,5,0,6,6],"SA","rep",30,10,10,0.95,10000,60.9483463764,5000,-1,50,0.05,0.1],[8,435,24.8625606511,-1.1374393489,[7,3,2,1,9,9,5,0,6,6],"SA","rep",30,10,10,0.95,10000,60.7922465801,5000,-1,50,0.05,0.1],[8,450,24.8625606511,-1.1374393489,[7,3,2,1,9,9,5,0,6,6],"SA","rep",30,10,10,0.95,10000,60.8590304852,5000,-1,50,0.05,0.1],[8,465,24.8625606511,-1.1374393489,[7,3,2,1,9,9,5,0,6,6],"SA","rep",30,10,10,0.95,10000,60.8788778782,5000,-1,50,0.05,0.1],[8,480,24.8625606511,-1.1374393489,[7,3,2,1,9,9,5,0,6,6],"SA","rep",30,10,10,0.95,10000,60.7799143791,5000,-1,50,0.05,0.1],[8,495,24.8625606511,-1.1374393489,[7,3,2,1,9,9,5,0,6,6],"SA","rep",30,10,10,0.95,10000,60.8765039444,5000,-1,50,0.05,0.1],[8,510,24.8625606511,-1.1374393489,[7,3,2,1,9,9,5,0,6,6],"SA","rep",30,10,10,0.95,10000,60.8553798199,5000,-1,50,0.05,0.1],[8,525,24.8625606511,-1.1374393489,[7,3,2,1,9,9,5,0,6,6],"SA","rep",30,10,10,0.95,10000,60.9659752846,5000,-1,50,0.05,0.1],[8,540,24.8625606511,-1.1374393489,[7,3,2,1,9,9,5,0,6,6],"SA","rep",30,10,10,0.95,10000,60.9395003319,5000,-1,50,0.05,0.1],[8,555,24.8625606511,-1.1374393489,[7,3,2,1,9,9,5,0,6,6],"SA","rep",30,10,10,0.95,10000,61.0605676174,5000,-1,50,0.05,0.1],[8,570,24.8625606511,-1.1374393489,[7,3,2,1,9,9,5,0,6,6],"SA","rep",30,10,10,0.95,10000,60.7116663456,5000,-1,50,0.05,0.1],[8,585,24.8625606511,-1.1374393489,[7,3,2,1,9,9,5,0,6,6],"SA","rep",30,10,10,0.95,10000,60.7718884945,5000,-1,50,0.05,0.1],[8,600,24.8625606511,-1.1374393489,[7,3,2,1,9,9,5,0,6,6],"SA","rep",30,10,10,0.95,10000,66.045541048,5000,-1,50,0.05,0.1],[8,615,24.8625606511,-1.1374393489,[7,3,2,1,9,9,5,0,6,6],"SA","rep",30,10,10,0.95,10000,71.1614818573,5000,-1,50,0.05,0.1],[8,630,24.8625606511,-1.1374393489,[7,3,2,1,9,9,5,0,6,6],"SA","rep",30,10,10,0.95,10000,98.4334275723,5000,-1,50,0.05,0.1],[8,645,24.8625606511,-1.1374393489,[7,3,2,1,9,9,5,0,6,6],"SA","rep",30,10,10,0.95,10000,98.1722927094,5000,-1,50,0.05,0.1],[8,660,24.8625606511,-1.1374393489,[7,3,2,1,9,9,5,0,6,6],"SA","rep",30,10,10,0.95,10000,68.7134213448,5000,-1,50,0.05,0.1],[8,675,24.8625606511,-1.1374393489,[7,3,2,1,9,9,5,0,6,6],"SA","rep",30,10,10,0.95,10000,60.8776988983,5000,-1,50,0.05,0.1],[8,690,24.8625606511,-1.1374393489,[7,3,2,1,9,9,5,0,6,6],"SA","rep",30,10,10,0.95,10000,60.7450559139,5000,-1,50,0.05,0.1],[8,705,24.8625606511,-1.1374393489,[7,3,2,1,9,9,5,0,6,6],"SA","rep",30,10,10,0.95,10000,60.6115906239,5000,-1,50,0.05,0.1],[8,720,24.8625606511,-1.1374393489,[7,3,2,1,9,9,5,0,6,6],"SA","rep",30,10,10,0.95,10000,60.7103722095,5000,-1,50,0.05,0.1],[8,735,24.8625606511,-1.1374393489,[7,3,2,1,9,9,5,0,6,6],"SA","rep",30,10,10,0.95,10000,60.6831822395,5000,-1,50,0.05,0.1],[8,750,24.8625606511,-1.1374393489,[7,3,2,1,9,9,5,0,6,6],"SA","rep",30,10,10,0.95,10000,60.6722452641,5000,-1,50,0.05,0.1],[8,765,24.8625606511,-1.1374393489,[7,3,2,1,9,9,5,0,6,6],"SA","rep",30,10,10,0.95,10000,60.7316997051,5000,-1,50,0.05,0.1],[8,780,24.8625606511,-1.1374393489,[7,3,2,1,9,9,5,0,6,6],"SA","rep",30,10,10,0.95,10000,60.5560991764,5000,-1,50,0.05,0.1],[8,795,24.8625606511,-1.1374393489,[7,3,2,1,9,9,5,0,6,6],"SA","rep",30,10,10,0.95,10000,60.6878662109,5000,-1,50,0.05,0.1],[8,810,24.8625606511,-1.1374393489,[7,3,2,1,9,9,5,0,6,6],"SA","rep",30,10,10,0.95,10000,59.4862654209,5000,-1,50,0.05,0.1],[8,825,24.8625606511,-1.1374393489,[7,3,2,1,9,9,5,0,6,6],"SA","rep",30,10,10,0.95,10000,56.6665699482,5000,-1,50,0.05,0.1],[8,840,24.8625606511,-1.1374393489,[7,3,2,1,9,9,5,0,6,6],"SA","rep",30,10,10,0.95,10000,71.4011285305,5000,-1,50,0.05,0.1],[8,855,24.8625606511,-1.1374393489,[7,3,2,1,9,9,5,0,6,6],"SA","rep",30,10,10,0.95,10000,58.5289206505,5000,-1,50,0.05,0.1],[8,870,24.8625606511,-1.1374393489,[7,3,2,1,9,9,5,0,6,6],"SA","rep",30,10,10,0.95,10000,60.6617708206,5000,-1,50,0.05,0.1],[8,885,24.8625606511,-1.1374393489,[7,3,2,1,9,9,5,0,6,6],"SA","rep",30,10,10,0.95,10000,60.775108099,5000,-1,50,0.05,0.1],[8,900,24.8625606511,-1.1374393489,[7,3,2,1,9,9,5,0,6,6],"SA","rep",30,10,10,0.95,10000,60.7102813721,5000,-1,50,0.05,0.1],[8,915,24.8625606511,-1.1374393489,[7,3,2,1,9,9,5,0,6,6],"SA","rep",30,10,10,0.95,10000,60.8303632736,5000,-1,50,0.05,0.1],[8,930,24.8625606511,-1.1374393489,[7,3,2,1,9,9,5,0,6,6],