{"columns":["ite","time","q","scaled_eu","z","solver","attacker","|Q|","|X|","|T|","rho","k","utility_time","RS_iters","mcts_iters","sa_iters","eps","lr"],"index":[0,1,2,3,4,5,6,7,8,9,10,11,12,13,14,15,16,17,18,19,20,21,22,23,24,25,26,27,28,29,30,31,32,33,34,35,36,37,38,39,40,41,42,43,44,45,46,47,48,49,50,51,52,53,54,55,56,57,58,59,60,61,62,63,64,65,66,67,68,69,70,71,72,73,74,75,76,77,78,79],"data":[[9,15,18.7872280681,-7.2127719319,[7,1,7,1,1,2,5,6,4,8],"SA","rep",30,10,10,0.95,10000,60.6020758152,5000,-1,50,0.05,0.1],[9,30,18.7872280681,-7.2127719319,[7,1,8,1,2,9,5,6,1,9],"SA","rep",30,10,10,0.95,10000,60.577722311,5000,-1,50,0.05,0.1],[9,45,18.7872280681,-7.2127719319,[7,1,8,1,2,9,5,6,1,9],"SA","rep",30,10,10,0.95,10000,60.0573089123,5000,-1,50,0.05,0.1],[9,60,18.7872280681,-7.2127719319,[7,1,8,1,2,9,5,6,1,9],"SA","rep",30,10,10,0.95,10000,60.198839426,5000,-1,50,0.05,0.1],[9,75,18.7872280681,-7.2127719319,[7,1,8,1,2,9,5,6,1,9],"SA","rep",30,10,10,0.95,10000,60.3513605595,5000,-1,50,0.05,0.1],[9,90,19.7874167694,-6.2125832306,[2,3,3,1,4,9,1,0,2,7],"SA","rep",30,10,10,0.95,10000,61.5371391773,5000,-1,50,0.05,0.1],[9,105,19.7874167694,-6.2125832306,[2,3,3,1,3,9,1,0,2,6],"SA","rep",30,10,10,0.95,10000,60.4932808876,5000,-1,50,0.05,0.1],[9,120,19.7874167694,-6.2125832306,[2,3,3,1,3,9,1,0,2,6],"SA","rep",30,10,10,0.95,10000,60.272331953,5000,-1,50,0.05,0.1],[9,135,19.7874167694,-6.2125832306,[2,3,3,1,3,9,1,0,2,6],"SA","rep",30,10,10,0.95,10000,60.4210672379,5000,-1,50,0.05,0.1],[9,150,19.7874167694,-6.2125832306,[2,3,3,1,3,9,1,0,2,6],"SA","rep",30,10,10,0.95,10000,60.2095594406,5000,-1,50,0.05,0.1],[9,165,19.7874167694,-6.2125832306,[4,3,2,1,7,8,7,0,3,6],"SA","rep",30,10,10,0.95,10000,60.4114732742,5000,-1,50,0.05,0.1],[9,180,20.7865841527,-5.2134158473,[8,3,2,1,6,9,1,3,4,6],"SA","rep",30,10,10,0.95,10000,60.1187403202,5000,-1,50,0.05,0.1],[9,195,23.7622322994,-2.2377677006,[7,3,2,1,0,9,5,0,2,6],"SA","rep",30,10,10,0.95,10000,60.3166575432,5000,-1,50,0.05,0.1],[9,210,24.766115955,-1.233884045,[7,3,2,1,9,9,5,0,2,6],"SA","rep",30,10,10,0.95,10000,60.3778448105,5000,-1,50,0.05,0.1],[9,225,24.8136372864,-1.1863627136,[7,3,2,1,9,9,5,0,1,6],"SA","rep",30,10,10,0.95,10000,60.338739872,5000,-1,50,0.05,0.1],[9,240,24.8136372864,-1.1863627136,[7,3,2,1,9,9,5,0,1,6],"SA","rep",30,10,10,0.95,10000,60.1871445179,5000,-1,50,0.05,0.1],[9,255,24.8142615051,-1.1857384949,[7,3,2,1,9,9,5,0,1,6],"SA","rep",30,10,10,0.95,10000,60.3749625683,5000,-1,50,0.05,0.1],[9,270,24.8142615051,-1.1857384949,[7,3,2,1,9,9,5,0,1,6],"SA","rep",30,10,10,0.95,10000,60.3418045044,5000,-1,50,0.05,0.1],[9,285,24.8142615051,-1.1857384949,[7,3,2,1,9,9,5,0,1,6],"SA","rep",30,10,10,0.95,10000,60.4625217915,5000,-1,50,0.05,0.1],[9,300,24.8142615051,-1.1857384949,[7,3,2,1,9,9,5,0,1,6],"SA","rep",30,10,10,0.95,10000,60.4343211651,5000,-1,50,0.05,0.1],[9,315,24.8142615051,-1.1857384949,[7,3,2,1,9,9,5,0,1,6],"SA","rep",30,10,10,0.95,10000,60.3267421722,5000,-1,50,0.05,0.1],[9,330,24.8142615051,-1.1857384949,[7,3,2,1,9,9,5,0,1,6],"SA","rep",30,10,10,0.95,10000,60.2762479782,5000,-1,50,0.05,0.1],[9,345,24.8142615051,-1.1857384949,[7,3,2,1,9,9,5,0,1,6],"SA","rep",30,10,10,0.95,10000,60.3358845711,5000,-1,50,0.05,0.1],[9,360,24.8142615051,-1.1857384949,[7,3,2,1,9,9,5,0,1,6],"SA","rep",30,10,10,0.95,10000,60.3687050343,5000,-1,50,0.05,0.1],[9,375,24.8142615051,-1.1857384949,[7,3,2,1,9,9,5,0,1,6],"SA","rep",30,10,10,0.95,10000,60.422948122,5000,-1,50,0.05,0.1],[9,390,24.8142615051,-1.1857384949,[7,3,2,1,9,9,5,0,1,6],"SA","rep",30,10,10,0.95,10000,60.3328509331,5000,-1,50,0.05,0.1],[9,405,24.8142615051,-1.1857384949,[7,3,2,1,9,9,5,0,1,6],"SA","rep",30,10,10,0.95,10000,60.3534514904,5000,-1,50,0.05,0.1],[9,420,24.8142615051,-1.1857384949,[7,3,2,1,9,9,5,0,1,6],"SA","rep",30,10,10,0.95,10000,60.4877314568,5000,-1,50,0.05,0.1],[9,435,24.8142615051,-1.1857384949,[7,3,2,1,9,9,5,0,1,6],"SA","rep",30,10,10,0.95,10000,82.3130083084,5000,-1,50,0.05,0.1],[9,450,24.8142615051,-1.1857384949,[7,3,2,1,9,9,5,0,1,6],"SA","rep",30,10,10,0.95,10000,56.3421258926,5000,-1,50,0.05,0.1],[9,465,24.8142615051,-1.1857384949,[7,3,2,1,9,9,5,0,1,6],"SA","rep",30,10,10,0.95,10000,72.2171504498,5000,-1,50,0.05,0.1],[9,480,24.8142615051,-1.1857384949,[7,3,2,1,9,9,5,0,1,6],"SA","rep",30,10,10,0.95,10000,56.5467674732,5000,-1,50,0.05,0.1],[9,495,24.8142615051,-1.1857384949,[7,3,2,1,9,9,5,0,1,6],"SA","rep",30,10,10,0.95,10000,56.4982628822,5000,-1,50,0.05,0.1],[9,510,24.8142615051,-1.1857384949,[7,3,2,1,9,9,5,0,1,6],"SA","rep",30,10,10,0.95,10000,59.1995708942,5000,-1,50,0.05,0.1],[9,525,24.8142615051,-1.1857384949,[7,3,2,1,9,9,5,0,1,6],"SA","rep",30,10,10,0.95,10000,60.3218364716,5000,-1,50,0.05,0.1],[9,540,24.8142615051,-1.1857384949,[7,3,2,1,9,9,5,0,1,6],"SA","rep",30,10,10,0.95,10000,60.3303391933,5000,-1,50,0.05,0.1],[9,555,24.8142615051,-1.1857384949,[7,3,2,1,9,9,5,0,1,6],"SA","rep",30,10,10,0.95,10000,57.0039231777,5000,-1,50,0.05,0.1],[9,570,24.8142615051,-1.1857384949,[7,3,2,1,9,9,5,0,1,6],"SA","rep",30,10,10,0.95,10000,56.4621815681,5000,-1,50,0.05,0.1],[9,585,24.8142615051,-1.1857384949,[7,3,2,1,9,9,5,0,1,6],"SA","rep",30,10,10,0.95,10000,56.3398475647,5000,-1,50,0.05,0.1],[9,600,24.8142615051,-1.1857384949,[7,3,2,1,9,9,5,0,1,6],"SA","rep",30,10,10,0.95,10000,56.3051867485,5000,-1,50,0.05,0.1],[9,615,24.8142615051,-1.1857384949,[7,3,2,1,9,9,5,0,1,6],"SA","rep",30,10,10,0.95,10000,56.3254144192,5000,-1,50,0.05,0.1],[9,630,24.8142615051,-1.1857384949,[7,3,2,1,9,9,5,0,1,6],"SA","rep",30,10,10,0.95,10000,56.212580204,5000,-1,50,0.05,0.1],[9,645,24.8142615051,-1.1857384949,[7,3,2,1,9,9,5,0,1,6],"SA","rep",30,10,10,0.95,10000,56.0954065323,5000,-1,50,0.05,0.1],[9,660,24.8142615051,-1.1857384949,[7,3,2,1,9,9,5,0,1,6],"SA","rep",30,10,10,0.95,10000,56.0984547138,5000,-1,50,0.05,0.1],[9,675,24.8142615051,-1.1857384949,[7,3,2,1,9,9,5,0,1,6],"SA","rep",30,10,10,0.95,10000,56.1102557182,5000,-1,50,0.05,0.1],[9,690,24.8142615051,-1.1857384949,[7,3,2,1,9,9,5,0,1,6],"SA","rep",30,10,10,0.95,10000,56.1789386272,5000,-1,50,0.05,0.1],[9,705,24.8142615051,-1.1857384949,[7,3,2,1,9,9,5,0,1,6],"SA","rep",30,10,10,0.95,10000,56.3385839462,5000,-1,50,0.05,0.1],[9,720,24.8142615051,-1.1857384949,[7,3,2,1,9,9,5,0,1,6],"SA","rep",30,10,10,0.95,10000,56.3821678162,5000,-1,50,0.05,0.1],[9,735,24.8142615051,-1.1857384949,[7,3,2,1,9,9,5,0,1,6],"SA","rep",30,10,10,0.95,10000,56.404389143,5000,-1,50,0.05,0.1],[9,750,24.8142615051,-1.1857384949,[7,3,2,1,9,9,5,0,1,6],"SA","rep",30,10,10,0.95,10000,56.3093233109,5000,-1,50,0.05,0.1],[9,765,24.8142615051,-1.1857384949,[7,3,2,1,9,9,5,0,1,6],"SA","rep",30,10,10,0.95,10000,56.4333431721,5000,-1,50,0.05,0.1],[9,780,24.8142615051,-1.1857384949,[7,3,2,1,9,9,5,0,1,6],"SA","rep",30,10,10,0.95,10000,56.4349031448,5000,-1,50,0.05,0.1],[9,795,24.8142615051,-1.1857384949,[7,3,2,1,9,9,5,0,1,6],"SA","rep",30,10,10,0.95,10000,56.3242650032,5000,-1,50,0.05,0.1],[9,810,24.8142615051,-1.1857384949,[7,3,2,1,9,9,5,0,1,6],"SA","rep",30,10,10,0.95,10000,56.4775094986,5000,-1,50,0.05,0.1],[9,825,24.8142615051,-1.1857384949,[7,3,2,1,9,9,5,0,1,6],"SA","rep",30,10,10,0.95,10000,56.3885855675,5000,-1,50,0.05,0.1],[9,840,24.8142615051,-1.1857384949,[7,3,2,1,9,9,5,0,1,6],"SA","rep",30,10,10,0.95,10000,56.2300779819,5000,-1,50,0.05,0.1],[9,855,24.8142615051,-1.1857384949,[7,3,2,1,9,9,5,0,1,6],"SA","rep",30,10,10,0.95,10000,56.2059803009,5000,-1,50,0.05,0.1],[9,870,24.8142615051,-1.1857384949,[7,3,2,1,9,9,5,0,1,6],"SA","rep",30,10,10,0.95,10000,56.2191150188,5000,-1,50,0.05,0.1],[9,885,24.8142615051,-1.1857384949,[7,3,2,1,9,9,5,0,1,6],"SA","rep",30,10,10,0.95,10000,56.319940567,5000,-1,50,0.05,0.1],[9,900,24.8142615051,-1.1857384949,[7,3,2,1,9,9,5,0,1,6],"SA","rep",30,10,10,0.95,10000,56.4516792297,5000,-1,50,0.05,0.1],[9,915,24.8142615051,-1.1857384949,[7,3,2,1,9,9,5,0,1,6],"SA","rep",30,10,10,0.95,10000,56.573703289,5000,-1,50,0.05,0.1],[9,930,24.8142615051,-1.1857384949,[7,3,2,1,9,9,5,0,1,6],