{"columns":["ite","time","q","scaled_eu","z","solver","attacker","|Q|","|X|","|T|","rho","k","utility_time","RS_iters","mcts_iters","sa_iters","eps","lr"],"index":[0,1,2,3,4,5,6,7,8,9,10,11,12,13,14,15,16,17,18,19,20,21,22,23,24,25,26,27,28,29,30,31,32,33,34,35,36,37,38,39,40,41,42,43,44,45,46,47,48,49,50,51,52,53,54,55,56,57,58,59,60,61,62,63,64,65,66,67,68,69,70,71,72,73,74,75,76,77,78,79],"data":[[6,15,17.8237386779,-8.1762613221,[4,3,3,1,8,3,4,4,1,7],"SA","rep",30,10,10,0.95,10000,59.9362876415,5000,-1,50,0.05,0.1],[6,30,17.8237386779,-8.1762613221,[4,3,3,1,8,3,4,4,1,7],"SA","rep",30,10,10,0.95,10000,59.954513073,5000,-1,50,0.05,0.1],[6,45,17.8237386779,-8.1762613221,[4,3,3,1,8,3,4,4,1,7],"SA","rep",30,10,10,0.95,10000,85.1110157967,5000,-1,50,0.05,0.1],[6,60,17.8237386779,-8.1762613221,[2,5,1,6,9,9,5,0,2,6],"SA","rep",30,10,10,0.95,10000,64.2754380703,5000,-1,50,0.05,0.1],[6,75,18.8377590704,-7.1622409296,[5,9,7,6,9,9,5,8,4,2],"SA","rep",30,10,10,0.95,10000,60.4031095505,5000,-1,50,0.05,0.1],[6,90,21.6648473297,-4.3351526703,[0,1,2,0,9,9,5,0,9,6],"SA","rep",30,10,10,0.95,10000,60.2981624603,5000,-1,50,0.05,0.1],[6,105,21.6648473297,-4.3351526703,[8,5,2,1,9,9,5,0,9,6],"SA","rep",30,10,10,0.95,10000,60.1336095333,5000,-1,50,0.05,0.1],[6,120,21.6648473297,-4.3351526703,[8,5,2,1,9,9,5,0,9,6],"SA","rep",30,10,10,0.95,10000,60.3851950169,5000,-1,50,0.05,0.1],[6,135,22.7424394194,-3.2575605806,[0,3,4,1,9,9,5,0,4,6],"SA","rep",30,10,10,0.95,10000,60.33081007,5000,-1,50,0.05,0.1],[6,150,22.7424394194,-3.2575605806,[0,3,4,1,9,9,5,0,4,6],"SA","rep",30,10,10,0.95,10000,60.3530771732,5000,-1,50,0.05,0.1],[6,165,22.7424394194,-3.2575605806,[2,3,4,1,9,9,5,0,1,6],"SA","rep",30,10,10,0.95,10000,60.382376194,5000,-1,50,0.05,0.1],[6,180,24.8139237142,-1.1860762858,[7,3,2,1,9,9,5,0,1,6],"SA","rep",30,10,10,0.95,10000,60.2290091515,5000,-1,50,0.05,0.1],[6,195,24.8508813038,-1.1491186962,[7,3,2,1,9,9,5,0,6,6],"SA","rep",30,10,10,0.95,10000,60.2292108536,5000,-1,50,0.05,0.1],[6,210,24.8508813038,-1.1491186962,[7,3,2,1,9,9,5,0,6,6],"SA","rep",30,10,10,0.95,10000,60.3718812466,5000,-1,50,0.05,0.1],[6,225,24.8508813038,-1.1491186962,[7,3,2,1,9,9,5,0,6,6],"SA","rep",30,10,10,0.95,10000,60.2020053864,5000,-1,50,0.05,0.1],[6,240,24.8638452804,-1.1361547196,[7,3,2,1,9,9,5,0,6,6],"SA","rep",30,10,10,0.95,10000,60.4912469387,5000,-1,50,0.05,0.1],[6,255,24.8638452804,-1.1361547196,[7,3,2,1,9,9,5,0,6,6],"SA","rep",30,10,10,0.95,10000,60.3835959435,5000,-1,50,0.05,0.1],[6,270,24.8638452804,-1.1361547196,[7,3,2,1,9,9,5,0,6,6],"SA","rep",30,10,10,0.95,10000,60.4915297031,5000,-1,50,0.05,0.1],[6,285,24.8638452804,-1.1361547196,[7,3,2,1,9,9,5,0,6,6],"SA","rep",30,10,10,0.95,10000,60.382598877,5000,-1,50,0.05,0.1],[6,300,24.8638452804,-1.1361547196,[7,3,2,1,9,9,5,0,6,6],"SA","rep",30,10,10,0.95,10000,60.4539265633,5000,-1,50,0.05,0.1],[6,315,24.8638452804,-1.1361547196,[7,3,2,1,9,9,5,0,6,6],"SA","rep",30,10,10,0.95,10000,60.3436398506,5000,-1,50,0.05,0.1],[6,330,24.8638452804,-1.1361547196,[7,3,2,1,9,9,5,0,6,6],"SA","rep",30,10,10,0.95,10000,60.4697322845,5000,-1,50,0.05,0.1],[6,345,24.8638452804,-1.1361547196,[7,3,2,1,9,9,5,0,6,6],"SA","rep",30,10,10,0.95,10000,60.4177680016,5000,-1,50,0.05,0.1],[6,360,24.8638452804,-1.1361547196,[7,3,2,1,9,9,5,0,6,6],"SA","rep",30,10,10,0.95,10000,60.5244822502,5000,-1,50,0.05,0.1],[6,375,24.8638452804,-1.1361547196,[7,3,2,1,9,9,5,0,6,6],"SA","rep",30,10,10,0.95,10000,60.5792973042,5000,-1,50,0.05,0.1],[6,390,24.8638452804,-1.1361547196,[7,3,2,1,9,9,5,0,6,6],"SA","rep",30,10,10,0.95,10000,60.3650832176,5000,-1,50,0.05,0.1],[6,405,24.8638452804,-1.1361547196,[7,3,2,1,9,9,5,0,6,6],"SA","rep",30,10,10,0.95,10000,60.5230197906,5000,-1,50,0.05,0.1],[6,420,24.8638452804,-1.1361547196,[7,3,2,1,9,9,5,0,6,6],"SA","rep",30,10,10,0.95,10000,60.2012164593,5000,-1,50,0.05,0.1],[6,435,24.8638452804,-1.1361547196,[7,3,2,1,9,9,5,0,6,6],"SA","rep",30,10,10,0.95,10000,60.4141159058,5000,-1,50,0.05,0.1],[6,450,24.8638452804,-1.1361547196,[7,3,2,1,9,9,5,0,6,6],"SA","rep",30,10,10,0.95,10000,60.5382220745,5000,-1,50,0.05,0.1],[6,465,24.8638452804,-1.1361547196,[7,3,2,1,9,9,5,0,6,6],"SA","rep",30,10,10,0.95,10000,60.4721460342,5000,-1,50,0.05,0.1],[6,480,24.8638452804,-1.1361547196,[7,3,2,1,9,9,5,0,6,6],"SA","rep",30,10,10,0.95,10000,60.3117594719,5000,-1,50,0.05,0.1],[6,495,24.8638452804,-1.1361547196,[7,3,2,1,9,9,5,0,6,6],"SA","rep",30,10,10,0.95,10000,60.1472530365,5000,-1,50,0.05,0.1],[6,510,24.8638452804,-1.1361547196,[7,3,2,1,9,9,5,0,6,6],"SA","rep",30,10,10,0.95,10000,60.1257867813,5000,-1,50,0.05,0.1],[6,525,24.8638452804,-1.1361547196,[7,3,2,1,9,9,5,0,6,6],"SA","rep",30,10,10,0.95,10000,60.2251167297,5000,-1,50,0.05,0.1],[6,540,24.8638452804,-1.1361547196,[7,3,2,1,9,9,5,0,6,6],"SA","rep",30,10,10,0.95,10000,60.2543098927,5000,-1,50,0.05,0.1],[6,555,24.8638452804,-1.1361547196,[7,3,2,1,9,9,5,0,6,6],"SA","rep",30,10,10,0.95,10000,60.1928327084,5000,-1,50,0.05,0.1],[6,570,24.8638452804,-1.1361547196,[7,3,2,1,9,9,5,0,6,6],"SA","rep",30,10,10,0.95,10000,60.2750825882,5000,-1,50,0.05,0.1],[6,585,24.8638452804,-1.1361547196,[7,3,2,1,9,9,5,0,6,6],"SA","rep",30,10,10,0.95,10000,60.1534349918,5000,-1,50,0.05,0.1],[6,600,24.8638452804,-1.1361547196,[7,3,2,1,9,9,5,0,6,6],"SA","rep",30,10,10,0.95,10000,60.1661391258,5000,-1,50,0.05,0.1],[6,615,24.8638452804,-1.1361547196,[7,3,2,1,9,9,5,0,6,6],"SA","rep",30,10,10,0.95,10000,60.074133873,5000,-1,50,0.05,0.1],[6,630,24.8638452804,-1.1361547196,[7,3,2,1,9,9,5,0,6,6],"SA","rep",30,10,10,0.95,10000,60.2380979061,5000,-1,50,0.05,0.1],[6,645,24.8638452804,-1.1361547196,[7,3,2,1,9,9,5,0,6,6],"SA","rep",30,10,10,0.95,10000,60.1270992756,5000,-1,50,0.05,0.1],[6,660,24.8638452804,-1.1361547196,[7,3,2,1,9,9,5,0,6,6],"SA","rep",30,10,10,0.95,10000,60.0645089149,5000,-1,50,0.05,0.1],[6,675,24.8638452804,-1.1361547196,[7,3,2,1,9,9,5,0,6,6],"SA","rep",30,10,10,0.95,10000,60.1208877563,5000,-1,50,0.05,0.1],[6,690,24.8638452804,-1.1361547196,[7,3,2,1,9,9,5,0,6,6],"SA","rep",30,10,10,0.95,10000,60.2494060993,5000,-1,50,0.05,0.1],[6,705,24.8638452804,-1.1361547196,[7,3,2,1,9,9,5,0,6,6],"SA","rep",30,10,10,0.95,10000,60.0757651329,5000,-1,50,0.05,0.1],[6,720,24.8638452804,-1.1361547196,[7,3,2,1,9,9,5,0,6,6],"SA","rep",30,10,10,0.95,10000,59.9430713654,5000,-1,50,0.05,0.1],[6,735,24.8638452804,-1.1361547196,[7,3,2,1,9,9,5,0,6,6],"SA","rep",30,10,10,0.95,10000,60.1039116383,5000,-1,50,0.05,0.1],[6,750,24.8638452804,-1.1361547196,[7,3,2,1,9,9,5,0,6,6],"SA","rep",30,10,10,0.95,10000,60.1831512451,5000,-1,50,0.05,0.1],[6,765,24.8638452804,-1.1361547196,[7,3,2,1,9,9,5,0,6,6],"SA","rep",30,10,10,0.95,10000,69.612852335,5000,-1,50,0.05,0.1],[6,780,24.8638452804,-1.1361547196,[7,3,2,1,9,9,5,0,6,6],"SA","rep",30,10,10,0.95,10000,59.8774600029,5000,-1,50,0.05,0.1],[6,795,24.8638452804,-1.1361547196,[7,3,2,1,9,9,5,0,6,6],"SA","rep",30,10,10,0.95,10000,56.1504871845,5000,-1,50,0.05,0.1],[6,810,24.8638452804,-1.1361547196,[7,3,2,1,9,9,5,0,6,6],"SA","rep",30,10,10,0.95,10000,73.9669177532,5000,-1,50,0.05,0.1],[6,825,24.8638452804,-1.1361547196,[7,3,2,1,9,9,5,0,6,6],"SA","rep",30,10,10,0.95,10000,62.8340086937,5000,-1,50,0.05,0.1],[6,840,24.8638452804,-1.1361547196,[7,3,2,1,9,9,5,0,6,6],"SA","rep",30,10,10,0.95,10000,59.9969191551,5000,-1,50,0.05,0.1],[6,855,24.8638452804,-1.1361547196,[7,3,2,1,9,9,5,0,6,6],"SA","rep",30,10,10,0.95,10000,60.0892419815,5000,-1,50,0.05,0.1],[6,870,24.8638452804,-1.1361547196,[7,3,2,1,9,9,5,0,6,6],"SA","rep",30,10,10,0.95,10000,59.9096329212,5000,-1,50,0.05,0.1],[6,885,24.8638452804,-1.1361547196,[7,3,2,1,9,9,5,0,6,6],"SA","rep",30,10,10,0.95,10000,60.1081564426,5000,-1,50,0.05,0.1],[6,900,24.8638452804,-1.1361547196,[7,3,2,1,9,9,5,0,6,6],"SA","rep",30,10,10,0.95,10000,60.2579448223,5000,-1,50,0.05,0.1],[6,915,24.8638452804,-1.1361547196,[7,3,2,1,9,9,5,0,6,6],"SA","rep",30,10,10,0.95,10000,60.2006802559,5000,-1,50,0.05,0.1],[6,930,24.8638452804,-1.1361547196,[7,3,2,1,9,9,5,0,6,6],