{"columns":["ite","time","q","scaled_eu","z","solver","attacker","|Q|","|X|","|T|","rho","k","utility_time","RS_iters","mcts_iters","sa_iters","eps","lr"],"index":[0,1,2,3,4,5,6,7,8,9,10,11,12,13,14,15,16,17,18,19,20,21,22,23,24,25,26,27,28,29,30,31,32,33,34,35,36,37,38,39,40,41,42,43,44,45,46,47,48,49,50,51,52,53,54,55,56,57,58,59,60,61,62,63,64,65,66,67,68,69,70,71,72,73,74,75,76,77,78,79],"data":[[7,15,16.720484796,-9.279515204,[1,8,0,0,9,6,9,3,9,7],"SA","rep",30,10,10,0.95,10000,60.3830046654,5000,-1,50,0.05,0.1],[7,30,16.720484796,-9.279515204,[7,3,2,2,5,7,7,7,3,6],"SA","rep",30,10,10,0.95,10000,60.5670166016,5000,-1,50,0.05,0.1],[7,45,18.8289661498,-7.1710338502,[7,2,7,1,9,0,1,6,2,2],"SA","rep",30,10,10,0.95,10000,60.1835608482,5000,-1,50,0.05,0.1],[7,60,19.7037916598,-6.2962083402,[7,3,5,1,8,5,8,9,9,6],"SA","rep",30,10,10,0.95,10000,60.2109913826,5000,-1,50,0.05,0.1],[7,75,20.8733287976,-5.1266712024,[7,3,4,9,9,9,4,6,6,6],"SA","rep",30,10,10,0.95,10000,60.3742024899,5000,-1,50,0.05,0.1],[7,90,22.8659617226,-3.1340382774,[7,3,9,1,9,9,5,6,6,6],"SA","rep",30,10,10,0.95,10000,60.4335923195,5000,-1,50,0.05,0.1],[7,105,22.8659617226,-3.1340382774,[7,3,9,1,9,9,5,6,6,6],"SA","rep",30,10,10,0.95,10000,60.4870860577,5000,-1,50,0.05,0.1],[7,120,22.8659617226,-3.1340382774,[7,3,2,1,9,9,5,5,1,6],"SA","rep",30,10,10,0.95,10000,60.2514345646,5000,-1,50,0.05,0.1],[7,135,22.8659617226,-3.1340382774,[7,3,2,1,9,9,5,5,1,6],"SA","rep",30,10,10,0.95,10000,60.4700138569,5000,-1,50,0.05,0.1],[7,150,23.8208435597,-2.1791564403,[7,3,3,1,9,9,5,0,1,6],"SA","rep",30,10,10,0.95,10000,60.3236708641,5000,-1,50,0.05,0.1],[7,165,23.8208435597,-2.1791564403,[7,3,2,1,9,9,5,0,1,6],"SA","rep",30,10,10,0.95,10000,60.2816810608,5000,-1,50,0.05,0.1],[7,180,23.8208435597,-2.1791564403,[7,3,2,1,9,9,5,0,1,6],"SA","rep",30,10,10,0.95,10000,71.5394124985,5000,-1,50,0.05,0.1],[7,195,23.8208435597,-2.1791564403,[7,3,2,1,9,9,5,0,1,6],"SA","rep",30,10,10,0.95,10000,60.333234787,5000,-1,50,0.05,0.1],[7,210,23.8208435597,-2.1791564403,[7,3,2,1,9,9,5,0,1,6],"SA","rep",30,10,10,0.95,10000,60.0359692574,5000,-1,50,0.05,0.1],[7,225,23.8208435597,-2.1791564403,[7,3,2,1,9,9,5,0,1,6],"SA","rep",30,10,10,0.95,10000,60.0757272243,5000,-1,50,0.05,0.1],[7,240,23.8208435597,-2.1791564403,[7,3,2,1,9,9,5,0,1,6],"SA","rep",30,10,10,0.95,10000,59.9501338005,5000,-1,50,0.05,0.1],[7,255,23.8208435597,-2.1791564403,[7,3,2,1,9,9,5,0,1,6],"SA","rep",30,10,10,0.95,10000,60.1508700848,5000,-1,50,0.05,0.1],[7,270,23.8208435597,-2.1791564403,[7,3,2,1,9,9,5,0,1,6],"SA","rep",30,10,10,0.95,10000,60.09852314,5000,-1,50,0.05,0.1],[7,285,23.8208435597,-2.1791564403,[7,3,2,1,9,9,5,0,1,6],"SA","rep",30,10,10,0.95,10000,60.3981022835,5000,-1,50,0.05,0.1],[7,300,23.8208435597,-2.1791564403,[7,3,2,1,9,9,5,0,1,6],"SA","rep",30,10,10,0.95,10000,73.5920937061,5000,-1,50,0.05,0.1],[7,315,23.8208435597,-2.1791564403,[7,3,2,1,9,9,5,0,1,6],"SA","rep",30,10,10,0.95,10000,60.6601936817,5000,-1,50,0.05,0.1],[7,330,23.8208435597,-2.1791564403,[7,3,2,1,9,9,5,0,1,6],"SA","rep",30,10,10,0.95,10000,60.5512194633,5000,-1,50,0.05,0.1],[7,345,23.8208435597,-2.1791564403,[7,3,2,1,9,9,5,0,1,6],"SA","rep",30,10,10,0.95,10000,60.4010305405,5000,-1,50,0.05,0.1],[7,360,23.8208435597,-2.1791564403,[7,3,2,1,9,9,5,0,1,6],"SA","rep",30,10,10,0.95,10000,60.4442081451,5000,-1,50,0.05,0.1],[7,375,23.8208435597,-2.1791564403,[7,3,2,1,9,9,5,0,1,6],"SA","rep",30,10,10,0.95,10000,60.5070009232,5000,-1,50,0.05,0.1],[7,390,23.8208435597,-2.1791564403,[7,3,2,1,9,9,5,0,1,6],"SA","rep",30,10,10,0.95,10000,60.1860144138,5000,-1,50,0.05,0.1],[7,405,23.8208435597,-2.1791564403,[7,3,2,1,9,9,5,0,1,6],"SA","rep",30,10,10,0.95,10000,60.303188324,5000,-1,50,0.05,0.1],[7,420,23.8208435597,-2.1791564403,[7,3,2,1,9,9,5,0,1,6],"SA","rep",30,10,10,0.95,10000,60.6483612061,5000,-1,50,0.05,0.1],[7,435,23.8208435597,-2.1791564403,[7,3,2,1,9,9,5,0,1,6],"SA","rep",30,10,10,0.95,10000,60.4887225628,5000,-1,50,0.05,0.1],[7,450,23.8208435597,-2.1791564403,[7,3,2,1,9,9,5,0,1,6],"SA","rep",30,10,10,0.95,10000,60.4345188141,5000,-1,50,0.05,0.1],[7,465,23.8208435597,-2.1791564403,[7,3,2,1,9,9,5,0,1,6],"SA","rep",30,10,10,0.95,10000,60.3605089188,5000,-1,50,0.05,0.1],[7,480,23.8208435597,-2.1791564403,[7,3,2,1,9,9,5,0,1,6],"SA","rep",30,10,10,0.95,10000,60.4281849861,5000,-1,50,0.05,0.1],[7,495,23.8208435597,-2.1791564403,[7,3,2,1,9,9,5,0,1,6],"SA","rep",30,10,10,0.95,10000,60.5329492092,5000,-1,50,0.05,0.1],[7,510,23.8208435597,-2.1791564403,[7,3,2,1,9,9,5,0,1,6],"SA","rep",30,10,10,0.95,10000,60.4227488041,5000,-1,50,0.05,0.1],[7,525,23.8208435597,-2.1791564403,[7,3,2,1,9,9,5,0,1,6],"SA","rep",30,10,10,0.95,10000,60.4426128864,5000,-1,50,0.05,0.1],[7,540,23.8208435597,-2.1791564403,[7,3,2,1,9,9,5,0,1,6],"SA","rep",30,10,10,0.95,10000,60.4514245987,5000,-1,50,0.05,0.1],[7,555,23.8208435597,-2.1791564403,[7,3,2,1,9,9,5,0,1,6],"SA","rep",30,10,10,0.95,10000,60.4798517227,5000,-1,50,0.05,0.1],[7,570,23.8208435597,-2.1791564403,[7,3,2,1,9,9,5,0,1,6],"SA","rep",30,10,10,0.95,10000,60.4246680737,5000,-1,50,0.05,0.1],[7,585,23.8208435597,-2.1791564403,[7,3,2,1,9,9,5,0,1,6],"SA","rep",30,10,10,0.95,10000,60.5418133736,5000,-1,50,0.05,0.1],[7,600,23.8208435597,-2.1791564403,[7,3,2,1,9,9,5,0,1,6],"SA","rep",30,10,10,0.95,10000,60.4207122326,5000,-1,50,0.05,0.1],[7,615,23.8208435597,-2.1791564403,[7,3,2,1,9,9,5,0,1,6],"SA","rep",30,10,10,0.95,10000,60.3331127167,5000,-1,50,0.05,0.1],[7,630,23.8208435597,-2.1791564403,[7,3,2,1,9,9,5,0,1,6],"SA","rep",30,10,10,0.95,10000,60.5266432762,5000,-1,50,0.05,0.1],[7,645,23.8208435597,-2.1791564403,[7,3,2,1,9,9,5,0,1,6],"SA","rep",30,10,10,0.95,10000,60.4542555809,5000,-1,50,0.05,0.1],[7,660,23.8208435597,-2.1791564403,[7,3,2,1,9,9,5,0,1,6],"SA","rep",30,10,10,0.95,10000,60.3892645836,5000,-1,50,0.05,0.1],[7,675,23.8208435597,-2.1791564403,[7,3,2,1,9,9,5,0,1,6],"SA","rep",30,10,10,0.95,10000,60.3668444157,5000,-1,50,0.05,0.1],[7,690,23.8208435597,-2.1791564403,[7,3,2,1,9,9,5,0,1,6],"SA","rep",30,10,10,0.95,10000,60.5289716721,5000,-1,50,0.05,0.1],[7,705,23.8208435597,-2.1791564403,[7,3,2,1,9,9,5,0,1,6],"SA","rep",30,10,10,0.95,10000,60.4352703094,5000,-1,50,0.05,0.1],[7,720,23.8208435597,-2.1791564403,[7,3,2,1,9,9,5,0,1,6],"SA","rep",30,10,10,0.95,10000,60.4151802063,5000,-1,50,0.05,0.1],[7,735,23.8208435597,-2.1791564403,[7,3,2,1,9,9,5,0,1,6],"SA","rep",30,10,10,0.95,10000,60.4131190777,5000,-1,50,0.05,0.1],[7,750,23.8208435597,-2.1791564403,[7,3,2,1,9,9,5,0,1,6],"SA","rep",30,10,10,0.95,10000,60.4635293484,5000,-1,50,0.05,0.1],[7,765,23.8208435597,-2.1791564403,[7,3,2,1,9,9,5,0,1,6],"SA","rep",30,10,10,0.95,10000,60.377818346,5000,-1,50,0.05,0.1],[7,780,23.8208435597,-2.1791564403,[7,3,2,1,9,9,5,0,1,6],"SA","rep",30,10,10,0.95,10000,60.4951100349,5000,-1,50,0.05,0.1],[7,795,23.8208435597,-2.1791564403,[7,3,2,1,9,9,5,0,1,6],"SA","rep",30,10,10,0.95,10000,60.5632445812,5000,-1,50,0.05,0.1],[7,810,23.8208435597,-2.1791564403,[7,3,2,1,9,9,5,0,1,6],"SA","rep",30,10,10,0.95,10000,60.456237793,5000,-1,50,0.05,0.1],[7,825,23.8208435597,-2.1791564403,[7,3,2,1,9,9,5,0,1,6],"SA","rep",30,10,10,0.95,10000,60.4455826283,5000,-1,50,0.05,0.1],[7,840,23.8208435597,-2.1791564403,[7,3,2,1,9,9,5,0,1,6],"SA","rep",30,10,10,0.95,10000,60.428145647,5000,-1,50,0.05,0.1],[7,855,23.8208435597,-2.1791564403,[7,3,2,1,9,9,5,0,1,6],"SA","rep",30,10,10,0.95,10000,60.485435009,5000,-1,50,0.05,0.1],[7,870,23.8208435597,-2.1791564403,[7,3,2,1,9,9,5,0,1,6],"SA","rep",30,10,10,0.95,10000,60.493527174,5000,-1,50,0.05,0.1],[7,885,23.8208435597,-2.1791564403,[7,3,2,1,9,9,5,0,1,6],"SA","rep",30,10,10,0.95,10000,60.5002863407,5000,-1,50,0.05,0.1],[7,900,23.8208435597,-2.1791564403,[7,3,2,1,9,9,5,0,1,6],"SA","rep",30,10,10,0.95,10000,60.6113200188,5000,-1,50,0.05,0.1],[7,915,23.8208435597,-2.1791564403,[7,3,2,1,9,9,5,0,1,6],"SA","rep",30,10,10,0.95,10000,60.447457552,5000,-1,50,0.05,0.1],[7,930,23.8208435597,-2.1791564403,[7,3,2,1,9,9,5,0,1,6],