{"columns":["ite","time","q","scaled_eu","z","solver","attacker","|Q|","|X|","|T|","rho","k","utility_time","RS_iters","mcts_iters","sa_iters","eps","lr"],"index":[0,1,2,3,4,5,6,7,8,9,10,11,12,13,14,15,16,17,18,19,20,21,22,23,24,25,26,27,28,29,30,31,32,33,34,35,36,37,38,39,40,41,42,43,44,45,46,47,48,49,50,51,52,53,54,55,56,57,58,59,60,61,62,63,64,65,66,67,68,69,70,71,72,73,74,75,76,77,78,79],"data":[[1,15,17.1412942928,-8.8587057072,[5,0,2,9,8,3,8,0,8,8],"SA","rep",30,10,10,0.95,10000,56.0388493538,5000,-1,50,0.05,0.1],[1,30,18.914866035,-7.085133965,[7,9,2,1,1,8,4,5,6,0],"SA","rep",30,10,10,0.95,10000,56.0307929516,5000,-1,50,0.05,0.1],[1,45,18.914866035,-7.085133965,[8,5,2,1,9,9,9,5,4,3],"SA","rep",30,10,10,0.95,10000,72.951726675,5000,-1,50,0.05,0.1],[1,60,18.914866035,-7.085133965,[7,6,2,1,9,9,9,0,8,2],"SA","rep",30,10,10,0.95,10000,76.5415327549,5000,-1,50,0.05,0.1],[1,75,19.7432655007,-6.2567344993,[1,7,5,1,9,6,9,0,4,6],"SA","rep",30,10,10,0.95,10000,56.0917840004,5000,-1,50,0.05,0.1],[1,90,19.8672575926,-6.1327424074,[7,6,5,1,0,6,2,0,6,6],"SA","rep",30,10,10,0.95,10000,59.6228897572,5000,-1,50,0.05,0.1],[1,105,23.7450046997,-2.2549953003,[7,6,2,1,9,9,5,0,4,6],"SA","rep",30,10,10,0.95,10000,55.8945291042,5000,-1,50,0.05,0.1],[1,120,23.8666806749,-2.1333193251,[7,7,2,1,9,9,5,0,6,6],"SA","rep",30,10,10,0.95,10000,55.9616923332,5000,-1,50,0.05,0.1],[1,135,23.8666806749,-2.1333193251,[7,7,2,1,9,9,5,0,6,6],"SA","rep",30,10,10,0.95,10000,58.9457263947,5000,-1,50,0.05,0.1],[1,150,23.8666806749,-2.1333193251,[7,7,2,1,9,9,5,0,6,6],"SA","rep",30,10,10,0.95,10000,57.2070498466,5000,-1,50,0.05,0.1],[1,165,23.8666806749,-2.1333193251,[7,7,2,1,9,9,5,0,6,6],"SA","rep",30,10,10,0.95,10000,55.9139754772,5000,-1,50,0.05,0.1],[1,180,23.8666806749,-2.1333193251,[7,7,2,1,9,9,5,0,6,6],"SA","rep",30,10,10,0.95,10000,69.7281832695,5000,-1,50,0.05,0.1],[1,195,23.8666806749,-2.1333193251,[7,7,2,1,9,9,5,0,6,6],"SA","rep",30,10,10,0.95,10000,55.7651734352,5000,-1,50,0.05,0.1],[1,210,23.8666806749,-2.1333193251,[7,7,2,1,9,9,5,0,6,6],"SA","rep",30,10,10,0.95,10000,55.8627877235,5000,-1,50,0.05,0.1],[1,225,23.8666806749,-2.1333193251,[7,7,2,1,9,9,5,0,6,6],"SA","rep",30,10,10,0.95,10000,68.0985579491,5000,-1,50,0.05,0.1],[1,240,23.8666806749,-2.1333193251,[7,7,2,1,9,9,5,0,6,6],"SA","rep",30,10,10,0.95,10000,69.0182855129,5000,-1,50,0.05,0.1],[1,255,23.8666806749,-2.1333193251,[7,7,2,1,9,9,5,0,6,6],"SA","rep",30,10,10,0.95,10000,55.9691154957,5000,-1,50,0.05,0.1],[1,270,23.8666806749,-2.1333193251,[7,7,2,1,9,9,5,0,6,6],"SA","rep",30,10,10,0.95,10000,56.0110707283,5000,-1,50,0.05,0.1],[1,285,23.8666806749,-2.1333193251,[7,7,2,1,9,9,5,0,6,6],"SA","rep",30,10,10,0.95,10000,56.2108769417,5000,-1,50,0.05,0.1],[1,300,23.8666806749,-2.1333193251,[7,7,2,1,9,9,5,0,6,6],"SA","rep",30,10,10,0.95,10000,70.5556130409,5000,-1,50,0.05,0.1],[1,315,23.8666806749,-2.1333193251,[7,7,2,1,9,9,5,0,6,6],"SA","rep",30,10,10,0.95,10000,56.0518217087,5000,-1,50,0.05,0.1],[1,330,23.8666806749,-2.1333193251,[7,7,2,1,9,9,5,0,6,6],"SA","rep",30,10,10,0.95,10000,55.9898915291,5000,-1,50,0.05,0.1],[1,345,23.8666806749,-2.1333193251,[7,7,2,1,9,9,5,0,6,6],"SA","rep",30,10,10,0.95,10000,56.0659685135,5000,-1,50,0.05,0.1],[1,360,23.8666806749,-2.1333193251,[7,3,2,1,9,9,5,0,1,6],"SA","rep",30,10,10,0.95,10000,56.0468268394,5000,-1,50,0.05,0.1],[1,375,23.8666806749,-2.1333193251,[7,3,2,1,9,9,5,0,1,6],"SA","rep",30,10,10,0.95,10000,55.9547436237,5000,-1,50,0.05,0.1],[1,390,23.8666806749,-2.1333193251,[7,3,2,1,9,9,5,0,1,6],"SA","rep",30,10,10,0.95,10000,55.9271769524,5000,-1,50,0.05,0.1],[1,405,23.8666806749,-2.1333193251,[7,3,2,1,9,9,5,0,1,6],"SA","rep",30,10,10,0.95,10000,55.9937529564,5000,-1,50,0.05,0.1],[1,420,23.8666806749,-2.1333193251,[7,3,2,1,9,9,5,0,1,6],"SA","rep",30,10,10,0.95,10000,55.8975200653,5000,-1,50,0.05,0.1],[1,435,23.8666806749,-2.1333193251,[7,3,2,1,9,9,5,0,1,6],"SA","rep",30,10,10,0.95,10000,58.0208837986,5000,-1,50,0.05,0.1],[1,450,23.8666806749,-2.1333193251,[7,3,2,1,9,9,5,0,1,6],"SA","rep",30,10,10,0.95,10000,73.9452266693,5000,-1,50,0.05,0.1],[1,465,23.8666806749,-2.1333193251,[7,3,2,1,9,9,5,0,1,6],"SA","rep",30,10,10,0.95,10000,66.1137447357,5000,-1,50,0.05,0.1],[1,480,23.8666806749,-2.1333193251,[7,3,2,1,9,9,5,0,1,6],"SA","rep",30,10,10,0.95,10000,61.5362391472,5000,-1,50,0.05,0.1],[1,495,23.8666806749,-2.1333193251,[7,3,2,1,9,9,5,0,1,6],"SA","rep",30,10,10,0.95,10000,60.3203516006,5000,-1,50,0.05,0.1],[1,510,23.8666806749,-2.1333193251,[7,3,2,1,9,9,5,0,1,6],"SA","rep",30,10,10,0.95,10000,60.2826294899,5000,-1,50,0.05,0.1],[1,525,23.8666806749,-2.1333193251,[7,3,2,1,9,9,5,0,1,6],"SA","rep",30,10,10,0.95,10000,60.3127875328,5000,-1,50,0.05,0.1],[1,540,23.8666806749,-2.1333193251,[7,3,2,1,9,9,5,0,1,6],"SA","rep",30,10,10,0.95,10000,60.2907176018,5000,-1,50,0.05,0.1],[1,555,23.8666806749,-2.1333193251,[7,3,2,1,9,9,5,0,1,6],"SA","rep",30,10,10,0.95,10000,62.1369934082,5000,-1,50,0.05,0.1],[1,570,23.8666806749,-2.1333193251,[7,3,2,1,9,9,5,0,1,6],"SA","rep",30,10,10,0.95,10000,60.1463575363,5000,-1,50,0.05,0.1],[1,585,23.8666806749,-2.1333193251,[7,3,2,1,9,9,5,0,1,6],"SA","rep",30,10,10,0.95,10000,60.142706871,5000,-1,50,0.05,0.1],[1,600,23.8666806749,-2.1333193251,[7,3,2,1,9,9,5,0,1,6],"SA","rep",30,10,10,0.95,10000,59.9477615356,5000,-1,50,0.05,0.1],[1,615,23.8666806749,-2.1333193251,[7,3,2,1,9,9,5,0,1,6],"SA","rep",30,10,10,0.95,10000,60.0023314953,5000,-1,50,0.05,0.1],[1,630,23.8666806749,-2.1333193251,[7,3,2,1,9,9,5,0,1,6],"SA","rep",30,10,10,0.95,10000,59.9456479549,5000,-1,50,0.05,0.1],[1,645,23.8666806749,-2.1333193251,[7,3,2,1,9,9,5,0,1,6],"SA","rep",30,10,10,0.95,10000,97.0741055012,5000,-1,50,0.05,0.1],[1,660,23.8666806749,-2.1333193251,[7,3,2,1,9,9,5,0,1,6],"SA","rep",30,10,10,0.95,10000,96.8618707657,5000,-1,50,0.05,0.1],[1,675,23.8666806749,-2.1333193251,[7,3,2,1,9,9,5,0,1,6],"SA","rep",30,10,10,0.95,10000,66.7227361202,5000,-1,50,0.05,0.1],[1,690,23.8666806749,-2.1333193251,[7,3,2,1,9,9,5,0,1,6],"SA","rep",30,10,10,0.95,10000,60.405700922,5000,-1,50,0.05,0.1],[1,705,23.8666806749,-2.1333193251,[7,3,2,1,9,9,5,0,1,6],"SA","rep",30,10,10,0.95,10000,63.5573177338,5000,-1,50,0.05,0.1],[1,720,23.8666806749,-2.1333193251,[7,3,2,1,9,9,5,0,1,6],"SA","rep",30,10,10,0.95,10000,55.8164606094,5000,-1,50,0.05,0.1],[1,735,23.8666806749,-2.1333193251,[7,3,2,1,9,9,5,0,1,6],"SA","rep",30,10,10,0.95,10000,56.0008831024,5000,-1,50,0.05,0.1],[1,750,23.8666806749,-2.1333193251,[7,3,2,1,9,9,5,0,1,6],"SA","rep",30,10,10,0.95,10000,55.8750298023,5000,-1,50,0.05,0.1],[1,765,23.8666806749,-2.1333193251,[7,3,2,1,9,9,5,0,1,6],"SA","rep",30,10,10,0.95,10000,77.2219176292,5000,-1,50,0.05,0.1],[1,780,23.8666806749,-2.1333193251,[7,3,2,1,9,9,5,0,1,6],"SA","rep",30,10,10,0.95,10000,60.2735505104,5000,-1,50,0.05,0.1],[1,795,23.8666806749,-2.1333193251,[7,3,2,1,9,9,5,0,1,6],"SA","rep",30,10,10,0.95,10000,60.2139592171,5000,-1,50,0.05,0.1],[1,810,23.8666806749,-2.1333193251,[7,3,2,1,9,9,5,0,1,6],"SA","rep",30,10,10,0.95,10000,60.2049741745,5000,-1,50,0.05,0.1],[1,825,23.8666806749,-2.1333193251,[7,3,2,1,9,9,5,0,1,6],"SA","rep",30,10,10,0.95,10000,60.1847214699,5000,-1,50,0.05,0.1],[1,840,23.8666806749,-2.1333193251,[7,3,2,1,9,9,5,0,1,6],"SA","rep",30,10,10,0.95,10000,60.2538764477,5000,-1,50,0.05,0.1],[1,855,23.8666806749,-2.1333193251,[7,3,2,1,9,9,5,0,1,6],"SA","rep",30,10,10,0.95,10000,60.054964304,5000,-1,50,0.05,0.1],[1,870,23.8666806749,-2.1333193251,[7,3,2,1,9,9,5,0,1,6],"SA","rep",30,10,10,0.95,10000,60.2315821648,5000,-1,50,0.05,0.1],[1,885,23.8666806749,-2.1333193251,[7,3,2,1,9,9,5,0,1,6],"SA","rep",30,10,10,0.95,10000,60.2460491657,5000,-1,50,0.05,0.1],[1,900,23.8666806749,-2.1333193251,[7,3,2,1,9,9,5,0,1,6],"SA","rep",30,10,10,0.95,10000,60.2301752567,5000,-1,50,0.05,0.1],[1,915,23.8666806749,-2.1333193251,[7,3,2,1,9,9,5,0,1,6],"SA","rep",30,10,10,0.95,10000,60.2362332344,5000,-1,50,0.05,0.1],[1,930,23.8666806749,-2.1333193251,[7,3,2,1,9,9,5,0,1,6],