{"columns":["ite","time","q","scaled_eu","z","solver","attacker","|Q|","|X|","|T|","rho","k","utility_time","RS_iters","mcts_iters","sa_iters","eps","lr"],"index":[0,1,2,3,4,5,6,7,8,9,10,11,12,13,14,15,16,17,18,19,20,21,22,23,24,25,26,27,28,29,30,31,32,33,34,35,36,37,38,39,40,41,42,43,44,45,46,47,48,49,50,51,52,53,54,55,56,57,58,59,60,61,62,63,64,65,66,67,68,69,70,71,72,73,74,75,76,77,78,79],"data":[[5,15,18.1081998074,-7.8918001926,[5,3,3,8,7,9,0,0,8,1],"SA","rep",30,10,10,0.95,10000,55.7961819172,5000,-1,50,0.05,0.1],[5,30,19.7023900264,-6.2976099736,[4,3,9,5,9,9,1,4,9,6],"SA","rep",30,10,10,0.95,10000,55.8370089531,5000,-1,50,0.05,0.1],[5,45,19.7023900264,-6.2976099736,[7,3,6,1,9,0,5,1,6,7],"SA","rep",30,10,10,0.95,10000,55.7125895023,5000,-1,50,0.05,0.1],[5,60,19.7861645767,-6.2138354233,[7,6,9,1,9,5,7,0,1,5],"SA","rep",30,10,10,0.95,10000,55.6314001083,5000,-1,50,0.05,0.1],[5,75,20.8732930865,-5.1267069135,[7,6,9,1,9,3,5,0,6,8],"SA","rep",30,10,10,0.95,10000,55.8161997795,5000,-1,50,0.05,0.1],[5,90,23.7875233283,-2.2124766717,[7,3,2,1,9,9,5,0,1,5],"SA","rep",30,10,10,0.95,10000,55.935926199,5000,-1,50,0.05,0.1],[5,105,23.7875233283,-2.2124766717,[7,3,2,1,9,9,5,0,1,3],"SA","rep",30,10,10,0.95,10000,55.7389876842,5000,-1,50,0.05,0.1],[5,120,23.7875233283,-2.2124766717,[7,3,2,1,9,9,5,0,1,3],"SA","rep",30,10,10,0.95,10000,55.9174954891,5000,-1,50,0.05,0.1],[5,135,24.8107807338,-1.1892192662,[7,3,2,1,9,9,5,0,1,6],"SA","rep",30,10,10,0.95,10000,55.942470789,5000,-1,50,0.05,0.1],[5,150,24.8114792923,-1.1885207077,[7,3,2,1,9,9,5,0,1,6],"SA","rep",30,10,10,0.95,10000,55.789488554,5000,-1,50,0.05,0.1],[5,165,24.8114792923,-1.1885207077,[7,3,2,1,9,9,5,0,6,6],"SA","rep",30,10,10,0.95,10000,55.8729345798,5000,-1,50,0.05,0.1],[5,180,24.8452192894,-1.1547807106,[7,3,2,1,9,9,5,0,6,6],"SA","rep",30,10,10,0.95,10000,55.8172287941,5000,-1,50,0.05,0.1],[5,195,24.8452192894,-1.1547807106,[7,3,2,1,9,9,5,0,6,6],"SA","rep",30,10,10,0.95,10000,55.7372350693,5000,-1,50,0.05,0.1],[5,210,24.8452192894,-1.1547807106,[7,3,2,1,9,9,5,0,6,6],"SA","rep",30,10,10,0.95,10000,55.8293583393,5000,-1,50,0.05,0.1],[5,225,24.8452192894,-1.1547807106,[7,3,2,1,9,9,5,0,6,6],"SA","rep",30,10,10,0.95,10000,55.9058861732,5000,-1,50,0.05,0.1],[5,240,24.8452192894,-1.1547807106,[7,3,2,1,9,9,5,0,6,6],"SA","rep",30,10,10,0.95,10000,55.8349061012,5000,-1,50,0.05,0.1],[5,255,24.8655729497,-1.1344270503,[7,3,2,1,9,9,5,0,6,6],"SA","rep",30,10,10,0.95,10000,55.6638331413,5000,-1,50,0.05,0.1],[5,270,24.8655729497,-1.1344270503,[7,3,2,1,9,9,5,0,6,6],"SA","rep",30,10,10,0.95,10000,55.978225708,5000,-1,50,0.05,0.1],[5,285,24.8655729497,-1.1344270503,[7,3,2,1,9,9,5,0,6,6],"SA","rep",30,10,10,0.95,10000,55.9092121124,5000,-1,50,0.05,0.1],[5,300,24.8655729497,-1.1344270503,[7,3,2,1,9,9,5,0,6,6],"SA","rep",30,10,10,0.95,10000,55.9001917839,5000,-1,50,0.05,0.1],[5,315,24.8655729497,-1.1344270503,[7,3,2,1,9,9,5,0,6,6],"SA","rep",30,10,10,0.95,10000,55.8947775364,5000,-1,50,0.05,0.1],[5,330,24.8655729497,-1.1344270503,[7,3,2,1,9,9,5,0,6,6],"SA","rep",30,10,10,0.95,10000,55.7481172085,5000,-1,50,0.05,0.1],[5,345,24.8655729497,-1.1344270503,[7,3,2,1,9,9,5,0,6,6],"SA","rep",30,10,10,0.95,10000,55.9662225246,5000,-1,50,0.05,0.1],[5,360,24.8655729497,-1.1344270503,[7,3,2,1,9,9,5,0,6,6],"SA","rep",30,10,10,0.95,10000,55.8526501656,5000,-1,50,0.05,0.1],[5,375,24.8655729497,-1.1344270503,[7,3,2,1,9,9,5,0,6,6],"SA","rep",30,10,10,0.95,10000,55.9208247662,5000,-1,50,0.05,0.1],[5,390,24.8655729497,-1.1344270503,[7,3,2,1,9,9,5,0,6,6],"SA","rep",30,10,10,0.95,10000,56.0154681206,5000,-1,50,0.05,0.1],[5,405,24.8655729497,-1.1344270503,[7,3,2,1,9,9,5,0,6,6],"SA","rep",30,10,10,0.95,10000,55.894449234,5000,-1,50,0.05,0.1],[5,420,24.8655729497,-1.1344270503,[7,3,2,1,9,9,5,0,6,6],"SA","rep",30,10,10,0.95,10000,55.9394717216,5000,-1,50,0.05,0.1],[5,435,24.8655729497,-1.1344270503,[7,3,2,1,9,9,5,0,6,6],"SA","rep",30,10,10,0.95,10000,55.9595079422,5000,-1,50,0.05,0.1],[5,450,24.8655729497,-1.1344270503,[7,3,2,1,9,9,5,0,6,6],"SA","rep",30,10,10,0.95,10000,55.981616497,5000,-1,50,0.05,0.1],[5,465,24.8655729497,-1.1344270503,[7,3,2,1,9,9,5,0,6,6],"SA","rep",30,10,10,0.95,10000,55.8911108971,5000,-1,50,0.05,0.1],[5,480,24.8655729497,-1.1344270503,[7,3,2,1,9,9,5,0,6,6],"SA","rep",30,10,10,0.95,10000,55.7757809162,5000,-1,50,0.05,0.1],[5,495,24.8655729497,-1.1344270503,[7,3,2,1,9,9,5,0,6,6],"SA","rep",30,10,10,0.95,10000,56.000777483,5000,-1,50,0.05,0.1],[5,510,24.8655729497,-1.1344270503,[7,3,2,1,9,9,5,0,6,6],"SA","rep",30,10,10,0.95,10000,55.7395710945,5000,-1,50,0.05,0.1],[5,525,24.8655729497,-1.1344270503,[7,3,2,1,9,9,5,0,6,6],"SA","rep",30,10,10,0.95,10000,55.5603663921,5000,-1,50,0.05,0.1],[5,540,24.8655729497,-1.1344270503,[7,3,2,1,9,9,5,0,6,6],"SA","rep",30,10,10,0.95,10000,55.5184285641,5000,-1,50,0.05,0.1],[5,555,24.8655729497,-1.1344270503,[7,3,2,1,9,9,5,0,6,6],"SA","rep",30,10,10,0.95,10000,55.5524742603,5000,-1,50,0.05,0.1],[5,570,24.8655729497,-1.1344270503,[7,3,2,1,9,9,5,0,6,6],"SA","rep",30,10,10,0.95,10000,55.5190784931,5000,-1,50,0.05,0.1],[5,585,24.8655729497,-1.1344270503,[7,3,2,1,9,9,5,0,6,6],"SA","rep",30,10,10,0.95,10000,55.6437397003,5000,-1,50,0.05,0.1],[5,600,24.8655729497,-1.1344270503,[7,3,2,1,9,9,5,0,6,6],"SA","rep",30,10,10,0.95,10000,57.0654578209,5000,-1,50,0.05,0.1],[5,615,24.8655729497,-1.1344270503,[7,3,2,1,9,9,5,0,6,6],"SA","rep",30,10,10,0.95,10000,59.5157473087,5000,-1,50,0.05,0.1],[5,630,24.8655729497,-1.1344270503,[7,3,2,1,9,9,5,0,6,6],"SA","rep",30,10,10,0.95,10000,59.4769127369,5000,-1,50,0.05,0.1],[5,645,24.8655729497,-1.1344270503,[7,3,2,1,9,9,5,0,6,6],"SA","rep",30,10,10,0.95,10000,59.478962183,5000,-1,50,0.05,0.1],[5,660,24.8655729497,-1.1344270503,[7,3,2,1,9,9,5,0,6,6],"SA","rep",30,10,10,0.95,10000,59.3956842422,5000,-1,50,0.05,0.1],[5,675,24.8655729497,-1.1344270503,[7,3,2,1,9,9,5,0,6,6],"SA","rep",30,10,10,0.95,10000,62.3302352428,5000,-1,50,0.05,0.1],[5,690,24.8655729497,-1.1344270503,[7,3,2,1,9,9,5,0,6,6],"SA","rep",30,10,10,0.95,10000,59.3304367065,5000,-1,50,0.05,0.1],[5,705,24.8655729497,-1.1344270503,[7,3,2,1,9,9,5,0,6,6],"SA","rep",30,10,10,0.95,10000,59.2999243736,5000,-1,50,0.05,0.1],[5,720,24.8655729497,-1.1344270503,[7,3,2,1,9,9,5,0,6,6],"SA","rep",30,10,10,0.95,10000,59.4114761353,5000,-1,50,0.05,0.1],[5,735,24.8655729497,-1.1344270503,[7,3,2,1,9,9,5,0,6,6],"SA","rep",30,10,10,0.95,10000,59.3861439228,5000,-1,50,0.05,0.1],[5,750,24.8655729497,-1.1344270503,[7,3,2,1,9,9,5,0,6,6],"SA","rep",30,10,10,0.95,10000,59.315885067,5000,-1,50,0.05,0.1],[5,765,24.8655729497,-1.1344270503,[7,3,2,1,9,9,5,0,6,6],"SA","rep",30,10,10,0.95,10000,55.5412840843,5000,-1,50,0.05,0.1],[5,780,24.8655729497,-1.1344270503,[7,3,2,1,9,9,5,0,6,6],"SA","rep",30,10,10,0.95,10000,59.8070964813,5000,-1,50,0.05,0.1],[5,795,24.8655729497,-1.1344270503,[7,3,2,1,9,9,5,0,6,6],"SA","rep",30,10,10,0.95,10000,59.6718053818,5000,-1,50,0.05,0.1],[5,810,24.8655729497,-1.1344270503,[7,3,2,1,9,9,5,0,6,6],"SA","rep",30,10,10,0.95,10000,59.8799962997,5000,-1,50,0.05,0.1],[5,825,24.8655729497,-1.1344270503,[7,3,2,1,9,9,5,0,6,6],"SA","rep",30,10,10,0.95,10000,59.5985069275,5000,-1,50,0.05,0.1],[5,840,24.8655729497,-1.1344270503,[7,3,2,1,9,9,5,0,6,6],"SA","rep",30,10,10,0.95,10000,59.4916043282,5000,-1,50,0.05,0.1],[5,855,24.8655729497,-1.1344270503,[7,3,2,1,9,9,5,0,6,6],"SA","rep",30,10,10,0.95,10000,59.5720834732,5000,-1,50,0.05,0.1],[5,870,24.8655729497,-1.1344270503,[7,3,2,1,9,9,5,0,6,6],"SA","rep",30,10,10,0.95,10000,59.5863142014,5000,-1,50,0.05,0.1],[5,885,24.8655729497,-1.1344270503,[7,3,2,1,9,9,5,0,6,6],"SA","rep",30,10,10,0.95,10000,59.5816493034,5000,-1,50,0.05,0.1],[5,900,24.8655729497,-1.1344270503,[7,3,2,1,9,9,5,0,6,6],"SA","rep",30,10,10,0.95,10000,59.5189096928,5000,-1,50,0.05,0.1],[5,915,24.8655729497,-1.1344270503,[7,3,2,1,9,9,5,0,6,6],"SA","rep",30,10,10,0.95,10000,59.6761479378,5000,-1,50,0.05,0.1],[5,930,24.8655729497,-1.1344270503,[7,3,2,1,9,9,5,0,6,6],