{"columns":["ite","time","q","scaled_eu","z","solver","attacker","|Q|","|X|","|T|","rho","k","utility_time","RS_iters","mcts_iters","sa_iters","eps","lr"],"index":[0,1,2,3,4,5,6,7,8,9,10,11,12,13,14,15,16,17,18,19,20,21,22,23,24,25,26,27,28,29,30,31,32,33,34,35,36,37,38,39,40,41,42,43,44,45,46,47,48,49,50,51,52,53,54,55,56,57,58,59,60,61,62,63,64,65,66,67,68,69,70,71,72,73,74,75,76,77,78,79],"data":[[3,15,19.8091564874,-6.1908435126,[2,3,0,4,9,9,5,1,1,7],"SA","rep",30,10,10,0.95,10000,60.4808192253,5000,-1,50,0.05,0.1],[3,30,19.8091564874,-6.1908435126,[2,3,4,1,9,9,5,0,1,7],"SA","rep",30,10,10,0.95,10000,60.7405996323,5000,-1,50,0.05,0.1],[3,45,22.6721531722,-3.3278468278,[2,3,3,1,9,9,5,0,9,6],"SA","rep",30,10,10,0.95,10000,60.3841626644,5000,-1,50,0.05,0.1],[3,60,22.6721531722,-3.3278468278,[2,3,3,1,9,9,5,0,9,6],"SA","rep",30,10,10,0.95,10000,60.4325523376,5000,-1,50,0.05,0.1],[3,75,22.6721531722,-3.3278468278,[2,3,3,1,9,9,5,0,9,6],"SA","rep",30,10,10,0.95,10000,60.5685486794,5000,-1,50,0.05,0.1],[3,90,22.6721531722,-3.3278468278,[2,3,3,1,9,9,5,0,9,6],"SA","rep",30,10,10,0.95,10000,60.597645998,5000,-1,50,0.05,0.1],[3,105,22.6721531722,-3.3278468278,[2,3,3,1,9,9,5,0,9,6],"SA","rep",30,10,10,0.95,10000,60.6555433273,5000,-1,50,0.05,0.1],[3,120,22.6721531722,-3.3278468278,[2,3,3,1,9,9,5,0,9,6],"SA","rep",30,10,10,0.95,10000,60.5876979828,5000,-1,50,0.05,0.1],[3,135,22.6721531722,-3.3278468278,[2,3,3,1,9,9,5,0,9,6],"SA","rep",30,10,10,0.95,10000,60.6520926952,5000,-1,50,0.05,0.1],[3,150,22.6721531722,-3.3278468278,[2,3,3,1,9,9,5,0,9,6],"SA","rep",30,10,10,0.95,10000,60.6713607311,5000,-1,50,0.05,0.1],[3,165,22.6721531722,-3.3278468278,[2,3,3,1,9,9,5,0,9,6],"SA","rep",30,10,10,0.95,10000,60.5984561443,5000,-1,50,0.05,0.1],[3,180,22.6721531722,-3.3278468278,[2,3,3,1,9,9,5,0,9,6],"SA","rep",30,10,10,0.95,10000,60.5897681713,5000,-1,50,0.05,0.1],[3,195,24.7685871973,-1.2314128027,[7,3,2,1,9,9,5,0,2,6],"SA","rep",30,10,10,0.95,10000,60.8393461704,5000,-1,50,0.05,0.1],[3,210,24.7685871973,-1.2314128027,[7,3,2,1,9,9,5,0,1,6],"SA","rep",30,10,10,0.95,10000,60.7092936039,5000,-1,50,0.05,0.1],[3,225,24.8222167272,-1.1777832728,[7,3,2,1,9,9,5,0,1,6],"SA","rep",30,10,10,0.95,10000,60.6901803017,5000,-1,50,0.05,0.1],[3,240,24.8222167272,-1.1777832728,[7,3,2,1,9,9,5,0,6,6],"SA","rep",30,10,10,0.95,10000,60.8323674202,5000,-1,50,0.05,0.1],[3,255,24.8222167272,-1.1777832728,[7,3,2,1,9,9,5,0,6,6],"SA","rep",30,10,10,0.95,10000,60.7783887386,5000,-1,50,0.05,0.1],[3,270,24.8222167272,-1.1777832728,[7,3,2,1,9,9,5,0,6,6],"SA","rep",30,10,10,0.95,10000,60.8112812042,5000,-1,50,0.05,0.1],[3,285,24.8222167272,-1.1777832728,[7,3,2,1,9,9,5,0,6,6],"SA","rep",30,10,10,0.95,10000,60.7929737568,5000,-1,50,0.05,0.1],[3,300,24.8222167272,-1.1777832728,[7,3,2,1,9,9,5,0,6,6],"SA","rep",30,10,10,0.95,10000,60.7594466209,5000,-1,50,0.05,0.1],[3,315,24.8222167272,-1.1777832728,[7,3,2,1,9,9,5,0,6,6],"SA","rep",30,10,10,0.95,10000,60.9601559639,5000,-1,50,0.05,0.1],[3,330,24.8222167272,-1.1777832728,[7,3,2,1,9,9,5,0,6,6],"SA","rep",30,10,10,0.95,10000,60.8528523445,5000,-1,50,0.05,0.1],[3,345,24.8550990012,-1.1449009988,[7,3,2,1,9,9,5,0,6,6],"SA","rep",30,10,10,0.95,10000,60.7777028084,5000,-1,50,0.05,0.1],[3,360,24.8550990012,-1.1449009988,[7,3,2,1,9,9,5,0,6,6],"SA","rep",30,10,10,0.95,10000,60.7527115345,5000,-1,50,0.05,0.1],[3,375,24.8550990012,-1.1449009988,[7,3,2,1,9,9,5,0,6,6],"SA","rep",30,10,10,0.95,10000,60.8185791969,5000,-1,50,0.05,0.1],[3,390,24.8550990012,-1.1449009988,[7,3,2,1,9,9,5,0,6,6],"SA","rep",30,10,10,0.95,10000,60.8222229481,5000,-1,50,0.05,0.1],[3,405,24.8550990012,-1.1449009988,[7,3,2,1,9,9,5,0,6,6],"SA","rep",30,10,10,0.95,10000,60.7974784374,5000,-1,50,0.05,0.1],[3,420,24.8550990012,-1.1449009988,[7,3,2,1,9,9,5,0,6,6],"SA","rep",30,10,10,0.95,10000,60.8483753204,5000,-1,50,0.05,0.1],[3,435,24.8550990012,-1.1449009988,[7,3,2,1,9,9,5,0,6,6],"SA","rep",30,10,10,0.95,10000,60.760376215,5000,-1,50,0.05,0.1],[3,450,24.8550990012,-1.1449009988,[7,3,2,1,9,9,5,0,6,6],"SA","rep",30,10,10,0.95,10000,60.5189342499,5000,-1,50,0.05,0.1],[3,465,24.8550990012,-1.1449009988,[7,3,2,1,9,9,5,0,6,6],"SA","rep",30,10,10,0.95,10000,60.6093080044,5000,-1,50,0.05,0.1],[3,480,24.8550990012,-1.1449009988,[7,3,2,1,9,9,5,0,6,6],"SA","rep",30,10,10,0.95,10000,60.8723654747,5000,-1,50,0.05,0.1],[3,495,24.8550990012,-1.1449009988,[7,3,2,1,9,9,5,0,6,6],"SA","rep",30,10,10,0.95,10000,60.7208881378,5000,-1,50,0.05,0.1],[3,510,24.8550990012,-1.1449009988,[7,3,2,1,9,9,5,0,6,6],"SA","rep",30,10,10,0.95,10000,60.8667371273,5000,-1,50,0.05,0.1],[3,525,24.8550990012,-1.1449009988,[7,3,2,1,9,9,5,0,6,6],"SA","rep",30,10,10,0.95,10000,60.5174808502,5000,-1,50,0.05,0.1],[3,540,24.8550990012,-1.1449009988,[7,3,2,1,9,9,5,0,6,6],"SA","rep",30,10,10,0.95,10000,60.5457408428,5000,-1,50,0.05,0.1],[3,555,24.8550990012,-1.1449009988,[7,3,2,1,9,9,5,0,6,6],"SA","rep",30,10,10,0.95,10000,60.4918997288,5000,-1,50,0.05,0.1],[3,570,24.8550990012,-1.1449009988,[7,3,2,1,9,9,5,0,6,6],"SA","rep",30,10,10,0.95,10000,60.6078231335,5000,-1,50,0.05,0.1],[3,585,24.8550990012,-1.1449009988,[7,3,2,1,9,9,5,0,6,6],"SA","rep",30,10,10,0.95,10000,60.918844223,5000,-1,50,0.05,0.1],[3,600,24.8550990012,-1.1449009988,[7,3,2,1,9,9,5,0,6,6],"SA","rep",30,10,10,0.95,10000,60.8393390179,5000,-1,50,0.05,0.1],[3,615,24.8550990012,-1.1449009988,[7,3,2,1,9,9,5,0,6,6],"SA","rep",30,10,10,0.95,10000,60.7340893745,5000,-1,50,0.05,0.1],[3,630,24.8550990012,-1.1449009988,[7,3,2,1,9,9,5,0,6,6],"SA","rep",30,10,10,0.95,10000,60.8022429943,5000,-1,50,0.05,0.1],[3,645,24.8550990012,-1.1449009988,[7,3,2,1,9,9,5,0,6,6],"SA","rep",30,10,10,0.95,10000,60.7760336399,5000,-1,50,0.05,0.1],[3,660,24.8550990012,-1.1449009988,[7,3,2,1,9,9,5,0,6,6],"SA","rep",30,10,10,0.95,10000,60.6474659443,5000,-1,50,0.05,0.1],[3,675,24.8550990012,-1.1449009988,[7,3,2,1,9,9,5,0,6,6],"SA","rep",30,10,10,0.95,10000,60.6084570885,5000,-1,50,0.05,0.1],[3,690,24.8550990012,-1.1449009988,[7,3,2,1,9,9,5,0,6,6],"SA","rep",30,10,10,0.95,10000,60.5215148926,5000,-1,50,0.05,0.1],[3,705,24.8550990012,-1.1449009988,[7,3,2,1,9,9,5,0,6,6],"SA","rep",30,10,10,0.95,10000,60.570155859,5000,-1,50,0.05,0.1],[3,720,24.8550990012,-1.1449009988,[7,3,2,1,9,9,5,0,6,6],"SA","rep",30,10,10,0.95,10000,60.6096594334,5000,-1,50,0.05,0.1],[3,735,24.8550990012,-1.1449009988,[7,3,2,1,9,9,5,0,6,6],"SA","rep",30,10,10,0.95,10000,60.6827430725,5000,-1,50,0.05,0.1],[3,750,24.8550990012,-1.1449009988,[7,3,2,1,9,9,5,0,6,6],"SA","rep",30,10,10,0.95,10000,60.6300110817,5000,-1,50,0.05,0.1],[3,765,24.8550990012,-1.1449009988,[7,3,2,1,9,9,5,0,6,6],"SA","rep",30,10,10,0.95,10000,60.6499323845,5000,-1,50,0.05,0.1],[3,780,24.8550990012,-1.1449009988,[7,3,2,1,9,9,5,0,6,6],"SA","rep",30,10,10,0.95,10000,60.632017374,5000,-1,50,0.05,0.1],[3,795,24.8550990012,-1.1449009988,[7,3,2,1,9,9,5,0,6,6],"SA","rep",30,10,10,0.95,10000,60.6235878468,5000,-1,50,0.05,0.1],[3,810,24.8550990012,-1.1449009988,[7,3,2,1,9,9,5,0,6,6],"SA","rep",30,10,10,0.95,10000,75.7888519764,5000,-1,50,0.05,0.1],[3,825,24.8550990012,-1.1449009988,[7,3,2,1,9,9,5,0,6,6],"SA","rep",30,10,10,0.95,10000,60.6354231834,5000,-1,50,0.05,0.1],[3,840,24.8550990012,-1.1449009988,[7,3,2,1,9,9,5,0,6,6],"SA","rep",30,10,10,0.95,10000,60.6301248074,5000,-1,50,0.05,0.1],[3,855,24.8550990012,-1.1449009988,[7,3,2,1,9,9,5,0,6,6],"SA","rep",30,10,10,0.95,10000,60.7698523998,5000,-1,50,0.05,0.1],[3,870,24.8550990012,-1.1449009988,[7,3,2,1,9,9,5,0,6,6],"SA","rep",30,10,10,0.95,10000,60.6847150326,5000,-1,50,0.05,0.1],[3,885,24.8550990012,-1.1449009988,[7,3,2,1,9,9,5,0,6,6],"SA","rep",30,10,10,0.95,10000,60.830978632,5000,-1,50,0.05,0.1],[3,900,24.8550990012,-1.1449009988,[7,3,2,1,9,9,5,0,6,6],"SA","rep",30,10,10,0.95,10000,60.7011947632,5000,-1,50,0.05,0.1],[3,915,24.8550990012,-1.1449009988,[7,3,2,1,9,9,5,0,6,6],"SA","rep",30,10,10,0.95,10000,70.6627383232,5000,-1,50,0.05,0.1],[3,930,24.8550990012,-1.1449009988,[7,3,2,1,9,9,5,0,6,6],