{"columns":["ite","time","q","scaled_eu","z","solver","attacker","|Q|","|X|","|T|","rho","k","utility_time","RS_iters","mcts_iters","sa_iters","eps","lr"],"index":[0,1,2,3,4,5,6,7,8,9,10,11,12,13,14,15,16,17,18,19,20,21,22,23,24,25,26,27,28,29,30,31,32,33,34,35,36,37,38,39,40,41,42,43,44,45,46,47,48,49,50,51,52,53,54,55,56,57,58,59,60,61,62,63,64,65,66,67,68,69,70,71,72,73,74,75,76,77,78,79],"data":[[0,15,17.8507500691,-8.1492499309,[4,3,2,5,6,5,4,4,6,3],"SA","rep",30,10,10,0.95,10000,59.8743212223,5000,-1,50,0.05,0.1],[0,30,18.8011183322,-7.1988816678,[7,7,2,6,2,3,9,7,3,6],"SA","rep",30,10,10,0.95,10000,59.8600344658,5000,-1,50,0.05,0.1],[0,45,18.8011183322,-7.1988816678,[7,3,5,1,1,3,7,5,3,6],"SA","rep",30,10,10,0.95,10000,59.6290225983,5000,-1,50,0.05,0.1],[0,60,19.7658560915,-6.2341439085,[9,0,2,8,7,2,5,0,3,6],"SA","rep",30,10,10,0.95,10000,59.9953734875,5000,-1,50,0.05,0.1],[0,75,20.8548839167,-5.1451160833,[7,0,2,1,2,5,5,5,1,6],"SA","rep",30,10,10,0.95,10000,59.9456100464,5000,-1,50,0.05,0.1],[0,90,22.8609671866,-3.1390328134,[7,9,9,1,9,9,5,0,6,6],"SA","rep",30,10,10,0.95,10000,59.8388178349,5000,-1,50,0.05,0.1],[0,105,22.8609671866,-3.1390328134,[7,9,2,1,9,9,5,0,6,6],"SA","rep",30,10,10,0.95,10000,59.9000518322,5000,-1,50,0.05,0.1],[0,120,22.8609671866,-3.1390328134,[7,3,2,1,9,9,5,0,9,6],"SA","rep",30,10,10,0.95,10000,59.8897266388,5000,-1,50,0.05,0.1],[0,135,22.8609671866,-3.1390328134,[7,3,2,1,9,9,5,0,9,6],"SA","rep",30,10,10,0.95,10000,60.0367040634,5000,-1,50,0.05,0.1],[0,150,22.8609671866,-3.1390328134,[7,3,2,1,9,9,5,0,9,6],"SA","rep",30,10,10,0.95,10000,60.0377688408,5000,-1,50,0.05,0.1],[0,165,24.8169310607,-1.1830689393,[7,3,2,1,9,9,5,0,1,6],"SA","rep",30,10,10,0.95,10000,59.8795454502,5000,-1,50,0.05,0.1],[0,180,24.8541626516,-1.1458373484,[7,3,2,1,9,9,5,0,6,6],"SA","rep",30,10,10,0.95,10000,59.9980802536,5000,-1,50,0.05,0.1],[0,195,24.8541626516,-1.1458373484,[7,3,2,1,9,9,5,0,6,6],"SA","rep",30,10,10,0.95,10000,59.8856778145,5000,-1,50,0.05,0.1],[0,210,24.8541626516,-1.1458373484,[7,3,2,1,9,9,5,0,6,6],"SA","rep",30,10,10,0.95,10000,60.1144959927,5000,-1,50,0.05,0.1],[0,225,24.8541626516,-1.1458373484,[7,3,2,1,9,9,5,0,6,6],"SA","rep",30,10,10,0.95,10000,60.122988224,5000,-1,50,0.05,0.1],[0,240,24.8541626516,-1.1458373484,[7,3,2,1,9,9,5,0,6,6],"SA","rep",30,10,10,0.95,10000,60.2770087719,5000,-1,50,0.05,0.1],[0,255,24.8541626516,-1.1458373484,[7,3,2,1,9,9,5,0,6,6],"SA","rep",30,10,10,0.95,10000,60.3062438965,5000,-1,50,0.05,0.1],[0,270,24.8607850215,-1.1392149785,[7,3,2,1,9,9,5,0,6,6],"SA","rep",30,10,10,0.95,10000,60.2050161362,5000,-1,50,0.05,0.1],[0,285,24.8607850215,-1.1392149785,[7,3,2,1,9,9,5,0,6,6],"SA","rep",30,10,10,0.95,10000,60.3530108929,5000,-1,50,0.05,0.1],[0,300,24.8607850215,-1.1392149785,[7,3,2,1,9,9,5,0,6,6],"SA","rep",30,10,10,0.95,10000,60.1542980671,5000,-1,50,0.05,0.1],[0,315,24.8607850215,-1.1392149785,[7,3,2,1,9,9,5,0,6,6],"SA","rep",30,10,10,0.95,10000,60.1833479404,5000,-1,50,0.05,0.1],[0,330,24.8607850215,-1.1392149785,[7,3,2,1,9,9,5,0,6,6],"SA","rep",30,10,10,0.95,10000,60.2163529396,5000,-1,50,0.05,0.1],[0,345,24.8672539302,-1.1327460698,[7,3,2,1,9,9,5,0,6,6],"SA","rep",30,10,10,0.95,10000,60.0719358921,5000,-1,50,0.05,0.1],[0,360,24.8672539302,-1.1327460698,[7,3,2,1,9,9,5,0,6,6],"SA","rep",30,10,10,0.95,10000,60.1950154305,5000,-1,50,0.05,0.1],[0,375,24.8672539302,-1.1327460698,[7,3,2,1,9,9,5,0,6,6],"SA","rep",30,10,10,0.95,10000,60.262450695,5000,-1,50,0.05,0.1],[0,390,24.8672539302,-1.1327460698,[7,3,2,1,9,9,5,0,6,6],"SA","rep",30,10,10,0.95,10000,60.1380422115,5000,-1,50,0.05,0.1],[0,405,24.8672539302,-1.1327460698,[7,3,2,1,9,9,5,0,6,6],"SA","rep",30,10,10,0.95,10000,60.1731302738,5000,-1,50,0.05,0.1],[0,420,24.8672539302,-1.1327460698,[7,3,2,1,9,9,5,0,6,6],"SA","rep",30,10,10,0.95,10000,59.9448378086,5000,-1,50,0.05,0.1],[0,435,24.8672539302,-1.1327460698,[7,3,2,1,9,9,5,0,6,6],"SA","rep",30,10,10,0.95,10000,59.7922887802,5000,-1,50,0.05,0.1],[0,450,24.8672539302,-1.1327460698,[7,3,2,1,9,9,5,0,6,6],"SA","rep",30,10,10,0.95,10000,59.9197759628,5000,-1,50,0.05,0.1],[0,465,24.8672539302,-1.1327460698,[7,3,2,1,9,9,5,0,6,6],"SA","rep",30,10,10,0.95,10000,59.7484440804,5000,-1,50,0.05,0.1],[0,480,24.8672539302,-1.1327460698,[7,3,2,1,9,9,5,0,6,6],"SA","rep",30,10,10,0.95,10000,59.8264546394,5000,-1,50,0.05,0.1],[0,495,24.8672539302,-1.1327460698,[7,3,2,1,9,9,5,0,6,6],"SA","rep",30,10,10,0.95,10000,59.9319858551,5000,-1,50,0.05,0.1],[0,510,24.8672539302,-1.1327460698,[7,3,2,1,9,9,5,0,6,6],"SA","rep",30,10,10,0.95,10000,59.7842307091,5000,-1,50,0.05,0.1],[0,525,24.8672539302,-1.1327460698,[7,3,2,1,9,9,5,0,6,6],"SA","rep",30,10,10,0.95,10000,59.8083636761,5000,-1,50,0.05,0.1],[0,540,24.8672539302,-1.1327460698,[7,3,2,1,9,9,5,0,6,6],"SA","rep",30,10,10,0.95,10000,59.8494868279,5000,-1,50,0.05,0.1],[0,555,24.8672539302,-1.1327460698,[7,3,2,1,9,9,5,0,6,6],"SA","rep",30,10,10,0.95,10000,59.8131754398,5000,-1,50,0.05,0.1],[0,570,24.8672539302,-1.1327460698,[7,3,2,1,9,9,5,0,6,6],"SA","rep",30,10,10,0.95,10000,59.892544508,5000,-1,50,0.05,0.1],[0,585,24.8672539302,-1.1327460698,[7,3,2,1,9,9,5,0,6,6],"SA","rep",30,10,10,0.95,10000,59.8539779186,5000,-1,50,0.05,0.1],[0,600,24.8672539302,-1.1327460698,[7,3,2,1,9,9,5,0,6,6],"SA","rep",30,10,10,0.95,10000,59.7219548225,5000,-1,50,0.05,0.1],[0,615,24.8672539302,-1.1327460698,[7,3,2,1,9,9,5,0,6,6],"SA","rep",30,10,10,0.95,10000,59.7844552994,5000,-1,50,0.05,0.1],[0,630,24.8672539302,-1.1327460698,[7,3,2,1,9,9,5,0,6,6],"SA","rep",30,10,10,0.95,10000,59.5439476967,5000,-1,50,0.05,0.1],[0,645,24.8672539302,-1.1327460698,[7,3,2,1,9,9,5,0,6,6],"SA","rep",30,10,10,0.95,10000,59.6017868519,5000,-1,50,0.05,0.1],[0,660,24.8672539302,-1.1327460698,[7,3,2,1,9,9,5,0,6,6],"SA","rep",30,10,10,0.95,10000,59.7643239498,5000,-1,50,0.05,0.1],[0,675,24.8672539302,-1.1327460698,[7,3,2,1,9,9,5,0,6,6],"SA","rep",30,10,10,0.95,10000,59.6595330238,5000,-1,50,0.05,0.1],[0,690,24.8672539302,-1.1327460698,[7,3,2,1,9,9,5,0,6,6],"SA","rep",30,10,10,0.95,10000,59.6259868145,5000,-1,50,0.05,0.1],[0,705,24.8672539302,-1.1327460698,[7,3,2,1,9,9,5,0,6,6],"SA","rep",30,10,10,0.95,10000,59.8087172508,5000,-1,50,0.05,0.1],[0,720,24.8672539302,-1.1327460698,[7,3,2,1,9,9,5,0,6,6],"SA","rep",30,10,10,0.95,10000,59.718996048,5000,-1,50,0.05,0.1],[0,735,24.8672539302,-1.1327460698,[7,3,2,1,9,9,5,0,6,6],"SA","rep",30,10,10,0.95,10000,59.8324136734,5000,-1,50,0.05,0.1],[0,750,24.8672539302,-1.1327460698,[7,3,2,1,9,9,5,0,6,6],"SA","rep",30,10,10,0.95,10000,59.7840988636,5000,-1,50,0.05,0.1],[0,765,24.8672539302,-1.1327460698,[7,3,2,1,9,9,5,0,6,6],"SA","rep",30,10,10,0.95,10000,59.8090186119,5000,-1,50,0.05,0.1],[0,780,24.8672539302,-1.1327460698,[7,3,2,1,9,9,5,0,6,6],"SA","rep",30,10,10,0.95,10000,59.6794569492,5000,-1,50,0.05,0.1],[0,795,24.8672539302,-1.1327460698,[7,3,2,1,9,9,5,0,6,6],"SA","rep",30,10,10,0.95,10000,59.7641191483,5000,-1,50,0.05,0.1],[0,810,24.8672539302,-1.1327460698,[7,3,2,1,9,9,5,0,6,6],"SA","rep",30,10,10,0.95,10000,59.8283174038,5000,-1,50,0.05,0.1],[0,825,24.8672539302,-1.1327460698,[7,3,2,1,9,9,5,0,6,6],"SA","rep",30,10,10,0.95,10000,59.8036906719,5000,-1,50,0.05,0.1],[0,840,24.8672539302,-1.1327460698,[7,3,2,1,9,9,5,0,6,6],"SA","rep",30,10,10,0.95,10000,59.7861809731,5000,-1,50,0.05,0.1],[0,855,24.8672539302,-1.1327460698,[7,3,2,1,9,9,5,0,6,6],"SA","rep",30,10,10,0.95,10000,59.8141918182,5000,-1,50,0.05,0.1],[0,870,24.8672539302,-1.1327460698,[7,3,2,1,9,9,5,0,6,6],"SA","rep",30,10,10,0.95,10000,59.9275534153,5000,-1,50,0.05,0.1],[0,885,24.8672539302,-1.1327460698,[7,3,2,1,9,9,5,0,6,6],"SA","rep",30,10,10,0.95,10000,59.7937066555,5000,-1,50,0.05,0.1],[0,900,24.8672539302,-1.1327460698,[7,3,2,1,9,9,5,0,6,6],"SA","rep",30,10,10,0.95,10000,59.8985481262,5000,-1,50,0.05,0.1],[0,915,24.8672539302,-1.1327460698,[7,3,2,1,9,9,5,0,6,6],"SA","rep",30,10,10,0.95,10000,60.0333354473,5000,-1,50,0.05,0.1],[0,930,24.8672539302,-1.1327460698,[7,3,2,1,9,9,5,0,6,6],