{"columns":["ite","time","q","scaled_eu","z","solver","attacker","|Q|","|X|","|T|","rho","k","utility_time","RS_iters","mcts_iters","sa_iters","eps","lr"],"index":[0,1,2,3,4,5,6,7,8,9,10,11,12,13,14,15,16,17,18,19,20,21,22,23,24,25,26,27,28,29,30,31,32,33,34,35,36,37,38,39,40,41,42,43,44,45,46,47,48,49,50,51,52,53,54,55,56,57,58,59,60,61,62,63,64,65,66,67,68,69,70,71,72,73,74,75,76,77,78,79],"data":[[2,15,15.4750426654,-10.5249573346,[8,2,9,0,4,3,1,3,5,7],"SA","rep",30,10,10,0.95,10000,60.2699511051,5000,-1,50,0.05,0.1],[2,30,16.3306090462,-9.6693909538,[6,8,9,5,5,3,5,9,5,5],"SA","rep",30,10,10,0.95,10000,60.2238082886,5000,-1,50,0.05,0.1],[2,45,16.7598223661,-9.2401776339,[0,7,3,5,7,6,5,4,3,5],"SA","rep",30,10,10,0.95,10000,67.2432954311,5000,-1,50,0.05,0.1],[2,60,16.840621865,-9.159378135,[5,8,1,5,4,3,5,9,6,5],"SA","rep",30,10,10,0.95,10000,60.1599397659,5000,-1,50,0.05,0.1],[2,75,18.4730229769,-7.5269770231,[3,7,2,4,9,5,5,9,5,4],"SA","rep",30,10,10,0.95,10000,60.113011837,5000,-1,50,0.05,0.1],[2,90,18.4730229769,-7.5269770231,[4,3,2,7,9,5,5,3,4,4],"SA","rep",30,10,10,0.95,10000,60.166939497,5000,-1,50,0.05,0.1],[2,105,18.4730229769,-7.5269770231,[4,3,2,7,9,5,5,0,4,1],"SA","rep",30,10,10,0.95,10000,60.2672851086,5000,-1,50,0.05,0.1],[2,120,20.8612542795,-5.1387457205,[6,3,2,1,5,1,5,0,6,4],"SA","rep",30,10,10,0.95,10000,60.103102684,5000,-1,50,0.05,0.1],[2,135,21.8159144003,-4.1840855997,[7,0,2,0,9,7,5,0,1,6],"SA","rep",30,10,10,0.95,10000,60.0964221954,5000,-1,50,0.05,0.1],[2,150,23.7770982069,-2.2229017931,[7,3,2,3,9,9,5,0,3,6],"SA","rep",30,10,10,0.95,10000,60.20038414,5000,-1,50,0.05,0.1],[2,165,24.7719206881,-1.2280793119,[7,3,2,1,9,9,5,0,3,6],"SA","rep",30,10,10,0.95,10000,60.6005580425,5000,-1,50,0.05,0.1],[2,180,24.8608629025,-1.1391370975,[7,3,2,1,9,9,5,0,6,6],"SA","rep",30,10,10,0.95,10000,60.5166840553,5000,-1,50,0.05,0.1],[2,195,24.865646947,-1.134353053,[7,3,2,1,9,9,5,0,6,6],"SA","rep",30,10,10,0.95,10000,60.5562901497,5000,-1,50,0.05,0.1],[2,210,24.865646947,-1.134353053,[7,3,2,1,9,9,5,0,6,6],"SA","rep",30,10,10,0.95,10000,60.5200233459,5000,-1,50,0.05,0.1],[2,225,24.865646947,-1.134353053,[7,3,2,1,9,9,5,0,6,6],"SA","rep",30,10,10,0.95,10000,60.3391609192,5000,-1,50,0.05,0.1],[2,240,24.865646947,-1.134353053,[7,3,2,1,9,9,5,0,6,6],"SA","rep",30,10,10,0.95,10000,60.4589972496,5000,-1,50,0.05,0.1],[2,255,24.865646947,-1.134353053,[7,3,2,1,9,9,5,0,6,6],"SA","rep",30,10,10,0.95,10000,60.5421705246,5000,-1,50,0.05,0.1],[2,270,24.865646947,-1.134353053,[7,3,2,1,9,9,5,0,6,6],"SA","rep",30,10,10,0.95,10000,60.4814972878,5000,-1,50,0.05,0.1],[2,285,24.865646947,-1.134353053,[7,3,2,1,9,9,5,0,6,6],"SA","rep",30,10,10,0.95,10000,60.6542351246,5000,-1,50,0.05,0.1],[2,300,24.865646947,-1.134353053,[7,3,2,1,9,9,5,0,6,6],"SA","rep",30,10,10,0.95,10000,60.5870740414,5000,-1,50,0.05,0.1],[2,315,24.865646947,-1.134353053,[7,3,2,1,9,9,5,0,6,6],"SA","rep",30,10,10,0.95,10000,60.444237709,5000,-1,50,0.05,0.1],[2,330,24.865646947,-1.134353053,[7,3,2,1,9,9,5,0,6,6],"SA","rep",30,10,10,0.95,10000,60.4925255775,5000,-1,50,0.05,0.1],[2,345,24.865646947,-1.134353053,[7,3,2,1,9,9,5,0,6,6],"SA","rep",30,10,10,0.95,10000,60.2818720341,5000,-1,50,0.05,0.1],[2,360,24.865646947,-1.134353053,[7,3,2,1,9,9,5,0,6,6],"SA","rep",30,10,10,0.95,10000,60.1412751675,5000,-1,50,0.05,0.1],[2,375,24.865646947,-1.134353053,[7,3,2,1,9,9,5,0,6,6],"SA","rep",30,10,10,0.95,10000,60.226020813,5000,-1,50,0.05,0.1],[2,390,24.865646947,-1.134353053,[7,3,2,1,9,9,5,0,6,6],"SA","rep",30,10,10,0.95,10000,60.3463070393,5000,-1,50,0.05,0.1],[2,405,24.865646947,-1.134353053,[7,3,2,1,9,9,5,0,6,6],"SA","rep",30,10,10,0.95,10000,60.1891818047,5000,-1,50,0.05,0.1],[2,420,24.865646947,-1.134353053,[7,3,2,1,9,9,5,0,6,6],"SA","rep",30,10,10,0.95,10000,60.28992939,5000,-1,50,0.05,0.1],[2,435,24.865646947,-1.134353053,[7,3,2,1,9,9,5,0,6,6],"SA","rep",30,10,10,0.95,10000,60.2493002415,5000,-1,50,0.05,0.1],[2,450,24.865646947,-1.134353053,[7,3,2,1,9,9,5,0,6,6],"SA","rep",30,10,10,0.95,10000,60.2525234222,5000,-1,50,0.05,0.1],[2,465,24.865646947,-1.134353053,[7,3,2,1,9,9,5,0,6,6],"SA","rep",30,10,10,0.95,10000,60.2440040112,5000,-1,50,0.05,0.1],[2,480,24.865646947,-1.134353053,[7,3,2,1,9,9,5,0,6,6],"SA","rep",30,10,10,0.95,10000,60.3434996605,5000,-1,50,0.05,0.1],[2,495,24.865646947,-1.134353053,[7,3,2,1,9,9,5,0,6,6],"SA","rep",30,10,10,0.95,10000,60.4776775837,5000,-1,50,0.05,0.1],[2,510,24.8696359114,-1.1303640886,[7,3,2,1,9,9,5,0,6,6],"SA","rep",30,10,10,0.95,10000,60.5527846813,5000,-1,50,0.05,0.1],[2,525,24.8696359114,-1.1303640886,[7,3,2,1,9,9,5,0,6,6],"SA","rep",30,10,10,0.95,10000,60.4424433708,5000,-1,50,0.05,0.1],[2,540,24.8696359114,-1.1303640886,[7,3,2,1,9,9,5,0,6,6],"SA","rep",30,10,10,0.95,10000,60.405765295,5000,-1,50,0.05,0.1],[2,555,24.8696359114,-1.1303640886,[7,3,2,1,9,9,5,0,6,6],"SA","rep",30,10,10,0.95,10000,60.605455637,5000,-1,50,0.05,0.1],[2,570,24.8696359114,-1.1303640886,[7,3,2,1,9,9,5,0,6,6],"SA","rep",30,10,10,0.95,10000,60.6023445129,5000,-1,50,0.05,0.1],[2,585,24.8696359114,-1.1303640886,[7,3,2,1,9,9,5,0,6,6],"SA","rep",30,10,10,0.95,10000,60.6014518738,5000,-1,50,0.05,0.1],[2,600,24.8696359114,-1.1303640886,[7,3,2,1,9,9,5,0,6,6],"SA","rep",30,10,10,0.95,10000,60.5599155426,5000,-1,50,0.05,0.1],[2,615,24.8696359114,-1.1303640886,[7,3,2,1,9,9,5,0,6,6],"SA","rep",30,10,10,0.95,10000,69.2919514179,5000,-1,50,0.05,0.1],[2,630,24.8696359114,-1.1303640886,[7,3,2,1,9,9,5,0,6,6],"SA","rep",30,10,10,0.95,10000,60.2844071388,5000,-1,50,0.05,0.1],[2,645,24.8696359114,-1.1303640886,[7,3,2,1,9,9,5,0,6,6],"SA","rep",30,10,10,0.95,10000,60.2571356297,5000,-1,50,0.05,0.1],[2,660,24.8696359114,-1.1303640886,[7,3,2,1,9,9,5,0,6,6],"SA","rep",30,10,10,0.95,10000,60.1895179749,5000,-1,50,0.05,0.1],[2,675,24.8696359114,-1.1303640886,[7,3,2,1,9,9,5,0,6,6],"SA","rep",30,10,10,0.95,10000,60.247081995,5000,-1,50,0.05,0.1],[2,690,24.8696359114,-1.1303640886,[7,3,2,1,9,9,5,0,6,6],"SA","rep",30,10,10,0.95,10000,60.2898590565,5000,-1,50,0.05,0.1],[2,705,24.8696359114,-1.1303640886,[7,3,2,1,9,9,5,0,6,6],"SA","rep",30,10,10,0.95,10000,60.2603387833,5000,-1,50,0.05,0.1],[2,720,24.8696359114,-1.1303640886,[7,3,2,1,9,9,5,0,6,6],"SA","rep",30,10,10,0.95,10000,60.240367651,5000,-1,50,0.05,0.1],[2,735,24.8744281117,-1.1255718883,[7,3,2,1,9,9,5,0,6,6],"SA","rep",30,10,10,0.95,10000,60.2532274723,5000,-1,50,0.05,0.1],[2,750,24.8744281117,-1.1255718883,[7,3,2,1,9,9,5,0,6,6],"SA","rep",30,10,10,0.95,10000,60.3066396713,5000,-1,50,0.05,0.1],[2,765,24.8744281117,-1.1255718883,[7,3,2,1,9,9,5,0,6,6],"SA","rep",30,10,10,0.95,10000,60.3486790657,5000,-1,50,0.05,0.1],[2,780,24.8744281117,-1.1255718883,[7,3,2,1,9,9,5,0,6,6],"SA","rep",30,10,10,0.95,10000,60.3970208168,5000,-1,50,0.05,0.1],[2,795,24.8744281117,-1.1255718883,[7,3,2,1,9,9,5,0,6,6],"SA","rep",30,10,10,0.95,10000,60.3487794399,5000,-1,50,0.05,0.1],[2,810,24.8744281117,-1.1255718883,[7,3,2,1,9,9,5,0,6,6],"SA","rep",30,10,10,0.95,10000,60.3741858006,5000,-1,50,0.05,0.1],[2,825,24.8744281117,-1.1255718883,[7,3,2,1,9,9,5,0,6,6],"SA","rep",30,10,10,0.95,10000,60.2700345516,5000,-1,50,0.05,0.1],[2,840,24.8744281117,-1.1255718883,[7,3,2,1,9,9,5,0,6,6],"SA","rep",30,10,10,0.95,10000,60.1248559952,5000,-1,50,0.05,0.1],[2,855,24.8744281117,-1.1255718883,[7,3,2,1,9,9,5,0,6,6],"SA","rep",30,10,10,0.95,10000,60.2417392731,5000,-1,50,0.05,0.1],[2,870,24.8744281117,-1.1255718883,[7,3,2,1,9,9,5,0,6,6],"SA","rep",30,10,10,0.95,10000,60.3639805317,5000,-1,50,0.05,0.1],[2,885,24.8744281117,-1.1255718883,[7,3,2,1,9,9,5,0,6,6],"SA","rep",30,10,10,0.95,10000,60.4144611359,5000,-1,50,0.05,0.1],[2,900,24.8744281117,-1.1255718883,[7,3,2,1,9,9,5,0,6,6],"SA","rep",30,10,10,0.95,10000,60.2859344482,5000,-1,50,0.05,0.1],[2,915,24.8744281117,-1.1255718883,[7,3,2,1,9,9,5,0,6,6],"SA","rep",30,10,10,0.95,10000,60.4271457195,5000,-1,50,0.05,0.1],[2,930,24.8744281117,-1.1255718883,[7,3,2,1,9,9,5,0,6,6],