w1_values,w2_values,res,z_star_arr
0.1,0.1,10.383307680832855,['40004']
30.05,0.1,10.807053866836679,['00000']
60.0,0.1,10.798828853882526,['00000']
0.1,30.05,0.0,['43534']
30.05,30.05,10.406471613078535,['40004']
60.0,30.05,10.402436708541245,['40004']
0.1,60.0,0.0,['43534']
30.05,60.0,10.450130927052468,['40004']
60.0,60.0,10.386808693335372,['40004']
