{"columns":["ite","time","q","scaled_eu","z","solver","attacker","|Q|","|X|","|T|","rho","k","utility_time","RS_iters","mcts_iters","sa_iters","eps","lr"],"index":[0,1,2,3,4,5,6,7,8,9,10,11,12,13,14,15,16,17,18,19,20,21,22,23,24,25,26,27,28,29,30,31,32,33,34,35,36,37,38,39,40,41,42,43,44,45,46,47,48,49,50,51,52,53,54,55,56,57,58,59,60,61,62,63,64,65,66,67,68,69,70,71,72,73,74,75,76,77,78,79],"data":[[1,15,28.202128676,-8.297871324,[4,2,6,3,3,1,7,0,7,5],"SA","pd",30,10,10,0.95,10000,50.0869464874,5000,-1,50,0.05,0.1],[1,30,28.202128676,-8.297871324,[7,1,2,0,8,6,7,8,3,6],"SA","pd",30,10,10,0.95,10000,50.2576067448,5000,-1,50,0.05,0.1],[1,45,30.0424486977,-6.4575513023,[4,3,8,4,9,6,5,8,1,2],"SA","pd",30,10,10,0.95,10000,50.0404171944,5000,-1,50,0.05,0.1],[1,60,34.1929967155,-2.3070032845,[7,6,2,9,9,6,5,0,6,6],"SA","pd",30,10,10,0.95,10000,50.0169725418,5000,-1,50,0.05,0.1],[1,75,34.1929967155,-2.3070032845,[7,6,2,9,9,6,5,0,6,6],"SA","pd",30,10,10,0.95,10000,50.1772482395,5000,-1,50,0.05,0.1],[1,90,35.3740152748,-1.1259847252,[7,3,2,1,9,8,5,0,9,6],"SA","pd",30,10,10,0.95,10000,50.1823458672,5000,-1,50,0.05,0.1],[1,105,35.3740152748,-1.1259847252,[7,3,2,1,9,6,5,0,6,6],"SA","pd",30,10,10,0.95,10000,50.1493456364,5000,-1,50,0.05,0.1],[1,120,35.3740152748,-1.1259847252,[7,3,2,1,9,6,5,0,6,6],"SA","pd",30,10,10,0.95,10000,52.3850429058,5000,-1,50,0.05,0.1],[1,135,35.3740152748,-1.1259847252,[7,3,2,1,9,6,5,0,6,6],"SA","pd",30,10,10,0.95,10000,50.1050872803,5000,-1,50,0.05,0.1],[1,150,35.3740152748,-1.1259847252,[7,3,2,1,9,6,5,0,6,6],"SA","pd",30,10,10,0.95,10000,50.1897428036,5000,-1,50,0.05,0.1],[1,165,36.6143956595,0.1143956595,[7,4,2,1,9,9,5,0,0,6],"SA","pd",30,10,10,0.95,10000,50.1613852978,5000,-1,50,0.05,0.1],[1,180,36.6143956595,0.1143956595,[7,4,2,1,9,9,5,0,0,6],"SA","pd",30,10,10,0.95,10000,50.0801405907,5000,-1,50,0.05,0.1],[1,195,37.6290821025,1.1290821025,[7,3,2,1,9,9,5,0,0,6],"SA","pd",30,10,10,0.95,10000,50.1989290714,5000,-1,50,0.05,0.1],[1,210,37.6290821025,1.1290821025,[7,3,2,1,9,9,5,0,0,6],"SA","pd",30,10,10,0.95,10000,53.645483017,5000,-1,50,0.05,0.1],[1,225,37.6290821025,1.1290821025,[7,3,2,1,9,9,5,0,0,6],"SA","pd",30,10,10,0.95,10000,58.4789037704,5000,-1,50,0.05,0.1],[1,240,37.6290821025,1.1290821025,[7,3,2,1,9,9,5,0,0,6],"SA","pd",30,10,10,0.95,10000,50.1596229076,5000,-1,50,0.05,0.1],[1,255,37.6290821025,1.1290821025,[7,3,2,1,9,9,5,0,0,6],"SA","pd",30,10,10,0.95,10000,76.1151821613,5000,-1,50,0.05,0.1],[1,270,37.6290821025,1.1290821025,[7,3,2,1,9,9,5,0,0,6],"SA","pd",30,10,10,0.95,10000,50.2745640278,5000,-1,50,0.05,0.1],[1,285,37.6295589432,1.1295589432,[7,3,2,1,9,9,5,0,0,6],"SA","pd",30,10,10,0.95,10000,50.2391757965,5000,-1,50,0.05,0.1],[1,300,37.6296748226,1.1296748226,[7,3,2,1,9,9,5,0,0,6],"SA","pd",30,10,10,0.95,10000,50.1601843834,5000,-1,50,0.05,0.1],[1,315,37.6296748226,1.1296748226,[7,3,2,1,9,9,5,0,0,6],"SA","pd",30,10,10,0.95,10000,50.3122746944,5000,-1,50,0.05,0.1],[1,330,37.6296748226,1.1296748226,[7,3,2,1,9,9,5,0,0,6],"SA","pd",30,10,10,0.95,10000,55.1752564907,5000,-1,50,0.05,0.1],[1,345,37.6296748226,1.1296748226,[7,3,2,1,9,9,5,0,0,6],"SA","pd",30,10,10,0.95,10000,50.5520119667,5000,-1,50,0.05,0.1],[1,360,37.6296748226,1.1296748226,[7,3,2,1,9,9,5,0,0,6],"SA","pd",30,10,10,0.95,10000,50.2692439556,5000,-1,50,0.05,0.1],[1,375,37.6296748226,1.1296748226,[7,3,2,1,9,9,5,0,0,6],"SA","pd",30,10,10,0.95,10000,50.2685372829,5000,-1,50,0.05,0.1],[1,390,37.6296748226,1.1296748226,[7,3,2,1,9,9,5,0,0,6],"SA","pd",30,10,10,0.95,10000,50.1962406635,5000,-1,50,0.05,0.1],[1,405,37.6296748226,1.1296748226,[7,3,2,1,9,9,5,0,0,6],"SA","pd",30,10,10,0.95,10000,50.2796037197,5000,-1,50,0.05,0.1],[1,420,37.6296748226,1.1296748226,[7,3,2,1,9,9,5,0,0,6],"SA","pd",30,10,10,0.95,10000,50.3129479885,5000,-1,50,0.05,0.1],[1,435,37.6296748226,1.1296748226,[7,3,2,1,9,9,5,0,0,6],"SA","pd",30,10,10,0.95,10000,50.1785550117,5000,-1,50,0.05,0.1],[1,450,37.6296748226,1.1296748226,[7,3,2,1,9,9,5,0,0,6],"SA","pd",30,10,10,0.95,10000,50.0753746033,5000,-1,50,0.05,0.1],[1,465,37.6296748226,1.1296748226,[7,3,2,1,9,9,5,0,0,6],"SA","pd",30,10,10,0.95,10000,50.1443767548,5000,-1,50,0.05,0.1],[1,480,37.6296748226,1.1296748226,[7,3,2,1,9,9,5,0,0,6],"SA","pd",30,10,10,0.95,10000,50.243339777,5000,-1,50,0.05,0.1],[1,495,37.6296748226,1.1296748226,[7,3,2,1,9,9,5,0,0,6],"SA","pd",30,10,10,0.95,10000,50.3257238865,5000,-1,50,0.05,0.1],[1,510,37.6296748226,1.1296748226,[7,3,2,1,9,9,5,0,0,6],"SA","pd",30,10,10,0.95,10000,50.1721973419,5000,-1,50,0.05,0.1],[1,525,37.6296748226,1.1296748226,[7,3,2,1,9,9,5,0,0,6],"SA","pd",30,10,10,0.95,10000,50.2427241802,5000,-1,50,0.05,0.1],[1,540,37.6296748226,1.1296748226,[7,3,2,1,9,9,5,0,0,6],"SA","pd",30,10,10,0.95,10000,50.2315077782,5000,-1,50,0.05,0.1],[1,555,37.6296748226,1.1296748226,[7,3,2,1,9,9,5,0,0,6],"SA","pd",30,10,10,0.95,10000,50.2617311478,5000,-1,50,0.05,0.1],[1,570,37.6296748226,1.1296748226,[7,3,2,1,9,9,5,0,0,6],"SA","pd",30,10,10,0.95,10000,50.1996221542,5000,-1,50,0.05,0.1],[1,585,37.6296748226,1.1296748226,[7,3,2,1,9,9,5,0,0,6],"SA","pd",30,10,10,0.95,10000,50.362762928,5000,-1,50,0.05,0.1],[1,600,37.6296748226,1.1296748226,[7,3,2,1,9,9,5,0,0,6],"SA","pd",30,10,10,0.95,10000,50.2177517414,5000,-1,50,0.05,0.1],[1,615,37.6296748226,1.1296748226,[7,3,2,1,9,9,5,0,0,6],"SA","pd",30,10,10,0.95,10000,50.1339015961,5000,-1,50,0.05,0.1],[1,630,37.6296748226,1.1296748226,[7,3,2,1,9,9,5,0,0,6],"SA","pd",30,10,10,0.95,10000,50.2167341709,5000,-1,50,0.05,0.1],[1,645,37.6296748226,1.1296748226,[7,3,2,1,9,9,5,0,0,6],"SA","pd",30,10,10,0.95,10000,50.2854671478,5000,-1,50,0.05,0.1],[1,660,37.6296748226,1.1296748226,[7,3,2,1,9,9,5,0,0,6],"SA","pd",30,10,10,0.95,10000,50.2651908398,5000,-1,50,0.05,0.1],[1,675,37.6296748226,1.1296748226,[7,3,2,1,9,9,5,0,0,6],"SA","pd",30,10,10,0.95,10000,50.1946718693,5000,-1,50,0.05,0.1],[1,690,37.6296748226,1.1296748226,[7,3,2,1,9,9,5,0,0,6],"SA","pd",30,10,10,0.95,10000,50.3097953796,5000,-1,50,0.05,0.1],[1,705,37.6296748226,1.1296748226,[7,3,2,1,9,9,5,0,0,6],"SA","pd",30,10,10,0.95,10000,50.1120145321,5000,-1,50,0.05,0.1],[1,720,37.6296748226,1.1296748226,[7,3,2,1,9,9,5,0,0,6],"SA","pd",30,10,10,0.95,10000,50.2850372791,5000,-1,50,0.05,0.1],[1,735,37.6296748226,1.1296748226,[7,3,2,1,9,9,5,0,0,6],"SA","pd",30,10,10,0.95,10000,50.1698877811,5000,-1,50,0.05,0.1],[1,750,37.6296748226,1.1296748226,[7,3,2,1,9,9,5,0,0,6],"SA","pd",30,10,10,0.95,10000,50.1740758419,5000,-1,50,0.05,0.1],[1,765,37.6296748226,1.1296748226,[7,3,2,1,9,9,5,0,0,6],"SA","pd",30,10,10,0.95,10000,50.1188263893,5000,-1,50,0.05,0.1],[1,780,37.6296748226,1.1296748226,[7,3,2,1,9,9,5,0,0,6],"SA","pd",30,10,10,0.95,10000,50.266851902,5000,-1,50,0.05,0.1],[1,795,37.6296748226,1.1296748226,[7,3,2,1,9,9,5,0,0,6],"SA","pd",30,10,10,0.95,10000,50.1503322124,5000,-1,50,0.05,0.1],[1,810,37.6296748226,1.1296748226,[7,3,2,1,9,9,5,0,0,6],"SA","pd",30,10,10,0.95,10000,50.2972364426,5000,-1,50,0.05,0.1],[1,825,37.6296748226,1.1296748226,[7,3,2,1,9,9,5,0,0,6],"SA","pd",30,10,10,0.95,10000,50.227919817,5000,-1,50,0.05,0.1],[1,840,37.6296748226,1.1296748226,[7,3,2,1,9,9,5,0,0,6],"SA","pd",30,10,10,0.95,10000,49.8595890999,5000,-1,50,0.05,0.1],[1,855,37.6296748226,1.1296748226,[7,3,2,1,9,9,5,0,0,6],"SA","pd",30,10,10,0.95,10000,50.2134635448,5000,-1,50,0.05,0.1],[1,870,37.6296748226,1.1296748226,[7,3,2,1,9,9,5,0,0,6],"SA","pd",30,10,10,0.95,10000,50.1737298965,5000,-1,50,0.05,0.1],[1,885,37.6296748226,1.1296748226,[7,3,2,1,9,9,5,0,0,6],"SA","pd",30,10,10,0.95,10000,50.2412047386,5000,-1,50,0.05,0.1],[1,900,37.6296748226,1.1296748226,[7,3,2,1,9,9,5,0,0,6],"SA","pd",30,10,10,0.95,10000,50.3078153133,5000,-1,50,0.05,0.1],[1,915,37.6296748226,1.1296748226,[7,3,2,1,9,9,5,0,0,6],"SA","pd",30,10,10,0.95,10000,50.2643523216,5000,-1,50,0.05,0.1],[1,930,37.6296748226,1.1296748226,[7,3,2,1,9,9,5,0,0,6],"SA","pd",30,10,10,0.95,10000,50.3420951366,5000,-1,50,0.05,0.1],[1,945,37.6296748226,1.1296748226,[7,3,2,1,9,9,5,0,0,6],