{"columns":["ite","time","q","scaled_eu","z","solver","attacker","|Q|","|X|","|T|","rho","k","utility_time","RS_iters","mcts_iters","sa_iters","eps","lr"],"index":[0,1,2,3,4,5,6,7,8,9,10,11,12,13,14,15,16,17,18,19,20,21,22,23,24,25,26,27,28,29,30,31,32,33,34,35,36,37,38,39,40,41,42,43,44,45,46,47,48,49,50,51,52,53,54,55,56,57,58,59,60,61,62,63,64,65,66,67,68,69,70,71,72,73,74,75,76,77,78,79],"data":[[0,15,30.6221193821,-5.8778806179,[6,3,2,8,9,0,8,6,1,0],"SA","pd",30,10,10,0.95,10000,53.7407877445,5000,-1,50,0.05,0.1],[0,30,30.6221193821,-5.8778806179,[6,3,2,1,9,0,0,6,1,2],"SA","pd",30,10,10,0.95,10000,53.8848195076,5000,-1,50,0.05,0.1],[0,45,30.6221193821,-5.8778806179,[6,3,2,1,9,0,0,6,1,2],"SA","pd",30,10,10,0.95,10000,53.9055812359,5000,-1,50,0.05,0.1],[0,60,30.6221193821,-5.8778806179,[6,3,2,1,9,0,0,6,1,2],"SA","pd",30,10,10,0.95,10000,53.8436565399,5000,-1,50,0.05,0.1],[0,75,30.6221193821,-5.8778806179,[5,6,7,1,3,5,8,0,0,6],"SA","pd",30,10,10,0.95,10000,53.9462952614,5000,-1,50,0.05,0.1],[0,90,30.6221193821,-5.8778806179,[5,6,7,1,3,5,8,0,0,6],"SA","pd",30,10,10,0.95,10000,53.8519740105,5000,-1,50,0.05,0.1],[0,105,30.7088529127,-5.7911470873,[7,8,1,1,6,1,4,4,0,5],"SA","pd",30,10,10,0.95,10000,53.9874379635,5000,-1,50,0.05,0.1],[0,120,30.7088529127,-5.7911470873,[7,8,1,1,6,1,4,4,0,5],"SA","pd",30,10,10,0.95,10000,54.0296330452,5000,-1,50,0.05,0.1],[0,135,30.7088529127,-5.7911470873,[7,8,1,1,6,1,4,4,0,5],"SA","pd",30,10,10,0.95,10000,53.9354119301,5000,-1,50,0.05,0.1],[0,150,30.7393824549,-5.7606175451,[7,7,2,9,0,1,6,1,8,6],"SA","pd",30,10,10,0.95,10000,53.9654772282,5000,-1,50,0.05,0.1],[0,165,30.7393824549,-5.7606175451,[7,7,2,9,0,9,6,1,6,6],"SA","pd",30,10,10,0.95,10000,53.9051971436,5000,-1,50,0.05,0.1],[0,180,31.1183898081,-5.3816101919,[0,5,6,1,6,1,5,9,7,6],"SA","pd",30,10,10,0.95,10000,53.6969261169,5000,-1,50,0.05,0.1],[0,195,31.1183898081,-5.3816101919,[1,6,6,1,1,4,5,1,0,6],"SA","pd",30,10,10,0.95,10000,53.8764023781,5000,-1,50,0.05,0.1],[0,210,32.1388754387,-4.3611245613,[1,6,6,1,6,9,5,7,3,6],"SA","pd",30,10,10,0.95,10000,53.778783083,5000,-1,50,0.05,0.1],[0,225,33.0236740811,-3.4763259189,[6,6,6,1,4,9,5,9,0,6],"SA","pd",30,10,10,0.95,10000,53.5811884403,5000,-1,50,0.05,0.1],[0,240,33.0236740811,-3.4763259189,[6,6,6,1,4,9,5,9,0,6],"SA","pd",30,10,10,0.95,10000,53.4083848,5000,-1,50,0.05,0.1],[0,255,33.0236740811,-3.4763259189,[6,6,6,1,4,9,5,9,0,6],"SA","pd",30,10,10,0.95,10000,53.645427227,5000,-1,50,0.05,0.1],[0,270,33.0236740811,-3.4763259189,[6,6,6,1,4,9,5,9,0,6],"SA","pd",30,10,10,0.95,10000,53.7919483185,5000,-1,50,0.05,0.1],[0,285,33.3143784192,-3.1856215808,[2,6,2,2,9,9,5,0,7,6],"SA","pd",30,10,10,0.95,10000,53.6636588573,5000,-1,50,0.05,0.1],[0,300,35.1315060124,-1.3684939876,[1,6,2,1,0,9,5,0,0,6],"SA","pd",30,10,10,0.95,10000,53.8174226284,5000,-1,50,0.05,0.1],[0,315,36.9004524854,0.4004524854,[7,6,2,1,9,9,5,0,0,6],"SA","pd",30,10,10,0.95,10000,53.8241629601,5000,-1,50,0.05,0.1],[0,330,37.6296007745,1.1296007745,[7,3,2,1,9,9,5,0,0,6],"SA","pd",30,10,10,0.95,10000,53.8605349064,5000,-1,50,0.05,0.1],[0,345,37.6296007745,1.1296007745,[7,3,2,1,9,9,5,0,0,6],"SA","pd",30,10,10,0.95,10000,53.8740391731,5000,-1,50,0.05,0.1],[0,360,37.6296007745,1.1296007745,[7,3,2,1,9,9,5,0,0,6],"SA","pd",30,10,10,0.95,10000,53.8592271805,5000,-1,50,0.05,0.1],[0,375,37.6296007745,1.1296007745,[7,3,2,1,9,9,5,0,0,6],"SA","pd",30,10,10,0.95,10000,53.8545753956,5000,-1,50,0.05,0.1],[0,390,37.6296007745,1.1296007745,[7,3,2,1,9,9,5,0,0,6],"SA","pd",30,10,10,0.95,10000,53.8375809193,5000,-1,50,0.05,0.1],[0,405,37.6296007745,1.1296007745,[7,3,2,1,9,9,5,0,0,6],"SA","pd",30,10,10,0.95,10000,53.8057904243,5000,-1,50,0.05,0.1],[0,420,37.6296007745,1.1296007745,[7,3,2,1,9,9,5,0,0,6],"SA","pd",30,10,10,0.95,10000,53.8107283115,5000,-1,50,0.05,0.1],[0,435,37.6296007745,1.1296007745,[7,3,2,1,9,9,5,0,0,6],"SA","pd",30,10,10,0.95,10000,53.7707419395,5000,-1,50,0.05,0.1],[0,450,37.6296007745,1.1296007745,[7,3,2,1,9,9,5,0,0,6],"SA","pd",30,10,10,0.95,10000,53.8594071865,5000,-1,50,0.05,0.1],[0,465,37.6296007745,1.1296007745,[7,3,2,1,9,9,5,0,0,6],"SA","pd",30,10,10,0.95,10000,53.9185569286,5000,-1,50,0.05,0.1],[0,480,37.6296007745,1.1296007745,[7,3,2,1,9,9,5,0,0,6],"SA","pd",30,10,10,0.95,10000,53.8592526913,5000,-1,50,0.05,0.1],[0,495,37.6296007745,1.1296007745,[7,3,2,1,9,9,5,0,0,6],"SA","pd",30,10,10,0.95,10000,53.796505928,5000,-1,50,0.05,0.1],[0,510,37.6296007745,1.1296007745,[7,3,2,1,9,9,5,0,0,6],"SA","pd",30,10,10,0.95,10000,62.5942645073,5000,-1,50,0.05,0.1],[0,525,37.6296007745,1.1296007745,[7,3,2,1,9,9,5,0,0,6],"SA","pd",30,10,10,0.95,10000,53.4028656483,5000,-1,50,0.05,0.1],[0,540,37.6296007745,1.1296007745,[7,3,2,1,9,9,5,0,0,6],"SA","pd",30,10,10,0.95,10000,53.5352256298,5000,-1,50,0.05,0.1],[0,555,37.6296007745,1.1296007745,[7,3,2,1,9,9,5,0,0,6],"SA","pd",30,10,10,0.95,10000,53.4658567905,5000,-1,50,0.05,0.1],[0,570,37.6296007745,1.1296007745,[7,3,2,1,9,9,5,0,0,6],"SA","pd",30,10,10,0.95,10000,53.3546025753,5000,-1,50,0.05,0.1],[0,585,37.6296007745,1.1296007745,[7,3,2,1,9,9,5,0,0,6],"SA","pd",30,10,10,0.95,10000,53.5102615356,5000,-1,50,0.05,0.1],[0,600,37.6296007745,1.1296007745,[7,3,2,1,9,9,5,0,0,6],"SA","pd",30,10,10,0.95,10000,53.4718315601,5000,-1,50,0.05,0.1],[0,615,37.6296007745,1.1296007745,[7,3,2,1,9,9,5,0,0,6],"SA","pd",30,10,10,0.95,10000,53.932030201,5000,-1,50,0.05,0.1],[0,630,37.6296007745,1.1296007745,[7,3,2,1,9,9,5,0,0,6],"SA","pd",30,10,10,0.95,10000,55.3664603233,5000,-1,50,0.05,0.1],[0,645,37.6296007745,1.1296007745,[7,3,2,1,9,9,5,0,0,6],"SA","pd",30,10,10,0.95,10000,53.8562552929,5000,-1,50,0.05,0.1],[0,660,37.6296007745,1.1296007745,[7,3,2,1,9,9,5,0,0,6],"SA","pd",30,10,10,0.95,10000,53.8679080009,5000,-1,50,0.05,0.1],[0,675,37.6296007745,1.1296007745,[7,3,2,1,9,9,5,0,0,6],"SA","pd",30,10,10,0.95,10000,53.6003372669,5000,-1,50,0.05,0.1],[0,690,37.6296007745,1.1296007745,[7,3,2,1,9,9,5,0,0,6],"SA","pd",30,10,10,0.95,10000,53.8048391342,5000,-1,50,0.05,0.1],[0,705,37.6296007745,1.1296007745,[7,3,2,1,9,9,5,0,0,6],"SA","pd",30,10,10,0.95,10000,53.8745968342,5000,-1,50,0.05,0.1],[0,720,37.6296007745,1.1296007745,[7,3,2,1,9,9,5,0,0,6],"SA","pd",30,10,10,0.95,10000,53.9390296936,5000,-1,50,0.05,0.1],[0,735,37.6296509881,1.1296509881,[7,3,2,1,9,9,5,0,0,6],"SA","pd",30,10,10,0.95,10000,53.935246706,5000,-1,50,0.05,0.1],[0,750,37.6296509881,1.1296509881,[7,3,2,1,9,9,5,0,0,6],"SA","pd",30,10,10,0.95,10000,53.8327965736,5000,-1,50,0.05,0.1],[0,765,37.6296509881,1.1296509881,[7,3,2,1,9,9,5,0,0,6],"SA","pd",30,10,10,0.95,10000,53.7936530113,5000,-1,50,0.05,0.1],[0,780,37.6296509881,1.1296509881,[7,3,2,1,9,9,5,0,0,6],"SA","pd",30,10,10,0.95,10000,53.8160352707,5000,-1,50,0.05,0.1],[0,795,37.6296509881,1.1296509881,[7,3,2,1,9,9,5,0,0,6],"SA","pd",30,10,10,0.95,10000,53.8793475628,5000,-1,50,0.05,0.1],[0,810,37.6296509881,1.1296509881,[7,3,2,1,9,9,5,0,0,6],"SA","pd",30,10,10,0.95,10000,53.7484426498,5000,-1,50,0.05,0.1],[0,825,37.6296509881,1.1296509881,[7,3,2,1,9,9,5,0,0,6],"SA","pd",30,10,10,0.95,10000,53.9805901051,5000,-1,50,0.05,0.1],[0,840,37.6296509881,1.1296509881,[7,3,2,1,9,9,5,0,0,6],"SA","pd",30,10,10,0.95,10000,53.955791235,5000,-1,50,0.05,0.1],[0,855,37.6296509881,1.1296509881,[7,3,2,1,9,9,5,0,0,6],"SA","pd",30,10,10,0.95,10000,53.7824604511,5000,-1,50,0.05,0.1],[0,870,37.6296509881,1.1296509881,[7,3,2,1,9,9,5,0,0,6],"SA","pd",30,10,10,0.95,10000,53.8088812828,5000,-1,50,0.05,0.1],[0,885,37.6296509881,1.1296509881,[7,3,2,1,9,9,5,0,0,6],"SA","pd",30,10,10,0.95,10000,53.9518895149,5000,-1,50,0.05,0.1],[0,900,37.6296509881,1.1296509881,[7,3,2,1,9,9,5,0,0,6],"SA","pd",30,10,10,0.95,10000,53.6289303303,5000,-1,50,0.05,0.1],[0,915,37.6296509881,1.1296509881,[7,3,2,1,9,9,5,0,0,6],"SA","pd",30,10,10,0.95,10000,53.5078210831,5000,-1,50,0.05,0.1],[0,930,37.6296509881,1.1296509881,[7,3,2,1,9,9,5,0,0,6],"SA","pd",30,10,10,0.95,10000,53.6980757713,5000,-1,50,0.05,0.1],[0,945,37.6296509881,1.1296509881,[7,3,2,1,9,9,5,0,0,6],