{"columns":["ite","time","q","scaled_eu","z","solver","attacker","|Q|","|X|","|T|","rho","k","utility_time","RS_iters","mcts_iters","sa_iters","eps","lr"],"index":[0,1,2,3,4,5,6,7,8,9,10,11,12,13,14,15,16,17,18,19,20,21,22,23,24,25,26,27,28,29,30,31,32,33,34,35,36,37,38,39,40,41,42,43,44,45,46,47,48,49,50,51,52,53,54,55,56,57,58,59,60,61,62,63,64,65,66,67,68,69,70,71,72,73,74,75,76,77,78,79],"data":[[4,15,30.8051136837,-5.6948863163,[4,6,5,1,0,6,5,0,4,2],"SA","pd",30,10,10,0.95,10000,53.2674968243,5000,-1,50,0.05,0.1],[4,30,30.8051136837,-5.6948863163,[4,6,5,1,5,6,5,0,6,6],"SA","pd",30,10,10,0.95,10000,53.4272117615,5000,-1,50,0.05,0.1],[4,45,30.8051136837,-5.6948863163,[4,6,5,1,5,6,5,0,6,6],"SA","pd",30,10,10,0.95,10000,53.3954372406,5000,-1,50,0.05,0.1],[4,60,30.8051136837,-5.6948863163,[4,6,5,1,5,6,5,0,6,6],"SA","pd",30,10,10,0.95,10000,53.394233942,5000,-1,50,0.05,0.1],[4,75,30.8051136837,-5.6948863163,[7,3,2,7,9,0,5,2,6,8],"SA","pd",30,10,10,0.95,10000,53.3364093304,5000,-1,50,0.05,0.1],[4,90,30.8051136837,-5.6948863163,[7,3,2,7,9,0,5,2,6,8],"SA","pd",30,10,10,0.95,10000,53.3734924793,5000,-1,50,0.05,0.1],[4,105,30.8051136837,-5.6948863163,[7,3,2,7,9,0,5,2,6,8],"SA","pd",30,10,10,0.95,10000,53.2956871986,5000,-1,50,0.05,0.1],[4,120,33.8474623521,-2.6525376479,[7,8,2,6,9,6,5,7,0,6],"SA","pd",30,10,10,0.95,10000,53.4269278049,5000,-1,50,0.05,0.1],[4,135,35.5713650468,-0.9286349532,[7,9,2,1,9,9,5,7,0,6],"SA","pd",30,10,10,0.95,10000,53.4675271511,5000,-1,50,0.05,0.1],[4,150,35.57585265,-0.92414735,[7,3,2,1,9,7,5,7,0,6],"SA","pd",30,10,10,0.95,10000,53.4412693977,5000,-1,50,0.05,0.1],[4,165,35.57585265,-0.92414735,[7,3,2,1,9,7,5,7,0,6],"SA","pd",30,10,10,0.95,10000,53.4414763451,5000,-1,50,0.05,0.1],[4,180,35.57585265,-0.92414735,[7,3,2,1,9,7,5,7,0,6],"SA","pd",30,10,10,0.95,10000,53.1616580486,5000,-1,50,0.05,0.1],[4,195,35.6774587318,-0.8225412682,[5,3,2,1,9,9,5,9,0,6],"SA","pd",30,10,10,0.95,10000,53.3610403538,5000,-1,50,0.05,0.1],[4,210,35.6774587318,-0.8225412682,[5,3,2,1,9,9,5,9,0,6],"SA","pd",30,10,10,0.95,10000,53.3819029331,5000,-1,50,0.05,0.1],[4,225,35.6774587318,-0.8225412682,[7,3,2,1,9,9,5,7,0,6],"SA","pd",30,10,10,0.95,10000,53.7388341427,5000,-1,50,0.05,0.1],[4,240,36.8605209936,0.3605209936,[7,3,6,1,9,9,5,0,0,6],"SA","pd",30,10,10,0.95,10000,53.7148835659,5000,-1,50,0.05,0.1],[4,255,37.6293120918,1.1293120918,[7,3,2,1,9,9,5,0,0,6],"SA","pd",30,10,10,0.95,10000,53.5266492367,5000,-1,50,0.05,0.1],[4,270,37.6293120918,1.1293120918,[7,3,2,1,9,9,5,0,0,6],"SA","pd",30,10,10,0.95,10000,53.7141780853,5000,-1,50,0.05,0.1],[4,285,37.6293120918,1.1293120918,[7,3,2,1,9,9,5,0,0,6],"SA","pd",30,10,10,0.95,10000,53.5239648819,5000,-1,50,0.05,0.1],[4,300,37.6293120918,1.1293120918,[7,3,2,1,9,9,5,0,0,6],"SA","pd",30,10,10,0.95,10000,53.6232733727,5000,-1,50,0.05,0.1],[4,315,37.6293120918,1.1293120918,[7,3,2,1,9,9,5,0,0,6],"SA","pd",30,10,10,0.95,10000,53.5853104591,5000,-1,50,0.05,0.1],[4,330,37.6293929002,1.1293929002,[7,3,2,1,9,9,5,0,0,6],"SA","pd",30,10,10,0.95,10000,53.501516819,5000,-1,50,0.05,0.1],[4,345,37.6293929002,1.1293929002,[7,3,2,1,9,9,5,0,0,6],"SA","pd",30,10,10,0.95,10000,53.4147160053,5000,-1,50,0.05,0.1],[4,360,37.6293929002,1.1293929002,[7,3,2,1,9,9,5,0,0,6],"SA","pd",30,10,10,0.95,10000,53.4880945683,5000,-1,50,0.05,0.1],[4,375,37.6293929002,1.1293929002,[7,3,2,1,9,9,5,0,0,6],"SA","pd",30,10,10,0.95,10000,53.475591898,5000,-1,50,0.05,0.1],[4,390,37.6293929002,1.1293929002,[7,3,2,1,9,9,5,0,0,6],"SA","pd",30,10,10,0.95,10000,53.5297615528,5000,-1,50,0.05,0.1],[4,405,37.6294088489,1.1294088489,[7,3,2,1,9,9,5,0,0,6],"SA","pd",30,10,10,0.95,10000,53.5608696938,5000,-1,50,0.05,0.1],[4,420,37.6294088489,1.1294088489,[7,3,2,1,9,9,5,0,0,6],"SA","pd",30,10,10,0.95,10000,53.5809025764,5000,-1,50,0.05,0.1],[4,435,37.6294088489,1.1294088489,[7,3,2,1,9,9,5,0,0,6],"SA","pd",30,10,10,0.95,10000,53.375082016,5000,-1,50,0.05,0.1],[4,450,37.6294088489,1.1294088489,[7,3,2,1,9,9,5,0,0,6],"SA","pd",30,10,10,0.95,10000,53.3169169426,5000,-1,50,0.05,0.1],[4,465,37.6294088489,1.1294088489,[7,3,2,1,9,9,5,0,0,6],"SA","pd",30,10,10,0.95,10000,53.281525135,5000,-1,50,0.05,0.1],[4,480,37.6294088489,1.1294088489,[7,3,2,1,9,9,5,0,0,6],"SA","pd",30,10,10,0.95,10000,53.2262568474,5000,-1,50,0.05,0.1],[4,495,37.6294088489,1.1294088489,[7,3,2,1,9,9,5,0,0,6],"SA","pd",30,10,10,0.95,10000,53.3041651249,5000,-1,50,0.05,0.1],[4,510,37.6294088489,1.1294088489,[7,3,2,1,9,9,5,0,0,6],"SA","pd",30,10,10,0.95,10000,53.1892774105,5000,-1,50,0.05,0.1],[4,525,37.6294088489,1.1294088489,[7,3,2,1,9,9,5,0,0,6],"SA","pd",30,10,10,0.95,10000,53.2891600132,5000,-1,50,0.05,0.1],[4,540,37.6294088489,1.1294088489,[7,3,2,1,9,9,5,0,0,6],"SA","pd",30,10,10,0.95,10000,53.2825024128,5000,-1,50,0.05,0.1],[4,555,37.6294088489,1.1294088489,[7,3,2,1,9,9,5,0,0,6],"SA","pd",30,10,10,0.95,10000,53.2584426403,5000,-1,50,0.05,0.1],[4,570,37.6294088489,1.1294088489,[7,3,2,1,9,9,5,0,0,6],"SA","pd",30,10,10,0.95,10000,53.2263813019,5000,-1,50,0.05,0.1],[4,585,37.6294088489,1.1294088489,[7,3,2,1,9,9,5,0,0,6],"SA","pd",30,10,10,0.95,10000,53.3776004314,5000,-1,50,0.05,0.1],[4,600,37.6294088489,1.1294088489,[7,3,2,1,9,9,5,0,0,6],"SA","pd",30,10,10,0.95,10000,53.3471019268,5000,-1,50,0.05,0.1],[4,615,37.6294088489,1.1294088489,[7,3,2,1,9,9,5,0,0,6],"SA","pd",30,10,10,0.95,10000,53.4290196896,5000,-1,50,0.05,0.1],[4,630,37.6294088489,1.1294088489,[7,3,2,1,9,9,5,0,0,6],"SA","pd",30,10,10,0.95,10000,53.2309651375,5000,-1,50,0.05,0.1],[4,645,37.6294088489,1.1294088489,[7,3,2,1,9,9,5,0,0,6],"SA","pd",30,10,10,0.95,10000,53.3313643932,5000,-1,50,0.05,0.1],[4,660,37.6294088489,1.1294088489,[7,3,2,1,9,9,5,0,0,6],"SA","pd",30,10,10,0.95,10000,53.2358944416,5000,-1,50,0.05,0.1],[4,675,37.6294088489,1.1294088489,[7,3,2,1,9,9,5,0,0,6],"SA","pd",30,10,10,0.95,10000,53.3911385536,5000,-1,50,0.05,0.1],[4,690,37.6294088489,1.1294088489,[7,3,2,1,9,9,5,0,0,6],"SA","pd",30,10,10,0.95,10000,53.3354406357,5000,-1,50,0.05,0.1],[4,705,37.6294088489,1.1294088489,[7,3,2,1,9,9,5,0,0,6],"SA","pd",30,10,10,0.95,10000,53.3078203201,5000,-1,50,0.05,0.1],[4,720,37.6294088489,1.1294088489,[7,3,2,1,9,9,5,0,0,6],"SA","pd",30,10,10,0.95,10000,53.2705159187,5000,-1,50,0.05,0.1],[4,735,37.6294088489,1.1294088489,[7,3,2,1,9,9,5,0,0,6],"SA","pd",30,10,10,0.95,10000,53.3690748215,5000,-1,50,0.05,0.1],[4,750,37.6294088489,1.1294088489,[7,3,2,1,9,9,5,0,0,6],"SA","pd",30,10,10,0.95,10000,53.4345037937,5000,-1,50,0.05,0.1],[4,765,37.6294088489,1.1294088489,[7,3,2,1,9,9,5,0,0,6],"SA","pd",30,10,10,0.95,10000,53.1483819485,5000,-1,50,0.05,0.1],[4,780,37.6294088489,1.1294088489,[7,3,2,1,9,9,5,0,0,6],"SA","pd",30,10,10,0.95,10000,53.4372415543,5000,-1,50,0.05,0.1],[4,795,37.6294088489,1.1294088489,[7,3,2,1,9,9,5,0,0,6],"SA","pd",30,10,10,0.95,10000,53.0888361931,5000,-1,50,0.05,0.1],[4,810,37.6294088489,1.1294088489,[7,3,2,1,9,9,5,0,0,6],"SA","pd",30,10,10,0.95,10000,53.0522925854,5000,-1,50,0.05,0.1],[4,825,37.6294088489,1.1294088489,[7,3,2,1,9,9,5,0,0,6],"SA","pd",30,10,10,0.95,10000,53.3401126862,5000,-1,50,0.05,0.1],[4,840,37.6294088489,1.1294088489,[7,3,2,1,9,9,5,0,0,6],"SA","pd",30,10,10,0.95,10000,53.1644632816,5000,-1,50,0.05,0.1],[4,855,37.6294088489,1.1294088489,[7,3,2,1,9,9,5,0,0,6],"SA","pd",30,10,10,0.95,10000,53.3084242344,5000,-1,50,0.05,0.1],[4,870,37.6294088489,1.1294088489,[7,3,2,1,9,9,5,0,0,6],"SA","pd",30,10,10,0.95,10000,53.2373924255,5000,-1,50,0.05,0.1],[4,885,37.6294088489,1.1294088489,[7,3,2,1,9,9,5,0,0,6],"SA","pd",30,10,10,0.95,10000,53.4660313129,5000,-1,50,0.05,0.1],[4,900,37.6294088489,1.1294088489,[7,3,2,1,9,9,5,0,0,6],"SA","pd",30,10,10,0.95,10000,53.3776395321,5000,-1,50,0.05,0.1],[4,915,37.6294088489,1.1294088489,[7,3,2,1,9,9,5,0,0,6],"SA","pd",30,10,10,0.95,10000,53.3390612602,5000,-1,50,0.05,0.1],[4,930,37.6294088489,1.1294088489,[7,3,2,1,9,9,5,0,0,6],"SA","pd",30,10,10,0.95,10000,53.4082326889,5000,-1,50,0.05,0.1],[4,945,37.6296923752,1.1296923752,[7,3,2,1,9,9,5,0,0,6],