{"columns":["ite","time","q","scaled_eu","z","solver","attacker","|Q|","|X|","|T|","rho","k","utility_time","RS_iters","mcts_iters","sa_iters","eps","lr"],"index":[0,1,2,3,4,5,6,7,8,9,10,11,12,13,14,15,16,17,18,19,20,21,22,23,24,25,26,27,28,29,30,31,32,33,34,35,36,37,38,39,40,41,42,43,44,45,46,47,48,49,50,51,52,53,54,55,56,57,58,59,60,61,62,63,64,65,66,67,68,69,70,71,72,73,74,75,76,77,78,79],"data":[[3,15,30.7039555567,-5.7960444433,[7,1,3,6,9,5,7,6,0,8],"SA","pd",30,10,10,0.95,10000,54.4978489876,5000,-1,50,0.05,0.1],[3,30,30.7039555567,-5.7960444433,[5,0,2,1,5,2,4,5,0,6],"SA","pd",30,10,10,0.95,10000,54.44699049,5000,-1,50,0.05,0.1],[3,45,32.1831499235,-4.3168500765,[5,3,2,1,9,2,5,9,1,3],"SA","pd",30,10,10,0.95,10000,54.4120018482,5000,-1,50,0.05,0.1],[3,60,32.1831499235,-4.3168500765,[7,3,2,1,9,2,5,0,1,3],"SA","pd",30,10,10,0.95,10000,54.4051988125,5000,-1,50,0.05,0.1],[3,75,32.1831499235,-4.3168500765,[7,3,2,1,9,2,5,0,1,3],"SA","pd",30,10,10,0.95,10000,54.4678385258,5000,-1,50,0.05,0.1],[3,90,32.1831499235,-4.3168500765,[7,3,2,1,9,2,5,0,1,3],"SA","pd",30,10,10,0.95,10000,54.5219817162,5000,-1,50,0.05,0.1],[3,105,32.1831499235,-4.3168500765,[7,3,2,1,9,2,5,0,1,3],"SA","pd",30,10,10,0.95,10000,54.4918856621,5000,-1,50,0.05,0.1],[3,120,32.1831499235,-4.3168500765,[7,3,2,1,9,2,5,0,1,3],"SA","pd",30,10,10,0.95,10000,54.5289435387,5000,-1,50,0.05,0.1],[3,135,32.1831499235,-4.3168500765,[7,3,2,1,9,2,5,0,1,3],"SA","pd",30,10,10,0.95,10000,54.5332345963,5000,-1,50,0.05,0.1],[3,150,32.1831499235,-4.3168500765,[7,3,2,1,9,2,5,0,1,3],"SA","pd",30,10,10,0.95,10000,54.4164865017,5000,-1,50,0.05,0.1],[3,165,32.1831499235,-4.3168500765,[7,3,2,1,9,2,5,0,1,3],"SA","pd",30,10,10,0.95,10000,54.617276907,5000,-1,50,0.05,0.1],[3,180,32.1831499235,-4.3168500765,[7,3,2,1,9,2,5,0,1,3],"SA","pd",30,10,10,0.95,10000,54.3559119701,5000,-1,50,0.05,0.1],[3,195,32.1831499235,-4.3168500765,[7,3,2,1,9,2,5,0,1,3],"SA","pd",30,10,10,0.95,10000,54.4750134945,5000,-1,50,0.05,0.1],[3,210,32.1831499235,-4.3168500765,[7,3,2,1,9,2,5,0,1,3],"SA","pd",30,10,10,0.95,10000,54.3368501663,5000,-1,50,0.05,0.1],[3,225,32.1831499235,-4.3168500765,[7,3,2,1,9,2,5,0,1,3],"SA","pd",30,10,10,0.95,10000,54.361382246,5000,-1,50,0.05,0.1],[3,240,32.1831499235,-4.3168500765,[7,3,2,1,9,2,5,0,1,3],"SA","pd",30,10,10,0.95,10000,54.263368845,5000,-1,50,0.05,0.1],[3,255,32.1831499235,-4.3168500765,[7,3,2,1,9,2,5,0,1,3],"SA","pd",30,10,10,0.95,10000,54.5719285011,5000,-1,50,0.05,0.1],[3,270,32.448659522,-4.051340478,[1,2,2,1,9,9,3,9,0,1],"SA","pd",30,10,10,0.95,10000,54.5054056644,5000,-1,50,0.05,0.1],[3,285,32.448659522,-4.051340478,[1,2,2,1,9,9,3,9,0,1],"SA","pd",30,10,10,0.95,10000,54.2137670517,5000,-1,50,0.05,0.1],[3,300,32.448659522,-4.051340478,[1,2,2,1,9,9,3,9,0,1],"SA","pd",30,10,10,0.95,10000,54.5192401409,5000,-1,50,0.05,0.1],[3,315,32.448659522,-4.051340478,[1,2,2,1,9,9,3,9,0,1],"SA","pd",30,10,10,0.95,10000,54.3134851456,5000,-1,50,0.05,0.1],[3,330,32.5447541753,-3.9552458247,[0,3,2,1,9,0,7,6,8,6],"SA","pd",30,10,10,0.95,10000,54.4184293747,5000,-1,50,0.05,0.1],[3,345,33.3495949524,-3.1504050476,[4,3,2,1,3,9,3,5,0,6],"SA","pd",30,10,10,0.95,10000,62.0681960583,5000,-1,50,0.05,0.1],[3,360,33.3495949524,-3.1504050476,[4,3,2,1,3,9,3,5,0,6],"SA","pd",30,10,10,0.95,10000,54.6967909336,5000,-1,50,0.05,0.1],[3,375,33.3495949524,-3.1504050476,[4,3,2,1,3,9,3,5,0,6],"SA","pd",30,10,10,0.95,10000,54.5383505821,5000,-1,50,0.05,0.1],[3,390,33.3495949524,-3.1504050476,[4,3,2,1,3,9,3,5,0,6],"SA","pd",30,10,10,0.95,10000,54.3539652824,5000,-1,50,0.05,0.1],[3,405,34.6098299092,-1.8901700908,[6,3,2,1,9,9,3,8,0,6],"SA","pd",30,10,10,0.95,10000,54.2723710537,5000,-1,50,0.05,0.1],[3,420,34.6098299092,-1.8901700908,[6,3,2,1,9,9,3,8,0,6],"SA","pd",30,10,10,0.95,10000,54.2687983513,5000,-1,50,0.05,0.1],[3,435,34.6098299092,-1.8901700908,[0,3,2,1,9,9,8,0,0,6],"SA","pd",30,10,10,0.95,10000,54.2577631474,5000,-1,50,0.05,0.1],[3,450,34.6098299092,-1.8901700908,[0,3,2,1,9,9,8,0,0,6],"SA","pd",30,10,10,0.95,10000,54.4465107918,5000,-1,50,0.05,0.1],[3,465,34.6098299092,-1.8901700908,[7,3,2,6,9,9,9,0,0,6],"SA","pd",30,10,10,0.95,10000,54.4260056019,5000,-1,50,0.05,0.1],[3,480,36.6080894791,0.1080894791,[7,3,2,1,9,9,4,0,0,6],"SA","pd",30,10,10,0.95,10000,54.3465442657,5000,-1,50,0.05,0.1],[3,495,36.7637288493,0.2637288493,[7,3,2,1,9,9,6,0,0,6],"SA","pd",30,10,10,0.95,10000,54.2659151554,5000,-1,50,0.05,0.1],[3,510,37.6291912779,1.1291912779,[7,3,2,1,9,9,5,0,0,6],"SA","pd",30,10,10,0.95,10000,54.3953304291,5000,-1,50,0.05,0.1],[3,525,37.6291912779,1.1291912779,[7,3,2,1,9,9,5,0,0,6],"SA","pd",30,10,10,0.95,10000,54.4672427177,5000,-1,50,0.05,0.1],[3,540,37.6291912779,1.1291912779,[7,3,2,1,9,9,5,0,0,6],"SA","pd",30,10,10,0.95,10000,54.2769684792,5000,-1,50,0.05,0.1],[3,555,37.6293487942,1.1293487942,[7,3,2,1,9,9,5,0,0,6],"SA","pd",30,10,10,0.95,10000,54.4482660294,5000,-1,50,0.05,0.1],[3,570,37.6293791518,1.1293791518,[7,3,2,1,9,9,5,0,0,6],"SA","pd",30,10,10,0.95,10000,54.4004647732,5000,-1,50,0.05,0.1],[3,585,37.6293791518,1.1293791518,[7,3,2,1,9,9,5,0,0,6],"SA","pd",30,10,10,0.95,10000,54.3257091045,5000,-1,50,0.05,0.1],[3,600,37.6293791518,1.1293791518,[7,3,2,1,9,9,5,0,0,6],"SA","pd",30,10,10,0.95,10000,54.2742481232,5000,-1,50,0.05,0.1],[3,615,37.6293791518,1.1293791518,[7,3,2,1,9,9,5,0,0,6],"SA","pd",30,10,10,0.95,10000,54.1804316044,5000,-1,50,0.05,0.1],[3,630,37.6293791518,1.1293791518,[7,3,2,1,9,9,5,0,0,6],"SA","pd",30,10,10,0.95,10000,54.3254048824,5000,-1,50,0.05,0.1],[3,645,37.6293791518,1.1293791518,[7,3,2,1,9,9,5,0,0,6],"SA","pd",30,10,10,0.95,10000,54.3257992268,5000,-1,50,0.05,0.1],[3,660,37.6293791518,1.1293791518,[7,3,2,1,9,9,5,0,0,6],"SA","pd",30,10,10,0.95,10000,54.3709104061,5000,-1,50,0.05,0.1],[3,675,37.6293844802,1.1293844802,[7,3,2,1,9,9,5,0,0,6],"SA","pd",30,10,10,0.95,10000,54.2040963173,5000,-1,50,0.05,0.1],[3,690,37.6293844802,1.1293844802,[7,3,2,1,9,9,5,0,0,6],"SA","pd",30,10,10,0.95,10000,54.1447556019,5000,-1,50,0.05,0.1],[3,705,37.6293844802,1.1293844802,[7,3,2,1,9,9,5,0,0,6],"SA","pd",30,10,10,0.95,10000,54.2253286839,5000,-1,50,0.05,0.1],[3,720,37.6293844802,1.1293844802,[7,3,2,1,9,9,5,0,0,6],"SA","pd",30,10,10,0.95,10000,54.177870512,5000,-1,50,0.05,0.1],[3,735,37.6293844802,1.1293844802,[7,3,2,1,9,9,5,0,0,6],"SA","pd",30,10,10,0.95,10000,54.099827528,5000,-1,50,0.05,0.1],[3,750,37.6293844802,1.1293844802,[7,3,2,1,9,9,5,0,0,6],"SA","pd",30,10,10,0.95,10000,54.0815806389,5000,-1,50,0.05,0.1],[3,765,37.6293866634,1.1293866634,[7,3,2,1,9,9,5,0,0,6],"SA","pd",30,10,10,0.95,10000,54.2098360062,5000,-1,50,0.05,0.1],[3,780,37.6293866634,1.1293866634,[7,3,2,1,9,9,5,0,0,6],"SA","pd",30,10,10,0.95,10000,64.6460936069,5000,-1,50,0.05,0.1],[3,795,37.6296899519,1.1296899519,[7,3,2,1,9,9,5,0,0,6],"SA","pd",30,10,10,0.95,10000,60.2243793011,5000,-1,50,0.05,0.1],[3,810,37.6296899519,1.1296899519,[7,3,2,1,9,9,5,0,0,6],"SA","pd",30,10,10,0.95,10000,54.18171525,5000,-1,50,0.05,0.1],[3,825,37.6296899519,1.1296899519,[7,3,2,1,9,9,5,0,0,6],"SA","pd",30,10,10,0.95,10000,54.2065942287,5000,-1,50,0.05,0.1],[3,840,37.6296899519,1.1296899519,[7,3,2,1,9,9,5,0,0,6],"SA","pd",30,10,10,0.95,10000,54.0747020245,5000,-1,50,0.05,0.1],[3,855,37.6296899519,1.1296899519,[7,3,2,1,9,9,5,0,0,6],"SA","pd",30,10,10,0.95,10000,54.0976080894,5000,-1,50,0.05,0.1],[3,870,37.6296899519,1.1296899519,[7,3,2,1,9,9,5,0,0,6],"SA","pd",30,10,10,0.95,10000,54.1054871082,5000,-1,50,0.05,0.1],[3,885,37.6296899519,1.1296899519,[7,3,2,1,9,9,5,0,0,6],"SA","pd",30,10,10,0.95,10000,54.1495234966,5000,-1,50,0.05,0.1],[3,900,37.6296899519,1.1296899519,[7,3,2,1,9,9,5,0,0,6],"SA","pd",30,10,10,0.95,10000,54.1778635979,5000,-1,50,0.05,0.1],[3,915,37.6296899519,1.1296899519,[7,3,2,1,9,9,5,0,0,6],"SA","pd",30,10,10,0.95,10000,54.3361663818,5000,-1,50,0.05,0.1],[3,930,37.6296899519,1.1296899519,[7,3,2,1,9,9,5,0,0,6],"SA","pd",30,10,10,0.95,10000,54.4092316628,5000,-1,50,0.05,0.1],[3,945,37.6296899519,1.1296899519,[7,3,2,1,9,9,5,0,0,6],