{"columns":["ite","time","q","scaled_eu","z","solver","attacker","|Q|","|X|","|T|","rho","k","utility_time","RS_iters","mcts_iters","sa_iters","eps","lr"],"index":[0,1,2,3,4,5,6,7,8,9,10,11,12,13,14,15,16,17,18,19,20,21,22,23,24,25,26,27,28,29,30,31,32,33,34,35,36,37,38,39,40,41,42,43,44,45,46,47,48,49,50,51,52,53,54,55,56,57,58,59,60,61,62,63,64,65,66,67,68,69,70,71,72,73,74,75,76,77,78,79],"data":[[2,15,27.2264786328,-9.2735213672,[6,9,1,8,0,3,8,1,7,3],"SA","pd",30,10,10,0.95,10000,53.6975638866,5000,-1,50,0.05,0.1],[2,30,28.5768576533,-7.9231423467,[1,4,7,4,0,6,2,2,1,6],"SA","pd",30,10,10,0.95,10000,53.6616125107,5000,-1,50,0.05,0.1],[2,45,32.0042511564,-4.4957488436,[1,3,4,5,9,9,5,3,3,6],"SA","pd",30,10,10,0.95,10000,53.6392467022,5000,-1,50,0.05,0.1],[2,60,32.0042511564,-4.4957488436,[1,3,4,5,9,9,5,3,3,6],"SA","pd",30,10,10,0.95,10000,53.7818431854,5000,-1,50,0.05,0.1],[2,75,32.0042511564,-4.4957488436,[1,3,4,5,9,9,5,3,3,6],"SA","pd",30,10,10,0.95,10000,53.5515749454,5000,-1,50,0.05,0.1],[2,90,32.0042511564,-4.4957488436,[7,0,1,1,9,9,3,6,3,6],"SA","pd",30,10,10,0.95,10000,53.5402452946,5000,-1,50,0.05,0.1],[2,105,32.0042511564,-4.4957488436,[7,1,8,0,9,9,5,0,0,6],"SA","pd",30,10,10,0.95,10000,53.360906601,5000,-1,50,0.05,0.1],[2,120,33.4343614587,-3.0656385413,[7,3,5,1,2,1,5,0,0,5],"SA","pd",30,10,10,0.95,10000,53.4967708588,5000,-1,50,0.05,0.1],[2,135,36.6148739641,0.1148739641,[7,3,2,1,9,8,5,0,0,6],"SA","pd",30,10,10,0.95,10000,53.7484521866,5000,-1,50,0.05,0.1],[2,150,36.6148739641,0.1148739641,[7,3,2,1,9,9,6,0,0,6],"SA","pd",30,10,10,0.95,10000,53.9114427567,5000,-1,50,0.05,0.1],[2,165,36.6148739641,0.1148739641,[7,3,2,1,9,9,6,0,0,6],"SA","pd",30,10,10,0.95,10000,53.9411678314,5000,-1,50,0.05,0.1],[2,180,36.6148739641,0.1148739641,[7,3,2,1,9,9,6,0,0,6],"SA","pd",30,10,10,0.95,10000,53.5860507488,5000,-1,50,0.05,0.1],[2,195,36.8559845202,0.3559845202,[7,3,2,1,6,9,5,0,0,6],"SA","pd",30,10,10,0.95,10000,53.8529174328,5000,-1,50,0.05,0.1],[2,210,36.8559845202,0.3559845202,[7,3,2,1,9,9,5,0,0,6],"SA","pd",30,10,10,0.95,10000,53.8686745167,5000,-1,50,0.05,0.1],[2,225,37.6286762412,1.1286762412,[7,3,2,1,9,9,5,0,0,6],"SA","pd",30,10,10,0.95,10000,53.8323278427,5000,-1,50,0.05,0.1],[2,240,37.6288846886,1.1288846886,[7,3,2,1,9,9,5,0,0,6],"SA","pd",30,10,10,0.95,10000,53.830561161,5000,-1,50,0.05,0.1],[2,255,37.6291996761,1.1291996761,[7,3,2,1,9,9,5,0,0,6],"SA","pd",30,10,10,0.95,10000,53.8005173206,5000,-1,50,0.05,0.1],[2,270,37.6293848562,1.1293848562,[7,3,2,1,9,9,5,0,0,6],"SA","pd",30,10,10,0.95,10000,53.9062044621,5000,-1,50,0.05,0.1],[2,285,37.6294543105,1.1294543105,[7,3,2,1,9,9,5,0,0,6],"SA","pd",30,10,10,0.95,10000,53.7931053638,5000,-1,50,0.05,0.1],[2,300,37.6294543105,1.1294543105,[7,3,2,1,9,9,5,0,0,6],"SA","pd",30,10,10,0.95,10000,53.8673756123,5000,-1,50,0.05,0.1],[2,315,37.6296583752,1.1296583752,[7,3,2,1,9,9,5,0,0,6],"SA","pd",30,10,10,0.95,10000,53.8948991299,5000,-1,50,0.05,0.1],[2,330,37.6296583752,1.1296583752,[7,3,2,1,9,9,5,0,0,6],"SA","pd",30,10,10,0.95,10000,53.844679594,5000,-1,50,0.05,0.1],[2,345,37.6296583752,1.1296583752,[7,3,2,1,9,9,5,0,0,6],"SA","pd",30,10,10,0.95,10000,53.7493743896,5000,-1,50,0.05,0.1],[2,360,37.6296583752,1.1296583752,[7,3,2,1,9,9,5,0,0,6],"SA","pd",30,10,10,0.95,10000,53.7469432354,5000,-1,50,0.05,0.1],[2,375,37.6296583752,1.1296583752,[7,3,2,1,9,9,5,0,0,6],"SA","pd",30,10,10,0.95,10000,53.7382736206,5000,-1,50,0.05,0.1],[2,390,37.6296583752,1.1296583752,[7,3,2,1,9,9,5,0,0,6],"SA","pd",30,10,10,0.95,10000,53.9434015751,5000,-1,50,0.05,0.1],[2,405,37.6296583752,1.1296583752,[7,3,2,1,9,9,5,0,0,6],"SA","pd",30,10,10,0.95,10000,53.7849974632,5000,-1,50,0.05,0.1],[2,420,37.6296583752,1.1296583752,[7,3,2,1,9,9,5,0,0,6],"SA","pd",30,10,10,0.95,10000,53.7940061092,5000,-1,50,0.05,0.1],[2,435,37.6296583752,1.1296583752,[7,3,2,1,9,9,5,0,0,6],"SA","pd",30,10,10,0.95,10000,53.7824742794,5000,-1,50,0.05,0.1],[2,450,37.6296583752,1.1296583752,[7,3,2,1,9,9,5,0,0,6],"SA","pd",30,10,10,0.95,10000,53.9183404446,5000,-1,50,0.05,0.1],[2,465,37.6296583752,1.1296583752,[7,3,2,1,9,9,5,0,0,6],"SA","pd",30,10,10,0.95,10000,53.9329433441,5000,-1,50,0.05,0.1],[2,480,37.6296583752,1.1296583752,[7,3,2,1,9,9,5,0,0,6],"SA","pd",30,10,10,0.95,10000,53.8499691486,5000,-1,50,0.05,0.1],[2,495,37.6296583752,1.1296583752,[7,3,2,1,9,9,5,0,0,6],"SA","pd",30,10,10,0.95,10000,53.822865963,5000,-1,50,0.05,0.1],[2,510,37.6296583752,1.1296583752,[7,3,2,1,9,9,5,0,0,6],"SA","pd",30,10,10,0.95,10000,53.7019836903,5000,-1,50,0.05,0.1],[2,525,37.6296583752,1.1296583752,[7,3,2,1,9,9,5,0,0,6],"SA","pd",30,10,10,0.95,10000,53.7475275993,5000,-1,50,0.05,0.1],[2,540,37.6296583752,1.1296583752,[7,3,2,1,9,9,5,0,0,6],"SA","pd",30,10,10,0.95,10000,53.6488888264,5000,-1,50,0.05,0.1],[2,555,37.6296583752,1.1296583752,[7,3,2,1,9,9,5,0,0,6],"SA","pd",30,10,10,0.95,10000,53.7816257477,5000,-1,50,0.05,0.1],[2,570,37.6296583752,1.1296583752,[7,3,2,1,9,9,5,0,0,6],"SA","pd",30,10,10,0.95,10000,53.6917619705,5000,-1,50,0.05,0.1],[2,585,37.6296583752,1.1296583752,[7,3,2,1,9,9,5,0,0,6],"SA","pd",30,10,10,0.95,10000,53.5166828632,5000,-1,50,0.05,0.1],[2,600,37.6296583752,1.1296583752,[7,3,2,1,9,9,5,0,0,6],"SA","pd",30,10,10,0.95,10000,53.9408881664,5000,-1,50,0.05,0.1],[2,615,37.6296583752,1.1296583752,[7,3,2,1,9,9,5,0,0,6],"SA","pd",30,10,10,0.95,10000,53.6306996346,5000,-1,50,0.05,0.1],[2,630,37.6296583752,1.1296583752,[7,3,2,1,9,9,5,0,0,6],"SA","pd",30,10,10,0.95,10000,53.6120245457,5000,-1,50,0.05,0.1],[2,645,37.6296583752,1.1296583752,[7,3,2,1,9,9,5,0,0,6],"SA","pd",30,10,10,0.95,10000,53.6705012321,5000,-1,50,0.05,0.1],[2,660,37.6296583752,1.1296583752,[7,3,2,1,9,9,5,0,0,6],"SA","pd",30,10,10,0.95,10000,53.6551527977,5000,-1,50,0.05,0.1],[2,675,37.6296583752,1.1296583752,[7,3,2,1,9,9,5,0,0,6],"SA","pd",30,10,10,0.95,10000,53.595426321,5000,-1,50,0.05,0.1],[2,690,37.6296583752,1.1296583752,[7,3,2,1,9,9,5,0,0,6],"SA","pd",30,10,10,0.95,10000,53.5847551823,5000,-1,50,0.05,0.1],[2,705,37.6296583752,1.1296583752,[7,3,2,1,9,9,5,0,0,6],"SA","pd",30,10,10,0.95,10000,53.6762068272,5000,-1,50,0.05,0.1],[2,720,37.6296583752,1.1296583752,[7,3,2,1,9,9,5,0,0,6],"SA","pd",30,10,10,0.95,10000,53.5961954594,5000,-1,50,0.05,0.1],[2,735,37.6296583752,1.1296583752,[7,3,2,1,9,9,5,0,0,6],"SA","pd",30,10,10,0.95,10000,53.5915222168,5000,-1,50,0.05,0.1],[2,750,37.6296583752,1.1296583752,[7,3,2,1,9,9,5,0,0,6],"SA","pd",30,10,10,0.95,10000,53.6380450726,5000,-1,50,0.05,0.1],[2,765,37.6296583752,1.1296583752,[7,3,2,1,9,9,5,0,0,6],"SA","pd",30,10,10,0.95,10000,53.721350193,5000,-1,50,0.05,0.1],[2,780,37.6296583752,1.1296583752,[7,3,2,1,9,9,5,0,0,6],"SA","pd",30,10,10,0.95,10000,53.7854092121,5000,-1,50,0.05,0.1],[2,795,37.6296583752,1.1296583752,[7,3,2,1,9,9,5,0,0,6],"SA","pd",30,10,10,0.95,10000,53.8213880062,5000,-1,50,0.05,0.1],[2,810,37.6296583752,1.1296583752,[7,3,2,1,9,9,5,0,0,6],"SA","pd",30,10,10,0.95,10000,53.6314480305,5000,-1,50,0.05,0.1],[2,825,37.6296583752,1.1296583752,[7,3,2,1,9,9,5,0,0,6],"SA","pd",30,10,10,0.95,10000,53.6472256184,5000,-1,50,0.05,0.1],[2,840,37.6296583752,1.1296583752,[7,3,2,1,9,9,5,0,0,6],"SA","pd",30,10,10,0.95,10000,53.6370441914,5000,-1,50,0.05,0.1],[2,855,37.6296583752,1.1296583752,[7,3,2,1,9,9,5,0,0,6],"SA","pd",30,10,10,0.95,10000,53.4811403751,5000,-1,50,0.05,0.1],[2,870,37.6296583752,1.1296583752,[7,3,2,1,9,9,5,0,0,6],"SA","pd",30,10,10,0.95,10000,53.1689429283,5000,-1,50,0.05,0.1],[2,885,37.6296583752,1.1296583752,[7,3,2,1,9,9,5,0,0,6],"SA","pd",30,10,10,0.95,10000,53.2607097626,5000,-1,50,0.05,0.1],[2,900,37.6296583752,1.1296583752,[7,3,2,1,9,9,5,0,0,6],"SA","pd",30,10,10,0.95,10000,53.3422486782,5000,-1,50,0.05,0.1],[2,915,37.6296583752,1.1296583752,[7,3,2,1,9,9,5,0,0,6],"SA","pd",30,10,10,0.95,10000,53.465816021,5000,-1,50,0.05,0.1],[2,930,37.6296583752,1.1296583752,[7,3,2,1,9,9,5,0,0,6],"SA","pd",30,10,10,0.95,10000,53.610044241,5000,-1,50,0.05,0.1],[2,945,37.6296583752,1.1296583752,[7,3,2,1,9,9,5,0,0,6],