{"columns":["ite","time","q","scaled_eu","z","solver","attacker","|Q|","|X|","|T|","rho","k","utility_time","RS_iters","mcts_iters","sa_iters","eps","lr"],"index":[0,1,2,3,4,5,6,7,8,9,10,11,12,13,14,15,16,17,18,19,20,21,22,23,24,25,26,27,28,29,30,31,32,33,34,35,36,37,38,39,40,41,42,43,44,45,46,47,48,49,50,51,52,53,54,55,56,57,58,59,60,61,62,63,64,65,66,67,68,69,70,71,72,73,74,75,76,77,78,79],"data":[[8,15,28.4231173054,-8.0768826946,[7,1,8,6,8,6,8,5,4,8],"SA","pd",30,10,10,0.95,10000,53.9098901749,5000,-1,50,0.05,0.1],[8,30,30.4661968495,-6.0338031505,[7,1,8,1,8,1,8,1,4,6],"SA","pd",30,10,10,0.95,10000,53.8316786289,5000,-1,50,0.05,0.1],[8,45,30.4661968495,-6.0338031505,[7,1,8,1,8,1,8,1,4,6],"SA","pd",30,10,10,0.95,10000,53.886092186,5000,-1,50,0.05,0.1],[8,60,30.4661968495,-6.0338031505,[7,1,8,1,8,1,8,1,4,6],"SA","pd",30,10,10,0.95,10000,53.9481217861,5000,-1,50,0.05,0.1],[8,75,30.4661968495,-6.0338031505,[7,0,2,8,9,5,5,6,1,6],"SA","pd",30,10,10,0.95,10000,53.9126858711,5000,-1,50,0.05,0.1],[8,90,31.2265688781,-5.2734311219,[7,4,0,7,9,9,5,9,6,1],"SA","pd",30,10,10,0.95,10000,53.8776187897,5000,-1,50,0.05,0.1],[8,105,31.2265688781,-5.2734311219,[7,4,0,7,9,9,5,9,6,1],"SA","pd",30,10,10,0.95,10000,53.9514739513,5000,-1,50,0.05,0.1],[8,120,32.1328411774,-4.3671588226,[7,0,0,8,1,9,8,0,6,6],"SA","pd",30,10,10,0.95,10000,53.8392403126,5000,-1,50,0.05,0.1],[8,135,32.1328411774,-4.3671588226,[7,0,0,8,1,9,8,0,6,6],"SA","pd",30,10,10,0.95,10000,53.4295926094,5000,-1,50,0.05,0.1],[8,150,32.1328411774,-4.3671588226,[7,0,0,8,1,9,8,0,6,6],"SA","pd",30,10,10,0.95,10000,53.3128073215,5000,-1,50,0.05,0.1],[8,165,32.5620427136,-3.9379572864,[7,1,2,0,2,9,3,0,1,6],"SA","pd",30,10,10,0.95,10000,53.3573997021,5000,-1,50,0.05,0.1],[8,180,33.45195659,-3.04804341,[7,2,2,7,9,9,8,0,1,6],"SA","pd",30,10,10,0.95,10000,53.4424386024,5000,-1,50,0.05,0.1],[8,195,35.5695102964,-0.9304897036,[7,3,2,0,9,9,3,0,0,6],"SA","pd",30,10,10,0.95,10000,53.3688251972,5000,-1,50,0.05,0.1],[8,210,35.5837115162,-0.9162884838,[7,3,2,1,9,3,7,0,0,6],"SA","pd",30,10,10,0.95,10000,53.3366954327,5000,-1,50,0.05,0.1],[8,225,35.7448920351,-0.7551079649,[7,9,2,1,9,9,8,0,0,6],"SA","pd",30,10,10,0.95,10000,53.4126698971,5000,-1,50,0.05,0.1],[8,240,36.6362900086,0.1362900086,[7,3,2,1,9,9,3,0,0,6],"SA","pd",30,10,10,0.95,10000,77.5498800278,5000,-1,50,0.05,0.1],[8,255,37.6297486843,1.1297486843,[7,3,2,1,9,9,5,0,0,6],"SA","pd",30,10,10,0.95,10000,53.5903449059,5000,-1,50,0.05,0.1],[8,270,37.6297486843,1.1297486843,[7,3,2,1,9,9,5,0,0,6],"SA","pd",30,10,10,0.95,10000,53.6427268982,5000,-1,50,0.05,0.1],[8,285,37.6297486843,1.1297486843,[7,3,2,1,9,9,5,0,0,6],"SA","pd",30,10,10,0.95,10000,53.5279695988,5000,-1,50,0.05,0.1],[8,300,37.6297486843,1.1297486843,[7,3,2,1,9,9,5,0,0,6],"SA","pd",30,10,10,0.95,10000,53.6066324711,5000,-1,50,0.05,0.1],[8,315,37.6297486843,1.1297486843,[7,3,2,1,9,9,5,0,0,6],"SA","pd",30,10,10,0.95,10000,53.3669371605,5000,-1,50,0.05,0.1],[8,330,37.6297486843,1.1297486843,[7,3,2,1,9,9,5,0,0,6],"SA","pd",30,10,10,0.95,10000,53.4867157936,5000,-1,50,0.05,0.1],[8,345,37.6297486843,1.1297486843,[7,3,2,1,9,9,5,0,0,6],"SA","pd",30,10,10,0.95,10000,53.3937096596,5000,-1,50,0.05,0.1],[8,360,37.6297486843,1.1297486843,[7,3,2,1,9,9,5,0,0,6],"SA","pd",30,10,10,0.95,10000,53.3098647594,5000,-1,50,0.05,0.1],[8,375,37.6297486843,1.1297486843,[7,3,2,1,9,9,5,0,0,6],"SA","pd",30,10,10,0.95,10000,53.3642213345,5000,-1,50,0.05,0.1],[8,390,37.6297486843,1.1297486843,[7,3,2,1,9,9,5,0,0,6],"SA","pd",30,10,10,0.95,10000,53.4164896011,5000,-1,50,0.05,0.1],[8,405,37.6297486843,1.1297486843,[7,3,2,1,9,9,5,0,0,6],"SA","pd",30,10,10,0.95,10000,53.7348849773,5000,-1,50,0.05,0.1],[8,420,37.6297486843,1.1297486843,[7,3,2,1,9,9,5,0,0,6],"SA","pd",30,10,10,0.95,10000,53.7308182716,5000,-1,50,0.05,0.1],[8,435,37.6297486843,1.1297486843,[7,3,2,1,9,9,5,0,0,6],"SA","pd",30,10,10,0.95,10000,53.3845403194,5000,-1,50,0.05,0.1],[8,450,37.6297486843,1.1297486843,[7,3,2,1,9,9,5,0,0,6],"SA","pd",30,10,10,0.95,10000,53.4245700836,5000,-1,50,0.05,0.1],[8,465,37.6297486843,1.1297486843,[7,3,2,1,9,9,5,0,0,6],"SA","pd",30,10,10,0.95,10000,53.2602348328,5000,-1,50,0.05,0.1],[8,480,37.6297486843,1.1297486843,[7,3,2,1,9,9,5,0,0,6],"SA","pd",30,10,10,0.95,10000,53.2610797882,5000,-1,50,0.05,0.1],[8,495,37.6297486843,1.1297486843,[7,3,2,1,9,9,5,0,0,6],"SA","pd",30,10,10,0.95,10000,53.2698609829,5000,-1,50,0.05,0.1],[8,510,37.6297486843,1.1297486843,[7,3,2,1,9,9,5,0,0,6],"SA","pd",30,10,10,0.95,10000,53.8131587505,5000,-1,50,0.05,0.1],[8,525,37.6297486843,1.1297486843,[7,3,2,1,9,9,5,0,0,6],"SA","pd",30,10,10,0.95,10000,53.6449258327,5000,-1,50,0.05,0.1],[8,540,37.6297486843,1.1297486843,[7,3,2,1,9,9,5,0,0,6],"SA","pd",30,10,10,0.95,10000,53.808154583,5000,-1,50,0.05,0.1],[8,555,37.6297486843,1.1297486843,[7,3,2,1,9,9,5,0,0,6],"SA","pd",30,10,10,0.95,10000,53.8115992546,5000,-1,50,0.05,0.1],[8,570,37.6297486843,1.1297486843,[7,3,2,1,9,9,5,0,0,6],"SA","pd",30,10,10,0.95,10000,53.9079847336,5000,-1,50,0.05,0.1],[8,585,37.6297486843,1.1297486843,[7,3,2,1,9,9,5,0,0,6],"SA","pd",30,10,10,0.95,10000,53.8118891716,5000,-1,50,0.05,0.1],[8,600,37.6297486843,1.1297486843,[7,3,2,1,9,9,5,0,0,6],"SA","pd",30,10,10,0.95,10000,53.9665482044,5000,-1,50,0.05,0.1],[8,615,37.6297486843,1.1297486843,[7,3,2,1,9,9,5,0,0,6],"SA","pd",30,10,10,0.95,10000,53.7974858284,5000,-1,50,0.05,0.1],[8,630,37.6297486843,1.1297486843,[7,3,2,1,9,9,5,0,0,6],"SA","pd",30,10,10,0.95,10000,53.8101758957,5000,-1,50,0.05,0.1],[8,645,37.6297486843,1.1297486843,[7,3,2,1,9,9,5,0,0,6],"SA","pd",30,10,10,0.95,10000,53.7649879456,5000,-1,50,0.05,0.1],[8,660,37.6297486843,1.1297486843,[7,3,2,1,9,9,5,0,0,6],"SA","pd",30,10,10,0.95,10000,53.7812297344,5000,-1,50,0.05,0.1],[8,675,37.6297486843,1.1297486843,[7,3,2,1,9,9,5,0,0,6],"SA","pd",30,10,10,0.95,10000,53.7718381882,5000,-1,50,0.05,0.1],[8,690,37.6297486843,1.1297486843,[7,3,2,1,9,9,5,0,0,6],"SA","pd",30,10,10,0.95,10000,53.8568274975,5000,-1,50,0.05,0.1],[8,705,37.6297486843,1.1297486843,[7,3,2,1,9,9,5,0,0,6],"SA","pd",30,10,10,0.95,10000,53.2967309952,5000,-1,50,0.05,0.1],[8,720,37.6297486843,1.1297486843,[7,3,2,1,9,9,5,0,0,6],"SA","pd",30,10,10,0.95,10000,53.5827133656,5000,-1,50,0.05,0.1],[8,735,37.6297486843,1.1297486843,[7,3,2,1,9,9,5,0,0,6],"SA","pd",30,10,10,0.95,10000,53.5664536953,5000,-1,50,0.05,0.1],[8,750,37.6297486843,1.1297486843,[7,3,2,1,9,9,5,0,0,6],"SA","pd",30,10,10,0.95,10000,53.3639390469,5000,-1,50,0.05,0.1],[8,765,37.6297486843,1.1297486843,[7,3,2,1,9,9,5,0,0,6],"SA","pd",30,10,10,0.95,10000,53.4992842674,5000,-1,50,0.05,0.1],[8,780,37.6297486843,1.1297486843,[7,3,2,1,9,9,5,0,0,6],"SA","pd",30,10,10,0.95,10000,53.4322836399,5000,-1,50,0.05,0.1],[8,795,37.6297486843,1.1297486843,[7,3,2,1,9,9,5,0,0,6],"SA","pd",30,10,10,0.95,10000,53.3483767509,5000,-1,50,0.05,0.1],[8,810,37.6297486843,1.1297486843,[7,3,2,1,9,9,5,0,0,6],"SA","pd",30,10,10,0.95,10000,53.449007988,5000,-1,50,0.05,0.1],[8,825,37.6297486843,1.1297486843,[7,3,2,1,9,9,5,0,0,6],"SA","pd",30,10,10,0.95,10000,53.4768955708,5000,-1,50,0.05,0.1],[8,840,37.6297486843,1.1297486843,[7,3,2,1,9,9,5,0,0,6],"SA","pd",30,10,10,0.95,10000,53.4171476364,5000,-1,50,0.05,0.1],[8,855,37.6297486843,1.1297486843,[7,3,2,1,9,9,5,0,0,6],"SA","pd",30,10,10,0.95,10000,54.8950755596,5000,-1,50,0.05,0.1],[8,870,37.6297486843,1.1297486843,[7,3,2,1,9,9,5,0,0,6],"SA","pd",30,10,10,0.95,10000,53.8402926922,5000,-1,50,0.05,0.1],[8,885,37.6297486843,1.1297486843,[7,3,2,1,9,9,5,0,0,6],"SA","pd",30,10,10,0.95,10000,53.8496243954,5000,-1,50,0.05,0.1],[8,900,37.6297486843,1.1297486843,[7,3,2,1,9,9,5,0,0,6],"SA","pd",30,10,10,0.95,10000,53.8282399178,5000,-1,50,0.05,0.1],[8,915,37.6297486843,1.1297486843,[7,3,2,1,9,9,5,0,0,6],"SA","pd",30,10,10,0.95,10000,53.8289113045,5000,-1,50,0.05,0.1],[8,930,37.6297486843,1.1297486843,[7,3,2,1,9,9,5,0,0,6],"SA","pd",30,10,10,0.95,10000,53.9492559433,5000,-1,50,0.05,0.1],[8,945,37.6297486843,1.1297486843,[7,3,2,1,9,9,5,0,0,6],