{"columns":["ite","time","q","scaled_eu","z","solver","attacker","|Q|","|X|","|T|","rho","k","utility_time","RS_iters","mcts_iters","sa_iters","eps","lr"],"index":[0,1,2,3,4,5,6,7,8,9,10,11,12,13,14,15,16,17,18,19,20,21,22,23,24,25,26,27,28,29,30,31,32,33,34,35,36,37,38,39,40,41,42,43,44,45,46,47,48,49,50,51,52,53,54,55,56,57,58,59,60,61,62,63,64,65,66,67,68,69,70,71,72,73,74,75,76,77,78,79],"data":[[7,15,29.2663644845,-7.2336355155,[5,4,9,5,9,5,6,2,7,6],"SA","pd",30,10,10,0.95,10000,53.6097698212,5000,-1,50,0.05,0.1],[7,30,29.2663644845,-7.2336355155,[7,9,5,1,9,1,6,2,4,6],"SA","pd",30,10,10,0.95,10000,53.8119108677,5000,-1,50,0.05,0.1],[7,45,29.2663644845,-7.2336355155,[7,9,5,1,9,1,6,2,4,6],"SA","pd",30,10,10,0.95,10000,53.951284647,5000,-1,50,0.05,0.1],[7,60,30.9034393125,-5.5965606875,[3,6,0,6,1,9,2,0,0,3],"SA","pd",30,10,10,0.95,10000,53.9570338726,5000,-1,50,0.05,0.1],[7,75,30.9034393125,-5.5965606875,[8,7,0,1,5,9,9,9,0,6],"SA","pd",30,10,10,0.95,10000,53.9841880798,5000,-1,50,0.05,0.1],[7,90,32.7678756173,-3.7321243827,[6,3,2,1,1,8,9,0,1,6],"SA","pd",30,10,10,0.95,10000,53.8899142742,5000,-1,50,0.05,0.1],[7,105,32.7678756173,-3.7321243827,[6,3,2,1,1,8,9,0,1,6],"SA","pd",30,10,10,0.95,10000,53.8703663349,5000,-1,50,0.05,0.1],[7,120,32.7678756173,-3.7321243827,[3,2,1,1,5,9,0,0,0,6],"SA","pd",30,10,10,0.95,10000,53.8312962055,5000,-1,50,0.05,0.1],[7,135,33.5747373857,-2.9252626143,[2,0,2,1,8,9,5,8,0,6],"SA","pd",30,10,10,0.95,10000,53.9499840736,5000,-1,50,0.05,0.1],[7,150,33.5747373857,-2.9252626143,[7,6,2,1,7,9,5,8,0,6],"SA","pd",30,10,10,0.95,10000,53.9133038521,5000,-1,50,0.05,0.1],[7,165,33.5747373857,-2.9252626143,[7,6,2,1,7,9,5,8,0,6],"SA","pd",30,10,10,0.95,10000,53.9256501198,5000,-1,50,0.05,0.1],[7,180,33.5747373857,-2.9252626143,[7,6,2,1,7,9,5,8,0,6],"SA","pd",30,10,10,0.95,10000,53.9288086891,5000,-1,50,0.05,0.1],[7,195,33.5747373857,-2.9252626143,[7,6,2,1,7,9,5,8,0,6],"SA","pd",30,10,10,0.95,10000,53.8699636459,5000,-1,50,0.05,0.1],[7,210,33.5747373857,-2.9252626143,[7,6,2,1,7,9,5,8,0,6],"SA","pd",30,10,10,0.95,10000,58.5915939808,5000,-1,50,0.05,0.1],[7,225,33.5747373857,-2.9252626143,[7,6,2,1,7,9,5,8,0,6],"SA","pd",30,10,10,0.95,10000,53.8494086266,5000,-1,50,0.05,0.1],[7,240,33.5747373857,-2.9252626143,[7,6,2,1,7,9,5,8,0,6],"SA","pd",30,10,10,0.95,10000,53.7837846279,5000,-1,50,0.05,0.1],[7,255,33.5747373857,-2.9252626143,[7,6,2,1,7,9,5,8,0,6],"SA","pd",30,10,10,0.95,10000,53.8216774464,5000,-1,50,0.05,0.1],[7,270,33.5747373857,-2.9252626143,[7,6,2,1,7,9,5,8,0,6],"SA","pd",30,10,10,0.95,10000,54.0290222168,5000,-1,50,0.05,0.1],[7,285,33.5747373857,-2.9252626143,[7,6,2,1,7,9,5,8,0,6],"SA","pd",30,10,10,0.95,10000,53.8273847103,5000,-1,50,0.05,0.1],[7,300,33.5747373857,-2.9252626143,[7,6,2,1,7,9,5,8,0,6],"SA","pd",30,10,10,0.95,10000,53.9395098686,5000,-1,50,0.05,0.1],[7,315,33.5747373857,-2.9252626143,[7,6,2,1,7,9,5,8,0,6],"SA","pd",30,10,10,0.95,10000,56.9655861855,5000,-1,50,0.05,0.1],[7,330,33.5747373857,-2.9252626143,[7,6,2,1,7,9,5,8,0,6],"SA","pd",30,10,10,0.95,10000,59.7113037109,5000,-1,50,0.05,0.1],[7,345,33.5747373857,-2.9252626143,[7,6,2,1,7,9,5,8,0,6],"SA","pd",30,10,10,0.95,10000,53.5133535862,5000,-1,50,0.05,0.1],[7,360,35.716455892,-0.783544108,[7,2,2,1,1,9,5,0,0,6],"SA","pd",30,10,10,0.95,10000,53.4406819344,5000,-1,50,0.05,0.1],[7,375,37.6290172953,1.1290172953,[7,3,2,1,9,9,5,0,0,6],"SA","pd",30,10,10,0.95,10000,53.5468506813,5000,-1,50,0.05,0.1],[7,390,37.629285449,1.129285449,[7,3,2,1,9,9,5,0,0,6],"SA","pd",30,10,10,0.95,10000,53.51055336,5000,-1,50,0.05,0.1],[7,405,37.629285449,1.129285449,[7,3,2,1,9,9,5,0,0,6],"SA","pd",30,10,10,0.95,10000,53.5698599815,5000,-1,50,0.05,0.1],[7,420,37.629285449,1.129285449,[7,3,2,1,9,9,5,0,0,6],"SA","pd",30,10,10,0.95,10000,53.5454115868,5000,-1,50,0.05,0.1],[7,435,37.629285449,1.129285449,[7,3,2,1,9,9,5,0,0,6],"SA","pd",30,10,10,0.95,10000,67.0840594769,5000,-1,50,0.05,0.1],[7,450,37.6293675145,1.1293675145,[7,3,2,1,9,9,5,0,0,6],"SA","pd",30,10,10,0.95,10000,53.5297703743,5000,-1,50,0.05,0.1],[7,465,37.6293675145,1.1293675145,[7,3,2,1,9,9,5,0,0,6],"SA","pd",30,10,10,0.95,10000,53.3173906803,5000,-1,50,0.05,0.1],[7,480,37.6293675145,1.1293675145,[7,3,2,1,9,9,5,0,0,6],"SA","pd",30,10,10,0.95,10000,53.3874409199,5000,-1,50,0.05,0.1],[7,495,37.6294724979,1.1294724979,[7,3,2,1,9,9,5,0,0,6],"SA","pd",30,10,10,0.95,10000,53.4103944302,5000,-1,50,0.05,0.1],[7,510,37.6294724979,1.1294724979,[7,3,2,1,9,9,5,0,0,6],"SA","pd",30,10,10,0.95,10000,53.3853299618,5000,-1,50,0.05,0.1],[7,525,37.6298592415,1.1298592415,[7,3,2,1,9,9,5,0,0,6],"SA","pd",30,10,10,0.95,10000,53.4059000015,5000,-1,50,0.05,0.1],[7,540,37.6298592415,1.1298592415,[7,3,2,1,9,9,5,0,0,6],"SA","pd",30,10,10,0.95,10000,53.3027832508,5000,-1,50,0.05,0.1],[7,555,37.6298592415,1.1298592415,[7,3,2,1,9,9,5,0,0,6],"SA","pd",30,10,10,0.95,10000,53.2934360504,5000,-1,50,0.05,0.1],[7,570,37.6298592415,1.1298592415,[7,3,2,1,9,9,5,0,0,6],"SA","pd",30,10,10,0.95,10000,53.3737325668,5000,-1,50,0.05,0.1],[7,585,37.6298592415,1.1298592415,[7,3,2,1,9,9,5,0,0,6],"SA","pd",30,10,10,0.95,10000,53.5584659576,5000,-1,50,0.05,0.1],[7,600,37.6298592415,1.1298592415,[7,3,2,1,9,9,5,0,0,6],"SA","pd",30,10,10,0.95,10000,53.3282113075,5000,-1,50,0.05,0.1],[7,615,37.6298592415,1.1298592415,[7,3,2,1,9,9,5,0,0,6],"SA","pd",30,10,10,0.95,10000,53.3131332397,5000,-1,50,0.05,0.1],[7,630,37.6298592415,1.1298592415,[7,3,2,1,9,9,5,0,0,6],"SA","pd",30,10,10,0.95,10000,53.4289374352,5000,-1,50,0.05,0.1],[7,645,37.6298592415,1.1298592415,[7,3,2,1,9,9,5,0,0,6],"SA","pd",30,10,10,0.95,10000,53.3524794579,5000,-1,50,0.05,0.1],[7,660,37.6298592415,1.1298592415,[7,3,2,1,9,9,5,0,0,6],"SA","pd",30,10,10,0.95,10000,53.2218294144,5000,-1,50,0.05,0.1],[7,675,37.6298592415,1.1298592415,[7,3,2,1,9,9,5,0,0,6],"SA","pd",30,10,10,0.95,10000,53.2005753517,5000,-1,50,0.05,0.1],[7,690,37.6298592415,1.1298592415,[7,3,2,1,9,9,5,0,0,6],"SA","pd",30,10,10,0.95,10000,53.3025712967,5000,-1,50,0.05,0.1],[7,705,37.6298592415,1.1298592415,[7,3,2,1,9,9,5,0,0,6],"SA","pd",30,10,10,0.95,10000,53.255099535,5000,-1,50,0.05,0.1],[7,720,37.6298592415,1.1298592415,[7,3,2,1,9,9,5,0,0,6],"SA","pd",30,10,10,0.95,10000,53.1442177296,5000,-1,50,0.05,0.1],[7,735,37.6298592415,1.1298592415,[7,3,2,1,9,9,5,0,0,6],"SA","pd",30,10,10,0.95,10000,53.263030529,5000,-1,50,0.05,0.1],[7,750,37.6298592415,1.1298592415,[7,3,2,1,9,9,5,0,0,6],"SA","pd",30,10,10,0.95,10000,53.2863881588,5000,-1,50,0.05,0.1],[7,765,37.6298592415,1.1298592415,[7,3,2,1,9,9,5,0,0,6],"SA","pd",30,10,10,0.95,10000,53.6199734211,5000,-1,50,0.05,0.1],[7,780,37.6298592415,1.1298592415,[7,3,2,1,9,9,5,0,0,6],"SA","pd",30,10,10,0.95,10000,53.5228788853,5000,-1,50,0.05,0.1],[7,795,37.6298592415,1.1298592415,[7,3,2,1,9,9,5,0,0,6],"SA","pd",30,10,10,0.95,10000,56.8866736889,5000,-1,50,0.05,0.1],[7,810,37.6298592415,1.1298592415,[7,3,2,1,9,9,5,0,0,6],"SA","pd",30,10,10,0.95,10000,52.5575973988,5000,-1,50,0.05,0.1],[7,825,37.6298592415,1.1298592415,[7,3,2,1,9,9,5,0,0,6],"SA","pd",30,10,10,0.95,10000,53.3620712757,5000,-1,50,0.05,0.1],[7,840,37.6298592415,1.1298592415,[7,3,2,1,9,9,5,0,0,6],"SA","pd",30,10,10,0.95,10000,53.4461658001,5000,-1,50,0.05,0.1],[7,855,37.6298592415,1.1298592415,[7,3,2,1,9,9,5,0,0,6],"SA","pd",30,10,10,0.95,10000,53.5940420628,5000,-1,50,0.05,0.1],[7,870,37.6298592415,1.1298592415,[7,3,2,1,9,9,5,0,0,6],"SA","pd",30,10,10,0.95,10000,53.6198227406,5000,-1,50,0.05,0.1],[7,885,37.6298592415,1.1298592415,[7,3,2,1,9,9,5,0,0,6],"SA","pd",30,10,10,0.95,10000,53.6270258427,5000,-1,50,0.05,0.1],[7,900,37.6298592415,1.1298592415,[7,3,2,1,9,9,5,0,0,6],"SA","pd",30,10,10,0.95,10000,53.7809886932,5000,-1,50,0.05,0.1],[7,915,37.6298592415,1.1298592415,[7,3,2,1,9,9,5,0,0,6],"SA","pd",30,10,10,0.95,10000,53.5376260281,5000,-1,50,0.05,0.1],[7,930,37.6298592415,1.1298592415,[7,3,2,1,9,9,5,0,0,6],"SA","pd",30,10,10,0.95,10000,53.8037965298,5000,-1,50,0.05,0.1],[7,945,37.6298592415,1.1298592415,[7,3,2,1,9,9,5,0,0,6],