{"columns":["ite","time","q","scaled_eu","z","solver","attacker","|Q|","|X|","|T|","rho","k","utility_time","RS_iters","mcts_iters","sa_iters","eps","lr"],"index":[0,1,2,3,4,5,6,7,8,9,10,11,12,13,14,15,16,17,18,19,20,21,22,23,24,25,26,27,28,29,30,31,32,33,34,35,36,37,38,39,40,41,42,43,44,45,46,47,48,49,50,51,52,53,54,55,56,57,58,59,60,61,62,63,64,65,66,67,68,69,70,71,72,73,74,75,76,77,78,79],"data":[[6,15,27.1986470269,-9.3013529731,[6,0,7,3,0,2,9,2,1,7],"SA","pd",30,10,10,0.95,10000,53.4588165283,5000,-1,50,0.05,0.1],[6,30,28.4578423084,-8.0421576916,[6,7,1,8,9,0,1,4,7,7],"SA","pd",30,10,10,0.95,10000,53.6301419735,5000,-1,50,0.05,0.1],[6,45,30.5767662401,-5.9232337599,[6,7,5,1,0,0,5,0,9,3],"SA","pd",30,10,10,0.95,10000,53.6056141853,5000,-1,50,0.05,0.1],[6,60,30.5767662401,-5.9232337599,[6,7,5,1,0,0,5,0,9,3],"SA","pd",30,10,10,0.95,10000,53.5130650997,5000,-1,50,0.05,0.1],[6,75,30.5767662401,-5.9232337599,[6,7,5,1,0,0,5,0,9,3],"SA","pd",30,10,10,0.95,10000,53.4752328396,5000,-1,50,0.05,0.1],[6,90,30.5767662401,-5.9232337599,[6,7,5,1,0,0,5,0,9,3],"SA","pd",30,10,10,0.95,10000,53.496131897,5000,-1,50,0.05,0.1],[6,105,30.5767662401,-5.9232337599,[6,7,5,1,0,0,5,0,9,3],"SA","pd",30,10,10,0.95,10000,53.5040986538,5000,-1,50,0.05,0.1],[6,120,30.5767662401,-5.9232337599,[6,7,5,1,0,0,5,0,9,3],"SA","pd",30,10,10,0.95,10000,53.5447926521,5000,-1,50,0.05,0.1],[6,135,32.381174717,-4.118825283,[8,0,0,1,6,1,5,0,6,6],"SA","pd",30,10,10,0.95,10000,53.5743308067,5000,-1,50,0.05,0.1],[6,150,32.381174717,-4.118825283,[3,7,2,1,6,6,5,0,1,6],"SA","pd",30,10,10,0.95,10000,53.4249610901,5000,-1,50,0.05,0.1],[6,165,32.381174717,-4.118825283,[3,7,2,1,6,6,5,0,1,6],"SA","pd",30,10,10,0.95,10000,53.586868763,5000,-1,50,0.05,0.1],[6,180,32.4372762725,-4.0627237275,[0,3,2,1,9,5,3,2,0,1],"SA","pd",30,10,10,0.95,10000,53.408652544,5000,-1,50,0.05,0.1],[6,195,32.4372762725,-4.0627237275,[7,3,2,1,8,5,8,1,0,6],"SA","pd",30,10,10,0.95,10000,53.4847767353,5000,-1,50,0.05,0.1],[6,210,34.3176357276,-2.1823642724,[7,3,2,1,4,4,5,9,0,6],"SA","pd",30,10,10,0.95,10000,53.4882662296,5000,-1,50,0.05,0.1],[6,225,34.3176357276,-2.1823642724,[7,3,2,1,6,1,5,1,0,6],"SA","pd",30,10,10,0.95,10000,53.4709067345,5000,-1,50,0.05,0.1],[6,240,34.3176357276,-2.1823642724,[7,3,2,1,6,1,5,1,0,6],"SA","pd",30,10,10,0.95,10000,53.4727118015,5000,-1,50,0.05,0.1],[6,255,35.504314441,-0.995685559,[7,3,2,1,9,5,5,5,0,6],"SA","pd",30,10,10,0.95,10000,53.2480359077,5000,-1,50,0.05,0.1],[6,270,36.8470358927,0.3470358927,[7,3,2,1,9,6,5,0,0,6],"SA","pd",30,10,10,0.95,10000,53.4239647388,5000,-1,50,0.05,0.1],[6,285,36.8470358927,0.3470358927,[7,3,2,1,9,6,5,0,0,6],"SA","pd",30,10,10,0.95,10000,53.1264226437,5000,-1,50,0.05,0.1],[6,300,36.8470358927,0.3470358927,[7,3,2,1,9,6,5,0,0,6],"SA","pd",30,10,10,0.95,10000,53.1896052361,5000,-1,50,0.05,0.1],[6,315,36.8470358927,0.3470358927,[7,3,2,1,9,6,5,0,0,6],"SA","pd",30,10,10,0.95,10000,53.2407262325,5000,-1,50,0.05,0.1],[6,330,36.8470358927,0.3470358927,[7,3,2,1,9,6,5,0,0,6],"SA","pd",30,10,10,0.95,10000,65.8011364937,5000,-1,50,0.05,0.1],[6,345,36.8470358927,0.3470358927,[7,3,2,1,9,9,5,0,0,6],"SA","pd",30,10,10,0.95,10000,53.3349626064,5000,-1,50,0.05,0.1],[6,360,36.8470358927,0.3470358927,[7,3,2,1,9,9,5,0,0,6],"SA","pd",30,10,10,0.95,10000,53.3880832195,5000,-1,50,0.05,0.1],[6,375,36.8470358927,0.3470358927,[7,3,2,1,9,9,5,0,0,6],"SA","pd",30,10,10,0.95,10000,53.2561297417,5000,-1,50,0.05,0.1],[6,390,36.8470358927,0.3470358927,[7,3,2,1,9,9,5,0,0,6],"SA","pd",30,10,10,0.95,10000,53.6173856258,5000,-1,50,0.05,0.1],[6,405,36.8470358927,0.3470358927,[7,3,2,1,9,9,5,0,0,6],"SA","pd",30,10,10,0.95,10000,53.5200259686,5000,-1,50,0.05,0.1],[6,420,36.8470358927,0.3470358927,[7,3,2,1,9,9,5,0,0,6],"SA","pd",30,10,10,0.95,10000,53.314006567,5000,-1,50,0.05,0.1],[6,435,36.8470358927,0.3470358927,[7,3,2,1,9,9,5,0,0,6],"SA","pd",30,10,10,0.95,10000,53.1777653694,5000,-1,50,0.05,0.1],[6,450,36.8470358927,0.3470358927,[7,3,2,1,9,9,5,0,0,6],"SA","pd",30,10,10,0.95,10000,53.5563690662,5000,-1,50,0.05,0.1],[6,465,36.8470358927,0.3470358927,[7,3,2,1,9,9,5,0,0,6],"SA","pd",30,10,10,0.95,10000,53.5355267525,5000,-1,50,0.05,0.1],[6,480,36.8470358927,0.3470358927,[7,3,2,1,9,9,5,0,0,6],"SA","pd",30,10,10,0.95,10000,53.598382473,5000,-1,50,0.05,0.1],[6,495,36.8470358927,0.3470358927,[7,3,2,1,9,9,5,0,0,6],"SA","pd",30,10,10,0.95,10000,53.6419029236,5000,-1,50,0.05,0.1],[6,510,36.8470358927,0.3470358927,[7,3,2,1,9,9,5,0,0,6],"SA","pd",30,10,10,0.95,10000,53.5243623257,5000,-1,50,0.05,0.1],[6,525,36.8470358927,0.3470358927,[7,3,2,1,9,9,5,0,0,6],"SA","pd",30,10,10,0.95,10000,53.6690831184,5000,-1,50,0.05,0.1],[6,540,37.6293735801,1.1293735801,[7,3,2,1,9,9,5,0,0,6],"SA","pd",30,10,10,0.95,10000,53.4955759048,5000,-1,50,0.05,0.1],[6,555,37.6294100961,1.1294100961,[7,3,2,1,9,9,5,0,0,6],"SA","pd",30,10,10,0.95,10000,53.6771600246,5000,-1,50,0.05,0.1],[6,570,37.6294100961,1.1294100961,[7,3,2,1,9,9,5,0,0,6],"SA","pd",30,10,10,0.95,10000,53.5078730583,5000,-1,50,0.05,0.1],[6,585,37.6294100961,1.1294100961,[7,3,2,1,9,9,5,0,0,6],"SA","pd",30,10,10,0.95,10000,53.6398506165,5000,-1,50,0.05,0.1],[6,600,37.6294100961,1.1294100961,[7,3,2,1,9,9,5,0,0,6],"SA","pd",30,10,10,0.95,10000,53.6544697285,5000,-1,50,0.05,0.1],[6,615,37.6294100961,1.1294100961,[7,3,2,1,9,9,5,0,0,6],"SA","pd",30,10,10,0.95,10000,53.2578115463,5000,-1,50,0.05,0.1],[6,630,37.6296690468,1.1296690468,[7,3,2,1,9,9,5,0,0,6],"SA","pd",30,10,10,0.95,10000,53.2222092152,5000,-1,50,0.05,0.1],[6,645,37.6296690468,1.1296690468,[7,3,2,1,9,9,5,0,0,6],"SA","pd",30,10,10,0.95,10000,53.2814869881,5000,-1,50,0.05,0.1],[6,660,37.6296690468,1.1296690468,[7,3,2,1,9,9,5,0,0,6],"SA","pd",30,10,10,0.95,10000,53.1870462894,5000,-1,50,0.05,0.1],[6,675,37.6296690468,1.1296690468,[7,3,2,1,9,9,5,0,0,6],"SA","pd",30,10,10,0.95,10000,53.2874708176,5000,-1,50,0.05,0.1],[6,690,37.6296690468,1.1296690468,[7,3,2,1,9,9,5,0,0,6],"SA","pd",30,10,10,0.95,10000,53.3914899826,5000,-1,50,0.05,0.1],[6,705,37.6296690468,1.1296690468,[7,3,2,1,9,9,5,0,0,6],"SA","pd",30,10,10,0.95,10000,53.3904674053,5000,-1,50,0.05,0.1],[6,720,37.6296690468,1.1296690468,[7,3,2,1,9,9,5,0,0,6],"SA","pd",30,10,10,0.95,10000,53.4224019051,5000,-1,50,0.05,0.1],[6,735,37.6296690468,1.1296690468,[7,3,2,1,9,9,5,0,0,6],"SA","pd",30,10,10,0.95,10000,53.5088367462,5000,-1,50,0.05,0.1],[6,750,37.6296690468,1.1296690468,[7,3,2,1,9,9,5,0,0,6],"SA","pd",30,10,10,0.95,10000,53.6045081615,5000,-1,50,0.05,0.1],[6,765,37.6296690468,1.1296690468,[7,3,2,1,9,9,5,0,0,6],"SA","pd",30,10,10,0.95,10000,58.4242534637,5000,-1,50,0.05,0.1],[6,780,37.6296690468,1.1296690468,[7,3,2,1,9,9,5,0,0,6],"SA","pd",30,10,10,0.95,10000,53.3742241859,5000,-1,50,0.05,0.1],[6,795,37.6296690468,1.1296690468,[7,3,2,1,9,9,5,0,0,6],"SA","pd",30,10,10,0.95,10000,53.2833647728,5000,-1,50,0.05,0.1],[6,810,37.6296690468,1.1296690468,[7,3,2,1,9,9,5,0,0,6],"SA","pd",30,10,10,0.95,10000,53.1743073463,5000,-1,50,0.05,0.1],[6,825,37.6296690468,1.1296690468,[7,3,2,1,9,9,5,0,0,6],"SA","pd",30,10,10,0.95,10000,53.3683145046,5000,-1,50,0.05,0.1],[6,840,37.6296690468,1.1296690468,[7,3,2,1,9,9,5,0,0,6],"SA","pd",30,10,10,0.95,10000,53.3342700005,5000,-1,50,0.05,0.1],[6,855,37.6296690468,1.1296690468,[7,3,2,1,9,9,5,0,0,6],"SA","pd",30,10,10,0.95,10000,53.1350708008,5000,-1,50,0.05,0.1],[6,870,37.6296690468,1.1296690468,[7,3,2,1,9,9,5,0,0,6],"SA","pd",30,10,10,0.95,10000,53.2549073696,5000,-1,50,0.05,0.1],[6,885,37.6297099816,1.1297099816,[7,3,2,1,9,9,5,0,0,6],"SA","pd",30,10,10,0.95,10000,53.3189473152,5000,-1,50,0.05,0.1],[6,900,37.6297099816,1.1297099816,[7,3,2,1,9,9,5,0,0,6],"SA","pd",30,10,10,0.95,10000,53.5960390568,5000,-1,50,0.05,0.1],[6,915,37.6297099816,1.1297099816,[7,3,2,1,9,9,5,0,0,6],"SA","pd",30,10,10,0.95,10000,53.6048853397,5000,-1,50,0.05,0.1],[6,930,37.6297099816,1.1297099816,[7,3,2,1,9,9,5,0,0,6],"SA","pd",30,10,10,0.95,10000,53.7369682789,5000,-1,50,0.05,0.1],[6,945,37.629899549,1.129899549,[7,3,2,1,9,9,5,0,0,6],