{"columns":["ite","time","q","scaled_eu","z","solver","attacker","|Q|","|X|","|T|","rho","k","utility_time","RS_iters","mcts_iters","sa_iters","eps","lr"],"index":[0,1,2,3,4,5,6,7,8,9,10,11,12,13,14,15,16,17,18,19,20,21,22,23,24,25,26,27,28,29,30,31,32,33,34,35,36,37,38,39,40,41,42,43,44,45,46,47,48,49,50,51,52,53,54,55,56,57,58,59,60,61,62,63,64,65,66,67,68,69,70,71,72,73,74,75,76,77,78,79],"data":[[5,15,30.4066420527,-6.0933579473,[8,5,9,9,9,2,4,3,0,6],"SA","pd",30,10,10,0.95,10000,50.2597973347,5000,-1,50,0.05,0.1],[5,30,30.4066420527,-6.0933579473,[8,5,9,9,9,2,4,3,0,6],"SA","pd",30,10,10,0.95,10000,50.4254992008,5000,-1,50,0.05,0.1],[5,45,30.4066420527,-6.0933579473,[8,5,9,9,9,2,4,3,0,6],"SA","pd",30,10,10,0.95,10000,50.4392318726,5000,-1,50,0.05,0.1],[5,60,30.4066420527,-6.0933579473,[8,5,9,9,9,2,4,3,0,6],"SA","pd",30,10,10,0.95,10000,50.4278306961,5000,-1,50,0.05,0.1],[5,75,30.4066420527,-6.0933579473,[7,3,8,1,9,1,6,3,2,2],"SA","pd",30,10,10,0.95,10000,50.4498653412,5000,-1,50,0.05,0.1],[5,90,31.3456190102,-5.1543809898,[7,6,2,2,9,5,7,4,1,6],"SA","pd",30,10,10,0.95,10000,50.489178896,5000,-1,50,0.05,0.1],[5,105,31.3456190102,-5.1543809898,[7,3,6,1,9,5,8,0,1,6],"SA","pd",30,10,10,0.95,10000,50.3424441814,5000,-1,50,0.05,0.1],[5,120,31.3456190102,-5.1543809898,[7,3,6,1,9,5,8,0,1,6],"SA","pd",30,10,10,0.95,10000,50.4322316647,5000,-1,50,0.05,0.1],[5,135,31.5830823216,-4.9169176784,[1,3,5,1,9,6,6,5,4,6],"SA","pd",30,10,10,0.95,10000,50.4286122322,5000,-1,50,0.05,0.1],[5,150,31.7416992894,-4.7583007106,[7,3,8,8,4,6,6,3,0,6],"SA","pd",30,10,10,0.95,10000,50.4282443523,5000,-1,50,0.05,0.1],[5,165,35.3603240215,-1.1396759785,[8,3,2,1,9,9,5,0,9,6],"SA","pd",30,10,10,0.95,10000,50.4369320869,5000,-1,50,0.05,0.1],[5,180,35.3603240215,-1.1396759785,[8,3,2,1,9,9,5,0,0,6],"SA","pd",30,10,10,0.95,10000,50.5115139484,5000,-1,50,0.05,0.1],[5,195,35.3603240215,-1.1396759785,[8,3,2,1,9,9,5,0,0,6],"SA","pd",30,10,10,0.95,10000,50.380096674,5000,-1,50,0.05,0.1],[5,210,36.6892838098,0.1892838098,[5,3,2,1,9,9,5,0,0,6],"SA","pd",30,10,10,0.95,10000,50.3240768909,5000,-1,50,0.05,0.1],[5,225,36.6892838098,0.1892838098,[7,3,2,1,9,9,5,0,0,6],"SA","pd",30,10,10,0.95,10000,50.4028244019,5000,-1,50,0.05,0.1],[5,240,37.6289719446,1.1289719446,[7,3,2,1,9,9,5,0,0,6],"SA","pd",30,10,10,0.95,10000,50.341878891,5000,-1,50,0.05,0.1],[5,255,37.6292540028,1.1292540028,[7,3,2,1,9,9,5,0,0,6],"SA","pd",30,10,10,0.95,10000,50.2697572708,5000,-1,50,0.05,0.1],[5,270,37.6292540028,1.1292540028,[7,3,2,1,9,9,5,0,0,6],"SA","pd",30,10,10,0.95,10000,50.3097553253,5000,-1,50,0.05,0.1],[5,285,37.6292540028,1.1292540028,[7,3,2,1,9,9,5,0,0,6],"SA","pd",30,10,10,0.95,10000,50.6206371784,5000,-1,50,0.05,0.1],[5,300,37.6292540028,1.1292540028,[7,3,2,1,9,9,5,0,0,6],"SA","pd",30,10,10,0.95,10000,50.5446317196,5000,-1,50,0.05,0.1],[5,315,37.6292540028,1.1292540028,[7,3,2,1,9,9,5,0,0,6],"SA","pd",30,10,10,0.95,10000,50.3830320835,5000,-1,50,0.05,0.1],[5,330,37.6294832095,1.1294832095,[7,3,2,1,9,9,5,0,0,6],"SA","pd",30,10,10,0.95,10000,50.4255390167,5000,-1,50,0.05,0.1],[5,345,37.6294832095,1.1294832095,[7,3,2,1,9,9,5,0,0,6],"SA","pd",30,10,10,0.95,10000,51.4244272709,5000,-1,50,0.05,0.1],[5,360,37.6294832095,1.1294832095,[7,3,2,1,9,9,5,0,0,6],"SA","pd",30,10,10,0.95,10000,50.2857136726,5000,-1,50,0.05,0.1],[5,375,37.6294832095,1.1294832095,[7,3,2,1,9,9,5,0,0,6],"SA","pd",30,10,10,0.95,10000,58.6590192318,5000,-1,50,0.05,0.1],[5,390,37.6294832095,1.1294832095,[7,3,2,1,9,9,5,0,0,6],"SA","pd",30,10,10,0.95,10000,50.2513687611,5000,-1,50,0.05,0.1],[5,405,37.6294832095,1.1294832095,[7,3,2,1,9,9,5,0,0,6],"SA","pd",30,10,10,0.95,10000,50.2334444523,5000,-1,50,0.05,0.1],[5,420,37.6294832095,1.1294832095,[7,3,2,1,9,9,5,0,0,6],"SA","pd",30,10,10,0.95,10000,50.2399120331,5000,-1,50,0.05,0.1],[5,435,37.6294832095,1.1294832095,[7,3,2,1,9,9,5,0,0,6],"SA","pd",30,10,10,0.95,10000,50.1989326477,5000,-1,50,0.05,0.1],[5,450,37.6295319863,1.1295319863,[7,3,2,1,9,9,5,0,0,6],"SA","pd",30,10,10,0.95,10000,50.5035579205,5000,-1,50,0.05,0.1],[5,465,37.6295319863,1.1295319863,[7,3,2,1,9,9,5,0,0,6],"SA","pd",30,10,10,0.95,10000,68.9460265636,5000,-1,50,0.05,0.1],[5,480,37.6295319863,1.1295319863,[7,3,2,1,9,9,5,0,0,6],"SA","pd",30,10,10,0.95,10000,50.2719860077,5000,-1,50,0.05,0.1],[5,495,37.6295319863,1.1295319863,[7,3,2,1,9,9,5,0,0,6],"SA","pd",30,10,10,0.95,10000,50.3151488304,5000,-1,50,0.05,0.1],[5,510,37.6295319863,1.1295319863,[7,3,2,1,9,9,5,0,0,6],"SA","pd",30,10,10,0.95,10000,50.2318804264,5000,-1,50,0.05,0.1],[5,525,37.6295319863,1.1295319863,[7,3,2,1,9,9,5,0,0,6],"SA","pd",30,10,10,0.95,10000,52.3974320889,5000,-1,50,0.05,0.1],[5,540,37.6295319863,1.1295319863,[7,3,2,1,9,9,5,0,0,6],"SA","pd",30,10,10,0.95,10000,51.8335990906,5000,-1,50,0.05,0.1],[5,555,37.6295319863,1.1295319863,[7,3,2,1,9,9,5,0,0,6],"SA","pd",30,10,10,0.95,10000,50.3040366173,5000,-1,50,0.05,0.1],[5,570,37.6295319863,1.1295319863,[7,3,2,1,9,9,5,0,0,6],"SA","pd",30,10,10,0.95,10000,50.327788353,5000,-1,50,0.05,0.1],[5,585,37.6295319863,1.1295319863,[7,3,2,1,9,9,5,0,0,6],"SA","pd",30,10,10,0.95,10000,50.3787066936,5000,-1,50,0.05,0.1],[5,600,37.6295319863,1.1295319863,[7,3,2,1,9,9,5,0,0,6],"SA","pd",30,10,10,0.95,10000,50.2841575146,5000,-1,50,0.05,0.1],[5,615,37.6295319863,1.1295319863,[7,3,2,1,9,9,5,0,0,6],"SA","pd",30,10,10,0.95,10000,50.2864327431,5000,-1,50,0.05,0.1],[5,630,37.6295319863,1.1295319863,[7,3,2,1,9,9,5,0,0,6],"SA","pd",30,10,10,0.95,10000,54.3563520908,5000,-1,50,0.05,0.1],[5,645,37.6295319863,1.1295319863,[7,3,2,1,9,9,5,0,0,6],"SA","pd",30,10,10,0.95,10000,50.268340826,5000,-1,50,0.05,0.1],[5,660,37.6295319863,1.1295319863,[7,3,2,1,9,9,5,0,0,6],"SA","pd",30,10,10,0.95,10000,54.7065832615,5000,-1,50,0.05,0.1],[5,675,37.6295319863,1.1295319863,[7,3,2,1,9,9,5,0,0,6],"SA","pd",30,10,10,0.95,10000,50.2457225323,5000,-1,50,0.05,0.1],[5,690,37.6295319863,1.1295319863,[7,3,2,1,9,9,5,0,0,6],"SA","pd",30,10,10,0.95,10000,50.2758562565,5000,-1,50,0.05,0.1],[5,705,37.6295319863,1.1295319863,[7,3,2,1,9,9,5,0,0,6],"SA","pd",30,10,10,0.95,10000,50.1154046059,5000,-1,50,0.05,0.1],[5,720,37.6295319863,1.1295319863,[7,3,2,1,9,9,5,0,0,6],"SA","pd",30,10,10,0.95,10000,50.2001447678,5000,-1,50,0.05,0.1],[5,735,37.6295319863,1.1295319863,[7,3,2,1,9,9,5,0,0,6],"SA","pd",30,10,10,0.95,10000,52.2526586056,5000,-1,50,0.05,0.1],[5,750,37.6295319863,1.1295319863,[7,3,2,1,9,9,5,0,0,6],"SA","pd",30,10,10,0.95,10000,50.2901716232,5000,-1,50,0.05,0.1],[5,765,37.6295319863,1.1295319863,[7,3,2,1,9,9,5,0,0,6],"SA","pd",30,10,10,0.95,10000,50.1678447723,5000,-1,50,0.05,0.1],[5,780,37.6295319863,1.1295319863,[7,3,2,1,9,9,5,0,0,6],"SA","pd",30,10,10,0.95,10000,50.1991631985,5000,-1,50,0.05,0.1],[5,795,37.6295319863,1.1295319863,[7,3,2,1,9,9,5,0,0,6],"SA","pd",30,10,10,0.95,10000,63.0468428135,5000,-1,50,0.05,0.1],[5,810,37.6295319863,1.1295319863,[7,3,2,1,9,9,5,0,0,6],"SA","pd",30,10,10,0.95,10000,50.1570954323,5000,-1,50,0.05,0.1],[5,825,37.6295319863,1.1295319863,[7,3,2,1,9,9,5,0,0,6],"SA","pd",30,10,10,0.95,10000,53.9742660522,5000,-1,50,0.05,0.1],[5,840,37.6295319863,1.1295319863,[7,3,2,1,9,9,5,0,0,6],"SA","pd",30,10,10,0.95,10000,68.3515095711,5000,-1,50,0.05,0.1],[5,855,37.6295319863,1.1295319863,[7,3,2,1,9,9,5,0,0,6],"SA","pd",30,10,10,0.95,10000,50.2384278774,5000,-1,50,0.05,0.1],[5,870,37.6295319863,1.1295319863,[7,3,2,1,9,9,5,0,0,6],"SA","pd",30,10,10,0.95,10000,50.3277800083,5000,-1,50,0.05,0.1],[5,885,37.6295319863,1.1295319863,[7,3,2,1,9,9,5,0,0,6],"SA","pd",30,10,10,0.95,10000,50.3761994839,5000,-1,50,0.05,0.1],[5,900,37.6295319863,1.1295319863,[7,3,2,1,9,9,5,0,0,6],"SA","pd",30,10,10,0.95,10000,50.2951655388,5000,-1,50,0.05,0.1],[5,915,37.6295319863,1.1295319863,[7,3,2,1,9,9,5,0,0,6],"SA","pd",30,10,10,0.95,10000,50.4257616997,5000,-1,50,0.05,0.1],[5,930,37.6295319863,1.1295319863,[7,3,2,1,9,9,5,0,0,6],"SA","pd",30,10,10,0.95,10000,50.4194874763,5000,-1,50,0.05,0.1],[5,945,37.6295319863,1.1295319863,[7,3,2,1,9,9,5,0,0,6],