{"columns":["ite","time","q","scaled_eu","z","solver","attacker","|Q|","|X|","|T|","rho","k","utility_time","RS_iters","mcts_iters","sa_iters","eps","lr"],"index":[0,1,2,3,4,5,6,7,8,9,10,11,12,13,14,15,16,17,18,19,20,21,22,23,24,25,26,27,28,29,30,31,32,33,34,35,36,37,38,39,40,41,42,43,44,45,46,47,48,49,50,51,52,53,54,55,56,57,58,59,60,61,62,63,64,65,66,67,68,69,70,71,72,73,74,75,76,77,78,79],"data":[[9,15,27.2368892674,-9.2631107326,[1,0,8,5,0,5,4,2,3,9],"SA","pd",30,10,10,0.95,10000,54.806592226,5000,-1,50,0.05,0.1],[9,30,29.9939389753,-6.5060610247,[7,4,9,5,4,7,2,0,0,4],"SA","pd",30,10,10,0.95,10000,54.6937589645,5000,-1,50,0.05,0.1],[9,45,29.9939389753,-6.5060610247,[7,8,0,6,5,3,5,0,3,0],"SA","pd",30,10,10,0.95,10000,54.5266132355,5000,-1,50,0.05,0.1],[9,60,29.9939389753,-6.5060610247,[0,5,5,1,6,9,5,8,0,0],"SA","pd",30,10,10,0.95,10000,54.6714253426,5000,-1,50,0.05,0.1],[9,75,31.510550391,-4.989449609,[0,8,7,8,9,5,3,0,0,6],"SA","pd",30,10,10,0.95,10000,54.5374038219,5000,-1,50,0.05,0.1],[9,90,31.510550391,-4.989449609,[0,8,7,8,9,5,3,0,0,6],"SA","pd",30,10,10,0.95,10000,54.6376729012,5000,-1,50,0.05,0.1],[9,105,33.8259404951,-2.6740595049,[7,9,6,8,9,0,5,0,0,6],"SA","pd",30,10,10,0.95,10000,54.5753190517,5000,-1,50,0.05,0.1],[9,120,36.6202689657,0.1202689657,[7,3,2,1,9,4,5,0,0,6],"SA","pd",30,10,10,0.95,10000,54.574244976,5000,-1,50,0.05,0.1],[9,135,36.6202689657,0.1202689657,[7,3,2,1,9,4,5,0,0,6],"SA","pd",30,10,10,0.95,10000,54.6766293049,5000,-1,50,0.05,0.1],[9,150,36.6202689657,0.1202689657,[7,3,2,1,9,4,5,0,0,6],"SA","pd",30,10,10,0.95,10000,54.7042779922,5000,-1,50,0.05,0.1],[9,165,36.6202689657,0.1202689657,[7,3,2,1,9,4,5,0,0,6],"SA","pd",30,10,10,0.95,10000,54.7521045208,5000,-1,50,0.05,0.1],[9,180,36.6202689657,0.1202689657,[7,3,2,1,9,4,5,0,0,6],"SA","pd",30,10,10,0.95,10000,54.7284245491,5000,-1,50,0.05,0.1],[9,195,36.6202689657,0.1202689657,[7,3,2,1,9,4,5,0,0,6],"SA","pd",30,10,10,0.95,10000,54.5461206436,5000,-1,50,0.05,0.1],[9,210,36.6202689657,0.1202689657,[7,3,2,1,9,4,5,0,0,6],"SA","pd",30,10,10,0.95,10000,54.6598594189,5000,-1,50,0.05,0.1],[9,225,36.6202689657,0.1202689657,[7,3,2,1,9,4,5,0,0,6],"SA","pd",30,10,10,0.95,10000,54.8126041889,5000,-1,50,0.05,0.1],[9,240,36.6202689657,0.1202689657,[7,3,2,1,9,4,5,0,0,6],"SA","pd",30,10,10,0.95,10000,54.6519262791,5000,-1,50,0.05,0.1],[9,255,36.6202689657,0.1202689657,[7,3,2,1,9,4,5,0,0,6],"SA","pd",30,10,10,0.95,10000,54.8236677647,5000,-1,50,0.05,0.1],[9,270,36.6202689657,0.1202689657,[7,3,2,1,9,6,5,0,0,6],"SA","pd",30,10,10,0.95,10000,54.9339313507,5000,-1,50,0.05,0.1],[9,285,36.6202689657,0.1202689657,[7,3,2,1,9,6,5,0,0,6],"SA","pd",30,10,10,0.95,10000,55.0084483624,5000,-1,50,0.05,0.1],[9,300,36.6202689657,0.1202689657,[7,3,2,1,9,6,5,0,0,6],"SA","pd",30,10,10,0.95,10000,54.792229414,5000,-1,50,0.05,0.1],[9,315,36.8467073836,0.3467073836,[7,3,2,1,9,6,5,0,0,6],"SA","pd",30,10,10,0.95,10000,54.7742123604,5000,-1,50,0.05,0.1],[9,330,36.8468653833,0.3468653833,[7,3,2,1,9,6,5,0,0,6],"SA","pd",30,10,10,0.95,10000,54.8290581703,5000,-1,50,0.05,0.1],[9,345,36.8472765566,0.3472765566,[7,3,2,1,9,6,5,0,0,6],"SA","pd",30,10,10,0.95,10000,54.7756578922,5000,-1,50,0.05,0.1],[9,360,36.8472765566,0.3472765566,[7,3,2,1,9,6,5,0,0,6],"SA","pd",30,10,10,0.95,10000,54.7568335533,5000,-1,50,0.05,0.1],[9,375,36.8472765566,0.3472765566,[7,3,2,1,9,6,5,0,0,6],"SA","pd",30,10,10,0.95,10000,54.8256549835,5000,-1,50,0.05,0.1],[9,390,36.8472765566,0.3472765566,[7,3,2,1,9,6,5,0,0,6],"SA","pd",30,10,10,0.95,10000,55.007060051,5000,-1,50,0.05,0.1],[9,405,36.8472765566,0.3472765566,[7,3,2,1,9,6,5,0,0,6],"SA","pd",30,10,10,0.95,10000,54.9077532291,5000,-1,50,0.05,0.1],[9,420,36.8472765566,0.3472765566,[7,3,2,1,9,6,5,0,0,6],"SA","pd",30,10,10,0.95,10000,54.9035227299,5000,-1,50,0.05,0.1],[9,435,37.6288778067,1.1288778067,[7,3,2,1,9,9,5,0,0,6],"SA","pd",30,10,10,0.95,10000,54.7672474384,5000,-1,50,0.05,0.1],[9,450,37.6294342086,1.1294342086,[7,3,2,1,9,9,5,0,0,6],"SA","pd",30,10,10,0.95,10000,54.7408065796,5000,-1,50,0.05,0.1],[9,465,37.6294342086,1.1294342086,[7,3,2,1,9,9,5,0,0,6],"SA","pd",30,10,10,0.95,10000,54.7648768425,5000,-1,50,0.05,0.1],[9,480,37.6294342086,1.1294342086,[7,3,2,1,9,9,5,0,0,6],"SA","pd",30,10,10,0.95,10000,54.8105638027,5000,-1,50,0.05,0.1],[9,495,37.6294612654,1.1294612654,[7,3,2,1,9,9,5,0,0,6],"SA","pd",30,10,10,0.95,10000,54.8179161549,5000,-1,50,0.05,0.1],[9,510,37.6294612654,1.1294612654,[7,3,2,1,9,9,5,0,0,6],"SA","pd",30,10,10,0.95,10000,54.6424975395,5000,-1,50,0.05,0.1],[9,525,37.6294612654,1.1294612654,[7,3,2,1,9,9,5,0,0,6],"SA","pd",30,10,10,0.95,10000,54.7641448975,5000,-1,50,0.05,0.1],[9,540,37.6294612654,1.1294612654,[7,3,2,1,9,9,5,0,0,6],"SA","pd",30,10,10,0.95,10000,54.8623466492,5000,-1,50,0.05,0.1],[9,555,37.6294612654,1.1294612654,[7,3,2,1,9,9,5,0,0,6],"SA","pd",30,10,10,0.95,10000,54.7234959602,5000,-1,50,0.05,0.1],[9,570,37.6294612654,1.1294612654,[7,3,2,1,9,9,5,0,0,6],"SA","pd",30,10,10,0.95,10000,54.8282606602,5000,-1,50,0.05,0.1],[9,585,37.6294612654,1.1294612654,[7,3,2,1,9,9,5,0,0,6],"SA","pd",30,10,10,0.95,10000,54.8055369854,5000,-1,50,0.05,0.1],[9,600,37.6294612654,1.1294612654,[7,3,2,1,9,9,5,0,0,6],"SA","pd",30,10,10,0.95,10000,54.9061777592,5000,-1,50,0.05,0.1],[9,615,37.6294612654,1.1294612654,[7,3,2,1,9,9,5,0,0,6],"SA","pd",30,10,10,0.95,10000,54.8534524441,5000,-1,50,0.05,0.1],[9,630,37.6294612654,1.1294612654,[7,3,2,1,9,9,5,0,0,6],"SA","pd",30,10,10,0.95,10000,54.8032078743,5000,-1,50,0.05,0.1],[9,645,37.6297836231,1.1297836231,[7,3,2,1,9,9,5,0,0,6],"SA","pd",30,10,10,0.95,10000,54.6011295319,5000,-1,50,0.05,0.1],[9,660,37.6297836231,1.1297836231,[7,3,2,1,9,9,5,0,0,6],"SA","pd",30,10,10,0.95,10000,54.7460038662,5000,-1,50,0.05,0.1],[9,675,37.6297836231,1.1297836231,[7,3,2,1,9,9,5,0,0,6],"SA","pd",30,10,10,0.95,10000,54.7171442509,5000,-1,50,0.05,0.1],[9,690,37.6297836231,1.1297836231,[7,3,2,1,9,9,5,0,0,6],"SA","pd",30,10,10,0.95,10000,54.7498719692,5000,-1,50,0.05,0.1],[9,705,37.6297836231,1.1297836231,[7,3,2,1,9,9,5,0,0,6],"SA","pd",30,10,10,0.95,10000,54.7637085915,5000,-1,50,0.05,0.1],[9,720,37.6297836231,1.1297836231,[7,3,2,1,9,9,5,0,0,6],"SA","pd",30,10,10,0.95,10000,54.7289173603,5000,-1,50,0.05,0.1],[9,735,37.6297836231,1.1297836231,[7,3,2,1,9,9,5,0,0,6],"SA","pd",30,10,10,0.95,10000,54.8858025074,5000,-1,50,0.05,0.1],[9,750,37.6297836231,1.1297836231,[7,3,2,1,9,9,5,0,0,6],"SA","pd",30,10,10,0.95,10000,54.7381365299,5000,-1,50,0.05,0.1],[9,765,37.6297836231,1.1297836231,[7,3,2,1,9,9,5,0,0,6],"SA","pd",30,10,10,0.95,10000,54.8892252445,5000,-1,50,0.05,0.1],[9,780,37.6297836231,1.1297836231,[7,3,2,1,9,9,5,0,0,6],"SA","pd",30,10,10,0.95,10000,54.7136628628,5000,-1,50,0.05,0.1],[9,795,37.6297836231,1.1297836231,[7,3,2,1,9,9,5,0,0,6],"SA","pd",30,10,10,0.95,10000,54.6966261864,5000,-1,50,0.05,0.1],[9,810,37.6297836231,1.1297836231,[7,3,2,1,9,9,5,0,0,6],"SA","pd",30,10,10,0.95,10000,54.6976509094,5000,-1,50,0.05,0.1],[9,825,37.6297836231,1.1297836231,[7,3,2,1,9,9,5,0,0,6],"SA","pd",30,10,10,0.95,10000,54.8071713448,5000,-1,50,0.05,0.1],[9,840,37.6297836231,1.1297836231,[7,3,2,1,9,9,5,0,0,6],"SA","pd",30,10,10,0.95,10000,54.8006010056,5000,-1,50,0.05,0.1],[9,855,37.6297836231,1.1297836231,[7,3,2,1,9,9,5,0,0,6],"SA","pd",30,10,10,0.95,10000,54.813346386,5000,-1,50,0.05,0.1],[9,870,37.6297836231,1.1297836231,[7,3,2,1,9,9,5,0,0,6],"SA","pd",30,10,10,0.95,10000,54.753831625,5000,-1,50,0.05,0.1],[9,885,37.6297836231,1.1297836231,[7,3,2,1,9,9,5,0,0,6],"SA","pd",30,10,10,0.95,10000,54.8298034668,5000,-1,50,0.05,0.1],[9,900,37.6297836231,1.1297836231,[7,3,2,1,9,9,5,0,0,6],"SA","pd",30,10,10,0.95,10000,54.855442524,5000,-1,50,0.05,0.1],[9,915,37.6297836231,1.1297836231,[7,3,2,1,9,9,5,0,0,6],"SA","pd",30,10,10,0.95,10000,54.6220619678,5000,-1,50,0.05,0.1],[9,930,37.6297836231,1.1297836231,[7,3,2,1,9,9,5,0,0,6],"SA","pd",30,10,10,0.95,10000,54.5170264244,5000,-1,50,0.05,0.1],[9,945,37.6297836231,1.1297836231,[7,3,2,1,9,9,5,0,0,6],