{"columns":["ite","time","q","scaled_eu","z","solver","attacker","|Q|","|X|","|T|","rho","k","utility_time","RS_iters","mcts_iters","sa_iters","eps","lr"],"index":[0,1,2,3,4,5,6,7,8,9,10,11,12,13,14,15,16,17,18,19,20,21,22,23,24,25,26,27,28,29,30,31,32,33,34,35,36,37,38,39,40,41,42,43,44,45,46,47,48,49,50,51,52,53,54,55,56,57,58,59,60,61,62,63,64,65,66,67,68,69,70,71,72,73,74,75,76,77,78,79],"data":[[7,15,15.2773600469,-30.7226399531,[27,29,24,12,9,9,19,28,18,6,0,16,12,21,1,10,24,14,12,26,9,29,14,3,18,27,9,23,16,14],"SA","rep",30,30,30,0.95,10000,83.8922743797,5000,-1,50,0.05,0.1],[7,30,16.7692705457,-29.2307294543,[5,27,27,20,8,18,22,17,18,5,27,25,1,28,4,29,17,21,0,6,25,20,13,14,11,23,7,29,0,12],"SA","rep",30,30,30,0.95,10000,85.2697613239,5000,-1,50,0.05,0.1],[7,45,16.8177726893,-29.1822273107,[18,6,11,12,29,29,15,2,18,5,18,17,5,3,8,19,3,21,0,6,25,23,22,20,27,16,20,9,0,10],"SA","rep",30,30,30,0.95,10000,85.5107290745,5000,-1,50,0.05,0.1],[7,60,16.8177726893,-29.1822273107,[18,6,11,12,29,29,15,2,18,5,18,17,5,3,8,19,3,21,0,6,25,23,22,20,27,16,20,9,0,10],"SA","rep",30,30,30,0.95,10000,85.5225641727,5000,-1,50,0.05,0.1],[7,75,16.850212839,-29.149787161,[18,3,28,5,29,14,12,0,13,15,6,0,0,0,8,28,13,11,21,29,18,14,11,21,16,25,26,29,26,28],"SA","rep",30,30,30,0.95,10000,85.6955783367,5000,-1,50,0.05,0.1],[7,90,18.6077316854,-27.3922683146,[23,28,14,1,29,18,29,2,28,6,11,0,26,26,1,29,13,6,8,29,18,7,15,12,10,25,7,25,20,21],"SA","rep",30,30,30,0.95,10000,85.8775551319,5000,-1,50,0.05,0.1],[7,105,19.548547054,-26.451452946,[5,13,9,28,28,24,29,10,16,26,25,0,3,26,19,29,13,6,8,6,10,12,15,11,2,25,29,25,21,11],"SA","rep",30,30,30,0.95,10000,85.4623787403,5000,-1,50,0.05,0.1],[7,120,19.548547054,-26.451452946,[5,13,9,28,28,24,29,10,16,26,25,0,3,26,19,29,13,6,8,6,10,12,15,11,2,25,29,25,21,11],"SA","rep",30,30,30,0.95,10000,85.574877739,5000,-1,50,0.05,0.1],[7,135,19.548547054,-26.451452946,[5,13,9,28,28,24,29,10,16,26,25,0,3,26,19,29,13,6,8,6,10,12,15,11,2,25,29,25,21,11],"SA","rep",30,30,30,0.95,10000,85.7217905521,5000,-1,50,0.05,0.1],[7,150,19.7650714641,-26.2349285359,[5,11,9,5,5,24,13,10,28,26,25,0,14,8,2,5,9,29,8,9,11,24,17,22,27,9,29,9,20,28],"SA","rep",30,30,30,0.95,10000,85.6484761238,5000,-1,50,0.05,0.1],[7,165,19.7650714641,-26.2349285359,[5,11,9,5,5,24,13,10,28,26,25,0,14,8,2,5,9,29,8,9,11,24,17,22,27,9,29,9,20,28],"SA","rep",30,30,30,0.95,10000,85.2329907417,5000,-1,50,0.05,0.1],[7,180,19.7650714641,-26.2349285359,[5,11,9,5,5,24,13,10,28,26,25,0,14,8,2,5,9,29,8,9,11,24,17,22,27,9,29,9,20,28],"SA","rep",30,30,30,0.95,10000,85.4248118401,5000,-1,50,0.05,0.1],[7,195,19.7650714641,-26.2349285359,[5,11,9,5,5,24,13,10,28,26,25,0,14,8,2,5,9,29,8,9,11,24,17,22,27,9,29,9,20,28],"SA","rep",30,30,30,0.95,10000,85.3171648979,5000,-1,50,0.05,0.1],[7,210,19.7650714641,-26.2349285359,[5,11,9,5,5,24,13,10,28,26,25,0,14,8,2,5,9,29,8,9,11,24,17,22,27,9,29,9,20,28],"SA","rep",30,30,30,0.95,10000,85.1950469017,5000,-1,50,0.05,0.1],[7,225,19.7650714641,-26.2349285359,[5,11,9,5,5,24,13,10,28,26,25,0,14,8,2,5,9,29,8,9,11,24,17,22,27,9,29,9,20,28],"SA","rep",30,30,30,0.95,10000,85.4162323475,5000,-1,50,0.05,0.1],[7,240,19.7650714641,-26.2349285359,[5,11,9,5,5,24,13,10,28,26,25,0,14,8,2,5,9,29,8,9,11,24,17,22,27,9,29,9,20,28],"SA","rep",30,30,30,0.95,10000,85.3731327057,5000,-1,50,0.05,0.1],[7,255,19.7650714641,-26.2349285359,[5,11,9,5,5,24,13,10,28,26,25,0,14,8,2,5,9,29,8,9,11,24,17,22,27,9,29,9,20,28],"SA","rep",30,30,30,0.95,10000,85.4731097221,5000,-1,50,0.05,0.1],[7,270,19.7650714641,-26.2349285359,[5,11,9,5,5,24,13,10,28,26,25,0,14,8,2,5,9,29,8,9,11,24,17,22,27,9,29,9,20,28],"SA","rep",30,30,30,0.95,10000,85.3802993298,5000,-1,50,0.05,0.1],[7,285,19.7650714641,-26.2349285359,[5,11,9,5,5,24,13,10,28,26,25,0,14,8,2,5,9,29,8,9,11,24,17,22,27,9,29,9,20,28],"SA","rep",30,30,30,0.95,10000,85.4909238815,5000,-1,50,0.05,0.1],[7,300,19.7650714641,-26.2349285359,[5,11,9,5,5,24,13,10,28,26,25,0,14,8,2,5,9,29,8,9,11,24,17,22,27,9,29,9,20,28],"SA","rep",30,30,30,0.95,10000,85.2628455162,5000,-1,50,0.05,0.1],[7,315,19.7650714641,-26.2349285359,[5,11,9,5,5,24,13,10,28,26,25,0,14,8,2,5,9,29,8,9,11,24,17,22,27,9,29,9,20,28],"SA","rep",30,30,30,0.95,10000,85.6267514229,5000,-1,50,0.05,0.1],[7,330,19.7650714641,-26.2349285359,[5,11,9,5,5,24,13,10,28,26,25,0,14,8,2,5,9,29,8,9,11,24,17,22,27,9,29,9,20,28],"SA","rep",30,30,30,0.95,10000,85.4260890484,5000,-1,50,0.05,0.1],[7,345,19.7650714641,-26.2349285359,[5,11,9,5,5,24,13,10,28,26,25,0,14,8,2,5,9,29,8,9,11,24,17,22,27,9,29,9,20,28],"SA","rep",30,30,30,0.95,10000,85.5837874413,5000,-1,50,0.05,0.1],[7,360,19.7650714641,-26.2349285359,[5,11,9,5,5,24,13,10,28,26,25,0,14,8,2,5,9,29,8,9,11,24,17,22,27,9,29,9,20,28],"SA","rep",30,30,30,0.95,10000,85.3534827232,5000,-1,50,0.05,0.1],[7,375,19.7650714641,-26.2349285359,[5,11,9,5,5,24,13,10,28,26,25,0,14,8,2,5,9,29,8,9,11,24,17,22,27,9,29,9,20,28],"SA","rep",30,30,30,0.95,10000,85.3347680569,5000,-1,50,0.05,0.1],[7,390,19.7650714641,-26.2349285359,[5,11,9,5,5,24,13,10,28,26,25,0,14,8,2,5,9,29,8,9,11,24,17,22,27,9,29,9,20,28],"SA","rep",30,30,30,0.95,10000,85.5394628048,5000,-1,50,0.05,0.1],[7,405,19.7650714641,-26.2349285359,[5,11,9,5,5,24,13,10,28,26,25,0,14,8,2,5,9,29,8,9,11,24,17,22,27,9,29,9,20,28],"SA","rep",30,30,30,0.95,10000,85.560297966,5000,-1,50,0.05,0.1],[7,420,19.7650714641,-26.2349285359,[5,11,9,5,5,24,13,10,28,26,25,0,14,8,2,5,9,29,8,9,11,24,17,22,27,9,29,9,20,28],"SA","rep",30,30,30,0.95,10000,85.285905838,5000,-1,50,0.05,0.1],[7,435,19.7650714641,-26.2349285359,[5,11,9,5,5,24,13,10,28,26,25,0,14,8,2,5,9,29,8,9,11,24,17,22,27,9,29,9,20,28],"SA","rep",30,30,30,0.95,10000,85.5238952637,5000,-1,50,0.05,0.1],[7,450,19.7650714641,-26.2349285359,[5,11,9,5,5,24,13,10,28,26,25,0,14,8,2,5,9,29,8,9,11,24,17,22,27,9,29,9,20,28],"SA","rep",30,30,30,0.95,10000,85.3035743237,5000,-1,50,0.05,0.1],[7,465,19.7650714641,-26.2349285359,[5,11,9,5,5,24,13,10,28,26,25,0,14,8,2,5,9,29,8,9,11,24,17,22,27,9,29,9,20,28],"SA","rep",30,30,30,0.95,10000,85.4318230152,5000,-1,50,0.05,0.1],[7,480,19.7650714641,-26.2349285359,[5,11,9,5,5,24,13,10,28,26,25,0,14,8,2,5,9,29,8,9,11,24,17,22,27,9,29,9,20,28],"SA","rep",30,30,30,0.95,10000,85.4621737003,5000,-1,50,0.05,0.1],[7,495,19.7650714641,-26.2349285359,[5,11,9,5,5,24,13,10,28,26,25,0,14,8,2,5,9,29,8,9,11,24,17,22,27,9,29,9,20,28],"SA","rep",30,30,30,0.95,10000,85.3465709686,5000,-1,50,0.05,0.1],[7,510,19.7650714641,-26.2349285359,[5,11,9,5,5,24,13,10,28,26,25,0,14,8,2,5,9,29,8,9,11,24,17,22,27,9,29,9,20,28],"SA","rep",30,30,30,0.95,10000,85.2583081722,5000,-1,50,0.05,0.1],[7,525,19.7650714641,-26.2349285359,[5,11,9,5,5,24,13,10,28,26,25,0,14,8,2,5,9,29,8,9,11,24,17,22,27,9,29,9,20,28],"SA","rep",30,30,30,0.95,10000,85.1327238083,5000,-1,50,0.05,0.1],[7,540,19.7650714641,-26.2349285359,[5,11,9,5,5,24,13,10,28,26,25,0,14,8,2,5,9,29,8,9,11,24,17,22,27,9,29,9,20,28],"SA","rep",30,30,30,0.95,10000,85.194214344,5000,-1,50,0.05,0.1],[7,555,19.7650714641,-26.2349285359,[5,11,9,5,5,24,13,10,28,26,25,0,14,8,2,5,9,29,8,9,11,24,17,22,27,9,29,9,20,28],"SA","rep",30,30,30,0.95,10000,85.2465658188,5000,-1,50,0.05,0.1],[7,570,19.7650714641,-26.2349285359,[5,11,9,5,5,24,13,10,28,26,25,0,14,8,2,5,9,29,8,9,11,24,17,22,27,9,29,9,20,28],"SA","rep",30,30,30,0.95,10000,85.2895815372,5000,-1,50,0.05,0.1],[7,585,19.7650714641,-26.2349285359,[5,11,9,5,5,24,13,10,28,26,25,0,14,8,2,5,9,29,8,9,11,24,17,22,27,9,29,9,20,28],"SA","rep",30,30,30,0.95,10000,85.6430783272,5000,-1,50,0.05,0.1],[7,600,19.7650714641,-26.2349285359,[5,11,9,5,5,24,13,10,28,26,25,0,14,8,2,5,9,29,8,9,11,24,17,22,27,9,29,9,20,28],"SA","rep",30,30,30,0.95,10000,85.2465758324,5000,-1,50,0.05,0.1],[7,615,19.7650714641,-26.2349285359,[5,11,9,5,5,24,13,10,28,26,25,0,14,8,2,5,9,29,8,9,11,24,17,22,27,9,29,9,20,28],"SA","rep",30,30,30,0.95,10000,85.2922432423,5000,-1,50,0.05,0.1],[7,630,19.7650714641,-26.2349285359,[5,11,9,5,5,24,13,10,28,26,25,0,14,8,2,5,9,29,8,9,11,24,17,22,27,9,29,9,20,28],