{"columns":["ite","time","q","scaled_eu","z","solver","attacker","|Q|","|X|","|T|","rho","k","utility_time","RS_iters","mcts_iters","sa_iters","eps","lr"],"index":[0,1,2,3,4,5,6,7,8,9,10,11,12,13,14,15,16,17,18,19,20,21,22,23,24,25,26,27,28,29,30,31,32,33,34,35,36,37,38,39,40,41,42,43,44,45,46,47,48,49,50,51,52,53,54,55,56,57,58,59,60,61,62,63,64,65,66,67,68,69,70,71,72,73,74,75,76,77,78,79],"data":[[3,15,18.8996036942,-27.1003963058,[9,3,6,19,20,26,24,29,26,3,7,26,19,26,27,0,22,29,19,26,16,16,16,20,2,14,19,25,25,4],"SA","rep",30,30,30,0.95,10000,72.8830256462,5000,-1,50,0.05,0.1],[3,30,18.8996036942,-27.1003963058,[11,5,15,11,8,14,4,16,20,19,17,27,19,24,27,17,7,19,10,26,7,12,26,25,10,24,19,3,11,3],"SA","rep",30,30,30,0.95,10000,81.4994897842,5000,-1,50,0.05,0.1],[3,45,18.8996036942,-27.1003963058,[11,5,15,11,8,14,4,16,20,19,17,27,19,24,27,17,7,19,10,26,7,12,26,25,10,24,19,3,11,3],"SA","rep",30,30,30,0.95,10000,81.5590496063,5000,-1,50,0.05,0.1],[3,60,18.8996036942,-27.1003963058,[11,5,15,11,8,14,4,16,20,19,17,27,19,24,27,17,7,19,10,26,7,12,26,25,10,24,19,3,11,3],"SA","rep",30,30,30,0.95,10000,75.3072948456,5000,-1,50,0.05,0.1],[3,75,18.8996036942,-27.1003963058,[25,16,11,9,5,21,27,13,14,11,7,20,10,11,23,26,29,28,9,5,24,19,13,29,13,0,1,15,6,25],"SA","rep",30,30,30,0.95,10000,74.0016515255,5000,-1,50,0.05,0.1],[3,90,18.8996036942,-27.1003963058,[25,16,11,9,5,21,27,13,14,11,7,20,10,11,23,26,29,28,9,5,24,19,13,29,13,0,1,15,6,25],"SA","rep",30,30,30,0.95,10000,73.8410818577,5000,-1,50,0.05,0.1],[3,105,18.8996036942,-27.1003963058,[25,16,11,9,5,21,27,13,14,11,7,20,10,11,23,26,29,28,9,5,24,19,13,29,13,0,1,15,6,25],"SA","rep",30,30,30,0.95,10000,73.8443119526,5000,-1,50,0.05,0.1],[3,120,18.8996036942,-27.1003963058,[25,16,11,9,5,21,27,13,14,11,7,20,10,11,23,26,29,28,9,5,24,19,13,29,13,0,1,15,6,25],"SA","rep",30,30,30,0.95,10000,73.8124964237,5000,-1,50,0.05,0.1],[3,135,18.8996036942,-27.1003963058,[25,16,11,9,5,21,27,13,14,11,7,20,10,11,23,26,29,28,9,5,24,19,13,29,13,0,1,15,6,25],"SA","rep",30,30,30,0.95,10000,73.8268032074,5000,-1,50,0.05,0.1],[3,150,20.3923515664,-25.6076484336,[26,18,5,8,17,1,6,13,23,27,2,0,22,21,1,1,29,2,4,9,14,11,15,23,6,19,11,4,11,1],"SA","rep",30,30,30,0.95,10000,73.5132305622,5000,-1,50,0.05,0.1],[3,165,20.3923515664,-25.6076484336,[26,18,5,8,17,1,6,13,23,27,2,0,22,21,1,1,29,2,4,9,14,11,15,23,6,19,11,4,11,1],"SA","rep",30,30,30,0.95,10000,73.718372345,5000,-1,50,0.05,0.1],[3,180,20.3923515664,-25.6076484336,[26,18,5,8,17,1,6,13,23,27,2,0,22,21,1,1,29,2,4,9,14,11,15,23,6,19,11,4,11,1],"SA","rep",30,30,30,0.95,10000,73.8576831818,5000,-1,50,0.05,0.1],[3,195,20.3923515664,-25.6076484336,[6,2,18,21,18,1,29,0,3,25,25,0,15,4,27,14,1,20,22,7,29,12,4,23,25,11,17,10,28,8],"SA","rep",30,30,30,0.95,10000,73.7230572701,5000,-1,50,0.05,0.1],[3,210,21.4872935006,-24.5127064994,[27,18,1,3,18,1,21,15,23,19,25,0,2,19,17,1,29,0,14,10,2,12,15,23,6,19,28,20,11,5],"SA","rep",30,30,30,0.95,10000,73.570735693,5000,-1,50,0.05,0.1],[3,225,23.6464441112,-22.3535558888,[13,28,11,3,12,1,29,8,23,4,20,0,15,12,7,10,16,19,20,10,1,12,22,23,10,2,1,11,11,16],"SA","rep",30,30,30,0.95,10000,73.5550870895,5000,-1,50,0.05,0.1],[3,240,23.6464441112,-22.3535558888,[13,28,11,3,12,1,29,8,23,4,20,0,15,12,7,10,16,19,20,10,1,12,22,23,10,2,1,11,11,16],"SA","rep",30,30,30,0.95,10000,73.8664808273,5000,-1,50,0.05,0.1],[3,255,23.6464441112,-22.3535558888,[13,28,11,3,12,1,29,8,23,4,20,0,15,12,7,10,16,19,20,10,1,12,22,23,10,2,1,11,11,16],"SA","rep",30,30,30,0.95,10000,73.4777173996,5000,-1,50,0.05,0.1],[3,270,23.6464441112,-22.3535558888,[13,28,11,3,12,1,29,8,23,4,20,0,15,12,7,10,16,19,20,10,1,12,22,23,10,2,1,11,11,16],"SA","rep",30,30,30,0.95,10000,73.7566292286,5000,-1,50,0.05,0.1],[3,285,28.6623543556,-17.3376456444,[27,12,5,2,18,0,4,15,23,24,22,11,15,22,18,1,1,0,10,10,13,12,10,23,10,23,1,11,11,25],"SA","rep",30,30,30,0.95,10000,73.7646944523,5000,-1,50,0.05,0.1],[3,300,28.6623543556,-17.3376456444,[27,12,5,2,18,0,4,15,23,24,22,11,15,22,18,1,1,0,10,10,13,12,10,23,10,23,1,11,11,25],"SA","rep",30,30,30,0.95,10000,73.9233226776,5000,-1,50,0.05,0.1],[3,315,30.6336227952,-15.3663772048,[1,12,9,3,18,26,29,6,8,19,9,11,2,22,27,1,1,18,10,9,24,12,10,23,10,20,1,11,11,20],"SA","rep",30,30,30,0.95,10000,73.8114051819,5000,-1,50,0.05,0.1],[3,330,30.6336227952,-15.3663772048,[1,12,9,3,18,26,29,6,8,19,9,11,2,22,27,1,1,18,10,9,24,12,10,23,10,20,1,11,11,20],"SA","rep",30,30,30,0.95,10000,73.4120264053,5000,-1,50,0.05,0.1],[3,345,30.6336227952,-15.3663772048,[1,12,9,3,18,26,29,6,8,19,9,11,2,22,27,1,1,18,10,9,24,12,10,23,10,20,1,11,11,20],"SA","rep",30,30,30,0.95,10000,73.6933016777,5000,-1,50,0.05,0.1],[3,360,30.6336227952,-15.3663772048,[1,12,9,3,18,26,29,6,8,19,9,11,2,22,27,1,1,18,10,9,24,12,10,23,10,20,1,11,11,20],"SA","rep",30,30,30,0.95,10000,73.4240574837,5000,-1,50,0.05,0.1],[3,375,32.6351277133,-13.3648722867,[20,12,9,2,13,23,29,6,14,19,21,11,0,22,27,1,1,18,10,10,24,12,10,23,10,20,1,11,11,16],"SA","rep",30,30,30,0.95,10000,73.2494454384,5000,-1,50,0.05,0.1],[3,390,34.6379698333,-11.3620301667,[5,12,9,2,13,23,29,6,14,19,21,11,0,22,27,1,1,29,10,10,24,12,10,23,10,20,1,11,11,20],"SA","rep",30,30,30,0.95,10000,73.6871707439,5000,-1,50,0.05,0.1],[3,405,34.6379698333,-11.3620301667,[22,12,9,20,3,29,29,7,12,17,19,17,10,4,10,15,21,18,10,0,24,25,0,23,11,2,8,11,11,0],"SA","rep",30,30,30,0.95,10000,73.487131834,5000,-1,50,0.05,0.1],[3,420,34.6379698333,-11.3620301667,[22,12,9,20,3,29,29,7,12,17,19,17,10,4,10,15,21,18,10,0,24,25,0,23,11,2,8,11,11,0],"SA","rep",30,30,30,0.95,10000,73.4979610443,5000,-1,50,0.05,0.1],[3,435,34.6379698333,-11.3620301667,[22,12,9,20,3,29,29,7,12,17,19,17,10,4,10,15,21,18,10,0,24,25,0,23,11,2,8,11,11,0],"SA","rep",30,30,30,0.95,10000,73.4900763035,5000,-1,50,0.05,0.1],[3,450,34.6379698333,-11.3620301667,[22,12,9,20,3,29,29,7,12,17,19,17,10,4,10,15,21,18,10,0,24,25,0,23,11,2,8,11,11,0],"SA","rep",30,30,30,0.95,10000,73.5359814167,5000,-1,50,0.05,0.1],[3,465,39.6333140664,-6.3666859336,[7,12,9,2,5,23,29,15,14,27,9,0,21,22,27,1,1,29,10,10,24,12,10,23,3,23,1,5,11,20],"SA","rep",30,30,30,0.95,10000,73.3700537682,5000,-1,50,0.05,0.1],[3,480,39.6333140664,-6.3666859336,[7,12,9,2,5,23,29,15,14,27,9,0,21,22,27,1,1,29,10,10,24,12,10,23,3,23,1,5,11,20],"SA","rep",30,30,30,0.95,10000,73.4545035362,5000,-1,50,0.05,0.1],[3,495,40.6423739649,-5.3576260351,[7,12,9,2,5,23,29,15,14,27,21,0,21,22,27,1,1,29,10,10,24,12,10,23,10,23,1,5,11,20],"SA","rep",30,30,30,0.95,10000,73.5643486977,5000,-1,50,0.05,0.1],[3,510,40.6423739649,-5.3576260351,[7,12,9,2,5,23,29,15,14,27,21,0,21,22,27,1,1,29,10,10,24,12,10,23,10,23,1,5,11,20],"SA","rep",30,30,30,0.95,10000,73.610871315,5000,-1,50,0.05,0.1],[3,525,40.6423739649,-5.3576260351,[7,12,9,2,5,23,29,15,14,27,21,0,21,22,27,1,1,29,10,10,24,12,10,23,10,23,1,5,11,20],"SA","rep",30,30,30,0.95,10000,73.5193850994,5000,-1,50,0.05,0.1],[3,540,40.6423739649,-5.3576260351,[7,12,9,2,5,23,29,15,14,27,21,0,21,22,27,1,1,29,10,10,24,12,10,23,10,23,1,5,11,20],"SA","rep",30,30,30,0.95,10000,73.8545062542,5000,-1,50,0.05,0.1],[3,555,40.6423739649,-5.3576260351,[7,12,9,2,5,23,29,15,14,27,21,0,21,22,27,1,1,29,10,10,24,12,10,23,10,23,1,5,11,20],"SA","rep",30,30,30,0.95,10000,73.5421583652,5000,-1,50,0.05,0.1],[3,570,40.6423739649,-5.3576260351,[7,12,9,2,5,23,29,15,14,27,21,0,21,22,27,1,1,29,10,10,24,12,10,23,10,23,1,5,11,20],"SA","rep",30,30,30,0.95,10000,73.8624505997,5000,-1,50,0.05,0.1],[3,585,40.6423739649,-5.3576260351,[7,12,9,2,5,23,29,15,14,27,21,0,21,22,27,1,1,29,10,10,24,12,10,23,10,23,1,5,11,20],"SA","rep",30,30,30,0.95,10000,73.4550306797,5000,-1,50,0.05,0.1],[3,600,40.6423739649,-5.3576260351,[7,12,9,2,5,23,29,15,14,27,21,0,21,22,27,1,1,29,10,10,24,12,10,23,10,23,1,5,11,20],"SA","rep",30,30,30,0.95,10000,73.5083477497,5000,-1,50,0.05,0.1],[3,615,40.6423739649,-5.3576260351,[7,12,9,2,5,23,29,15,14,27,21,0,21,22,27,1,1,29,10,10,24,12,10,23,10,23,1,5,11,20],