{"columns":["ite","time","q","scaled_eu","z","solver","attacker","|Q|","|X|","|T|","rho","k","utility_time","RS_iters","mcts_iters","sa_iters","eps","lr"],"index":[0,1,2,3,4,5,6,7,8,9,10,11,12,13,14,15,16,17,18,19,20,21,22,23,24,25,26,27,28,29,30,31,32,33,34,35,36,37,38,39,40,41,42,43,44,45,46,47,48,49,50,51,52,53,54,55,56,57,58,59,60,61,62,63,64,65,66,67,68,69,70,71,72,73,74,75,76,77,78,79],"data":[[8,15,15.8507690364,-30.1492309636,[4,13,26,24,19,12,3,22,4,26,3,12,13,6,20,8,0,10,6,8,19,18,29,1,23,11,0,12,13,28],"SA","rep",30,30,30,0.95,10000,84.0283761024,5000,-1,50,0.05,0.1],[8,30,16.7591028051,-29.2408971949,[29,2,9,28,27,14,26,2,1,0,9,21,3,27,9,13,19,22,2,20,9,15,17,3,22,27,7,2,7,9],"SA","rep",30,30,30,0.95,10000,85.9131977558,5000,-1,50,0.05,0.1],[8,45,18.8076197186,-27.1923802814,[1,6,10,22,27,24,14,0,1,1,9,29,21,4,9,25,19,14,24,3,9,14,16,3,14,27,7,28,11,18],"SA","rep",30,30,30,0.95,10000,86.0568816662,5000,-1,50,0.05,0.1],[8,60,18.8076197186,-27.1923802814,[1,6,10,22,27,24,14,0,1,1,9,29,21,4,9,25,19,14,24,3,9,14,16,3,14,27,7,28,11,18],"SA","rep",30,30,30,0.95,10000,86.030983448,5000,-1,50,0.05,0.1],[8,75,18.8076197186,-27.1923802814,[1,6,10,22,27,24,14,0,1,1,9,29,21,4,9,25,19,14,24,3,9,14,16,3,14,27,7,28,11,18],"SA","rep",30,30,30,0.95,10000,85.9837300777,5000,-1,50,0.05,0.1],[8,90,18.8093518075,-27.1906481925,[17,2,9,14,0,10,14,0,21,12,11,23,7,0,25,24,1,14,24,12,25,6,22,12,13,25,18,7,7,23],"SA","rep",30,30,30,0.95,10000,86.0845620632,5000,-1,50,0.05,0.1],[8,105,19.7664610942,-26.2335389058,[27,20,9,14,9,10,24,0,12,6,9,0,15,0,25,17,1,14,19,28,25,2,22,10,14,25,18,11,14,23],"SA","rep",30,30,30,0.95,10000,86.0289039612,5000,-1,50,0.05,0.1],[8,120,19.7664610942,-26.2335389058,[27,20,9,14,9,10,24,0,12,6,9,0,15,0,25,17,1,14,19,28,25,2,22,10,14,25,18,11,14,23],"SA","rep",30,30,30,0.95,10000,86.1147279739,5000,-1,50,0.05,0.1],[8,135,19.7664610942,-26.2335389058,[27,20,9,14,9,10,24,0,12,6,9,0,15,0,25,17,1,14,19,28,25,2,22,10,14,25,18,11,14,23],"SA","rep",30,30,30,0.95,10000,86.0903728008,5000,-1,50,0.05,0.1],[8,150,19.7664610942,-26.2335389058,[27,20,9,14,9,10,24,0,12,6,9,0,15,0,25,17,1,14,19,28,25,2,22,10,14,25,18,11,14,23],"SA","rep",30,30,30,0.95,10000,85.8069550991,5000,-1,50,0.05,0.1],[8,165,19.7664610942,-26.2335389058,[27,20,9,14,9,10,24,0,12,6,9,0,15,0,25,17,1,14,19,28,25,2,22,10,14,25,18,11,14,23],"SA","rep",30,30,30,0.95,10000,85.8541374207,5000,-1,50,0.05,0.1],[8,180,19.7664610942,-26.2335389058,[27,20,9,14,9,10,24,0,12,6,9,0,15,0,25,17,1,14,19,28,25,2,22,10,14,25,18,11,14,23],"SA","rep",30,30,30,0.95,10000,85.7564578056,5000,-1,50,0.05,0.1],[8,195,20.9999883572,-25.0000116428,[22,28,9,23,9,10,16,24,12,12,7,0,15,25,19,24,1,0,27,11,25,2,6,23,14,12,26,24,21,17],"SA","rep",30,30,30,0.95,10000,86.0306200981,5000,-1,50,0.05,0.1],[8,210,20.9999883572,-25.0000116428,[22,28,9,23,9,10,16,24,12,12,7,0,15,25,19,24,1,0,27,11,25,2,6,23,14,12,26,24,21,17],"SA","rep",30,30,30,0.95,10000,85.9794602394,5000,-1,50,0.05,0.1],[8,225,20.9999883572,-25.0000116428,[22,28,9,23,9,10,16,24,12,12,7,0,15,25,19,24,1,0,27,11,25,2,6,23,14,12,26,24,21,17],"SA","rep",30,30,30,0.95,10000,86.0970425606,5000,-1,50,0.05,0.1],[8,240,20.9999883572,-25.0000116428,[22,28,9,23,9,10,16,24,12,12,7,0,15,25,19,24,1,0,27,11,25,2,6,23,14,12,26,24,21,17],"SA","rep",30,30,30,0.95,10000,86.0014734268,5000,-1,50,0.05,0.1],[8,255,21.5849560447,-24.4150439553,[18,28,9,23,6,10,10,14,7,13,4,16,21,29,19,22,6,29,16,12,28,12,18,16,10,6,25,24,9,1],"SA","rep",30,30,30,0.95,10000,85.6727178097,5000,-1,50,0.05,0.1],[8,270,25.5586967614,-20.4413032386,[8,28,9,28,6,10,16,14,14,13,4,0,21,29,19,1,1,29,4,6,28,12,0,23,14,12,25,24,9,1],"SA","rep",30,30,30,0.95,10000,85.6842298508,5000,-1,50,0.05,0.1],[8,285,26.2034385051,-19.7965614949,[22,12,9,22,5,5,16,0,12,12,4,0,21,19,27,24,1,14,4,6,25,12,18,23,14,27,25,24,15,1],"SA","rep",30,30,30,0.95,10000,85.88418293,5000,-1,50,0.05,0.1],[8,300,26.2034385051,-19.7965614949,[7,12,8,12,21,27,11,0,14,13,9,7,13,22,19,27,19,22,24,27,25,17,22,16,29,24,22,24,2,17],"SA","rep",30,30,30,0.95,10000,85.8998885155,5000,-1,50,0.05,0.1],[8,315,28.6686894716,-17.3313105284,[7,12,9,10,5,5,16,0,12,13,4,0,19,19,27,1,1,29,14,28,8,12,22,23,14,27,26,24,4,1],"SA","rep",30,30,30,0.95,10000,85.901227951,5000,-1,50,0.05,0.1],[8,330,28.6686894716,-17.3313105284,[7,12,9,10,5,5,16,0,12,13,4,0,19,19,27,1,1,29,14,28,8,12,22,23,14,27,26,24,4,1],"SA","rep",30,30,30,0.95,10000,85.8361029625,5000,-1,50,0.05,0.1],[8,345,29.8489525146,-16.1510474854,[2,28,9,28,15,22,16,0,14,13,4,0,21,19,27,1,1,29,10,28,8,12,29,23,14,27,25,24,11,17],"SA","rep",30,30,30,0.95,10000,86.2899456024,5000,-1,50,0.05,0.1],[8,360,32.8358636298,-13.1641363702,[2,12,9,28,5,22,16,0,14,29,14,0,21,19,19,1,1,29,10,10,3,12,29,23,14,27,1,24,11,8],"SA","rep",30,30,30,0.95,10000,85.9137756824,5000,-1,50,0.05,0.1],[8,375,33.6558762496,-12.3441237504,[16,12,9,28,5,10,16,0,14,27,4,0,21,19,19,1,1,29,10,28,5,12,22,23,10,27,1,24,11,17],"SA","rep",30,30,30,0.95,10000,85.8080341816,5000,-1,50,0.05,0.1],[8,390,33.6558762496,-12.3441237504,[18,16,9,23,15,27,10,0,7,12,4,0,7,19,11,24,1,29,12,6,28,12,18,8,10,7,1,22,9,17],"SA","rep",30,30,30,0.95,10000,86.0070822239,5000,-1,50,0.05,0.1],[8,405,33.6558762496,-12.3441237504,[18,16,9,23,15,27,10,0,7,12,4,0,7,19,11,24,1,29,12,6,28,12,18,8,10,7,1,22,9,17],"SA","rep",30,30,30,0.95,10000,85.9093272686,5000,-1,50,0.05,0.1],[8,420,33.6558762496,-12.3441237504,[18,16,9,23,15,27,10,0,7,12,4,0,7,19,11,24,1,29,12,6,28,12,18,8,10,7,1,22,9,17],"SA","rep",30,30,30,0.95,10000,85.8854925632,5000,-1,50,0.05,0.1],[8,435,33.6558762496,-12.3441237504,[18,16,9,23,15,27,10,0,7,12,4,0,7,19,11,24,1,29,12,6,28,12,18,8,10,7,1,22,9,17],"SA","rep",30,30,30,0.95,10000,86.0208904743,5000,-1,50,0.05,0.1],[8,450,33.6558762496,-12.3441237504,[18,16,9,23,15,27,10,0,7,12,4,0,7,19,11,24,1,29,12,6,28,12,18,8,10,7,1,22,9,17],"SA","rep",30,30,30,0.95,10000,85.8796088696,5000,-1,50,0.05,0.1],[8,465,33.6558762496,-12.3441237504,[18,16,9,23,15,27,10,0,7,12,4,0,7,19,11,24,1,29,12,6,28,12,18,8,10,7,1,22,9,17],"SA","rep",30,30,30,0.95,10000,85.7210946083,5000,-1,50,0.05,0.1],[8,480,33.6558762496,-12.3441237504,[18,16,9,23,15,27,10,0,7,12,4,0,7,19,11,24,1,29,12,6,28,12,18,8,10,7,1,22,9,17],"SA","rep",30,30,30,0.95,10000,85.7389016151,5000,-1,50,0.05,0.1],[8,495,33.6558762496,-12.3441237504,[18,16,9,23,15,27,10,0,7,12,4,0,7,19,11,24,1,29,12,6,28,12,18,8,10,7,1,22,9,17],"SA","rep",30,30,30,0.95,10000,85.6672770977,5000,-1,50,0.05,0.1],[8,510,33.6558762496,-12.3441237504,[18,16,9,23,15,27,10,0,7,12,4,0,7,19,11,24,1,29,12,6,28,12,18,8,10,7,1,22,9,17],"SA","rep",30,30,30,0.95,10000,85.7165305614,5000,-1,50,0.05,0.1],[8,525,33.6558762496,-12.3441237504,[18,16,9,23,15,27,10,0,7,12,4,0,7,19,11,24,1,29,12,6,28,12,18,8,10,7,1,22,9,17],"SA","rep",30,30,30,0.95,10000,85.9023034573,5000,-1,50,0.05,0.1],[8,540,33.6558762496,-12.3441237504,[18,16,9,23,15,27,10,0,7,12,4,0,7,19,11,24,1,29,12,6,28,12,18,8,10,7,1,22,9,17],"SA","rep",30,30,30,0.95,10000,85.9745314121,5000,-1,50,0.05,0.1],[8,555,33.6558762496,-12.3441237504,[18,16,9,23,15,27,10,0,7,12,4,0,7,19,11,24,1,29,12,6,28,12,18,8,10,7,1,22,9,17],"SA","rep",30,30,30,0.95,10000,85.8618190289,5000,-1,50,0.05,0.1],[8,570,33.6558762496,-12.3441237504,[18,16,9,23,15,27,10,0,7,12,4,0,7,19,11,24,1,29,12,6,28,12,18,8,10,7,1,22,9,17],"SA","rep",30,30,30,0.95,10000,86.1112949848,5000,-1,50,0.05,0.1],[8,585,33.6558762496,-12.3441237504,[18,16,9,23,15,27,10,0,7,12,4,0,7,19,11,24,1,29,12,6,28,12,18,8,10,7,1,22,9,17],"SA","rep",30,30,30,0.95,10000,85.9464581013,5000,-1,50,0.05,0.1],[8,600,33.6558762496,-12.3441237504,[18,16,9,23,15,27,10,0,7,12,4,0,7,19,11,24,1,29,12,6,28,12,18,8,10,7,1,22,9,17],"SA","rep",30,30,30,0.95,10000,86.0844452381,5000,-1,50,0.05,0.1],[8,615,33.6558762496,-12.3441237504,[18,16,9,23,15,27,10,0,7,12,4,0,7,19,11,24,1,29,12,6,28,12,18,8,10,7,1,22,9,17],