{"columns":["ite","time","q","scaled_eu","z","solver","attacker","|Q|","|X|","|T|","rho","k","utility_time","RS_iters","mcts_iters","sa_iters","eps","lr"],"index":[0,1,2,3,4,5,6,7,8,9,10,11,12,13,14,15,16,17,18,19,20,21,22,23,24,25,26,27,28,29,30,31,32,33,34,35,36,37,38,39,40,41,42,43,44,45,46,47,48,49,50,51,52,53,54,55,56,57,58,59,60,61,62,63,64,65,66,67,68,69,70,71,72,73,74,75,76,77,78,79],"data":[[0,15,13.6727972081,-32.3272027919,[10,22,26,22,12,28,18,18,21,14,3,29,12,15,5,24,27,9,20,3,29,8,1,5,22,18,16,29,6,5],"SA","rep",30,30,30,0.95,10000,130.6310997009,5000,-1,50,0.05,0.1],[0,30,14.9342290719,-31.0657709281,[12,23,13,25,21,23,4,27,17,29,14,3,18,15,16,28,21,12,3,5,9,28,7,20,27,27,6,18,10,18],"SA","rep",30,30,30,0.95,10000,77.9618663788,5000,-1,50,0.05,0.1],[0,45,15.6384888448,-30.3615111552,[24,23,29,27,18,25,17,4,20,29,9,3,18,17,0,28,21,7,8,24,20,10,15,22,13,0,11,13,14,3],"SA","rep",30,30,30,0.95,10000,83.3575747013,5000,-1,50,0.05,0.1],[0,60,17.6840922501,-28.3159077499,[24,10,24,28,5,4,0,29,20,16,9,14,5,16,6,1,21,7,11,24,10,17,15,18,15,0,11,18,14,27],"SA","rep",30,30,30,0.95,10000,86.8513143063,5000,-1,50,0.05,0.1],[0,75,17.6840922501,-28.3159077499,[24,10,24,28,5,4,0,29,20,16,9,14,5,16,6,1,21,7,11,24,10,17,15,18,15,0,11,18,14,27],"SA","rep",30,30,30,0.95,10000,86.6287200451,5000,-1,50,0.05,0.1],[0,90,17.6840922501,-28.3159077499,[24,10,24,28,5,4,0,29,20,16,9,14,5,16,6,1,21,7,11,24,10,17,15,18,15,0,11,18,14,27],"SA","rep",30,30,30,0.95,10000,86.6157715321,5000,-1,50,0.05,0.1],[0,105,17.6840922501,-28.3159077499,[24,10,24,28,5,4,0,29,20,16,9,14,5,16,6,1,21,7,11,24,10,17,15,18,15,0,11,18,14,27],"SA","rep",30,30,30,0.95,10000,86.6331715584,5000,-1,50,0.05,0.1],[0,120,17.6840922501,-28.3159077499,[24,10,24,28,5,4,0,29,20,16,9,14,5,16,6,1,21,7,11,24,10,17,15,18,15,0,11,18,14,27],"SA","rep",30,30,30,0.95,10000,86.7925372124,5000,-1,50,0.05,0.1],[0,135,17.6840922501,-28.3159077499,[24,10,24,28,5,4,0,29,20,16,9,14,5,16,6,1,21,7,11,24,10,17,15,18,15,0,11,18,14,27],"SA","rep",30,30,30,0.95,10000,86.6637449265,5000,-1,50,0.05,0.1],[0,150,17.6840922501,-28.3159077499,[24,10,24,28,5,4,0,29,20,16,9,14,5,16,6,1,21,7,11,24,10,17,15,18,15,0,11,18,14,27],"SA","rep",30,30,30,0.95,10000,86.615455389,5000,-1,50,0.05,0.1],[0,165,17.6840922501,-28.3159077499,[24,10,24,28,5,4,0,29,20,16,9,14,5,16,6,1,21,7,11,24,10,17,15,18,15,0,11,18,14,27],"SA","rep",30,30,30,0.95,10000,86.8106184006,5000,-1,50,0.05,0.1],[0,180,17.6840922501,-28.3159077499,[24,10,24,28,5,4,0,29,20,16,9,14,5,16,6,1,21,7,11,24,10,17,15,18,15,0,11,18,14,27],"SA","rep",30,30,30,0.95,10000,86.5892398357,5000,-1,50,0.05,0.1],[0,195,17.6840922501,-28.3159077499,[24,10,24,28,5,4,0,29,20,16,9,14,5,16,6,1,21,7,11,24,10,17,15,18,15,0,11,18,14,27],"SA","rep",30,30,30,0.95,10000,86.4910616875,5000,-1,50,0.05,0.1],[0,210,17.7451895007,-28.2548104993,[29,15,27,15,15,14,7,9,2,8,19,19,13,20,7,22,20,17,23,9,24,9,10,15,15,29,25,24,3,18],"SA","rep",30,30,30,0.95,10000,86.5223357677,5000,-1,50,0.05,0.1],[0,225,18.7192050338,-27.2807949662,[16,16,20,19,0,11,29,7,19,27,8,2,11,29,26,16,23,12,18,28,3,29,2,12,14,23,9,8,14,15],"SA","rep",30,30,30,0.95,10000,86.6692121029,5000,-1,50,0.05,0.1],[0,240,18.7192050338,-27.2807949662,[16,16,20,19,0,11,29,7,19,27,8,2,11,29,26,16,23,12,18,28,3,29,2,12,14,23,9,8,14,15],"SA","rep",30,30,30,0.95,10000,86.6296541691,5000,-1,50,0.05,0.1],[0,255,18.7192050338,-27.2807949662,[16,16,20,19,0,11,29,7,19,27,8,2,11,29,26,16,23,12,18,28,3,29,2,12,14,23,9,8,14,15],"SA","rep",30,30,30,0.95,10000,86.7395069599,5000,-1,50,0.05,0.1],[0,270,18.7192050338,-27.2807949662,[16,16,20,19,0,11,29,7,19,27,8,2,11,29,26,16,23,12,18,28,3,29,2,12,14,23,9,8,14,15],"SA","rep",30,30,30,0.95,10000,86.6136448383,5000,-1,50,0.05,0.1],[0,285,18.7192050338,-27.2807949662,[16,16,20,19,0,11,29,7,19,27,8,2,11,29,26,16,23,12,18,28,3,29,2,12,14,23,9,8,14,15],"SA","rep",30,30,30,0.95,10000,86.6884961128,5000,-1,50,0.05,0.1],[0,300,18.7192050338,-27.2807949662,[16,16,20,19,0,11,29,7,19,27,8,2,11,29,26,16,23,12,18,28,3,29,2,12,14,23,9,8,14,15],"SA","rep",30,30,30,0.95,10000,86.7963726521,5000,-1,50,0.05,0.1],[0,315,18.7192050338,-27.2807949662,[16,16,20,19,0,11,29,7,19,27,8,2,11,29,26,16,23,12,18,28,3,29,2,12,14,23,9,8,14,15],"SA","rep",30,30,30,0.95,10000,86.5003855228,5000,-1,50,0.05,0.1],[0,330,18.7192050338,-27.2807949662,[16,16,20,19,0,11,29,7,19,27,8,2,11,29,26,16,23,12,18,28,3,29,2,12,14,23,9,8,14,15],"SA","rep",30,30,30,0.95,10000,86.6594212055,5000,-1,50,0.05,0.1],[0,345,18.7192050338,-27.2807949662,[16,16,20,19,0,11,29,7,19,27,8,2,11,29,26,16,23,12,18,28,3,29,2,12,14,23,9,8,14,15],"SA","rep",30,30,30,0.95,10000,86.7142493725,5000,-1,50,0.05,0.1],[0,360,18.7192050338,-27.2807949662,[16,16,20,19,0,11,29,7,19,27,8,2,11,29,26,16,23,12,18,28,3,29,2,12,14,23,9,8,14,15],"SA","rep",30,30,30,0.95,10000,86.8149590492,5000,-1,50,0.05,0.1],[0,375,18.7192050338,-27.2807949662,[16,16,20,19,0,11,29,7,19,27,8,2,11,29,26,16,23,12,18,28,3,29,2,12,14,23,9,8,14,15],"SA","rep",30,30,30,0.95,10000,86.7275519371,5000,-1,50,0.05,0.1],[0,390,18.7192050338,-27.2807949662,[16,16,20,19,0,11,29,7,19,27,8,2,11,29,26,16,23,12,18,28,3,29,2,12,14,23,9,8,14,15],"SA","rep",30,30,30,0.95,10000,86.6137623787,5000,-1,50,0.05,0.1],[0,405,18.7192050338,-27.2807949662,[16,16,20,19,0,11,29,7,19,27,8,2,11,29,26,16,23,12,18,28,3,29,2,12,14,23,9,8,14,15],"SA","rep",30,30,30,0.95,10000,86.4946055412,5000,-1,50,0.05,0.1],[0,420,18.7192050338,-27.2807949662,[16,16,20,19,0,11,29,7,19,27,8,2,11,29,26,16,23,12,18,28,3,29,2,12,14,23,9,8,14,15],"SA","rep",30,30,30,0.95,10000,86.6242756844,5000,-1,50,0.05,0.1],[0,435,18.7192050338,-27.2807949662,[16,16,20,19,0,11,29,7,19,27,8,2,11,29,26,16,23,12,18,28,3,29,2,12,14,23,9,8,14,15],"SA","rep",30,30,30,0.95,10000,86.8279826641,5000,-1,50,0.05,0.1],[0,450,18.7192050338,-27.2807949662,[16,16,20,19,0,11,29,7,19,27,8,2,11,29,26,16,23,12,18,28,3,29,2,12,14,23,9,8,14,15],"SA","rep",30,30,30,0.95,10000,87.0794289112,5000,-1,50,0.05,0.1],[0,465,18.7192050338,-27.2807949662,[16,16,20,19,0,11,29,7,19,27,8,2,11,29,26,16,23,12,18,28,3,29,2,12,14,23,9,8,14,15],"SA","rep",30,30,30,0.95,10000,86.7183728218,5000,-1,50,0.05,0.1],[0,480,18.7192050338,-27.2807949662,[16,16,20,19,0,11,29,7,19,27,8,2,11,29,26,16,23,12,18,28,3,29,2,12,14,23,9,8,14,15],"SA","rep",30,30,30,0.95,10000,86.9456672668,5000,-1,50,0.05,0.1],[0,495,18.7192050338,-27.2807949662,[16,16,20,19,0,11,29,7,19,27,8,2,11,29,26,16,23,12,18,28,3,29,2,12,14,23,9,8,14,15],"SA","rep",30,30,30,0.95,10000,87.1293935776,5000,-1,50,0.05,0.1],[0,510,18.7192050338,-27.2807949662,[16,16,20,19,0,11,29,7,19,27,8,2,11,29,26,16,23,12,18,28,3,29,2,12,14,23,9,8,14,15],"SA","rep",30,30,30,0.95,10000,86.6027066708,5000,-1,50,0.05,0.1],[0,525,18.7192050338,-27.2807949662,[16,16,20,19,0,11,29,7,19,27,8,2,11,29,26,16,23,12,18,28,3,29,2,12,14,23,9,8,14,15],"SA","rep",30,30,30,0.95,10000,86.7789418697,5000,-1,50,0.05,0.1],[0,540,18.7192050338,-27.2807949662,[16,16,20,19,0,11,29,7,19,27,8,2,11,29,26,16,23,12,18,28,3,29,2,12,14,23,9,8,14,15],"SA","rep",30,30,30,0.95,10000,86.4524087906,5000,-1,50,0.05,0.1],[0,555,18.7192050338,-27.2807949662,[16,16,20,19,0,11,29,7,19,27,8,2,11,29,26,16,23,12,18,28,3,29,2,12,14,23,9,8,14,15],"SA","rep",30,30,30,0.95,10000,86.6795101166,5000,-1,50,0.05,0.1],[0,570,18.7192050338,-27.2807949662,[16,16,20,19,0,11,29,7,19,27,8,2,11,29,26,16,23,12,18,28,3,29,2,12,14,23,9,8,14,15],"SA","rep",30,30,30,0.95,10000,86.7685139179,5000,-1,50,0.05,0.1],[0,585,18.7192050338,-27.2807949662,[16,16,20,19,0,11,29,7,19,27,8,2,11,29,26,16,23,12,18,28,3,29,2,12,14,23,9,8,14,15],"SA","rep",30,30,30,0.95,10000,86.5240409374,5000,-1,50,0.05,0.1],[0,600,18.7192050338,-27.2807949662,[16,16,20,19,0,11,29,7,19,27,8,2,11,29,26,16,23,12,18,28,3,29,2,12,14,23,9,8,14,15],"SA","rep",30,30,30,0.95,10000,86.766358614,5000,-1,50,0.05,0.1],[0,615,18.7192050338,-27.2807949662,[16,16,20,19,0,11,29,7,19,27,8,2,11,29,26,16,23,12,18,28,3,29,2,12,14,23,9,8,14,15],