{"columns":["ite","time","q","scaled_eu","z","solver","attacker","|Q|","|X|","|T|","rho","k","utility_time","RS_iters","mcts_iters","sa_iters","eps","lr"],"index":[0,1,2,3,4,5,6,7,8,9,10,11,12,13,14,15,16,17,18,19,20,21,22,23,24,25,26,27,28,29,30,31,32,33,34,35,36,37,38,39,40,41,42,43,44,45,46,47,48,49,50,51,52,53,54,55,56,57,58,59,60,61,62,63,64,65,66,67,68,69,70,71,72,73,74,75,76,77,78,79],"data":[[1,15,16.7018937413,-29.2981062587,[29,21,6,25,22,3,26,17,5,2,19,2,7,28,20,15,26,16,15,21,12,29,15,2,7,4,2,24,12,12],"SA","rep",30,30,30,0.95,10000,85.2701332569,5000,-1,50,0.05,0.1],[1,30,16.7018937413,-29.2981062587,[11,7,25,2,9,29,7,0,4,3,17,3,7,11,18,22,4,29,28,22,12,10,15,2,11,14,0,27,13,13],"SA","rep",30,30,30,0.95,10000,86.7890825272,5000,-1,50,0.05,0.1],[1,45,19.1670735549,-26.8329264451,[25,4,10,1,8,12,3,23,15,29,24,14,21,29,1,1,18,2,10,9,2,12,8,12,17,18,11,23,18,2],"SA","rep",30,30,30,0.95,10000,87.1866874695,5000,-1,50,0.05,0.1],[1,60,19.1670735549,-26.8329264451,[25,4,10,1,8,12,3,23,15,29,24,14,21,29,1,1,18,2,10,9,2,12,8,12,17,18,11,23,18,2],"SA","rep",30,30,30,0.95,10000,87.123540163,5000,-1,50,0.05,0.1],[1,75,20.7396935356,-25.2603064644,[8,1,18,5,3,26,20,23,14,12,7,0,0,29,25,1,20,27,17,9,17,12,10,13,3,1,5,23,28,17],"SA","rep",30,30,30,0.95,10000,87.1623086929,5000,-1,50,0.05,0.1],[1,90,22.6484142148,-23.3515857852,[8,24,19,4,3,16,27,26,14,27,7,0,21,24,22,4,20,14,11,18,25,12,25,18,17,22,5,8,13,20],"SA","rep",30,30,30,0.95,10000,87.1229207516,5000,-1,50,0.05,0.1],[1,105,22.7357420287,-23.2642579713,[8,11,18,2,14,4,20,26,14,21,7,0,21,24,19,8,12,14,11,18,29,12,10,8,11,11,20,23,6,20],"SA","rep",30,30,30,0.95,10000,87.0697348118,5000,-1,50,0.05,0.1],[1,120,22.7357420287,-23.2642579713,[8,11,18,2,14,4,20,26,14,21,7,0,21,24,19,8,12,14,11,18,29,12,10,8,11,11,20,23,6,20],"SA","rep",30,30,30,0.95,10000,86.9344885349,5000,-1,50,0.05,0.1],[1,135,22.7357420287,-23.2642579713,[8,11,18,2,14,4,20,26,14,21,7,0,21,24,19,8,12,14,11,18,29,12,10,8,11,11,20,23,6,20],"SA","rep",30,30,30,0.95,10000,86.9097130299,5000,-1,50,0.05,0.1],[1,150,22.7357420287,-23.2642579713,[8,11,18,2,14,4,20,26,14,21,7,0,21,24,19,8,12,14,11,18,29,12,10,8,11,11,20,23,6,20],"SA","rep",30,30,30,0.95,10000,87.0146138668,5000,-1,50,0.05,0.1],[1,165,22.7357420287,-23.2642579713,[8,11,18,2,14,4,20,26,14,21,7,0,21,24,19,8,12,14,11,18,29,12,10,8,11,11,20,23,6,20],"SA","rep",30,30,30,0.95,10000,86.9129936695,5000,-1,50,0.05,0.1],[1,180,22.7357420287,-23.2642579713,[8,11,18,2,14,4,20,26,14,21,7,0,21,24,19,8,12,14,11,18,29,12,10,8,11,11,20,23,6,20],"SA","rep",30,30,30,0.95,10000,87.0806622505,5000,-1,50,0.05,0.1],[1,195,22.7357420287,-23.2642579713,[8,11,18,2,14,4,20,26,14,21,7,0,21,24,19,8,12,14,11,18,29,12,10,8,11,11,20,23,6,20],"SA","rep",30,30,30,0.95,10000,87.1133933067,5000,-1,50,0.05,0.1],[1,210,23.9017040598,-22.0982959402,[16,12,2,2,20,23,20,3,14,27,3,0,19,7,11,12,7,14,10,5,0,13,16,28,3,10,1,21,7,20],"SA","rep",30,30,30,0.95,10000,87.0941958427,5000,-1,50,0.05,0.1],[1,225,23.9017040598,-22.0982959402,[16,12,2,2,20,23,20,3,14,27,3,0,19,7,11,12,7,14,10,5,0,13,16,28,3,10,1,21,7,20],"SA","rep",30,30,30,0.95,10000,86.8128430843,5000,-1,50,0.05,0.1],[1,240,25.6934727966,-20.3065272034,[8,11,10,2,5,15,27,15,14,27,2,4,10,23,9,9,7,29,10,11,27,12,25,20,25,23,1,13,11,22],"SA","rep",30,30,30,0.95,10000,86.9154601097,5000,-1,50,0.05,0.1],[1,255,25.6934727966,-20.3065272034,[8,11,10,2,5,15,27,15,14,27,2,4,10,23,9,9,7,29,10,11,27,12,25,20,25,23,1,13,11,22],"SA","rep",30,30,30,0.95,10000,86.977458477,5000,-1,50,0.05,0.1],[1,270,25.6934727966,-20.3065272034,[8,11,10,2,5,15,27,15,14,27,2,4,10,23,9,9,7,29,10,11,27,12,25,20,25,23,1,13,11,22],"SA","rep",30,30,30,0.95,10000,87.3432481289,5000,-1,50,0.05,0.1],[1,285,25.6934727966,-20.3065272034,[8,11,10,2,5,15,27,15,14,27,2,4,10,23,9,9,7,29,10,11,27,12,25,20,25,23,1,13,11,22],"SA","rep",30,30,30,0.95,10000,86.9412810802,5000,-1,50,0.05,0.1],[1,300,25.6934727966,-20.3065272034,[8,11,10,2,5,15,27,15,14,27,2,4,10,23,9,9,7,29,10,11,27,12,25,20,25,23,1,13,11,22],"SA","rep",30,30,30,0.95,10000,86.9072899818,5000,-1,50,0.05,0.1],[1,315,25.6934727966,-20.3065272034,[8,11,10,2,5,15,27,15,14,27,2,4,10,23,9,9,7,29,10,11,27,12,25,20,25,23,1,13,11,22],"SA","rep",30,30,30,0.95,10000,86.9077143669,5000,-1,50,0.05,0.1],[1,330,25.6934727966,-20.3065272034,[8,11,10,2,5,15,27,15,14,27,2,4,10,23,9,9,7,29,10,11,27,12,25,20,25,23,1,13,11,22],"SA","rep",30,30,30,0.95,10000,87.2255930901,5000,-1,50,0.05,0.1],[1,345,25.6934727966,-20.3065272034,[8,11,10,2,5,15,27,15,14,27,2,4,10,23,9,9,7,29,10,11,27,12,25,20,25,23,1,13,11,22],"SA","rep",30,30,30,0.95,10000,87.1858494282,5000,-1,50,0.05,0.1],[1,360,25.6934727966,-20.3065272034,[8,11,10,2,5,15,27,15,14,27,2,4,10,23,9,9,7,29,10,11,27,12,25,20,25,23,1,13,11,22],"SA","rep",30,30,30,0.95,10000,87.0376999378,5000,-1,50,0.05,0.1],[1,375,25.6934727966,-20.3065272034,[8,11,10,2,5,15,27,15,14,27,2,4,10,23,9,9,7,29,10,11,27,12,25,20,25,23,1,13,11,22],"SA","rep",30,30,30,0.95,10000,86.7863285542,5000,-1,50,0.05,0.1],[1,390,25.6934727966,-20.3065272034,[8,11,10,2,5,15,27,15,14,27,2,4,10,23,9,9,7,29,10,11,27,12,25,20,25,23,1,13,11,22],"SA","rep",30,30,30,0.95,10000,86.7990918159,5000,-1,50,0.05,0.1],[1,405,25.6934727966,-20.3065272034,[8,11,10,2,5,15,27,15,14,27,2,4,10,23,9,9,7,29,10,11,27,12,25,20,25,23,1,13,11,22],"SA","rep",30,30,30,0.95,10000,87.0217480659,5000,-1,50,0.05,0.1],[1,420,25.6934727966,-20.3065272034,[8,11,10,2,5,15,27,15,14,27,2,4,10,23,9,9,7,29,10,11,27,12,25,20,25,23,1,13,11,22],"SA","rep",30,30,30,0.95,10000,86.8507881165,5000,-1,50,0.05,0.1],[1,435,25.6934727966,-20.3065272034,[8,11,10,2,5,15,27,15,14,27,2,4,10,23,9,9,7,29,10,11,27,12,25,20,25,23,1,13,11,22],"SA","rep",30,30,30,0.95,10000,86.8646118641,5000,-1,50,0.05,0.1],[1,450,25.6934727966,-20.3065272034,[8,11,10,2,5,15,27,15,14,27,2,4,10,23,9,9,7,29,10,11,27,12,25,20,25,23,1,13,11,22],"SA","rep",30,30,30,0.95,10000,87.4310142994,5000,-1,50,0.05,0.1],[1,465,25.6934727966,-20.3065272034,[8,11,10,2,5,15,27,15,14,27,2,4,10,23,9,9,7,29,10,11,27,12,25,20,25,23,1,13,11,22],"SA","rep",30,30,30,0.95,10000,86.8723852634,5000,-1,50,0.05,0.1],[1,480,25.6934727966,-20.3065272034,[8,11,10,2,5,15,27,15,14,27,2,4,10,23,9,9,7,29,10,11,27,12,25,20,25,23,1,13,11,22],"SA","rep",30,30,30,0.95,10000,86.6851232052,5000,-1,50,0.05,0.1],[1,495,25.6934727966,-20.3065272034,[8,11,10,2,5,15,27,15,14,27,2,4,10,23,9,9,7,29,10,11,27,12,25,20,25,23,1,13,11,22],"SA","rep",30,30,30,0.95,10000,86.8433299065,5000,-1,50,0.05,0.1],[1,510,25.6934727966,-20.3065272034,[8,11,10,2,5,15,27,15,14,27,2,4,10,23,9,9,7,29,10,11,27,12,25,20,25,23,1,13,11,22],"SA","rep",30,30,30,0.95,10000,87.290494442,5000,-1,50,0.05,0.1],[1,525,25.6934727966,-20.3065272034,[8,11,10,2,5,15,27,15,14,27,2,4,10,23,9,9,7,29,10,11,27,12,25,20,25,23,1,13,11,22],"SA","rep",30,30,30,0.95,10000,86.8330681324,5000,-1,50,0.05,0.1],[1,540,25.6934727966,-20.3065272034,[8,11,10,2,5,15,27,15,14,27,2,4,10,23,9,9,7,29,10,11,27,12,25,20,25,23,1,13,11,22],"SA","rep",30,30,30,0.95,10000,86.9603581429,5000,-1,50,0.05,0.1],[1,555,25.6934727966,-20.3065272034,[8,11,10,2,5,15,27,15,14,27,2,4,10,23,9,9,7,29,10,11,27,12,25,20,25,23,1,13,11,22],"SA","rep",30,30,30,0.95,10000,87.225260973,5000,-1,50,0.05,0.1],[1,570,25.6934727966,-20.3065272034,[8,11,10,2,5,15,27,15,14,27,2,4,10,23,9,9,7,29,10,11,27,12,25,20,25,23,1,13,11,22],"SA","rep",30,30,30,0.95,10000,86.983900547,5000,-1,50,0.05,0.1],[1,585,25.6934727966,-20.3065272034,[8,11,10,2,5,15,27,15,14,27,2,4,10,23,9,9,7,29,10,11,27,12,25,20,25,23,1,13,11,22],"SA","rep",30,30,30,0.95,10000,86.9668052197,5000,-1,50,0.05,0.1],[1,600,25.6934727966,-20.3065272034,[8,11,10,2,5,15,27,15,14,27,2,4,10,23,9,9,7,29,10,11,27,12,25,20,25,23,1,13,11,22],"SA","rep",30,30,30,0.95,10000,86.890409708,5000,-1,50,0.05,0.1],[1,615,25.6934727966,-20.3065272034,[8,11,10,2,5,15,27,15,14,27,2,4,10,23,9,9,7,29,10,11,27,12,25,20,25,23,1,13,11,22],