{"columns":["ite","time","q","scaled_eu","z","solver","attacker","|Q|","|X|","|T|","rho","k","utility_time","RS_iters","mcts_iters","sa_iters","eps","lr"],"index":[0,1,2,3,4,5,6,7,8,9,10,11,12,13,14,15,16,17,18,19,20,21,22,23,24,25,26,27,28,29,30,31,32,33,34,35,36,37,38,39,40,41,42,43,44,45,46,47,48,49,50,51,52,53,54,55,56,57,58,59,60,61,62,63,64,65,66,67,68,69,70,71,72,73,74,75,76,77,78,79],"data":[[9,15,17.6142817037,-28.3857182963,[8,15,10,29,21,23,20,18,14,19,8,27,22,26,12,27,11,13,28,26,9,9,9,3,18,10,18,6,11,8],"SA","rep",30,30,30,0.95,10000,84.383300066,5000,-1,50,0.05,0.1],[9,30,17.6142817037,-28.3857182963,[8,15,10,29,21,23,20,18,14,19,8,27,22,26,12,27,11,13,28,26,9,9,9,3,18,10,18,6,11,8],"SA","rep",30,30,30,0.95,10000,86.0134308338,5000,-1,50,0.05,0.1],[9,45,17.6142817037,-28.3857182963,[8,15,10,29,21,23,20,18,14,19,8,27,22,26,12,27,11,13,28,26,9,9,9,3,18,10,18,6,11,8],"SA","rep",30,30,30,0.95,10000,85.8038809299,5000,-1,50,0.05,0.1],[9,60,17.6342197113,-28.3657802887,[3,12,26,15,1,23,25,27,15,4,28,19,5,16,15,27,26,10,6,15,6,25,0,24,10,3,20,5,23,25],"SA","rep",30,30,30,0.95,10000,85.6672782898,5000,-1,50,0.05,0.1],[9,75,17.6342197113,-28.3657802887,[3,12,26,15,1,23,25,27,15,4,28,19,5,16,15,27,26,10,6,15,6,25,0,24,10,3,20,5,23,25],"SA","rep",30,30,30,0.95,10000,85.7151117325,5000,-1,50,0.05,0.1],[9,90,17.6342197113,-28.3657802887,[3,12,26,15,1,23,25,27,15,4,28,19,5,16,15,27,26,10,6,15,6,25,0,24,10,3,20,5,23,25],"SA","rep",30,30,30,0.95,10000,85.5927965641,5000,-1,50,0.05,0.1],[9,105,17.6342197113,-28.3657802887,[3,12,26,15,1,23,25,27,15,4,28,19,5,16,15,27,26,10,6,15,6,25,0,24,10,3,20,5,23,25],"SA","rep",30,30,30,0.95,10000,85.6814482212,5000,-1,50,0.05,0.1],[9,120,17.6342197113,-28.3657802887,[3,12,26,15,1,23,25,27,15,4,28,19,5,16,15,27,26,10,6,15,6,25,0,24,10,3,20,5,23,25],"SA","rep",30,30,30,0.95,10000,85.4457275867,5000,-1,50,0.05,0.1],[9,135,17.6363784496,-28.3636215504,[1,24,18,14,7,12,0,1,23,10,16,0,4,17,14,5,10,29,6,21,20,19,0,18,6,28,21,14,26,13],"SA","rep",30,30,30,0.95,10000,85.6866898537,5000,-1,50,0.05,0.1],[9,150,17.6363784496,-28.3636215504,[1,24,18,14,7,12,0,1,23,10,16,0,4,17,14,5,10,29,6,21,20,19,0,18,6,28,21,14,26,13],"SA","rep",30,30,30,0.95,10000,85.642103672,5000,-1,50,0.05,0.1],[9,165,17.6363784496,-28.3636215504,[1,24,18,14,7,12,0,1,23,10,16,0,4,17,14,5,10,29,6,21,20,19,0,18,6,28,21,14,26,13],"SA","rep",30,30,30,0.95,10000,85.5646820068,5000,-1,50,0.05,0.1],[9,180,17.6363784496,-28.3636215504,[1,24,18,14,7,12,0,1,23,10,16,0,4,17,14,5,10,29,6,21,20,19,0,18,6,28,21,14,26,13],"SA","rep",30,30,30,0.95,10000,85.6105122566,5000,-1,50,0.05,0.1],[9,195,17.6867164722,-28.3132835278,[28,22,26,9,5,29,14,23,0,12,12,9,15,7,7,2,14,17,26,7,18,19,25,8,19,15,10,0,16,21],"SA","rep",30,30,30,0.95,10000,85.4049291611,5000,-1,50,0.05,0.1],[9,210,17.6867164722,-28.3132835278,[28,22,26,9,5,29,14,23,0,12,12,9,15,7,7,2,14,17,26,7,18,19,25,8,19,15,10,0,16,21],"SA","rep",30,30,30,0.95,10000,85.7381825447,5000,-1,50,0.05,0.1],[9,225,17.6867164722,-28.3132835278,[28,22,26,9,5,29,14,23,0,12,12,9,15,7,7,2,14,17,26,7,18,19,25,8,19,15,10,0,16,21],"SA","rep",30,30,30,0.95,10000,85.6541640759,5000,-1,50,0.05,0.1],[9,240,17.6867164722,-28.3132835278,[28,22,26,9,5,29,14,23,0,12,12,9,15,7,7,2,14,17,26,7,18,19,25,8,19,15,10,0,16,21],"SA","rep",30,30,30,0.95,10000,85.6773877144,5000,-1,50,0.05,0.1],[9,255,18.4928866455,-27.5071133545,[7,3,9,27,21,1,25,19,27,15,6,21,21,13,5,10,14,13,11,9,3,8,2,3,17,19,6,3,8,12],"SA","rep",30,30,30,0.95,10000,85.6208016872,5000,-1,50,0.05,0.1],[9,270,18.4928866455,-27.5071133545,[7,3,9,27,21,1,25,19,27,15,6,21,21,13,5,10,14,13,11,9,3,8,2,3,17,19,6,3,8,12],"SA","rep",30,30,30,0.95,10000,85.505844593,5000,-1,50,0.05,0.1],[9,285,18.6397548861,-27.3602451139,[19,26,24,24,20,24,5,15,8,26,0,25,25,24,19,1,4,25,9,5,15,19,25,9,29,13,1,19,11,26],"SA","rep",30,30,30,0.95,10000,85.5439591408,5000,-1,50,0.05,0.1],[9,300,18.6397548861,-27.3602451139,[19,26,24,24,20,24,5,15,8,26,0,25,25,24,19,1,4,25,9,5,15,19,25,9,29,13,1,19,11,26],"SA","rep",30,30,30,0.95,10000,85.630531311,5000,-1,50,0.05,0.1],[9,315,18.6397548861,-27.3602451139,[19,26,24,24,20,24,5,15,8,26,0,25,25,24,19,1,4,25,9,5,15,19,25,9,29,13,1,19,11,26],"SA","rep",30,30,30,0.95,10000,85.5415165424,5000,-1,50,0.05,0.1],[9,330,18.6397548861,-27.3602451139,[19,26,24,24,20,24,5,15,8,26,0,25,25,24,19,1,4,25,9,5,15,19,25,9,29,13,1,19,11,26],"SA","rep",30,30,30,0.95,10000,85.5953335762,5000,-1,50,0.05,0.1],[9,345,18.6397548861,-27.3602451139,[19,26,24,24,20,24,5,15,8,26,0,25,25,24,19,1,4,25,9,5,15,19,25,9,29,13,1,19,11,26],"SA","rep",30,30,30,0.95,10000,85.8052501678,5000,-1,50,0.05,0.1],[9,360,18.6397548861,-27.3602451139,[19,26,24,24,20,24,5,15,8,26,0,25,25,24,19,1,4,25,9,5,15,19,25,9,29,13,1,19,11,26],"SA","rep",30,30,30,0.95,10000,85.8274161816,5000,-1,50,0.05,0.1],[9,375,18.6397548861,-27.3602451139,[19,26,24,24,20,24,5,15,8,26,0,25,25,24,19,1,4,25,9,5,15,19,25,9,29,13,1,19,11,26],"SA","rep",30,30,30,0.95,10000,85.8510670662,5000,-1,50,0.05,0.1],[9,390,18.6397548861,-27.3602451139,[19,26,24,24,20,24,5,15,8,26,0,25,25,24,19,1,4,25,9,5,15,19,25,9,29,13,1,19,11,26],"SA","rep",30,30,30,0.95,10000,85.2963325977,5000,-1,50,0.05,0.1],[9,405,18.6397548861,-27.3602451139,[19,26,24,24,20,24,5,15,8,26,0,25,25,24,19,1,4,25,9,5,15,19,25,9,29,13,1,19,11,26],"SA","rep",30,30,30,0.95,10000,85.9474191666,5000,-1,50,0.05,0.1],[9,420,18.6397548861,-27.3602451139,[19,26,24,24,20,24,5,15,8,26,0,25,25,24,19,1,4,25,9,5,15,19,25,9,29,13,1,19,11,26],"SA","rep",30,30,30,0.95,10000,85.7927930355,5000,-1,50,0.05,0.1],[9,435,18.6397548861,-27.3602451139,[19,26,24,24,20,24,5,15,8,26,0,25,25,24,19,1,4,25,9,5,15,19,25,9,29,13,1,19,11,26],"SA","rep",30,30,30,0.95,10000,85.588968277,5000,-1,50,0.05,0.1],[9,450,18.6397548861,-27.3602451139,[19,26,24,24,20,24,5,15,8,26,0,25,25,24,19,1,4,25,9,5,15,19,25,9,29,13,1,19,11,26],"SA","rep",30,30,30,0.95,10000,85.4510610104,5000,-1,50,0.05,0.1],[9,465,18.6397548861,-27.3602451139,[19,26,24,24,20,24,5,15,8,26,0,25,25,24,19,1,4,25,9,5,15,19,25,9,29,13,1,19,11,26],"SA","rep",30,30,30,0.95,10000,85.4697906971,5000,-1,50,0.05,0.1],[9,480,18.6397548861,-27.3602451139,[19,26,24,24,20,24,5,15,8,26,0,25,25,24,19,1,4,25,9,5,15,19,25,9,29,13,1,19,11,26],"SA","rep",30,30,30,0.95,10000,85.9320626259,5000,-1,50,0.05,0.1],[9,495,18.6397548861,-27.3602451139,[19,26,24,24,20,24,5,15,8,26,0,25,25,24,19,1,4,25,9,5,15,19,25,9,29,13,1,19,11,26],"SA","rep",30,30,30,0.95,10000,85.5301146507,5000,-1,50,0.05,0.1],[9,510,18.6397548861,-27.3602451139,[19,26,24,24,20,24,5,15,8,26,0,25,25,24,19,1,4,25,9,5,15,19,25,9,29,13,1,19,11,26],"SA","rep",30,30,30,0.95,10000,85.3895294666,5000,-1,50,0.05,0.1],[9,525,18.6397548861,-27.3602451139,[19,26,24,24,20,24,5,15,8,26,0,25,25,24,19,1,4,25,9,5,15,19,25,9,29,13,1,19,11,26],"SA","rep",30,30,30,0.95,10000,85.6571412086,5000,-1,50,0.05,0.1],[9,540,18.6397548861,-27.3602451139,[19,26,24,24,20,24,5,15,8,26,0,25,25,24,19,1,4,25,9,5,15,19,25,9,29,13,1,19,11,26],"SA","rep",30,30,30,0.95,10000,85.6853611469,5000,-1,50,0.05,0.1],[9,555,18.6397548861,-27.3602451139,[19,26,24,24,20,24,5,15,8,26,0,25,25,24,19,1,4,25,9,5,15,19,25,9,29,13,1,19,11,26],"SA","rep",30,30,30,0.95,10000,85.8531601429,5000,-1,50,0.05,0.1],[9,570,18.6397548861,-27.3602451139,[19,26,24,24,20,24,5,15,8,26,0,25,25,24,19,1,4,25,9,5,15,19,25,9,29,13,1,19,11,26],"SA","rep",30,30,30,0.95,10000,85.5649237633,5000,-1,50,0.05,0.1],[9,585,18.6397548861,-27.3602451139,[19,26,24,24,20,24,5,15,8,26,0,25,25,24,19,1,4,25,9,5,15,19,25,9,29,13,1,19,11,26],"SA","rep",30,30,30,0.95,10000,85.6291387081,5000,-1,50,0.05,0.1],[9,600,18.6397548861,-27.3602451139,[19,26,24,24,20,24,5,15,8,26,0,25,25,24,19,1,4,25,9,5,15,19,25,9,29,13,1,19,11,26],"SA","rep",30,30,30,0.95,10000,85.489664793,5000,-1,50,0.05,0.1],[9,615,18.6397548861,-27.3602451139,[19,26,24,24,20,24,5,15,8,26,0,25,25,24,19,1,4,25,9,5,15,19,25,9,29,13,1,19,11,26],