{"columns":["ite","time","q","scaled_eu","z","solver","attacker","|Q|","|X|","|T|","rho","k","utility_time","RS_iters","mcts_iters","sa_iters","eps","lr"],"index":[0,1,2,3,4,5,6,7,8,9,10,11,12,13,14,15,16,17,18,19,20,21,22,23,24,25,26,27,28,29,30,31,32,33,34,35,36,37,38,39,40,41,42,43,44,45,46,47,48,49,50,51,52,53,54,55,56,57,58,59,60,61,62,63,64,65,66,67,68,69,70,71,72,73,74,75,76,77,78,79],"data":[[6,15,17.0724325893,-28.9275674107,[9,19,28,2,24,23,29,7,21,1,14,10,25,1,5,15,21,1,9,11,12,19,14,17,1,6,11,13,10,14],"SA","rep",30,30,30,0.95,10000,130.2448880672,5000,-1,50,0.05,0.1],[6,30,17.0724325893,-28.9275674107,[18,10,25,9,27,8,0,7,14,10,14,4,25,17,1,0,15,29,10,15,7,6,9,16,4,14,11,8,8,12],"SA","rep",30,30,30,0.95,10000,79.0218186378,5000,-1,50,0.05,0.1],[6,45,17.0724325893,-28.9275674107,[22,2,19,18,28,2,5,9,2,7,25,28,21,0,13,13,10,29,27,24,14,6,10,28,28,27,24,24,11,25],"SA","rep",30,30,30,0.95,10000,78.7517073154,5000,-1,50,0.05,0.1],[6,60,17.0724325893,-28.9275674107,[22,2,19,18,28,2,5,9,2,7,25,28,21,0,13,13,10,29,27,24,14,6,10,28,28,27,24,24,11,25],"SA","rep",30,30,30,0.95,10000,79.2219910622,5000,-1,50,0.05,0.1],[6,75,17.0724325893,-28.9275674107,[22,2,19,18,28,2,5,9,2,7,25,28,21,0,13,13,10,29,27,24,14,6,10,28,28,27,24,24,11,25],"SA","rep",30,30,30,0.95,10000,79.3763449192,5000,-1,50,0.05,0.1],[6,90,17.0724325893,-28.9275674107,[22,2,19,18,28,2,5,9,2,7,25,28,21,0,13,13,10,29,27,24,14,6,10,28,28,27,24,24,11,25],"SA","rep",30,30,30,0.95,10000,79.2392902374,5000,-1,50,0.05,0.1],[6,105,17.0724325893,-28.9275674107,[22,2,19,18,28,2,5,9,2,7,25,28,21,0,13,13,10,29,27,24,14,6,10,28,28,27,24,24,11,25],"SA","rep",30,30,30,0.95,10000,79.0499563217,5000,-1,50,0.05,0.1],[6,120,17.0724325893,-28.9275674107,[24,16,9,19,6,27,17,13,19,10,28,10,20,23,27,1,20,18,10,24,15,18,28,20,21,17,0,17,15,20],"SA","rep",30,30,30,0.95,10000,78.9827184677,5000,-1,50,0.05,0.1],[6,135,17.0724325893,-28.9275674107,[24,16,9,19,6,27,17,13,19,10,28,10,20,23,27,1,20,18,10,24,15,18,28,20,21,17,0,17,15,20],"SA","rep",30,30,30,0.95,10000,78.9808757305,5000,-1,50,0.05,0.1],[6,150,17.0724325893,-28.9275674107,[24,16,9,19,6,27,17,13,19,10,28,10,20,23,27,1,20,18,10,24,15,18,28,20,21,17,0,17,15,20],"SA","rep",30,30,30,0.95,10000,78.8872051239,5000,-1,50,0.05,0.1],[6,165,17.0724325893,-28.9275674107,[24,16,9,19,6,27,17,13,19,10,28,10,20,23,27,1,20,18,10,24,15,18,28,20,21,17,0,17,15,20],"SA","rep",30,30,30,0.95,10000,78.9776761532,5000,-1,50,0.05,0.1],[6,180,17.0724325893,-28.9275674107,[24,16,9,19,6,27,17,13,19,10,28,10,20,23,27,1,20,18,10,24,15,18,28,20,21,17,0,17,15,20],"SA","rep",30,30,30,0.95,10000,78.9738283157,5000,-1,50,0.05,0.1],[6,195,17.0724325893,-28.9275674107,[24,16,9,19,6,27,17,13,19,10,28,10,20,23,27,1,20,18,10,24,15,18,28,20,21,17,0,17,15,20],"SA","rep",30,30,30,0.95,10000,78.9605462551,5000,-1,50,0.05,0.1],[6,210,17.0724325893,-28.9275674107,[24,16,9,19,6,27,17,13,19,10,28,10,20,23,27,1,20,18,10,24,15,18,28,20,21,17,0,17,15,20],"SA","rep",30,30,30,0.95,10000,79.0341801643,5000,-1,50,0.05,0.1],[6,225,17.0724325893,-28.9275674107,[24,16,9,19,6,27,17,13,19,10,28,10,20,23,27,1,20,18,10,24,15,18,28,20,21,17,0,17,15,20],"SA","rep",30,30,30,0.95,10000,78.9018599987,5000,-1,50,0.05,0.1],[6,240,17.0724325893,-28.9275674107,[24,16,9,19,6,27,17,13,19,10,28,10,20,23,27,1,20,18,10,24,15,18,28,20,21,17,0,17,15,20],"SA","rep",30,30,30,0.95,10000,78.9803800583,5000,-1,50,0.05,0.1],[6,255,17.0724325893,-28.9275674107,[24,16,9,19,6,27,17,13,19,10,28,10,20,23,27,1,20,18,10,24,15,18,28,20,21,17,0,17,15,20],"SA","rep",30,30,30,0.95,10000,79.0744707584,5000,-1,50,0.05,0.1],[6,270,17.7737268951,-28.2262731049,[10,12,3,22,23,28,12,18,20,2,25,0,24,11,23,21,22,21,7,20,11,28,13,28,20,2,8,18,17,4],"SA","rep",30,30,30,0.95,10000,78.8381352425,5000,-1,50,0.05,0.1],[6,285,17.7737268951,-28.2262731049,[10,12,3,22,23,28,12,18,20,2,25,0,24,11,23,21,22,21,7,20,11,28,13,28,20,2,8,18,17,4],"SA","rep",30,30,30,0.95,10000,79.1573674679,5000,-1,50,0.05,0.1],[6,300,17.7737268951,-28.2262731049,[13,25,4,18,28,22,29,4,23,10,7,0,21,22,9,25,29,8,23,0,4,18,20,4,28,6,14,21,7,24],"SA","rep",30,30,30,0.95,10000,79.2093577385,5000,-1,50,0.05,0.1],[6,315,17.7737268951,-28.2262731049,[13,25,4,18,28,22,29,4,23,10,7,0,21,22,9,25,29,8,23,0,4,18,20,4,28,6,14,21,7,24],"SA","rep",30,30,30,0.95,10000,79.2878246307,5000,-1,50,0.05,0.1],[6,330,17.7737268951,-28.2262731049,[13,25,4,18,28,22,29,4,23,10,7,0,21,22,9,25,29,8,23,0,4,18,20,4,28,6,14,21,7,24],"SA","rep",30,30,30,0.95,10000,79.1300284863,5000,-1,50,0.05,0.1],[6,345,17.7737268951,-28.2262731049,[13,25,4,18,28,22,29,4,23,10,7,0,21,22,9,25,29,8,23,0,4,18,20,4,28,6,14,21,7,24],"SA","rep",30,30,30,0.95,10000,79.3269929886,5000,-1,50,0.05,0.1],[6,360,17.7737268951,-28.2262731049,[13,25,4,18,28,22,29,4,23,10,7,0,21,22,9,25,29,8,23,0,4,18,20,4,28,6,14,21,7,24],"SA","rep",30,30,30,0.95,10000,79.2473828793,5000,-1,50,0.05,0.1],[6,375,17.7737268951,-28.2262731049,[13,25,4,18,28,22,29,4,23,10,7,0,21,22,9,25,29,8,23,0,4,18,20,4,28,6,14,21,7,24],"SA","rep",30,30,30,0.95,10000,79.1795504093,5000,-1,50,0.05,0.1],[6,390,17.7737268951,-28.2262731049,[13,25,4,18,28,22,29,4,23,10,7,0,21,22,9,25,29,8,23,0,4,18,20,4,28,6,14,21,7,24],"SA","rep",30,30,30,0.95,10000,79.0745606422,5000,-1,50,0.05,0.1],[6,405,17.7737268951,-28.2262731049,[13,25,4,18,28,22,29,4,23,10,7,0,21,22,9,25,29,8,23,0,4,18,20,4,28,6,14,21,7,24],"SA","rep",30,30,30,0.95,10000,79.3442809582,5000,-1,50,0.05,0.1],[6,420,17.7737268951,-28.2262731049,[13,25,4,18,28,22,29,4,23,10,7,0,21,22,9,25,29,8,23,0,4,18,20,4,28,6,14,21,7,24],"SA","rep",30,30,30,0.95,10000,79.2634627819,5000,-1,50,0.05,0.1],[6,435,18.0056749627,-27.9943250373,[23,21,21,19,4,13,15,8,7,29,11,12,13,3,1,4,1,0,17,10,6,12,19,25,28,15,24,2,17,7],"SA","rep",30,30,30,0.95,10000,79.3424658775,5000,-1,50,0.05,0.1],[6,450,18.0056749627,-27.9943250373,[23,21,21,19,4,13,15,8,7,29,11,12,13,3,1,4,1,0,17,10,6,12,19,25,28,15,24,2,17,7],"SA","rep",30,30,30,0.95,10000,78.8858819008,5000,-1,50,0.05,0.1],[6,465,18.0056749627,-27.9943250373,[23,21,21,19,4,13,15,8,7,29,11,12,13,3,1,4,1,0,17,10,6,12,19,25,28,15,24,2,17,7],"SA","rep",30,30,30,0.95,10000,79.0037705898,5000,-1,50,0.05,0.1],[6,480,18.0056749627,-27.9943250373,[23,21,21,19,4,13,15,8,7,29,11,12,13,3,1,4,1,0,17,10,6,12,19,25,28,15,24,2,17,7],"SA","rep",30,30,30,0.95,10000,78.9920976162,5000,-1,50,0.05,0.1],[6,495,18.0056749627,-27.9943250373,[23,21,21,19,4,13,15,8,7,29,11,12,13,3,1,4,1,0,17,10,6,12,19,25,28,15,24,2,17,7],"SA","rep",30,30,30,0.95,10000,78.9358286858,5000,-1,50,0.05,0.1],[6,510,18.0056749627,-27.9943250373,[23,21,21,19,4,13,15,8,7,29,11,12,13,3,1,4,1,0,17,10,6,12,19,25,28,15,24,2,17,7],"SA","rep",30,30,30,0.95,10000,78.7477416992,5000,-1,50,0.05,0.1],[6,525,18.0056749627,-27.9943250373,[23,21,21,19,4,13,15,8,7,29,11,12,13,3,1,4,1,0,17,10,6,12,19,25,28,15,24,2,17,7],"SA","rep",30,30,30,0.95,10000,79.105546236,5000,-1,50,0.05,0.1],[6,540,18.0056749627,-27.9943250373,[23,21,21,19,4,13,15,8,7,29,11,12,13,3,1,4,1,0,17,10,6,12,19,25,28,15,24,2,17,7],"SA","rep",30,30,30,0.95,10000,79.0218136311,5000,-1,50,0.05,0.1],[6,555,18.0056749627,-27.9943250373,[23,21,21,19,4,13,15,8,7,29,11,12,13,3,1,4,1,0,17,10,6,12,19,25,28,15,24,2,17,7],"SA","rep",30,30,30,0.95,10000,79.16538167,5000,-1,50,0.05,0.1],[6,570,18.0056749627,-27.9943250373,[18,8,9,4,24,4,26,0,14,19,24,5,10,11,27,13,1,15,29,27,0,13,4,18,10,29,14,7,19,11],"SA","rep",30,30,30,0.95,10000,78.8516197205,5000,-1,50,0.05,0.1],[6,585,18.0056749627,-27.9943250373,[18,8,9,4,24,4,26,0,14,19,24,5,10,11,27,13,1,15,29,27,0,13,4,18,10,29,14,7,19,11],"SA","rep",30,30,30,0.95,10000,78.8383538723,5000,-1,50,0.05,0.1],[6,600,18.0056749627,-27.9943250373,[18,8,9,4,24,4,26,0,14,19,24,5,10,11,27,13,1,15,29,27,0,13,4,18,10,29,14,7,19,11],"SA","rep",30,30,30,0.95,10000,78.8405942917,5000,-1,50,0.05,0.1],[6,615,18.0056749627,-27.9943250373,[18,8,9,4,24,4,26,0,14,19,24,5,10,11,27,13,1,15,29,27,0,13,4,18,10,29,14,7,19,11],