{"columns":["ite","time","q","scaled_eu","z","solver","attacker","|Q|","|X|","|T|","rho","k","utility_time","RS_iters","mcts_iters","sa_iters","eps","lr"],"index":[0,1,2,3,4,5,6,7,8,9,10,11,12,13,14,15,16,17,18,19,20,21,22,23,24,25,26,27,28,29,30,31,32,33,34,35,36,37,38,39,40,41,42,43,44,45,46,47,48,49,50,51,52,53,54,55,56,57,58,59,60,61,62,63,64,65,66,67,68,69,70,71,72,73,74,75,76,77,78,79],"data":[[5,15,16.7610335863,-29.2389664137,[1,17,19,1,5,18,21,25,15,7,18,16,26,6,7,7,0,0,0,23,14,10,25,28,2,18,7,21,14,26],"SA","rep",30,30,30,0.95,10000,82.8789637089,5000,-1,50,0.05,0.1],[5,30,17.9564444321,-28.0435555679,[9,15,5,22,12,4,16,0,14,25,11,19,20,23,8,13,13,23,0,20,29,1,14,10,20,25,4,24,29,5],"SA","rep",30,30,30,0.95,10000,84.3948910236,5000,-1,50,0.05,0.1],[5,45,18.7734870601,-27.2265129399,[15,4,11,10,11,6,27,0,18,25,8,0,21,16,23,17,29,1,14,23,9,20,13,14,26,16,4,3,25,25],"SA","rep",30,30,30,0.95,10000,84.3488390446,5000,-1,50,0.05,0.1],[5,60,18.7734870601,-27.2265129399,[15,4,11,10,11,6,27,0,18,25,8,0,21,16,23,17,29,1,14,23,9,20,13,14,26,16,4,3,25,25],"SA","rep",30,30,30,0.95,10000,84.6823055744,5000,-1,50,0.05,0.1],[5,75,18.7734870601,-27.2265129399,[15,4,11,10,11,6,27,0,18,25,8,0,21,16,23,17,29,1,14,23,9,20,13,14,26,16,4,3,25,25],"SA","rep",30,30,30,0.95,10000,84.7514822483,5000,-1,50,0.05,0.1],[5,90,18.7734870601,-27.2265129399,[15,4,11,10,11,6,27,0,18,25,8,0,21,16,23,17,29,1,14,23,9,20,13,14,26,16,4,3,25,25],"SA","rep",30,30,30,0.95,10000,84.4227192402,5000,-1,50,0.05,0.1],[5,105,18.7734870601,-27.2265129399,[15,4,11,10,11,6,27,0,18,25,8,0,21,16,23,17,29,1,14,23,9,20,13,14,26,16,4,3,25,25],"SA","rep",30,30,30,0.95,10000,84.4602718353,5000,-1,50,0.05,0.1],[5,120,18.7734870601,-27.2265129399,[15,4,11,10,11,6,27,0,18,25,8,0,21,16,23,17,29,1,14,23,9,20,13,14,26,16,4,3,25,25],"SA","rep",30,30,30,0.95,10000,84.415522337,5000,-1,50,0.05,0.1],[5,135,19.7556455923,-26.2443544077,[7,7,9,14,13,27,10,29,14,16,2,28,10,7,22,28,8,11,10,12,9,6,9,17,5,27,19,5,10,14],"SA","rep",30,30,30,0.95,10000,84.495998621,5000,-1,50,0.05,0.1],[5,150,19.7556455923,-26.2443544077,[7,7,9,14,13,27,10,29,14,16,2,28,10,7,22,28,8,11,10,12,9,6,9,17,5,27,19,5,10,14],"SA","rep",30,30,30,0.95,10000,84.4229438305,5000,-1,50,0.05,0.1],[5,165,19.7556455923,-26.2443544077,[7,7,9,14,13,27,10,29,14,16,2,28,10,7,22,28,8,11,10,12,9,6,9,17,5,27,19,5,10,14],"SA","rep",30,30,30,0.95,10000,84.5907845497,5000,-1,50,0.05,0.1],[5,180,19.9050387756,-26.0949612244,[7,12,9,14,17,27,5,29,24,26,2,14,10,7,22,29,19,11,10,12,20,6,29,15,26,27,20,9,10,27],"SA","rep",30,30,30,0.95,10000,84.6802957058,5000,-1,50,0.05,0.1],[5,195,19.9050387756,-26.0949612244,[7,12,9,14,17,27,5,29,24,26,2,14,10,7,22,29,19,11,10,12,20,6,29,15,26,27,20,9,10,27],"SA","rep",30,30,30,0.95,10000,84.4178845882,5000,-1,50,0.05,0.1],[5,210,19.9050387756,-26.0949612244,[7,12,9,14,17,27,5,29,24,26,2,14,10,7,22,29,19,11,10,12,20,6,29,15,26,27,20,9,10,27],"SA","rep",30,30,30,0.95,10000,84.304463625,5000,-1,50,0.05,0.1],[5,225,21.6306729575,-24.3693270425,[17,12,9,14,17,17,20,0,24,18,2,23,10,3,22,4,22,11,15,10,24,20,9,3,5,16,1,11,20,7],"SA","rep",30,30,30,0.95,10000,84.5563423634,5000,-1,50,0.05,0.1],[5,240,22.7729726456,-23.2270273544,[15,12,15,14,17,17,5,0,24,22,28,23,8,3,22,29,22,7,10,10,24,6,9,26,5,15,1,11,27,20],"SA","rep",30,30,30,0.95,10000,84.4935059547,5000,-1,50,0.05,0.1],[5,255,23.8115357373,-22.1884642627,[15,13,9,7,27,17,24,0,24,18,6,23,14,20,22,22,22,25,10,10,24,6,10,26,5,28,1,11,11,20],"SA","rep",30,30,30,0.95,10000,84.4539144039,5000,-1,50,0.05,0.1],[5,270,23.8115357373,-22.1884642627,[15,13,9,7,27,17,24,0,24,18,6,23,14,20,22,22,22,25,10,10,24,6,10,26,5,28,1,11,11,20],"SA","rep",30,30,30,0.95,10000,84.3279979229,5000,-1,50,0.05,0.1],[5,285,23.8115357373,-22.1884642627,[15,13,9,7,27,17,24,0,24,18,6,23,14,20,22,22,22,25,10,10,24,6,10,26,5,28,1,11,11,20],"SA","rep",30,30,30,0.95,10000,84.6625163555,5000,-1,50,0.05,0.1],[5,300,24.8240002628,-21.1759997372,[15,18,9,7,17,29,0,0,14,17,2,0,24,0,27,29,8,27,10,10,24,2,10,26,5,28,17,11,2,16],"SA","rep",30,30,30,0.95,10000,84.7143604755,5000,-1,50,0.05,0.1],[5,315,26.7547131475,-19.2452868525,[7,18,9,15,17,9,13,0,14,17,2,14,23,2,27,29,8,11,10,10,24,2,9,22,26,16,1,3,11,20],"SA","rep",30,30,30,0.95,10000,84.3274114132,5000,-1,50,0.05,0.1],[5,330,26.7547131475,-19.2452868525,[7,18,9,15,17,9,13,0,14,17,2,14,23,2,27,29,8,11,10,10,24,2,9,22,26,16,1,3,11,20],"SA","rep",30,30,30,0.95,10000,84.4496212006,5000,-1,50,0.05,0.1],[5,345,26.8932334778,-19.1067665222,[15,10,9,7,11,29,13,0,14,27,2,0,23,20,27,29,8,7,10,10,8,6,16,26,26,27,1,3,11,10],"SA","rep",30,30,30,0.95,10000,84.5494842529,5000,-1,50,0.05,0.1],[5,360,26.8932334778,-19.1067665222,[15,10,9,7,11,29,13,0,14,27,2,0,23,20,27,29,8,7,10,10,8,6,16,26,26,27,1,3,11,10],"SA","rep",30,30,30,0.95,10000,84.4040660858,5000,-1,50,0.05,0.1],[5,375,30.8952817843,-15.1047182157,[7,12,9,15,5,29,5,0,14,27,2,0,24,2,27,1,22,27,10,10,24,2,16,26,28,15,17,9,11,27],"SA","rep",30,30,30,0.95,10000,84.4107875824,5000,-1,50,0.05,0.1],[5,390,30.8952817843,-15.1047182157,[7,12,9,15,5,29,5,0,14,27,2,0,24,2,27,1,22,27,10,10,24,2,16,26,28,15,17,9,11,27],"SA","rep",30,30,30,0.95,10000,84.309078455,5000,-1,50,0.05,0.1],[5,405,31.8880826828,-14.1119173172,[7,12,9,7,5,29,27,0,14,27,1,0,24,2,27,1,15,7,10,10,24,15,16,26,26,27,1,9,11,16],"SA","rep",30,30,30,0.95,10000,84.4937231541,5000,-1,50,0.05,0.1],[5,420,31.8880826828,-14.1119173172,[7,12,9,7,5,29,27,0,14,27,1,0,24,2,27,1,15,7,10,10,24,15,16,26,26,27,1,9,11,16],"SA","rep",30,30,30,0.95,10000,84.26532197,5000,-1,50,0.05,0.1],[5,435,31.8880826828,-14.1119173172,[7,12,9,7,5,29,27,0,14,27,1,0,24,2,27,1,15,7,10,10,24,15,16,26,26,27,1,9,11,16],"SA","rep",30,30,30,0.95,10000,84.491338253,5000,-1,50,0.05,0.1],[5,450,31.8880826828,-14.1119173172,[7,12,9,7,5,29,27,0,14,27,1,0,24,2,27,1,15,7,10,10,24,15,16,26,26,27,1,9,11,16],"SA","rep",30,30,30,0.95,10000,84.3772847652,5000,-1,50,0.05,0.1],[5,465,31.8880826828,-14.1119173172,[7,12,9,7,5,29,27,0,14,27,1,0,24,2,27,1,15,7,10,10,24,15,16,26,26,27,1,9,11,16],"SA","rep",30,30,30,0.95,10000,84.3298101425,5000,-1,50,0.05,0.1],[5,480,32.9018432149,-13.0981567851,[7,12,9,7,16,29,29,0,24,27,7,0,21,22,27,1,26,7,10,10,18,6,16,15,26,10,15,5,11,20],"SA","rep",30,30,30,0.95,10000,84.2811670303,5000,-1,50,0.05,0.1],[5,495,32.9018432149,-13.0981567851,[7,12,9,7,16,29,29,0,24,27,7,0,21,22,27,1,26,7,10,10,18,6,16,15,26,10,15,5,11,20],"SA","rep",30,30,30,0.95,10000,84.1615655422,5000,-1,50,0.05,0.1],[5,510,32.9018432149,-13.0981567851,[0,3,3,2,11,29,5,0,10,8,9,21,9,13,10,1,22,17,10,10,24,4,22,20,19,2,4,19,4,0],"SA","rep",30,30,30,0.95,10000,84.6928179264,5000,-1,50,0.05,0.1],[5,525,35.8871539313,-10.1128460687,[7,12,9,15,17,29,29,0,14,22,2,0,21,22,27,1,8,29,10,10,8,15,16,15,10,23,1,24,11,21],"SA","rep",30,30,30,0.95,10000,84.3857049942,5000,-1,50,0.05,0.1],[5,540,35.8871539313,-10.1128460687,[7,12,9,15,17,29,29,0,14,22,2,0,21,22,27,1,8,29,10,10,8,15,16,15,10,23,1,24,11,21],"SA","rep",30,30,30,0.95,10000,84.1876718998,5000,-1,50,0.05,0.1],[5,555,35.8871539313,-10.1128460687,[7,12,9,15,17,29,29,0,14,22,2,0,21,22,27,1,8,29,10,10,8,15,16,15,10,23,1,24,11,21],"SA","rep",30,30,30,0.95,10000,84.3018915653,5000,-1,50,0.05,0.1],[5,570,35.8871539313,-10.1128460687,[7,12,9,15,17,29,29,0,14,22,2,0,21,22,27,1,8,29,10,10,8,15,16,15,10,23,1,24,11,21],"SA","rep",30,30,30,0.95,10000,84.2672638893,5000,-1,50,0.05,0.1],[5,585,36.8477834852,-9.1522165148,[7,12,9,7,5,29,29,0,14,22,9,0,21,22,9,1,1,29,10,10,24,20,10,16,10,23,1,9,11,16],"SA","rep",30,30,30,0.95,10000,84.5080821514,5000,-1,50,0.05,0.1],[5,600,36.8477834852,-9.1522165148,[7,12,9,7,5,29,29,0,14,22,9,0,21,22,9,1,1,29,10,10,24,20,10,16,10,23,1,9,11,16],"SA","rep",30,30,30,0.95,10000,84.3579931259,5000,-1,50,0.05,0.1],[5,615,38.720678193,-7.279321807,[7,12,9,7,5,29,29,0,14,27,7,0,2,22,27,1,1,29,10,10,24,7,20,15,10,23,11,24,11,27],