{"columns":["ite","time","q","scaled_eu","z","solver","attacker","|Q|","|X|","|T|","rho","k","utility_time","RS_iters","mcts_iters","sa_iters","eps","lr"],"index":[0,1,2,3,4,5,6,7,8,9,10,11,12,13,14,15,16,17,18,19,20,21,22,23,24,25,26,27,28,29,30,31,32,33,34,35,36,37,38,39,40,41,42,43,44,45,46,47,48,49,50,51,52,53,54,55,56,57,58,59,60,61,62,63,64,65,66,67,68,69,70,71,72,73,74,75,76,77,78,79],"data":[[2,15,15.9005108804,-30.0994891196,[22,21,11,10,18,29,14,10,10,15,29,8,15,4,28,26,12,25,24,19,2,1,28,20,26,1,2,29,29,22],"SA","rep",30,30,30,0.95,10000,85.1667311192,5000,-1,50,0.05,0.1],[2,30,15.9005108804,-30.0994891196,[13,12,19,13,2,29,7,1,21,28,19,21,13,15,0,8,1,19,20,0,3,1,20,12,2,10,25,12,19,16],"SA","rep",30,30,30,0.95,10000,86.7680966854,5000,-1,50,0.05,0.1],[2,45,17.7207170438,-28.2792829562,[20,24,5,20,28,29,22,11,18,8,16,11,15,21,28,18,17,6,17,23,1,25,21,26,26,18,2,24,22,22],"SA","rep",30,30,30,0.95,10000,86.903876543,5000,-1,50,0.05,0.1],[2,60,17.7207170438,-28.2792829562,[1,22,22,9,6,20,25,22,2,21,4,23,2,7,19,2,24,16,6,15,24,9,16,14,27,23,29,24,6,21],"SA","rep",30,30,30,0.95,10000,86.5502827168,5000,-1,50,0.05,0.1],[2,75,17.7207170438,-28.2792829562,[1,22,22,9,6,20,25,22,2,21,4,23,2,7,19,2,24,16,6,15,24,9,16,14,27,23,29,24,6,21],"SA","rep",30,30,30,0.95,10000,86.4858784676,5000,-1,50,0.05,0.1],[2,90,17.7207170438,-28.2792829562,[28,12,12,28,15,0,23,25,14,21,20,22,11,26,7,22,21,20,23,9,24,25,4,10,10,9,21,4,22,8],"SA","rep",30,30,30,0.95,10000,86.447663784,5000,-1,50,0.05,0.1],[2,105,17.7207170438,-28.2792829562,[16,29,5,28,17,22,16,0,17,24,15,18,25,1,20,20,6,7,10,11,4,25,21,23,10,26,25,4,1,7],"SA","rep",30,30,30,0.95,10000,86.2130486965,5000,-1,50,0.05,0.1],[2,120,19.4055054298,-26.5944945702,[25,12,8,8,12,29,19,10,13,11,25,17,14,22,16,4,5,13,25,11,12,17,26,5,24,1,12,21,24,20],"SA","rep",30,30,30,0.95,10000,86.4820458889,5000,-1,50,0.05,0.1],[2,135,19.4055054298,-26.5944945702,[25,12,8,8,12,29,19,10,13,11,25,17,14,22,16,4,5,13,25,11,12,17,26,5,24,1,12,21,24,20],"SA","rep",30,30,30,0.95,10000,86.2025489807,5000,-1,50,0.05,0.1],[2,150,19.4055054298,-26.5944945702,[21,4,27,27,18,29,15,5,10,25,9,0,25,22,17,3,8,8,11,10,18,3,20,11,17,2,26,3,23,28],"SA","rep",30,30,30,0.95,10000,86.4785811901,5000,-1,50,0.05,0.1],[2,165,19.4055054298,-26.5944945702,[21,4,27,27,18,29,15,5,10,25,9,0,25,22,17,3,8,8,11,10,18,3,20,11,17,2,26,3,23,28],"SA","rep",30,30,30,0.95,10000,86.5860052109,5000,-1,50,0.05,0.1],[2,180,19.4055054298,-26.5944945702,[21,4,27,27,18,29,15,5,10,25,9,0,25,22,17,3,8,8,11,10,18,3,20,11,17,2,26,3,23,28],"SA","rep",30,30,30,0.95,10000,86.2180104256,5000,-1,50,0.05,0.1],[2,195,19.4055054298,-26.5944945702,[21,4,27,27,18,29,15,5,10,25,9,0,25,22,17,3,8,8,11,10,18,3,20,11,17,2,26,3,23,28],"SA","rep",30,30,30,0.95,10000,86.3303861618,5000,-1,50,0.05,0.1],[2,210,19.4055054298,-26.5944945702,[21,4,27,27,18,29,15,5,10,25,9,0,25,22,17,3,8,8,11,10,18,3,20,11,17,2,26,3,23,28],"SA","rep",30,30,30,0.95,10000,86.3836662769,5000,-1,50,0.05,0.1],[2,225,19.4055054298,-26.5944945702,[21,4,27,27,18,29,15,5,10,25,9,0,25,22,17,3,8,8,11,10,18,3,20,11,17,2,26,3,23,28],"SA","rep",30,30,30,0.95,10000,86.5121047497,5000,-1,50,0.05,0.1],[2,240,19.4055054298,-26.5944945702,[13,8,11,26,13,14,29,0,8,4,16,7,29,16,8,9,1,22,22,22,4,18,14,28,0,23,9,8,8,20],"SA","rep",30,30,30,0.95,10000,86.1723406315,5000,-1,50,0.05,0.1],[2,255,19.4055054298,-26.5944945702,[13,8,11,26,13,14,29,0,8,4,16,7,29,16,8,9,1,22,22,22,4,18,14,28,0,23,9,8,8,20],"SA","rep",30,30,30,0.95,10000,86.5672361851,5000,-1,50,0.05,0.1],[2,270,19.4055054298,-26.5944945702,[13,8,11,26,13,14,29,0,8,4,16,7,29,16,8,9,1,22,22,22,4,18,14,28,0,23,9,8,8,20],"SA","rep",30,30,30,0.95,10000,86.533721447,5000,-1,50,0.05,0.1],[2,285,19.4055054298,-26.5944945702,[13,8,11,26,13,14,29,0,8,4,16,7,29,16,8,9,1,22,22,22,4,18,14,28,0,23,9,8,8,20],"SA","rep",30,30,30,0.95,10000,86.6695811749,5000,-1,50,0.05,0.1],[2,300,19.4055054298,-26.5944945702,[13,8,11,26,13,14,29,0,8,4,16,7,29,16,8,9,1,22,22,22,4,18,14,28,0,23,9,8,8,20],"SA","rep",30,30,30,0.95,10000,86.5406339169,5000,-1,50,0.05,0.1],[2,315,19.4055054298,-26.5944945702,[13,8,11,26,13,14,29,0,8,4,16,7,29,16,8,9,1,22,22,22,4,18,14,28,0,23,9,8,8,20],"SA","rep",30,30,30,0.95,10000,86.3893463612,5000,-1,50,0.05,0.1],[2,330,19.4055054298,-26.5944945702,[13,8,11,26,13,14,29,0,8,4,16,7,29,16,8,9,1,22,22,22,4,18,14,28,0,23,9,8,8,20],"SA","rep",30,30,30,0.95,10000,86.4371609688,5000,-1,50,0.05,0.1],[2,345,19.4055054298,-26.5944945702,[13,8,11,26,13,14,29,0,8,4,16,7,29,16,8,9,1,22,22,22,4,18,14,28,0,23,9,8,8,20],"SA","rep",30,30,30,0.95,10000,86.6075921059,5000,-1,50,0.05,0.1],[2,360,19.4055054298,-26.5944945702,[13,8,11,26,13,14,29,0,8,4,16,7,29,16,8,9,1,22,22,22,4,18,14,28,0,23,9,8,8,20],"SA","rep",30,30,30,0.95,10000,86.3704376221,5000,-1,50,0.05,0.1],[2,375,19.4055054298,-26.5944945702,[7,19,24,17,17,28,13,2,14,27,7,10,20,17,0,23,15,18,18,16,24,14,8,28,8,8,27,4,11,16],"SA","rep",30,30,30,0.95,10000,86.1085150242,5000,-1,50,0.05,0.1],[2,390,19.4055054298,-26.5944945702,[7,19,24,17,17,28,13,2,14,27,7,10,20,17,0,23,15,18,18,16,24,14,8,28,8,8,27,4,11,16],"SA","rep",30,30,30,0.95,10000,86.6914417744,5000,-1,50,0.05,0.1],[2,405,19.4055054298,-26.5944945702,[7,19,24,17,17,28,13,2,14,27,7,10,20,17,0,23,15,18,18,16,24,14,8,28,8,8,27,4,11,16],"SA","rep",30,30,30,0.95,10000,86.32593894,5000,-1,50,0.05,0.1],[2,420,19.4055054298,-26.5944945702,[7,19,24,17,17,28,13,2,14,27,7,10,20,17,0,23,15,18,18,16,24,14,8,28,8,8,27,4,11,16],"SA","rep",30,30,30,0.95,10000,86.3412783146,5000,-1,50,0.05,0.1],[2,435,19.4055054298,-26.5944945702,[7,19,24,17,17,28,13,2,14,27,7,10,20,17,0,23,15,18,18,16,24,14,8,28,8,8,27,4,11,16],"SA","rep",30,30,30,0.95,10000,86.4132869244,5000,-1,50,0.05,0.1],[2,450,19.4055054298,-26.5944945702,[7,19,24,17,17,28,13,2,14,27,7,10,20,17,0,23,15,18,18,16,24,14,8,28,8,8,27,4,11,16],"SA","rep",30,30,30,0.95,10000,86.0440223217,5000,-1,50,0.05,0.1],[2,465,19.4055054298,-26.5944945702,[7,19,24,17,17,28,13,2,14,27,7,10,20,17,0,23,15,18,18,16,24,14,8,28,8,8,27,4,11,16],"SA","rep",30,30,30,0.95,10000,86.372354269,5000,-1,50,0.05,0.1],[2,480,19.4055054298,-26.5944945702,[7,19,24,17,17,28,13,2,14,27,7,10,20,17,0,23,15,18,18,16,24,14,8,28,8,8,27,4,11,16],"SA","rep",30,30,30,0.95,10000,86.0951237679,5000,-1,50,0.05,0.1],[2,495,19.4055054298,-26.5944945702,[7,19,24,17,17,28,13,2,14,27,7,10,20,17,0,23,15,18,18,16,24,14,8,28,8,8,27,4,11,16],"SA","rep",30,30,30,0.95,10000,86.3203823566,5000,-1,50,0.05,0.1],[2,510,19.4055054298,-26.5944945702,[7,19,24,17,17,28,13,2,14,27,7,10,20,17,0,23,15,18,18,16,24,14,8,28,8,8,27,4,11,16],"SA","rep",30,30,30,0.95,10000,86.2746248245,5000,-1,50,0.05,0.1],[2,525,19.4055054298,-26.5944945702,[7,19,24,17,17,28,13,2,14,27,7,10,20,17,0,23,15,18,18,16,24,14,8,28,8,8,27,4,11,16],"SA","rep",30,30,30,0.95,10000,86.3148822784,5000,-1,50,0.05,0.1],[2,540,19.4055054298,-26.5944945702,[7,19,24,17,17,28,13,2,14,27,7,10,20,17,0,23,15,18,18,16,24,14,8,28,8,8,27,4,11,16],"SA","rep",30,30,30,0.95,10000,86.3196616173,5000,-1,50,0.05,0.1],[2,555,19.4055054298,-26.5944945702,[7,19,24,17,17,28,13,2,14,27,7,10,20,17,0,23,15,18,18,16,24,14,8,28,8,8,27,4,11,16],"SA","rep",30,30,30,0.95,10000,86.1048545837,5000,-1,50,0.05,0.1],[2,570,19.4055054298,-26.5944945702,[7,19,24,17,17,28,13,2,14,27,7,10,20,17,0,23,15,18,18,16,24,14,8,28,8,8,27,4,11,16],"SA","rep",30,30,30,0.95,10000,86.4726998806,5000,-1,50,0.05,0.1],[2,585,19.4055054298,-26.5944945702,[7,19,24,17,17,28,13,2,14,27,7,10,20,17,0,23,15,18,18,16,24,14,8,28,8,8,27,4,11,16],"SA","rep",30,30,30,0.95,10000,86.1897559166,5000,-1,50,0.05,0.1],[2,600,19.4055054298,-26.5944945702,[7,19,24,17,17,28,13,2,14,27,7,10,20,17,0,23,15,18,18,16,24,14,8,28,8,8,27,4,11,16],"SA","rep",30,30,30,0.95,10000,86.5897529125,5000,-1,50,0.05,0.1],[2,615,19.4055054298,-26.5944945702,[7,19,24,17,17,28,13,2,14,27,7,10,20,17,0,23,15,18,18,16,24,14,8,28,8,8,27,4,11,16],