{"columns":["ite","time","q","scaled_eu","z","solver","attacker","|Q|","|X|","|T|","rho","k","utility_time","RS_iters","mcts_iters","sa_iters","eps","lr"],"index":[0,1,2,3,4,5,6,7,8,9,10,11,12,13,14,15,16,17,18,19,20,21,22,23,24,25,26,27,28,29,30,31,32,33,34,35,36,37,38,39,40,41,42,43,44,45,46,47,48,49,50,51,52,53,54,55,56,57,58,59,60,61,62,63,64,65,66,67,68,69,70,71,72,73,74,75,76,77,78,79],"data":[[4,15,15.4834789701,-30.5165210299,[20,19,18,29,27,22,4,28,16,7,13,17,4,5,5,27,6,1,7,24,22,10,14,0,21,9,10,4,17,8],"SA","rep",30,30,30,0.95,10000,122.2290246487,5000,-1,50,0.05,0.1],[4,30,15.4834789701,-30.5165210299,[20,19,18,29,27,22,4,28,16,7,13,17,4,5,5,27,6,1,7,24,22,10,14,0,21,9,10,4,17,8],"SA","rep",30,30,30,0.95,10000,86.9949100018,5000,-1,50,0.05,0.1],[4,45,17.2393567889,-28.7606432111,[28,1,7,14,5,10,8,27,23,2,2,27,23,25,14,13,14,1,26,20,17,12,14,25,26,5,15,20,5,3],"SA","rep",30,30,30,0.95,10000,86.5570716858,5000,-1,50,0.05,0.1],[4,60,17.2393567889,-28.7606432111,[28,1,7,14,5,10,8,27,23,2,2,27,23,25,14,13,14,1,26,20,17,12,14,25,26,5,15,20,5,3],"SA","rep",30,30,30,0.95,10000,86.6531350613,5000,-1,50,0.05,0.1],[4,75,17.2393567889,-28.7606432111,[28,1,7,14,5,10,8,27,23,2,2,27,23,25,14,13,14,1,26,20,17,12,14,25,26,5,15,20,5,3],"SA","rep",30,30,30,0.95,10000,86.7845349312,5000,-1,50,0.05,0.1],[4,90,17.2393567889,-28.7606432111,[28,1,7,14,5,10,8,27,23,2,2,27,23,25,14,13,14,1,26,20,17,12,14,25,26,5,15,20,5,3],"SA","rep",30,30,30,0.95,10000,86.3240213394,5000,-1,50,0.05,0.1],[4,105,17.5482796219,-28.4517203781,[24,4,8,2,10,1,28,13,23,0,4,18,5,7,18,6,2,26,20,14,8,28,18,6,17,28,13,1,11,15],"SA","rep",30,30,30,0.95,10000,86.0136804581,5000,-1,50,0.05,0.1],[4,120,17.7060713089,-28.2939286911,[7,12,3,20,17,8,23,24,15,14,8,3,6,21,0,18,28,26,2,12,16,14,21,8,8,20,13,0,17,3],"SA","rep",30,30,30,0.95,10000,86.4152731895,5000,-1,50,0.05,0.1],[4,135,17.724174328,-28.275825672,[24,18,25,15,1,27,23,16,0,19,0,8,1,22,24,21,14,10,10,23,16,6,15,20,18,17,14,22,23,21],"SA","rep",30,30,30,0.95,10000,86.3335211277,5000,-1,50,0.05,0.1],[4,150,17.724174328,-28.275825672,[24,18,25,15,1,27,23,16,0,19,0,8,1,22,24,21,14,10,10,23,16,6,15,20,18,17,14,22,23,21],"SA","rep",30,30,30,0.95,10000,86.5843868256,5000,-1,50,0.05,0.1],[4,165,17.724174328,-28.275825672,[24,18,25,15,1,27,23,16,0,19,0,8,1,22,24,21,14,10,10,23,16,6,15,20,18,17,14,22,23,21],"SA","rep",30,30,30,0.95,10000,86.4897778034,5000,-1,50,0.05,0.1],[4,180,17.724174328,-28.275825672,[24,18,25,15,1,27,23,16,0,19,0,8,1,22,24,21,14,10,10,23,16,6,15,20,18,17,14,22,23,21],"SA","rep",30,30,30,0.95,10000,86.2437729836,5000,-1,50,0.05,0.1],[4,195,17.724174328,-28.275825672,[24,18,25,15,1,27,23,16,0,19,0,8,1,22,24,21,14,10,10,23,16,6,15,20,18,17,14,22,23,21],"SA","rep",30,30,30,0.95,10000,86.5400381088,5000,-1,50,0.05,0.1],[4,210,17.724174328,-28.275825672,[24,18,25,15,1,27,23,16,0,19,0,8,1,22,24,21,14,10,10,23,16,6,15,20,18,17,14,22,23,21],"SA","rep",30,30,30,0.95,10000,86.3282191753,5000,-1,50,0.05,0.1],[4,225,17.724174328,-28.275825672,[24,18,25,15,1,27,23,16,0,19,0,8,1,22,24,21,14,10,10,23,16,6,15,20,18,17,14,22,23,21],"SA","rep",30,30,30,0.95,10000,86.242762804,5000,-1,50,0.05,0.1],[4,240,17.724174328,-28.275825672,[24,18,25,15,1,27,23,16,0,19,0,8,1,22,24,21,14,10,10,23,16,6,15,20,18,17,14,22,23,21],"SA","rep",30,30,30,0.95,10000,86.4288446903,5000,-1,50,0.05,0.1],[4,255,17.724174328,-28.275825672,[24,18,25,15,1,27,23,16,0,19,0,8,1,22,24,21,14,10,10,23,16,6,15,20,18,17,14,22,23,21],"SA","rep",30,30,30,0.95,10000,86.1945538521,5000,-1,50,0.05,0.1],[4,270,17.724174328,-28.275825672,[24,18,25,15,1,27,23,16,0,19,0,8,1,22,24,21,14,10,10,23,16,6,15,20,18,17,14,22,23,21],"SA","rep",30,30,30,0.95,10000,86.2658028603,5000,-1,50,0.05,0.1],[4,285,17.724174328,-28.275825672,[27,22,23,11,11,28,4,8,28,26,11,0,0,24,11,10,21,1,10,3,9,22,26,23,24,23,13,24,20,2],"SA","rep",30,30,30,0.95,10000,86.5035564899,5000,-1,50,0.05,0.1],[4,300,17.724174328,-28.275825672,[27,22,23,11,11,28,4,8,28,26,11,0,0,24,11,10,21,1,10,3,9,22,26,23,24,23,13,24,20,2],"SA","rep",30,30,30,0.95,10000,86.3761353493,5000,-1,50,0.05,0.1],[4,315,17.724174328,-28.275825672,[27,22,23,11,11,28,4,8,28,26,11,0,0,24,11,10,21,1,10,3,9,22,26,23,24,23,13,24,20,2],"SA","rep",30,30,30,0.95,10000,86.3210778236,5000,-1,50,0.05,0.1],[4,330,17.724174328,-28.275825672,[27,22,23,11,11,28,4,8,28,26,11,0,0,24,11,10,21,1,10,3,9,22,26,23,24,23,13,24,20,2],"SA","rep",30,30,30,0.95,10000,86.7081708908,5000,-1,50,0.05,0.1],[4,345,17.724174328,-28.275825672,[27,22,23,11,11,28,4,8,28,26,11,0,0,24,11,10,21,1,10,3,9,22,26,23,24,23,13,24,20,2],"SA","rep",30,30,30,0.95,10000,86.6157643795,5000,-1,50,0.05,0.1],[4,360,17.724174328,-28.275825672,[27,22,23,11,11,28,4,8,28,26,11,0,0,24,11,10,21,1,10,3,9,22,26,23,24,23,13,24,20,2],"SA","rep",30,30,30,0.95,10000,86.6386396885,5000,-1,50,0.05,0.1],[4,375,17.724174328,-28.275825672,[27,22,23,11,11,28,4,8,28,26,11,0,0,24,11,10,21,1,10,3,9,22,26,23,24,23,13,24,20,2],"SA","rep",30,30,30,0.95,10000,86.160569191,5000,-1,50,0.05,0.1],[4,390,17.724174328,-28.275825672,[27,22,23,11,11,28,4,8,28,26,11,0,0,24,11,10,21,1,10,3,9,22,26,23,24,23,13,24,20,2],"SA","rep",30,30,30,0.95,10000,86.3333981037,5000,-1,50,0.05,0.1],[4,405,17.724174328,-28.275825672,[27,22,23,11,11,28,4,8,28,26,11,0,0,24,11,10,21,1,10,3,9,22,26,23,24,23,13,24,20,2],"SA","rep",30,30,30,0.95,10000,86.2560617924,5000,-1,50,0.05,0.1],[4,420,17.724174328,-28.275825672,[27,22,23,11,11,28,4,8,28,26,11,0,0,24,11,10,21,1,10,3,9,22,26,23,24,23,13,24,20,2],"SA","rep",30,30,30,0.95,10000,86.4070360661,5000,-1,50,0.05,0.1],[4,435,17.724174328,-28.275825672,[27,22,23,11,11,28,4,8,28,26,11,0,0,24,11,10,21,1,10,3,9,22,26,23,24,23,13,24,20,2],"SA","rep",30,30,30,0.95,10000,86.4523465633,5000,-1,50,0.05,0.1],[4,450,17.724174328,-28.275825672,[27,22,23,11,11,28,4,8,28,26,11,0,0,24,11,10,21,1,10,3,9,22,26,23,24,23,13,24,20,2],"SA","rep",30,30,30,0.95,10000,86.5457863808,5000,-1,50,0.05,0.1],[4,465,17.724174328,-28.275825672,[27,22,23,11,11,28,4,8,28,26,11,0,0,24,11,10,21,1,10,3,9,22,26,23,24,23,13,24,20,2],"SA","rep",30,30,30,0.95,10000,86.4947972298,5000,-1,50,0.05,0.1],[4,480,17.724174328,-28.275825672,[27,22,23,11,11,28,4,8,28,26,11,0,0,24,11,10,21,1,10,3,9,22,26,23,24,23,13,24,20,2],"SA","rep",30,30,30,0.95,10000,86.0231928825,5000,-1,50,0.05,0.1],[4,495,17.724174328,-28.275825672,[27,22,23,11,11,28,4,8,28,26,11,0,0,24,11,10,21,1,10,3,9,22,26,23,24,23,13,24,20,2],"SA","rep",30,30,30,0.95,10000,86.0609900951,5000,-1,50,0.05,0.1],[4,510,17.724174328,-28.275825672,[27,22,23,11,11,28,4,8,28,26,11,0,0,24,11,10,21,1,10,3,9,22,26,23,24,23,13,24,20,2],"SA","rep",30,30,30,0.95,10000,86.3064687252,5000,-1,50,0.05,0.1],[4,525,17.724174328,-28.275825672,[27,22,23,11,11,28,4,8,28,26,11,0,0,24,11,10,21,1,10,3,9,22,26,23,24,23,13,24,20,2],"SA","rep",30,30,30,0.95,10000,86.3467512131,5000,-1,50,0.05,0.1],[4,540,17.724174328,-28.275825672,[27,22,23,11,11,28,4,8,28,26,11,0,0,24,11,10,21,1,10,3,9,22,26,23,24,23,13,24,20,2],"SA","rep",30,30,30,0.95,10000,86.2385749817,5000,-1,50,0.05,0.1],[4,555,17.724174328,-28.275825672,[27,22,23,11,11,28,4,8,28,26,11,0,0,24,11,10,21,1,10,3,9,22,26,23,24,23,13,24,20,2],"SA","rep",30,30,30,0.95,10000,86.4112474918,5000,-1,50,0.05,0.1],[4,570,17.724174328,-28.275825672,[27,22,23,11,11,28,4,8,28,26,11,0,0,24,11,10,21,1,10,3,9,22,26,23,24,23,13,24,20,2],"SA","rep",30,30,30,0.95,10000,86.1800136566,5000,-1,50,0.05,0.1],[4,585,17.9889913193,-28.0110086807,[22,13,9,6,16,29,16,20,1,20,13,27,17,22,10,20,17,8,25,14,14,8,6,18,21,15,11,17,10,1],"SA","rep",30,30,30,0.95,10000,86.1955912113,5000,-1,50,0.05,0.1],[4,600,18.2398101727,-27.7601898273,[5,5,19,5,20,12,22,7,24,27,7,28,5,20,12,19,16,22,24,18,25,17,28,25,10,19,24,25,27,1],"SA","rep",30,30,30,0.95,10000,86.237944603,5000,-1,50,0.05,0.1],[4,615,18.2398101727,-27.7601898273,[5,5,19,5,20,12,22,7,24,27,7,28,5,20,12,19,16,22,24,18,25,17,28,25,10,19,24,25,27,1],