{"columns":["ite","time","q","scaled_eu","z","solver","attacker","|Q|","|X|","|T|","rho","k","utility_time","RS_iters","mcts_iters","sa_iters","eps","lr"],"index":[0,1,2,3,4,5,6,7,8,9,10,11,12,13,14,15,16,17,18,19,20,21,22,23,24,25,26,27,28,29,30,31,32,33,34,35,36,37,38,39,40,41,42,43,44,45,46,47,48,49,50,51,52,53,54,55,56,57,58,59,60,61,62,63,64,65,66,67,68,69,70,71,72,73,74,75,76,77,78,79],"data":[[2,15,15.60902347,-10.39097653,[4,20,24,4,13,23,29,21,27,27],"SA","rep",10,30,10,0.95,10000,51.997992754,5000,-1,50,0.05,0.1],[2,30,16.968632907,-9.031367093,[14,0,19,21,2,3,14,4,0,27],"SA","rep",10,30,10,0.95,10000,51.8786578178,5000,-1,50,0.05,0.1],[2,45,17.395115527,-8.604884473,[23,24,24,10,13,12,14,4,4,27],"SA","rep",10,30,10,0.95,10000,52.0204398632,5000,-1,50,0.05,0.1],[2,60,17.395115527,-8.604884473,[23,24,24,10,13,12,14,4,4,27],"SA","rep",10,30,10,0.95,10000,52.0576460361,5000,-1,50,0.05,0.1],[2,75,17.395115527,-8.604884473,[23,24,24,10,13,12,14,4,4,27],"SA","rep",10,30,10,0.95,10000,84.3353867531,5000,-1,50,0.05,0.1],[2,90,17.395115527,-8.604884473,[23,24,24,10,13,12,14,4,4,27],"SA","rep",10,30,10,0.95,10000,89.8005652428,5000,-1,50,0.05,0.1],[2,105,17.395115527,-8.604884473,[23,24,24,10,13,12,14,4,4,27],"SA","rep",10,30,10,0.95,10000,89.7546234131,5000,-1,50,0.05,0.1],[2,120,17.395115527,-8.604884473,[21,9,15,5,13,24,17,4,23,18],"SA","rep",10,30,10,0.95,10000,90.1483509541,5000,-1,50,0.05,0.1],[2,135,17.395115527,-8.604884473,[21,9,15,5,13,24,17,4,23,18],"SA","rep",10,30,10,0.95,10000,90.1146523952,5000,-1,50,0.05,0.1],[2,150,17.395115527,-8.604884473,[21,9,15,5,13,24,17,4,23,18],"SA","rep",10,30,10,0.95,10000,90.036198616,5000,-1,50,0.05,0.1],[2,165,17.395115527,-8.604884473,[21,9,15,5,13,24,17,4,23,18],"SA","rep",10,30,10,0.95,10000,90.2702322006,5000,-1,50,0.05,0.1],[2,180,17.395115527,-8.604884473,[21,9,15,5,13,24,17,4,23,18],"SA","rep",10,30,10,0.95,10000,90.1517622471,5000,-1,50,0.05,0.1],[2,195,17.6372684523,-8.3627315477,[23,9,23,27,13,10,7,23,8,28],"SA","rep",10,30,10,0.95,10000,59.383035183,5000,-1,50,0.05,0.1],[2,210,17.6372684523,-8.3627315477,[23,9,23,27,13,10,7,23,8,28],"SA","rep",10,30,10,0.95,10000,52.0705103874,5000,-1,50,0.05,0.1],[2,225,17.6372684523,-8.3627315477,[6,3,19,20,13,19,14,0,11,17],"SA","rep",10,30,10,0.95,10000,52.0390427113,5000,-1,50,0.05,0.1],[2,240,18.6034553852,-7.3965446148,[6,3,26,1,13,6,14,27,11,10],"SA","rep",10,30,10,0.95,10000,52.049249649,5000,-1,50,0.05,0.1],[2,255,18.6034553852,-7.3965446148,[6,3,5,21,12,24,14,13,11,18],"SA","rep",10,30,10,0.95,10000,52.0802202225,5000,-1,50,0.05,0.1],[2,270,18.8723644,-7.1276356,[6,3,21,28,12,24,14,18,11,18],"SA","rep",10,30,10,0.95,10000,54.9686076641,5000,-1,50,0.05,0.1],[2,285,18.8723644,-7.1276356,[6,3,21,28,12,24,14,18,11,18],"SA","rep",10,30,10,0.95,10000,55.2747807503,5000,-1,50,0.05,0.1],[2,300,18.8723644,-7.1276356,[6,3,21,28,12,24,14,18,11,18],"SA","rep",10,30,10,0.95,10000,52.2325165272,5000,-1,50,0.05,0.1],[2,315,18.8723644,-7.1276356,[6,3,21,28,12,24,14,18,11,18],"SA","rep",10,30,10,0.95,10000,52.1910631657,5000,-1,50,0.05,0.1],[2,330,18.8723644,-7.1276356,[6,3,21,28,12,24,14,18,11,18],"SA","rep",10,30,10,0.95,10000,52.3273479939,5000,-1,50,0.05,0.1],[2,345,18.8723644,-7.1276356,[6,3,21,28,12,24,14,18,11,18],"SA","rep",10,30,10,0.95,10000,52.3596892357,5000,-1,50,0.05,0.1],[2,360,18.8723644,-7.1276356,[6,3,21,28,12,24,14,18,11,18],"SA","rep",10,30,10,0.95,10000,52.3204915524,5000,-1,50,0.05,0.1],[2,375,22.128418151,-3.871581849,[6,9,22,19,13,24,14,4,29,28],"SA","rep",10,30,10,0.95,10000,82.4800240993,5000,-1,50,0.05,0.1],[2,390,22.128418151,-3.871581849,[6,9,3,19,15,26,14,4,11,6],"SA","rep",10,30,10,0.95,10000,89.8266422749,5000,-1,50,0.05,0.1],[2,405,22.128418151,-3.871581849,[6,9,3,19,15,26,14,4,11,6],"SA","rep",10,30,10,0.95,10000,62.3449823856,5000,-1,50,0.05,0.1],[2,420,22.128418151,-3.871581849,[6,9,3,19,15,26,14,4,11,6],"SA","rep",10,30,10,0.95,10000,52.3282921314,5000,-1,50,0.05,0.1],[2,435,22.5363118171,-3.4636881829,[6,9,3,18,29,27,14,4,11,28],"SA","rep",10,30,10,0.95,10000,52.2060682774,5000,-1,50,0.05,0.1],[2,450,23.5229798306,-2.4770201694,[6,9,3,19,29,10,14,4,11,28],"SA","rep",10,30,10,0.95,10000,52.1909279823,5000,-1,50,0.05,0.1],[2,465,23.5229798306,-2.4770201694,[6,9,3,19,12,27,14,4,11,28],"SA","rep",10,30,10,0.95,10000,52.159954071,5000,-1,50,0.05,0.1],[2,480,24.0112319646,-1.9887680354,[6,9,3,19,29,24,14,4,11,28],"SA","rep",10,30,10,0.95,10000,52.2506103516,5000,-1,50,0.05,0.1],[2,495,24.0770100998,-1.9229899002,[6,9,3,19,6,24,14,4,11,28],"SA","rep",10,30,10,0.95,10000,52.1587848663,5000,-1,50,0.05,0.1],[2,510,24.0770100998,-1.9229899002,[6,9,3,19,6,24,14,4,11,28],"SA","rep",10,30,10,0.95,10000,52.2006595135,5000,-1,50,0.05,0.1],[2,525,24.0770100998,-1.9229899002,[6,9,3,19,6,24,14,4,11,28],"SA","rep",10,30,10,0.95,10000,52.2863316536,5000,-1,50,0.05,0.1],[2,540,24.0770100998,-1.9229899002,[6,9,3,19,6,24,14,4,11,28],"SA","rep",10,30,10,0.95,10000,52.0330135822,5000,-1,50,0.05,0.1],[2,555,24.0770100998,-1.9229899002,[6,9,3,19,6,24,14,4,11,28],"SA","rep",10,30,10,0.95,10000,87.2940940857,5000,-1,50,0.05,0.1],[2,570,24.0770100998,-1.9229899002,[6,9,3,19,6,24,14,4,11,28],"SA","rep",10,30,10,0.95,10000,89.9412405491,5000,-1,50,0.05,0.1],[2,585,24.0770100998,-1.9229899002,[6,9,3,19,6,24,14,4,11,28],"SA","rep",10,30,10,0.95,10000,89.9487714767,5000,-1,50,0.05,0.1],[2,600,24.0770100998,-1.9229899002,[6,9,3,19,6,24,14,4,11,28],"SA","rep",10,30,10,0.95,10000,53.8976082802,5000,-1,50,0.05,0.1],[2,615,24.0770100998,-1.9229899002,[6,9,3,19,6,24,14,4,11,28],"SA","rep",10,30,10,0.95,10000,52.1260960102,5000,-1,50,0.05,0.1],[2,630,24.0770100998,-1.9229899002,[6,9,3,19,6,24,14,4,11,28],"SA","rep",10,30,10,0.95,10000,52.0422167778,5000,-1,50,0.05,0.1],[2,645,24.0770100998,-1.9229899002,[6,9,3,19,6,24,14,4,11,28],"SA","rep",10,30,10,0.95,10000,51.9941592216,5000,-1,50,0.05,0.1],[2,660,24.0770100998,-1.9229899002,[6,9,3,19,6,24,14,4,11,28],"SA","rep",10,30,10,0.95,10000,52.1323544979,5000,-1,50,0.05,0.1],[2,675,24.0770100998,-1.9229899002,[6,9,3,19,6,24,14,4,11,28],"SA","rep",10,30,10,0.95,10000,52.0350754261,5000,-1,50,0.05,0.1],[2,690,24.0770100998,-1.9229899002,[6,9,3,19,6,24,14,4,11,28],"SA","rep",10,30,10,0.95,10000,52.0743119717,5000,-1,50,0.05,0.1],[2,705,24.0770100998,-1.9229899002,[6,9,3,19,6,24,14,4,11,28],"SA","rep",10,30,10,0.95,10000,52.103864193,5000,-1,50,0.05,0.1],[2,720,24.0770100998,-1.9229899002,[6,9,3,19,6,24,14,4,11,28],"SA","rep",10,30,10,0.95,10000,52.080906868,5000,-1,50,0.05,0.1],[2,735,24.0770100998,-1.9229899002,[6,9,3,19,6,24,14,4,11,28],"SA","rep",10,30,10,0.95,10000,52.1221573353,5000,-1,50,0.05,0.1],[2,750,24.0770100998,-1.9229899002,[6,9,3,19,6,24,14,4,11,28],"SA","rep",10,30,10,0.95,10000,52.1860170364,5000,-1,50,0.05,0.1],[2,765,24.0770100998,-1.9229899002,[6,9,3,19,6,24,14,4,11,28],"SA","rep",10,30,10,0.95,10000,52.2217085361,5000,-1,50,0.05,0.1],[2,780,24.0770100998,-1.9229899002,[6,9,3,19,6,24,14,4,11,28],"SA","rep",10,30,10,0.95,10000,52.0976948738,5000,-1,50,0.05,0.1],[2,795,24.0770100998,-1.9229899002,[6,9,3,19,6,24,14,4,11,28],"SA","rep",10,30,10,0.95,10000,52.1318182945,5000,-1,50,0.05,0.1],[2,810,24.0770100998,-1.9229899002,[6,9,3,19,6,24,14,4,11,28],"SA","rep",10,30,10,0.95,10000,52.2399368286,5000,-1,50,0.05,0.1],[2,825,24.0770100998,-1.9229899002,[6,9,3,19,6,24,14,4,11,28],"SA","rep",10,30,10,0.95,10000,52.257609129,5000,-1,50,0.05,0.1],[2,840,24.0770100998,-1.9229899002,[6,9,3,19,6,24,14,4,11,28],"SA","rep",10,30,10,0.95,10000,52.0895953178,5000,-1,50,0.05,0.1],[2,855,24.0770100998,-1.9229899002,[6,9,3,19,6,24,14,4,11,28],"SA","rep",10,30,10,0.95,10000,52.1251995564,5000,-1,50,0.05,0.1],[2,870,24.0770100998,-1.9229899002,[6,9,3,19,6,24,14,4,11,28],"SA","rep",10,30,10,0.95,10000,51.9302947521,5000,-1,50,0.05,0.1],[2,885,24.0770100998,-1.9229899002,[6,9,3,19,6,24,14,4,11,28],"SA","rep",10,30,10,0.95,10000,52.2691400051,5000,-1,50,0.05,0.1],[2,900,24.0770100998,-1.9229899002,[6,9,3,19,6,24,14,4,11,28],