{"columns":["ite","time","q","scaled_eu","z","solver","attacker","|Q|","|X|","|T|","rho","k","utility_time","RS_iters","mcts_iters","sa_iters","eps","lr"],"index":[0,1,2,3,4,5,6,7,8,9,10,11,12,13,14,15,16,17,18,19,20,21,22,23,24,25,26,27,28,29,30,31,32,33,34,35,36,37,38,39,40,41,42,43,44,45,46,47,48,49,50,51,52,53,54,55,56,57,58,59,60,61,62,63,64,65,66,67,68,69,70,71,72,73,74,75,76,77,78,79],"data":[[8,15,15.2025261524,-10.7974738476,[7,12,9,2,28,18,3,7,11,12],"SA","rep",10,30,10,0.95,10000,55.7675759792,5000,-1,50,0.05,0.1],[8,30,15.2025261524,-10.7974738476,[7,12,9,2,28,18,3,7,11,12],"SA","rep",10,30,10,0.95,10000,55.1674883366,5000,-1,50,0.05,0.1],[8,45,16.0465443123,-9.9534556877,[20,27,16,22,25,9,14,21,10,15],"SA","rep",10,30,10,0.95,10000,54.3141174316,5000,-1,50,0.05,0.1],[8,60,16.0898506057,-9.9101493943,[17,1,5,16,25,27,18,10,17,28],"SA","rep",10,30,10,0.95,10000,54.925385952,5000,-1,50,0.05,0.1],[8,75,16.0898506057,-9.9101493943,[3,0,13,29,14,27,2,15,11,28],"SA","rep",10,30,10,0.95,10000,55.4934985638,5000,-1,50,0.05,0.1],[8,90,17.2169699156,-8.7830300844,[28,9,17,6,16,10,2,20,27,28],"SA","rep",10,30,10,0.95,10000,55.8154475689,5000,-1,50,0.05,0.1],[8,105,17.2169699156,-8.7830300844,[28,9,22,12,13,10,2,20,19,28],"SA","rep",10,30,10,0.95,10000,55.4363236427,5000,-1,50,0.05,0.1],[8,120,17.2169699156,-8.7830300844,[28,9,22,12,13,10,2,20,19,28],"SA","rep",10,30,10,0.95,10000,55.5412247181,5000,-1,50,0.05,0.1],[8,135,17.2169699156,-8.7830300844,[8,9,18,19,20,11,2,23,5,28],"SA","rep",10,30,10,0.95,10000,55.4787914753,5000,-1,50,0.05,0.1],[8,150,17.3968122897,-8.6031877103,[13,20,29,5,22,10,2,23,11,28],"SA","rep",10,30,10,0.95,10000,55.56883955,5000,-1,50,0.05,0.1],[8,165,17.3968122897,-8.6031877103,[13,20,29,5,22,10,2,23,11,28],"SA","rep",10,30,10,0.95,10000,55.527068615,5000,-1,50,0.05,0.1],[8,180,17.4975504385,-8.5024495615,[14,9,7,28,6,10,16,25,11,26],"SA","rep",10,30,10,0.95,10000,55.5961306095,5000,-1,50,0.05,0.1],[8,195,17.4975504385,-8.5024495615,[13,9,19,2,6,20,6,18,11,28],"SA","rep",10,30,10,0.95,10000,55.794990778,5000,-1,50,0.05,0.1],[8,210,18.5558733913,-7.4441266087,[0,9,0,19,6,10,16,18,11,26],"SA","rep",10,30,10,0.95,10000,55.3733472824,5000,-1,50,0.05,0.1],[8,225,18.5558733913,-7.4441266087,[12,24,25,19,6,19,20,18,11,28],"SA","rep",10,30,10,0.95,10000,55.7518486977,5000,-1,50,0.05,0.1],[8,240,18.5558733913,-7.4441266087,[12,24,25,19,6,19,20,18,11,28],"SA","rep",10,30,10,0.95,10000,55.7169728279,5000,-1,50,0.05,0.1],[8,255,18.5558733913,-7.4441266087,[0,9,3,19,14,5,6,19,11,28],"SA","rep",10,30,10,0.95,10000,55.3648889065,5000,-1,50,0.05,0.1],[8,270,18.5558733913,-7.4441266087,[0,9,3,19,14,5,6,19,11,28],"SA","rep",10,30,10,0.95,10000,55.6714148521,5000,-1,50,0.05,0.1],[8,285,20.427639351,-5.572360649,[6,9,3,19,22,27,20,28,11,14],"SA","rep",10,30,10,0.95,10000,55.5455164909,5000,-1,50,0.05,0.1],[8,300,20.427639351,-5.572360649,[6,9,3,19,22,27,20,28,11,14],"SA","rep",10,30,10,0.95,10000,55.4442613125,5000,-1,50,0.05,0.1],[8,315,20.4369357535,-5.5630642465,[28,9,3,19,22,10,9,9,11,28],"SA","rep",10,30,10,0.95,10000,55.827631712,5000,-1,50,0.05,0.1],[8,330,21.3273330116,-4.6726669884,[6,9,3,19,22,27,1,16,11,28],"SA","rep",10,30,10,0.95,10000,55.6133952141,5000,-1,50,0.05,0.1],[8,345,21.3273330116,-4.6726669884,[6,9,3,19,22,27,1,16,11,28],"SA","rep",10,30,10,0.95,10000,60.1220037937,5000,-1,50,0.05,0.1],[8,360,21.3273330116,-4.6726669884,[6,9,3,16,22,5,20,4,11,28],"SA","rep",10,30,10,0.95,10000,55.4778621197,5000,-1,50,0.05,0.1],[8,375,21.3273330116,-4.6726669884,[6,9,3,1,24,5,17,4,11,28],"SA","rep",10,30,10,0.95,10000,55.8902070522,5000,-1,50,0.05,0.1],[8,390,21.3273330116,-4.6726669884,[6,9,3,1,24,5,17,4,11,28],"SA","rep",10,30,10,0.95,10000,55.8736975193,5000,-1,50,0.05,0.1],[8,405,21.3273330116,-4.6726669884,[6,9,3,1,24,5,17,4,11,28],"SA","rep",10,30,10,0.95,10000,55.8181509972,5000,-1,50,0.05,0.1],[8,420,21.3273330116,-4.6726669884,[6,9,3,1,24,5,17,4,11,28],"SA","rep",10,30,10,0.95,10000,55.7055575848,5000,-1,50,0.05,0.1],[8,435,21.3273330116,-4.6726669884,[6,9,3,19,12,24,22,15,11,28],"SA","rep",10,30,10,0.95,10000,81.0356280804,5000,-1,50,0.05,0.1],[8,450,22.1395184598,-3.8604815402,[6,9,3,19,12,24,28,2,11,28],"SA","rep",10,30,10,0.95,10000,89.1991977692,5000,-1,50,0.05,0.1],[8,465,22.1395184598,-3.8604815402,[6,9,3,19,12,24,28,2,11,28],"SA","rep",10,30,10,0.95,10000,66.7965350151,5000,-1,50,0.05,0.1],[8,480,22.5013946948,-3.4986053052,[6,9,3,19,6,10,8,4,11,28],"SA","rep",10,30,10,0.95,10000,55.8095400333,5000,-1,50,0.05,0.1],[8,495,22.5013946948,-3.4986053052,[6,9,3,19,6,10,8,4,11,28],"SA","rep",10,30,10,0.95,10000,55.7995767593,5000,-1,50,0.05,0.1],[8,510,22.5013946948,-3.4986053052,[6,9,3,19,6,10,8,4,11,28],"SA","rep",10,30,10,0.95,10000,55.5416958332,5000,-1,50,0.05,0.1],[8,525,22.5013946948,-3.4986053052,[6,9,3,19,6,10,8,4,11,28],"SA","rep",10,30,10,0.95,10000,55.3302302361,5000,-1,50,0.05,0.1],[8,540,22.5013946948,-3.4986053052,[6,9,3,19,13,22,1,4,11,28],"SA","rep",10,30,10,0.95,10000,55.5998210907,5000,-1,50,0.05,0.1],[8,555,22.5013946948,-3.4986053052,[6,9,3,19,13,18,4,4,11,28],"SA","rep",10,30,10,0.95,10000,55.8067736626,5000,-1,50,0.05,0.1],[8,570,22.5013946948,-3.4986053052,[6,9,3,19,13,18,4,4,11,28],"SA","rep",10,30,10,0.95,10000,55.4121642113,5000,-1,50,0.05,0.1],[8,585,22.5056604764,-3.4943395236,[6,9,3,19,13,5,8,4,11,28],"SA","rep",10,30,10,0.95,10000,55.3492016792,5000,-1,50,0.05,0.1],[8,600,22.5181730078,-3.4818269922,[6,9,3,19,13,5,8,4,11,28],"SA","rep",10,30,10,0.95,10000,65.9188513756,5000,-1,50,0.05,0.1],[8,615,23.5421880985,-2.4578119015,[6,9,3,19,13,10,14,4,11,28],"SA","rep",10,30,10,0.95,10000,89.4138290882,5000,-1,50,0.05,0.1],[8,630,24.073956204,-1.926043796,[6,9,3,19,13,24,14,4,11,28],"SA","rep",10,30,10,0.95,10000,89.5241773129,5000,-1,50,0.05,0.1],[8,645,24.073956204,-1.926043796,[6,9,3,19,13,5,14,4,11,28],"SA","rep",10,30,10,0.95,10000,77.9931547642,5000,-1,50,0.05,0.1],[8,660,24.073956204,-1.926043796,[6,9,3,19,13,5,14,4,11,28],"SA","rep",10,30,10,0.95,10000,55.3883867264,5000,-1,50,0.05,0.1],[8,675,24.073956204,-1.926043796,[6,9,3,19,13,5,14,4,11,28],"SA","rep",10,30,10,0.95,10000,55.821023941,5000,-1,50,0.05,0.1],[8,690,24.073956204,-1.926043796,[6,9,3,19,12,24,14,4,11,28],"SA","rep",10,30,10,0.95,10000,55.5071163177,5000,-1,50,0.05,0.1],[8,705,24.073956204,-1.926043796,[6,9,3,19,12,24,14,4,11,28],"SA","rep",10,30,10,0.95,10000,55.7702202797,5000,-1,50,0.05,0.1],[8,720,24.073956204,-1.926043796,[6,9,3,19,12,24,14,4,11,28],"SA","rep",10,30,10,0.95,10000,55.7559089661,5000,-1,50,0.05,0.1],[8,735,24.073956204,-1.926043796,[6,9,3,19,12,24,14,4,11,28],"SA","rep",10,30,10,0.95,10000,55.3234348297,5000,-1,50,0.05,0.1],[8,750,24.073956204,-1.926043796,[6,9,3,19,12,24,14,4,11,28],"SA","rep",10,30,10,0.95,10000,55.4817326069,5000,-1,50,0.05,0.1],[8,765,24.073956204,-1.926043796,[6,9,3,19,12,24,14,4,11,28],"SA","rep",10,30,10,0.95,10000,55.7227027416,5000,-1,50,0.05,0.1],[8,780,24.073956204,-1.926043796,[6,9,3,19,12,24,14,4,11,28],"SA","rep",10,30,10,0.95,10000,55.5007483959,5000,-1,50,0.05,0.1],[8,795,24.073956204,-1.926043796,[6,9,3,19,12,24,14,4,11,28],"SA","rep",10,30,10,0.95,10000,55.3271076679,5000,-1,50,0.05,0.1],[8,810,24.073956204,-1.926043796,[6,9,3,19,12,24,14,4,11,28],"SA","rep",10,30,10,0.95,10000,55.6707925797,5000,-1,50,0.05,0.1],[8,825,24.073956204,-1.926043796,[6,9,3,19,12,24,14,4,11,28],"SA","rep",10,30,10,0.95,10000,55.4835021496,5000,-1,50,0.05,0.1],[8,840,24.073956204,-1.926043796,[6,9,3,19,12,24,14,4,11,28],"SA","rep",10,30,10,0.95,10000,55.4730503559,5000,-1,50,0.05,0.1],[8,855,24.073956204,-1.926043796,[6,9,3,19,12,24,14,4,11,28],"SA","rep",10,30,10,0.95,10000,55.3622238636,5000,-1,50,0.05,0.1],[8,870,24.073956204,-1.926043796,[6,9,3,19,12,24,14,4,11,28],"SA","rep",10,30,10,0.95,10000,55.7910494804,5000,-1,50,0.05,0.1],[8,885,24.073956204,-1.926043796,[6,9,3,19,12,24,14,4,11,28],