{"columns":["ite","time","q","scaled_eu","z","solver","attacker","|Q|","|X|","|T|","rho","k","utility_time","RS_iters","mcts_iters","sa_iters","eps","lr"],"index":[0,1,2,3,4,5,6,7,8,9,10,11,12,13,14,15,16,17,18,19,20,21,22,23,24,25,26,27,28,29,30,31,32,33,34,35,36,37,38,39,40,41,42,43,44,45,46,47,48,49,50,51,52,53,54,55,56,57,58,59,60,61,62,63,64,65,66,67,68,69,70,71,72,73,74,75,76,77,78,79],"data":[[4,15,15.6729690317,-10.3270309683,[17,27,16,10,9,8,24,27,1,28],"SA","rep",10,30,10,0.95,10000,58.2337806225,5000,-1,50,0.05,0.1],[4,30,15.6729690317,-10.3270309683,[17,27,16,10,9,8,24,27,1,28],"SA","rep",10,30,10,0.95,10000,57.3939983845,5000,-1,50,0.05,0.1],[4,45,15.6729690317,-10.3270309683,[17,27,16,10,9,8,24,27,1,28],"SA","rep",10,30,10,0.95,10000,57.0695331097,5000,-1,50,0.05,0.1],[4,60,16.2081463395,-9.7918536605,[8,17,6,1,9,27,14,15,3,8],"SA","rep",10,30,10,0.95,10000,57.5965883732,5000,-1,50,0.05,0.1],[4,75,16.2094696732,-9.7905303268,[25,6,6,1,11,27,14,21,19,27],"SA","rep",10,30,10,0.95,10000,58.0973031521,5000,-1,50,0.05,0.1],[4,90,16.2094696732,-9.7905303268,[25,6,6,1,11,27,14,21,19,27],"SA","rep",10,30,10,0.95,10000,57.773799181,5000,-1,50,0.05,0.1],[4,105,16.4420110847,-9.5579889153,[27,9,5,18,25,27,21,20,27,19],"SA","rep",10,30,10,0.95,10000,58.1043400764,5000,-1,50,0.05,0.1],[4,120,16.4420110847,-9.5579889153,[20,9,5,1,29,1,14,20,19,0],"SA","rep",10,30,10,0.95,10000,58.1315793991,5000,-1,50,0.05,0.1],[4,135,16.4420110847,-9.5579889153,[20,9,5,1,29,1,14,20,19,0],"SA","rep",10,30,10,0.95,10000,58.0921444893,5000,-1,50,0.05,0.1],[4,150,16.4420110847,-9.5579889153,[6,0,3,22,12,27,14,3,8,24],"SA","rep",10,30,10,0.95,10000,58.2036840916,5000,-1,50,0.05,0.1],[4,165,18.3913787583,-7.6086212417,[6,9,11,22,29,27,14,3,1,11],"SA","rep",10,30,10,0.95,10000,58.2648351192,5000,-1,50,0.05,0.1],[4,180,18.3913787583,-7.6086212417,[6,9,11,22,29,27,14,3,1,11],"SA","rep",10,30,10,0.95,10000,58.2934916019,5000,-1,50,0.05,0.1],[4,195,18.3913787583,-7.6086212417,[6,13,3,20,29,24,14,9,8,21],"SA","rep",10,30,10,0.95,10000,58.1491367817,5000,-1,50,0.05,0.1],[4,210,18.5000152986,-7.4999847014,[24,15,3,19,12,10,14,0,4,7],"SA","rep",10,30,10,0.95,10000,58.0302069187,5000,-1,50,0.05,0.1],[4,225,21.3390949471,-4.6609050529,[6,9,3,19,12,19,14,5,11,8],"SA","rep",10,30,10,0.95,10000,58.0390169621,5000,-1,50,0.05,0.1],[4,240,21.3390949471,-4.6609050529,[6,9,3,19,12,19,14,5,11,8],"SA","rep",10,30,10,0.95,10000,58.0563871861,5000,-1,50,0.05,0.1],[4,255,21.3390949471,-4.6609050529,[24,9,3,19,6,29,14,5,11,8],"SA","rep",10,30,10,0.95,10000,58.1068947315,5000,-1,50,0.05,0.1],[4,270,21.3390949471,-4.6609050529,[6,9,3,19,20,29,14,5,11,29],"SA","rep",10,30,10,0.95,10000,58.1965985298,5000,-1,50,0.05,0.1],[4,285,21.3816748676,-4.6183251324,[6,9,3,19,13,25,14,5,11,29],"SA","rep",10,30,10,0.95,10000,58.3772702217,5000,-1,50,0.05,0.1],[4,300,21.3816748676,-4.6183251324,[6,9,3,19,13,25,14,5,11,29],"SA","rep",10,30,10,0.95,10000,58.201800108,5000,-1,50,0.05,0.1],[4,315,21.3816748676,-4.6183251324,[6,9,3,19,13,25,14,5,11,29],"SA","rep",10,30,10,0.95,10000,58.3187835217,5000,-1,50,0.05,0.1],[4,330,22.5224209152,-3.4775790848,[6,9,3,19,12,10,14,4,11,16],"SA","rep",10,30,10,0.95,10000,58.3987252712,5000,-1,50,0.05,0.1],[4,345,22.5224209152,-3.4775790848,[6,9,3,19,12,10,14,4,11,16],"SA","rep",10,30,10,0.95,10000,58.2981281281,5000,-1,50,0.05,0.1],[4,360,22.5224209152,-3.4775790848,[6,9,3,19,12,10,14,4,11,16],"SA","rep",10,30,10,0.95,10000,58.505102396,5000,-1,50,0.05,0.1],[4,375,22.5224209152,-3.4775790848,[6,9,3,19,12,10,14,4,11,16],"SA","rep",10,30,10,0.95,10000,58.3432135582,5000,-1,50,0.05,0.1],[4,390,22.5224209152,-3.4775790848,[6,9,3,19,12,10,14,4,11,16],"SA","rep",10,30,10,0.95,10000,58.0952849388,5000,-1,50,0.05,0.1],[4,405,22.5224209152,-3.4775790848,[6,9,3,19,12,10,14,4,11,16],"SA","rep",10,30,10,0.95,10000,58.3872683048,5000,-1,50,0.05,0.1],[4,420,22.5224209152,-3.4775790848,[6,9,3,19,12,10,14,4,11,16],"SA","rep",10,30,10,0.95,10000,58.1799509525,5000,-1,50,0.05,0.1],[4,435,22.5224209152,-3.4775790848,[6,9,3,19,12,10,14,4,11,16],"SA","rep",10,30,10,0.95,10000,58.1304762363,5000,-1,50,0.05,0.1],[4,450,22.5224209152,-3.4775790848,[6,9,3,19,13,0,14,4,11,10],"SA","rep",10,30,10,0.95,10000,58.2439551353,5000,-1,50,0.05,0.1],[4,465,22.5224209152,-3.4775790848,[6,9,3,19,13,0,14,4,11,10],"SA","rep",10,30,10,0.95,10000,58.214581728,5000,-1,50,0.05,0.1],[4,480,22.5224209152,-3.4775790848,[6,9,3,19,13,0,14,4,11,10],"SA","rep",10,30,10,0.95,10000,58.2433052063,5000,-1,50,0.05,0.1],[4,495,22.5224209152,-3.4775790848,[6,9,3,19,13,0,14,4,11,10],"SA","rep",10,30,10,0.95,10000,58.2444095612,5000,-1,50,0.05,0.1],[4,510,22.5224209152,-3.4775790848,[6,9,3,19,13,0,14,4,11,10],"SA","rep",10,30,10,0.95,10000,58.3209125996,5000,-1,50,0.05,0.1],[4,525,22.5224209152,-3.4775790848,[6,9,3,19,13,27,14,4,11,21],"SA","rep",10,30,10,0.95,10000,58.1083085537,5000,-1,50,0.05,0.1],[4,540,23.0509351159,-2.9490648841,[6,9,3,19,13,24,14,4,11,16],"SA","rep",10,30,10,0.95,10000,58.1528534889,5000,-1,50,0.05,0.1],[4,555,23.0509351159,-2.9490648841,[6,9,3,19,13,24,14,4,11,16],"SA","rep",10,30,10,0.95,10000,58.1472198963,5000,-1,50,0.05,0.1],[4,570,23.0509351159,-2.9490648841,[6,9,3,19,13,24,14,4,11,16],"SA","rep",10,30,10,0.95,10000,58.2926898003,5000,-1,50,0.05,0.1],[4,585,23.0523313171,-2.9476686829,[6,9,3,19,12,24,14,4,11,3],"SA","rep",10,30,10,0.95,10000,58.2081618309,5000,-1,50,0.05,0.1],[4,600,23.0762567638,-2.9237432362,[6,9,3,19,12,24,14,4,11,5],"SA","rep",10,30,10,0.95,10000,58.1565060616,5000,-1,50,0.05,0.1],[4,615,23.0762567638,-2.9237432362,[6,9,3,19,12,24,14,4,11,5],"SA","rep",10,30,10,0.95,10000,58.2050595284,5000,-1,50,0.05,0.1],[4,630,23.0762567638,-2.9237432362,[6,9,3,19,13,24,14,4,11,20],"SA","rep",10,30,10,0.95,10000,58.0652177334,5000,-1,50,0.05,0.1],[4,645,23.0762567638,-2.9237432362,[6,9,3,19,13,24,14,4,11,20],"SA","rep",10,30,10,0.95,10000,58.0790028572,5000,-1,50,0.05,0.1],[4,660,23.0762567638,-2.9237432362,[6,9,3,19,13,24,14,4,11,20],"SA","rep",10,30,10,0.95,10000,58.1222891808,5000,-1,50,0.05,0.1],[4,675,23.0762567638,-2.9237432362,[6,9,3,19,13,24,14,4,11,20],"SA","rep",10,30,10,0.95,10000,58.212448597,5000,-1,50,0.05,0.1],[4,690,23.0762567638,-2.9237432362,[6,9,3,19,13,24,14,4,11,20],"SA","rep",10,30,10,0.95,10000,58.0582604408,5000,-1,50,0.05,0.1],[4,705,23.0762567638,-2.9237432362,[6,9,3,19,13,24,14,4,11,20],"SA","rep",10,30,10,0.95,10000,58.1247191429,5000,-1,50,0.05,0.1],[4,720,23.0762567638,-2.9237432362,[6,9,3,19,13,24,14,4,11,20],"SA","rep",10,30,10,0.95,10000,58.0830643177,5000,-1,50,0.05,0.1],[4,735,23.0762567638,-2.9237432362,[6,9,3,19,13,24,14,4,11,20],"SA","rep",10,30,10,0.95,10000,58.2143535614,5000,-1,50,0.05,0.1],[4,750,23.0762567638,-2.9237432362,[6,9,3,19,13,24,14,4,11,20],"SA","rep",10,30,10,0.95,10000,58.2332844734,5000,-1,50,0.05,0.1],[4,765,23.0762567638,-2.9237432362,[6,9,3,19,13,24,14,4,11,20],"SA","rep",10,30,10,0.95,10000,58.0912926197,5000,-1,50,0.05,0.1],[4,780,24.0561156282,-1.9438843718,[6,9,3,19,6,24,14,4,11,28],"SA","rep",10,30,10,0.95,10000,58.0995705128,5000,-1,50,0.05,0.1],[4,795,24.0561156282,-1.9438843718,[6,9,3,19,6,24,14,4,11,28],"SA","rep",10,30,10,0.95,10000,58.1249504089,5000,-1,50,0.05,0.1],[4,810,24.0561156282,-1.9438843718,[6,9,3,19,6,24,14,4,11,28],"SA","rep",10,30,10,0.95,10000,58.044377327,5000,-1,50,0.05,0.1],[4,825,24.0561156282,-1.9438843718,[6,9,3,19,6,24,14,4,11,28],"SA","rep",10,30,10,0.95,10000,58.2039685249,5000,-1,50,0.05,0.1],[4,840,24.0561156282,-1.9438843718,[6,9,3,19,12,24,14,4,11,28],"SA","rep",10,30,10,0.95,10000,58.1599311829,5000,-1,50,0.05,0.1],[4,855,24.0733233034,-1.9266766966,[6,9,3,19,13,24,14,4,11,28],"SA","rep",10,30,10,0.95,10000,58.241499424,5000,-1,50,0.05,0.1],[4,870,24.0802464613,-1.9197535387,[6,9,3,19,13,24,14,4,11,28],"SA","rep",10,30,10,0.95,10000,58.0930089951,5000,-1,50,0.05,0.1],[4,885,24.0802464613,-1.9197535387,[6,9,3,19,13,24,14,4,11,28],