{"columns":["ite","time","q","scaled_eu","z","solver","attacker","|Q|","|X|","|T|","rho","k","utility_time","RS_iters","mcts_iters","sa_iters","eps","lr"],"index":[0,1,2,3,4,5,6,7,8,9,10,11,12,13,14,15,16,17,18,19,20,21,22,23,24,25,26,27,28,29,30,31,32,33,34,35,36,37,38,39,40,41,42,43,44,45,46,47,48,49,50,51,52,53,54,55,56,57,58,59,60,61,62,63,64,65,66,67,68,69,70,71,72,73,74,75,76,77,78,79],"data":[[9,15,16.1084406182,-9.8915593818,[6,17,14,29,9,5,26,9,28,27],"SA","rep",10,30,10,0.95,10000,55.6698997021,5000,-1,50,0.05,0.1],[9,30,16.1084406182,-9.8915593818,[6,9,7,4,7,5,14,9,28,24],"SA","rep",10,30,10,0.95,10000,55.2339925766,5000,-1,50,0.05,0.1],[9,45,16.1084406182,-9.8915593818,[6,9,7,4,7,5,14,9,28,24],"SA","rep",10,30,10,0.95,10000,54.6131424904,5000,-1,50,0.05,0.1],[9,60,17.2828971104,-8.7171028896,[25,9,2,2,13,19,14,28,0,24],"SA","rep",10,30,10,0.95,10000,54.7049963474,5000,-1,50,0.05,0.1],[9,75,17.2828971104,-8.7171028896,[6,18,3,1,13,15,14,17,7,11],"SA","rep",10,30,10,0.95,10000,55.7110404968,5000,-1,50,0.05,0.1],[9,90,17.2828971104,-8.7171028896,[6,18,3,1,13,15,14,17,7,11],"SA","rep",10,30,10,0.95,10000,55.5546593666,5000,-1,50,0.05,0.1],[9,105,17.2828971104,-8.7171028896,[6,18,3,1,13,15,14,17,7,11],"SA","rep",10,30,10,0.95,10000,55.6542913914,5000,-1,50,0.05,0.1],[9,120,17.2828971104,-8.7171028896,[6,18,3,1,13,15,14,17,7,11],"SA","rep",10,30,10,0.95,10000,55.5285620689,5000,-1,50,0.05,0.1],[9,135,17.2828971104,-8.7171028896,[6,18,3,1,13,15,14,17,7,11],"SA","rep",10,30,10,0.95,10000,55.7520558834,5000,-1,50,0.05,0.1],[9,150,17.2828971104,-8.7171028896,[6,18,3,1,13,15,14,17,7,11],"SA","rep",10,30,10,0.95,10000,55.8373179436,5000,-1,50,0.05,0.1],[9,165,19.5923414798,-6.4076585202,[17,9,3,19,13,10,7,24,6,28],"SA","rep",10,30,10,0.95,10000,55.7304780483,5000,-1,50,0.05,0.1],[9,180,19.5923414798,-6.4076585202,[22,9,3,19,13,10,7,12,6,28],"SA","rep",10,30,10,0.95,10000,55.7444403172,5000,-1,50,0.05,0.1],[9,195,20.2059793023,-5.7940206977,[22,9,3,19,20,6,8,18,11,28],"SA","rep",10,30,10,0.95,10000,55.8104248047,5000,-1,50,0.05,0.1],[9,210,20.5243487516,-5.4756512484,[22,9,3,19,13,10,23,24,11,28],"SA","rep",10,30,10,0.95,10000,55.5819513798,5000,-1,50,0.05,0.1],[9,225,20.5243487516,-5.4756512484,[22,9,3,19,13,10,23,24,11,28],"SA","rep",10,30,10,0.95,10000,55.7265558243,5000,-1,50,0.05,0.1],[9,240,20.525859912,-5.474140088,[22,9,3,19,25,10,21,10,11,28],"SA","rep",10,30,10,0.95,10000,55.7413494587,5000,-1,50,0.05,0.1],[9,255,20.525859912,-5.474140088,[22,9,3,19,25,10,21,10,11,28],"SA","rep",10,30,10,0.95,10000,55.6931581497,5000,-1,50,0.05,0.1],[9,270,20.525859912,-5.474140088,[22,9,3,19,25,10,21,10,11,28],"SA","rep",10,30,10,0.95,10000,55.8487048149,5000,-1,50,0.05,0.1],[9,285,20.525859912,-5.474140088,[22,9,3,19,25,10,21,10,11,28],"SA","rep",10,30,10,0.95,10000,55.8790135384,5000,-1,50,0.05,0.1],[9,300,20.525859912,-5.474140088,[22,9,3,19,25,10,21,10,11,28],"SA","rep",10,30,10,0.95,10000,55.8959667683,5000,-1,50,0.05,0.1],[9,315,20.525859912,-5.474140088,[22,9,3,19,25,10,21,10,11,28],"SA","rep",10,30,10,0.95,10000,55.9480638504,5000,-1,50,0.05,0.1],[9,330,20.525859912,-5.474140088,[22,9,3,19,25,10,21,10,11,28],"SA","rep",10,30,10,0.95,10000,55.9957866669,5000,-1,50,0.05,0.1],[9,345,20.525859912,-5.474140088,[22,9,3,19,25,10,21,10,11,28],"SA","rep",10,30,10,0.95,10000,56.0350365639,5000,-1,50,0.05,0.1],[9,360,20.525859912,-5.474140088,[22,9,3,19,25,10,21,10,11,28],"SA","rep",10,30,10,0.95,10000,56.025084734,5000,-1,50,0.05,0.1],[9,375,20.525859912,-5.474140088,[22,9,3,19,25,10,21,10,11,28],"SA","rep",10,30,10,0.95,10000,55.9873392582,5000,-1,50,0.05,0.1],[9,390,21.2945681145,-4.7054318855,[8,9,3,19,29,14,7,4,11,28],"SA","rep",10,30,10,0.95,10000,55.978587389,5000,-1,50,0.05,0.1],[9,405,21.4824096623,-4.5175903377,[2,9,3,19,29,1,7,4,11,28],"SA","rep",10,30,10,0.95,10000,55.7947137356,5000,-1,50,0.05,0.1],[9,420,22.0175092709,-3.9824907291,[2,9,3,19,12,24,16,4,11,28],"SA","rep",10,30,10,0.95,10000,55.9022157192,5000,-1,50,0.05,0.1],[9,435,22.0197905257,-3.9802094743,[8,9,3,19,12,24,16,4,11,28],"SA","rep",10,30,10,0.95,10000,56.0311257839,5000,-1,50,0.05,0.1],[9,450,22.0197905257,-3.9802094743,[17,9,3,19,12,27,14,4,11,28],"SA","rep",10,30,10,0.95,10000,55.8426103592,5000,-1,50,0.05,0.1],[9,465,22.0197905257,-3.9802094743,[17,9,3,19,12,27,14,4,11,28],"SA","rep",10,30,10,0.95,10000,55.8516471386,5000,-1,50,0.05,0.1],[9,480,22.0597735513,-3.9402264487,[0,9,3,19,29,24,5,4,11,28],"SA","rep",10,30,10,0.95,10000,55.8071529865,5000,-1,50,0.05,0.1],[9,495,22.0597735513,-3.9402264487,[0,9,3,19,29,24,5,4,11,28],"SA","rep",10,30,10,0.95,10000,56.0705499649,5000,-1,50,0.05,0.1],[9,510,22.0597735513,-3.9402264487,[0,9,3,19,29,24,5,4,11,28],"SA","rep",10,30,10,0.95,10000,55.8703496456,5000,-1,50,0.05,0.1],[9,525,22.0597735513,-3.9402264487,[0,9,3,19,29,24,5,4,11,28],"SA","rep",10,30,10,0.95,10000,55.9861769676,5000,-1,50,0.05,0.1],[9,540,22.0597735513,-3.9402264487,[0,9,3,19,29,24,5,4,11,28],"SA","rep",10,30,10,0.95,10000,55.8445241451,5000,-1,50,0.05,0.1],[9,555,22.0597735513,-3.9402264487,[0,9,3,19,29,24,5,4,11,28],"SA","rep",10,30,10,0.95,10000,55.9315853119,5000,-1,50,0.05,0.1],[9,570,22.0597735513,-3.9402264487,[0,9,3,19,29,24,5,4,11,28],"SA","rep",10,30,10,0.95,10000,55.8857138157,5000,-1,50,0.05,0.1],[9,585,22.0597735513,-3.9402264487,[0,9,3,19,29,24,5,4,11,28],"SA","rep",10,30,10,0.95,10000,55.9044334888,5000,-1,50,0.05,0.1],[9,600,22.0597735513,-3.9402264487,[0,9,3,19,29,24,5,4,11,28],"SA","rep",10,30,10,0.95,10000,56.0424878597,5000,-1,50,0.05,0.1],[9,615,22.0597735513,-3.9402264487,[0,9,3,19,29,24,5,4,11,28],"SA","rep",10,30,10,0.95,10000,56.0678246021,5000,-1,50,0.05,0.1],[9,630,22.0597735513,-3.9402264487,[0,9,3,19,29,24,5,4,11,28],"SA","rep",10,30,10,0.95,10000,55.8250858784,5000,-1,50,0.05,0.1],[9,645,22.0597735513,-3.9402264487,[0,9,3,19,29,24,5,4,11,28],"SA","rep",10,30,10,0.95,10000,55.8076553345,5000,-1,50,0.05,0.1],[9,660,22.0597735513,-3.9402264487,[0,9,3,19,29,24,5,4,11,28],"SA","rep",10,30,10,0.95,10000,55.9018394947,5000,-1,50,0.05,0.1],[9,675,22.0597735513,-3.9402264487,[0,9,3,19,29,24,5,4,11,28],"SA","rep",10,30,10,0.95,10000,55.8101549149,5000,-1,50,0.05,0.1],[9,690,22.0597735513,-3.9402264487,[0,9,3,19,29,24,5,4,11,28],"SA","rep",10,30,10,0.95,10000,55.9418256283,5000,-1,50,0.05,0.1],[9,705,22.0597735513,-3.9402264487,[0,9,3,19,29,24,5,4,11,28],"SA","rep",10,30,10,0.95,10000,55.9608893394,5000,-1,50,0.05,0.1],[9,720,22.0597735513,-3.9402264487,[0,9,3,19,29,24,5,4,11,28],"SA","rep",10,30,10,0.95,10000,55.983843565,5000,-1,50,0.05,0.1],[9,735,22.0597735513,-3.9402264487,[0,9,3,19,29,24,5,4,11,28],"SA","rep",10,30,10,0.95,10000,55.925401926,5000,-1,50,0.05,0.1],[9,750,22.0597735513,-3.9402264487,[0,9,3,19,29,24,5,4,11,28],"SA","rep",10,30,10,0.95,10000,55.8323020935,5000,-1,50,0.05,0.1],[9,765,22.0597735513,-3.9402264487,[0,9,3,19,29,24,5,4,11,28],"SA","rep",10,30,10,0.95,10000,55.91482234,5000,-1,50,0.05,0.1],[9,780,22.0597735513,-3.9402264487,[0,9,3,19,29,24,5,4,11,28],"SA","rep",10,30,10,0.95,10000,56.1708612442,5000,-1,50,0.05,0.1],[9,795,22.0597735513,-3.9402264487,[0,9,3,19,29,24,5,4,11,28],"SA","rep",10,30,10,0.95,10000,55.8592116833,5000,-1,50,0.05,0.1],[9,810,22.0597735513,-3.9402264487,[0,9,3,19,29,24,5,4,11,28],"SA","rep",10,30,10,0.95,10000,55.9011006355,5000,-1,50,0.05,0.1],[9,825,22.0597735513,-3.9402264487,[0,9,3,19,29,24,5,4,11,28],"SA","rep",10,30,10,0.95,10000,55.8935618401,5000,-1,50,0.05,0.1],[9,840,22.0597735513,-3.9402264487,[0,9,3,19,29,24,5,4,11,28],"SA","rep",10,30,10,0.95,10000,56.0281629562,5000,-1,50,0.05,0.1],[9,855,22.0597735513,-3.9402264487,[0,9,3,19,29,24,5,4,11,28],"SA","rep",10,30,10,0.95,10000,55.9650456905,5000,-1,50,0.05,0.1],[9,870,22.0597735513,-3.9402264487,[0,9,3,19,29,24,5,4,11,28],"SA","rep",10,30,10,0.95,10000,55.9901893139,5000,-1,50,0.05,0.1],[9,885,22.0597735513,-3.9402264487,[0,9,3,19,29,24,5,4,11,28],