{"columns":["ite","time","q","scaled_eu","z","solver","attacker","|Q|","|X|","|T|","rho","k","utility_time","RS_iters","mcts_iters","sa_iters","eps","lr"],"index":[0,1,2,3,4,5,6,7,8,9,10,11,12,13,14,15,16,17,18,19,20,21,22,23,24,25,26,27,28,29,30,31,32,33,34,35,36,37,38,39,40,41,42,43,44,45,46,47,48,49,50,51,52,53,54,55,56,57,58,59,60,61,62,63,64,65,66,67,68,69,70,71,72,73,74,75,76,77,78,79],"data":[[5,15,15.1143891951,-10.8856108049,[23,27,26,27,18,0,28,0,7,6],"SA","rep",10,30,10,0.95,10000,89.7301578522,5000,-1,50,0.05,0.1],[5,30,15.1143891951,-10.8856108049,[23,27,26,27,18,0,28,0,7,6],"SA","rep",10,30,10,0.95,10000,122.7408027649,5000,-1,50,0.05,0.1],[5,45,15.1143891951,-10.8856108049,[23,15,12,27,12,0,19,20,7,6],"SA","rep",10,30,10,0.95,10000,51.8436720371,5000,-1,50,0.05,0.1],[5,60,15.2572222391,-10.7427777609,[6,8,2,21,0,14,6,5,19,12],"SA","rep",10,30,10,0.95,10000,52.070400238,5000,-1,50,0.05,0.1],[5,75,16.1971424724,-9.8028575276,[6,27,2,2,13,14,11,3,19,23],"SA","rep",10,30,10,0.95,10000,52.0080840588,5000,-1,50,0.05,0.1],[5,90,16.1971424724,-9.8028575276,[6,27,2,2,13,14,11,3,19,23],"SA","rep",10,30,10,0.95,10000,51.9804880619,5000,-1,50,0.05,0.1],[5,105,18.3133898085,-7.6866101915,[6,9,2,4,13,24,6,2,14,4],"SA","rep",10,30,10,0.95,10000,52.0730168819,5000,-1,50,0.05,0.1],[5,120,18.3133898085,-7.6866101915,[6,9,2,4,13,24,6,2,14,4],"SA","rep",10,30,10,0.95,10000,52.0549843311,5000,-1,50,0.05,0.1],[5,135,18.3133898085,-7.6866101915,[6,9,15,19,13,22,22,24,5,0],"SA","rep",10,30,10,0.95,10000,52.0265548229,5000,-1,50,0.05,0.1],[5,150,18.3133898085,-7.6866101915,[6,9,29,19,24,22,12,12,14,28],"SA","rep",10,30,10,0.95,10000,52.1238291264,5000,-1,50,0.05,0.1],[5,165,18.3133898085,-7.6866101915,[6,9,29,19,24,22,12,12,14,28],"SA","rep",10,30,10,0.95,10000,52.2104995251,5000,-1,50,0.05,0.1],[5,180,18.3133898085,-7.6866101915,[6,9,29,19,24,22,12,12,14,28],"SA","rep",10,30,10,0.95,10000,52.1766974926,5000,-1,50,0.05,0.1],[5,195,18.3133898085,-7.6866101915,[6,9,29,19,24,22,12,12,14,28],"SA","rep",10,30,10,0.95,10000,52.330603838,5000,-1,50,0.05,0.1],[5,210,18.3133898085,-7.6866101915,[6,9,29,19,24,22,12,12,14,28],"SA","rep",10,30,10,0.95,10000,52.0391783714,5000,-1,50,0.05,0.1],[5,225,18.3133898085,-7.6866101915,[6,9,29,19,24,22,12,12,14,28],"SA","rep",10,30,10,0.95,10000,52.0701243877,5000,-1,50,0.05,0.1],[5,240,18.3133898085,-7.6866101915,[6,9,29,19,24,22,12,12,14,28],"SA","rep",10,30,10,0.95,10000,52.1122555733,5000,-1,50,0.05,0.1],[5,255,18.3133898085,-7.6866101915,[6,9,29,19,24,22,12,12,14,28],"SA","rep",10,30,10,0.95,10000,52.82736516,5000,-1,50,0.05,0.1],[5,270,19.5289147746,-6.4710852254,[6,9,14,19,14,5,0,4,1,4],"SA","rep",10,30,10,0.95,10000,55.8149402142,5000,-1,50,0.05,0.1],[5,285,19.5343071454,-6.4656928546,[6,9,19,19,14,5,0,4,8,27],"SA","rep",10,30,10,0.95,10000,53.2503740788,5000,-1,50,0.05,0.1],[5,300,19.5343071454,-6.4656928546,[6,9,19,19,14,5,0,4,8,27],"SA","rep",10,30,10,0.95,10000,52.4533500671,5000,-1,50,0.05,0.1],[5,315,19.5343071454,-6.4656928546,[6,9,19,19,14,5,0,4,8,27],"SA","rep",10,30,10,0.95,10000,52.1704711914,5000,-1,50,0.05,0.1],[5,330,19.5343071454,-6.4656928546,[6,9,19,19,14,5,0,4,8,27],"SA","rep",10,30,10,0.95,10000,52.2997169495,5000,-1,50,0.05,0.1],[5,345,19.5343071454,-6.4656928546,[6,9,19,19,14,5,0,4,8,27],"SA","rep",10,30,10,0.95,10000,52.3845806122,5000,-1,50,0.05,0.1],[5,360,19.5343071454,-6.4656928546,[6,9,19,19,14,5,0,4,8,27],"SA","rep",10,30,10,0.95,10000,52.3058142662,5000,-1,50,0.05,0.1],[5,375,19.5343071454,-6.4656928546,[6,9,19,19,14,5,0,4,8,27],"SA","rep",10,30,10,0.95,10000,52.5312891006,5000,-1,50,0.05,0.1],[5,390,20.5113121343,-5.4886878657,[6,9,14,19,14,4,14,4,1,21],"SA","rep",10,30,10,0.95,10000,52.5430650711,5000,-1,50,0.05,0.1],[5,405,21.052402176,-4.947597824,[6,9,3,19,9,4,2,4,21,28],"SA","rep",10,30,10,0.95,10000,52.5272641182,5000,-1,50,0.05,0.1],[5,420,21.052402176,-4.947597824,[6,9,3,19,9,4,2,4,21,28],"SA","rep",10,30,10,0.95,10000,52.4897007942,5000,-1,50,0.05,0.1],[5,435,21.052402176,-4.947597824,[6,9,3,19,9,4,2,4,21,28],"SA","rep",10,30,10,0.95,10000,52.1796867847,5000,-1,50,0.05,0.1],[5,450,21.052402176,-4.947597824,[6,9,3,19,9,4,2,4,21,28],"SA","rep",10,30,10,0.95,10000,52.2875640392,5000,-1,50,0.05,0.1],[5,465,21.052402176,-4.947597824,[6,9,3,19,9,4,2,4,21,28],"SA","rep",10,30,10,0.95,10000,52.1825633049,5000,-1,50,0.05,0.1],[5,480,21.052402176,-4.947597824,[6,9,3,19,9,4,2,4,21,28],"SA","rep",10,30,10,0.95,10000,52.3343143463,5000,-1,50,0.05,0.1],[5,495,21.2906461149,-4.7093538851,[6,9,3,19,2,4,2,4,1,28],"SA","rep",10,30,10,0.95,10000,52.2312264442,5000,-1,50,0.05,0.1],[5,510,21.2906461149,-4.7093538851,[6,9,3,19,2,4,2,4,1,28],"SA","rep",10,30,10,0.95,10000,52.2260174751,5000,-1,50,0.05,0.1],[5,525,21.4488643927,-4.5511356073,[6,9,3,19,6,4,2,4,8,28],"SA","rep",10,30,10,0.95,10000,52.5502269268,5000,-1,50,0.05,0.1],[5,540,21.4488643927,-4.5511356073,[6,9,3,19,6,4,2,4,8,28],"SA","rep",10,30,10,0.95,10000,52.4742307663,5000,-1,50,0.05,0.1],[5,555,21.4488643927,-4.5511356073,[6,9,3,19,6,4,2,4,8,28],"SA","rep",10,30,10,0.95,10000,52.1309759617,5000,-1,50,0.05,0.1],[5,570,21.4488643927,-4.5511356073,[6,9,3,19,6,4,2,4,8,28],"SA","rep",10,30,10,0.95,10000,52.5326571465,5000,-1,50,0.05,0.1],[5,585,21.4488643927,-4.5511356073,[6,9,3,19,6,4,2,4,8,28],"SA","rep",10,30,10,0.95,10000,52.4795782566,5000,-1,50,0.05,0.1],[5,600,21.4488643927,-4.5511356073,[6,9,3,19,6,4,2,4,8,28],"SA","rep",10,30,10,0.95,10000,52.4203658104,5000,-1,50,0.05,0.1],[5,615,21.4488643927,-4.5511356073,[6,9,3,19,6,4,2,4,8,28],"SA","rep",10,30,10,0.95,10000,52.5180585384,5000,-1,50,0.05,0.1],[5,630,21.4488643927,-4.5511356073,[6,9,3,19,6,4,2,4,8,28],"SA","rep",10,30,10,0.95,10000,52.0823299885,5000,-1,50,0.05,0.1],[5,645,21.4488643927,-4.5511356073,[6,9,3,19,6,4,2,4,8,28],"SA","rep",10,30,10,0.95,10000,52.164703846,5000,-1,50,0.05,0.1],[5,660,21.4488643927,-4.5511356073,[6,9,3,19,6,4,2,4,8,28],"SA","rep",10,30,10,0.95,10000,52.129796505,5000,-1,50,0.05,0.1],[5,675,21.4488643927,-4.5511356073,[6,9,3,19,6,4,2,4,8,28],"SA","rep",10,30,10,0.95,10000,52.3390724659,5000,-1,50,0.05,0.1],[5,690,21.4488643927,-4.5511356073,[6,9,3,19,6,4,2,4,8,28],"SA","rep",10,30,10,0.95,10000,52.2081668377,5000,-1,50,0.05,0.1],[5,705,21.4488643927,-4.5511356073,[6,9,3,19,6,4,2,4,8,28],"SA","rep",10,30,10,0.95,10000,52.3230359554,5000,-1,50,0.05,0.1],[5,720,21.4488643927,-4.5511356073,[6,9,3,19,6,4,2,4,8,28],"SA","rep",10,30,10,0.95,10000,52.4499695301,5000,-1,50,0.05,0.1],[5,735,21.4488643927,-4.5511356073,[6,9,3,19,6,4,2,4,8,28],"SA","rep",10,30,10,0.95,10000,52.4825251102,5000,-1,50,0.05,0.1],[5,750,21.4488643927,-4.5511356073,[6,9,3,19,6,4,2,4,8,28],"SA","rep",10,30,10,0.95,10000,52.542794466,5000,-1,50,0.05,0.1],[5,765,21.4488643927,-4.5511356073,[6,9,3,19,6,4,2,4,8,28],"SA","rep",10,30,10,0.95,10000,52.4928998947,5000,-1,50,0.05,0.1],[5,780,21.4488643927,-4.5511356073,[6,9,3,19,6,4,2,4,8,28],"SA","rep",10,30,10,0.95,10000,52.2250335217,5000,-1,50,0.05,0.1],[5,795,21.4488643927,-4.5511356073,[6,9,3,19,6,4,2,4,8,28],"SA","rep",10,30,10,0.95,10000,52.6160917282,5000,-1,50,0.05,0.1],[5,810,21.4488643927,-4.5511356073,[6,9,3,19,6,4,2,4,8,28],"SA","rep",10,30,10,0.95,10000,52.6309454441,5000,-1,50,0.05,0.1],[5,825,21.4488643927,-4.5511356073,[6,9,3,19,6,4,2,4,8,28],"SA","rep",10,30,10,0.95,10000,52.2872281075,5000,-1,50,0.05,0.1],[5,840,21.4488643927,-4.5511356073,[6,9,3,19,6,4,2,4,8,28],"SA","rep",10,30,10,0.95,10000,52.6845955849,5000,-1,50,0.05,0.1],[5,855,21.4488643927,-4.5511356073,[6,9,3,19,6,4,2,4,8,28],"SA","rep",10,30,10,0.95,10000,52.2639033794,5000,-1,50,0.05,0.1],[5,870,21.4488643927,-4.5511356073,[6,9,3,19,6,4,2,4,8,28],"SA","rep",10,30,10,0.95,10000,52.3306162357,5000,-1,50,0.05,0.1],[5,885,21.4488643927,-4.5511356073,[6,9,3,19,6,4,2,4,8,28],"SA","rep",10,30,10,0.95,10000,52.5610163212,5000,-1,50,0.05,0.1],[5,900,21.4488643927,-4.5511356073,[6,9,3,19,6,4,2,4,8,28],