{"columns":["ite","time","q","scaled_eu","z","solver","attacker","|Q|","|X|","|T|","rho","k","utility_time","RS_iters","mcts_iters","sa_iters","eps","lr"],"index":[0,1,2,3,4,5,6,7,8,9,10,11,12,13,14,15,16,17,18,19,20,21,22,23,24,25,26,27,28,29,30,31,32,33,34,35,36,37,38,39,40,41,42,43,44,45,46,47,48,49,50,51,52,53,54,55,56,57,58,59,60,61,62,63,64,65,66,67,68,69,70,71,72,73,74,75,76,77,78,79],"data":[[3,15,15.7751460766,-10.2248539234,[4,26,3,11,24,17,16,20,19,6],"SA","rep",10,30,10,0.95,10000,56.2396910191,5000,-1,50,0.05,0.1],[3,30,15.7751460766,-10.2248539234,[3,11,3,24,24,25,3,20,9,28],"SA","rep",10,30,10,0.95,10000,55.5777044296,5000,-1,50,0.05,0.1],[3,45,16.2842814876,-9.7157185124,[1,29,3,24,12,17,3,14,4,27],"SA","rep",10,30,10,0.95,10000,55.0563905239,5000,-1,50,0.05,0.1],[3,60,16.2842814876,-9.7157185124,[1,29,3,24,12,17,3,14,4,27],"SA","rep",10,30,10,0.95,10000,55.4382433891,5000,-1,50,0.05,0.1],[3,75,16.2842814876,-9.7157185124,[1,29,3,24,12,17,3,14,4,27],"SA","rep",10,30,10,0.95,10000,56.1445240974,5000,-1,50,0.05,0.1],[3,90,16.2842814876,-9.7157185124,[1,29,3,24,12,17,3,14,4,27],"SA","rep",10,30,10,0.95,10000,56.1522128582,5000,-1,50,0.05,0.1],[3,105,16.3260990073,-9.6739009927,[1,23,2,17,13,29,21,4,0,18],"SA","rep",10,30,10,0.95,10000,56.0851700306,5000,-1,50,0.05,0.1],[3,120,16.3260990073,-9.6739009927,[1,23,2,17,13,29,21,4,0,18],"SA","rep",10,30,10,0.95,10000,56.1971817017,5000,-1,50,0.05,0.1],[3,135,16.3260990073,-9.6739009927,[1,23,2,17,13,29,21,4,0,18],"SA","rep",10,30,10,0.95,10000,56.1432514191,5000,-1,50,0.05,0.1],[3,150,16.3260990073,-9.6739009927,[1,23,2,17,13,29,21,4,0,18],"SA","rep",10,30,10,0.95,10000,56.3265523911,5000,-1,50,0.05,0.1],[3,165,16.3260990073,-9.6739009927,[1,23,2,17,13,29,21,4,0,18],"SA","rep",10,30,10,0.95,10000,56.4297544956,5000,-1,50,0.05,0.1],[3,180,16.3623738125,-9.6376261875,[0,17,28,15,6,10,12,4,29,14],"SA","rep",10,30,10,0.95,10000,56.2278077602,5000,-1,50,0.05,0.1],[3,195,18.5233327548,-7.4766672452,[27,9,28,19,14,10,17,4,29,14],"SA","rep",10,30,10,0.95,10000,56.2231240273,5000,-1,50,0.05,0.1],[3,210,18.5233327548,-7.4766672452,[27,9,15,19,14,10,12,4,3,12],"SA","rep",10,30,10,0.95,10000,56.1175196171,5000,-1,50,0.05,0.1],[3,225,18.5233327548,-7.4766672452,[0,9,14,19,14,27,0,4,25,1],"SA","rep",10,30,10,0.95,10000,56.2798573971,5000,-1,50,0.05,0.1],[3,240,18.536760751,-7.463239249,[27,9,14,19,14,10,22,4,29,20],"SA","rep",10,30,10,0.95,10000,56.1087937355,5000,-1,50,0.05,0.1],[3,255,18.536760751,-7.463239249,[27,9,14,19,14,10,22,4,29,20],"SA","rep",10,30,10,0.95,10000,56.090025425,5000,-1,50,0.05,0.1],[3,270,18.536760751,-7.463239249,[18,9,20,19,14,5,12,4,23,16],"SA","rep",10,30,10,0.95,10000,56.384814024,5000,-1,50,0.05,0.1],[3,285,18.5671851427,-7.4328148573,[12,9,22,19,29,10,22,4,29,12],"SA","rep",10,30,10,0.95,10000,56.2348456383,5000,-1,50,0.05,0.1],[3,300,18.5671851427,-7.4328148573,[12,9,22,19,29,10,22,4,29,12],"SA","rep",10,30,10,0.95,10000,56.5333633423,5000,-1,50,0.05,0.1],[3,315,18.5671851427,-7.4328148573,[12,9,22,19,29,10,22,4,29,12],"SA","rep",10,30,10,0.95,10000,56.4418916702,5000,-1,50,0.05,0.1],[3,330,18.5820179724,-7.4179820276,[10,9,22,19,12,10,12,4,29,8],"SA","rep",10,30,10,0.95,10000,56.5301308632,5000,-1,50,0.05,0.1],[3,345,18.5820179724,-7.4179820276,[17,9,23,19,12,6,8,4,11,11],"SA","rep",10,30,10,0.95,10000,56.3895394802,5000,-1,50,0.05,0.1],[3,360,19.3664028413,-6.6335971587,[13,9,22,19,12,6,22,4,11,29],"SA","rep",10,30,10,0.95,10000,56.3454706669,5000,-1,50,0.05,0.1],[3,375,19.4569603834,-6.5430396166,[19,9,8,19,12,27,27,9,11,28],"SA","rep",10,30,10,0.95,10000,56.505936861,5000,-1,50,0.05,0.1],[3,390,21.4591417722,-4.5408582278,[11,9,3,19,14,27,22,4,11,28],"SA","rep",10,30,10,0.95,10000,56.2078695297,5000,-1,50,0.05,0.1],[3,405,21.4591417722,-4.5408582278,[11,9,3,19,14,27,22,4,11,28],"SA","rep",10,30,10,0.95,10000,56.4051804543,5000,-1,50,0.05,0.1],[3,420,21.4591417722,-4.5408582278,[11,9,3,19,14,27,22,4,11,28],"SA","rep",10,30,10,0.95,10000,56.3397672176,5000,-1,50,0.05,0.1],[3,435,21.5358747284,-4.4641252716,[26,9,3,19,14,5,14,4,15,28],"SA","rep",10,30,10,0.95,10000,56.377042532,5000,-1,50,0.05,0.1],[3,450,23.444674892,-2.555325108,[6,9,3,19,14,20,14,4,11,28],"SA","rep",10,30,10,0.95,10000,56.3763856888,5000,-1,50,0.05,0.1],[3,465,23.444674892,-2.555325108,[6,9,3,19,14,20,14,4,11,28],"SA","rep",10,30,10,0.95,10000,56.2518794537,5000,-1,50,0.05,0.1],[3,480,23.5086592726,-2.4913407274,[6,9,3,19,12,10,14,4,11,28],"SA","rep",10,30,10,0.95,10000,56.4284179211,5000,-1,50,0.05,0.1],[3,495,23.5086592726,-2.4913407274,[6,9,3,19,14,24,14,4,11,28],"SA","rep",10,30,10,0.95,10000,56.4529752731,5000,-1,50,0.05,0.1],[3,510,23.5086592726,-2.4913407274,[6,9,3,19,14,24,14,4,11,28],"SA","rep",10,30,10,0.95,10000,56.3968570232,5000,-1,50,0.05,0.1],[3,525,23.5086592726,-2.4913407274,[6,9,3,19,14,24,14,4,11,28],"SA","rep",10,30,10,0.95,10000,56.2928416729,5000,-1,50,0.05,0.1],[3,540,23.5086592726,-2.4913407274,[6,9,3,19,14,24,14,4,11,28],"SA","rep",10,30,10,0.95,10000,56.2273571491,5000,-1,50,0.05,0.1],[3,555,23.5086592726,-2.4913407274,[6,9,3,19,14,24,14,4,11,28],"SA","rep",10,30,10,0.95,10000,56.3096113205,5000,-1,50,0.05,0.1],[3,570,23.5086592726,-2.4913407274,[6,9,3,19,14,24,14,4,11,28],"SA","rep",10,30,10,0.95,10000,56.2914178371,5000,-1,50,0.05,0.1],[3,585,23.5086592726,-2.4913407274,[6,9,3,19,14,24,14,4,11,28],"SA","rep",10,30,10,0.95,10000,56.3906350136,5000,-1,50,0.05,0.1],[3,600,24.0566075074,-1.9433924926,[6,9,3,19,6,24,14,4,11,28],"SA","rep",10,30,10,0.95,10000,56.3196809292,5000,-1,50,0.05,0.1],[3,615,24.0566075074,-1.9433924926,[6,9,3,19,6,24,14,4,11,28],"SA","rep",10,30,10,0.95,10000,56.3543918133,5000,-1,50,0.05,0.1],[3,630,24.0566075074,-1.9433924926,[6,9,3,19,6,24,14,4,11,28],"SA","rep",10,30,10,0.95,10000,56.3573467731,5000,-1,50,0.05,0.1],[3,645,24.0566075074,-1.9433924926,[6,9,3,19,6,24,14,4,11,28],"SA","rep",10,30,10,0.95,10000,56.2972950935,5000,-1,50,0.05,0.1],[3,660,24.0566075074,-1.9433924926,[6,9,3,19,6,24,14,4,11,28],"SA","rep",10,30,10,0.95,10000,56.2176790237,5000,-1,50,0.05,0.1],[3,675,24.0566075074,-1.9433924926,[6,9,3,19,6,24,14,4,11,28],"SA","rep",10,30,10,0.95,10000,56.3185384274,5000,-1,50,0.05,0.1],[3,690,24.0566075074,-1.9433924926,[6,9,3,19,6,24,14,4,11,28],"SA","rep",10,30,10,0.95,10000,56.2434194088,5000,-1,50,0.05,0.1],[3,705,24.1121791011,-1.8878208989,[6,9,3,19,14,24,14,4,11,28],"SA","rep",10,30,10,0.95,10000,56.2741155624,5000,-1,50,0.05,0.1],[3,720,24.1136243409,-1.8863756591,[6,9,3,19,14,24,14,4,11,28],"SA","rep",10,30,10,0.95,10000,56.2772240639,5000,-1,50,0.05,0.1],[3,735,24.1136243409,-1.8863756591,[6,9,3,19,14,24,14,4,11,28],"SA","rep",10,30,10,0.95,10000,56.2928853035,5000,-1,50,0.05,0.1],[3,750,24.1136243409,-1.8863756591,[6,9,3,19,14,24,14,4,11,28],"SA","rep",10,30,10,0.95,10000,56.2715508938,5000,-1,50,0.05,0.1],[3,765,24.1136243409,-1.8863756591,[6,9,3,19,14,24,14,4,11,28],"SA","rep",10,30,10,0.95,10000,56.3304760456,5000,-1,50,0.05,0.1],[3,780,24.1136243409,-1.8863756591,[6,9,3,19,14,24,14,4,11,28],"SA","rep",10,30,10,0.95,10000,56.3000116348,5000,-1,50,0.05,0.1],[3,795,24.1136243409,-1.8863756591,[6,9,3,19,14,24,14,4,11,28],"SA","rep",10,30,10,0.95,10000,56.3351943493,5000,-1,50,0.05,0.1],[3,810,24.1136243409,-1.8863756591,[6,9,3,19,14,24,14,4,11,28],"SA","rep",10,30,10,0.95,10000,56.4480235577,5000,-1,50,0.05,0.1],[3,825,24.1136243409,-1.8863756591,[6,9,3,19,14,24,14,4,11,28],"SA","rep",10,30,10,0.95,10000,56.3642809391,5000,-1,50,0.05,0.1],[3,840,24.1136243409,-1.8863756591,[6,9,3,19,14,24,14,4,11,28],"SA","rep",10,30,10,0.95,10000,56.39888978,5000,-1,50,0.05,0.1],[3,855,24.1136243409,-1.8863756591,[6,9,3,19,14,24,14,4,11,28],"SA","rep",10,30,10,0.95,10000,56.391056776,5000,-1,50,0.05,0.1],[3,870,24.1136243409,-1.8863756591,[6,9,3,19,14,24,14,4,11,28],"SA","rep",10,30,10,0.95,10000,56.4558289051,5000,-1,50,0.05,0.1],[3,885,24.1136243409,-1.8863756591,[6,9,3,19,14,24,14,4,11,28],