{"columns":["ite","time","q","scaled_eu","z","solver","attacker","|Q|","|X|","|T|","rho","k","utility_time","RS_iters","mcts_iters","sa_iters","eps","lr"],"index":[0,1,2,3,4,5,6,7,8,9,10,11,12,13,14,15,16,17,18,19,20,21,22,23,24,25,26,27,28,29,30,31,32,33,34,35,36,37,38,39,40,41,42,43,44,45,46,47,48,49,50,51,52,53,54,55,56,57,58,59,60,61,62,63,64,65,66,67,68,69,70,71,72,73,74,75,76,77,78,79],"data":[[0,15,16.1136200355,-9.8863799645,[13,22,3,4,3,16,20,11,11,20],"SA","rep",10,30,10,0.95,10000,56.8096590042,5000,-1,50,0.05,0.1],[0,30,16.1136200355,-9.8863799645,[13,22,3,4,3,16,20,11,11,20],"SA","rep",10,30,10,0.95,10000,56.2279508114,5000,-1,50,0.05,0.1],[0,45,16.5181415186,-9.4818584814,[23,29,2,10,6,10,29,3,19,28],"SA","rep",10,30,10,0.95,10000,55.562582016,5000,-1,50,0.05,0.1],[0,60,16.6888973341,-9.3111026659,[24,18,6,19,4,25,21,15,14,28],"SA","rep",10,30,10,0.95,10000,56.184309721,5000,-1,50,0.05,0.1],[0,75,16.6888973341,-9.3111026659,[24,18,6,19,4,25,21,15,14,28],"SA","rep",10,30,10,0.95,10000,56.7313556671,5000,-1,50,0.05,0.1],[0,90,16.6888973341,-9.3111026659,[24,18,6,19,4,25,21,15,14,28],"SA","rep",10,30,10,0.95,10000,56.8519432545,5000,-1,50,0.05,0.1],[0,105,17.5629641658,-8.4370358342,[8,9,29,19,13,10,9,28,22,8],"SA","rep",10,30,10,0.95,10000,56.7514128685,5000,-1,50,0.05,0.1],[0,120,18.29031834,-7.70968166,[18,9,29,19,14,22,9,14,17,28],"SA","rep",10,30,10,0.95,10000,56.8718719482,5000,-1,50,0.05,0.1],[0,135,18.29031834,-7.70968166,[18,9,29,19,14,22,9,14,17,28],"SA","rep",10,30,10,0.95,10000,56.8357810974,5000,-1,50,0.05,0.1],[0,150,19.2865005372,-6.7134994628,[9,9,29,19,6,25,14,28,17,28],"SA","rep",10,30,10,0.95,10000,56.8788239956,5000,-1,50,0.05,0.1],[0,165,19.2865005372,-6.7134994628,[27,9,29,19,13,17,14,28,17,28],"SA","rep",10,30,10,0.95,10000,56.8556256294,5000,-1,50,0.05,0.1],[0,180,19.2865005372,-6.7134994628,[27,9,29,19,13,17,14,28,17,28],"SA","rep",10,30,10,0.95,10000,56.8471984863,5000,-1,50,0.05,0.1],[0,195,19.2865005372,-6.7134994628,[27,9,29,19,13,17,14,28,17,28],"SA","rep",10,30,10,0.95,10000,56.8071949482,5000,-1,50,0.05,0.1],[0,210,19.2865005372,-6.7134994628,[27,9,29,19,13,17,14,28,17,28],"SA","rep",10,30,10,0.95,10000,56.8021996021,5000,-1,50,0.05,0.1],[0,225,19.2865005372,-6.7134994628,[27,9,29,19,13,17,14,28,17,28],"SA","rep",10,30,10,0.95,10000,56.8592879772,5000,-1,50,0.05,0.1],[0,240,19.2865005372,-6.7134994628,[27,9,29,19,13,17,14,28,17,28],"SA","rep",10,30,10,0.95,10000,56.8242044449,5000,-1,50,0.05,0.1],[0,255,19.2865005372,-6.7134994628,[27,9,29,19,13,17,14,28,17,28],"SA","rep",10,30,10,0.95,10000,56.8800823689,5000,-1,50,0.05,0.1],[0,270,19.2865005372,-6.7134994628,[27,9,29,19,13,17,14,28,17,28],"SA","rep",10,30,10,0.95,10000,56.848896265,5000,-1,50,0.05,0.1],[0,285,19.2865005372,-6.7134994628,[27,9,29,19,13,17,14,28,17,28],"SA","rep",10,30,10,0.95,10000,57.07858634,5000,-1,50,0.05,0.1],[0,300,19.2865005372,-6.7134994628,[27,9,29,19,13,17,14,28,17,28],"SA","rep",10,30,10,0.95,10000,57.0860655308,5000,-1,50,0.05,0.1],[0,315,19.2865005372,-6.7134994628,[27,9,29,19,13,17,14,28,17,28],"SA","rep",10,30,10,0.95,10000,57.0000228882,5000,-1,50,0.05,0.1],[0,330,19.2865005372,-6.7134994628,[27,9,29,19,13,17,14,28,17,28],"SA","rep",10,30,10,0.95,10000,57.0235099792,5000,-1,50,0.05,0.1],[0,345,19.2865005372,-6.7134994628,[27,9,29,19,13,17,14,28,17,28],"SA","rep",10,30,10,0.95,10000,57.0521798134,5000,-1,50,0.05,0.1],[0,360,19.2865005372,-6.7134994628,[27,9,29,19,13,17,14,28,17,28],"SA","rep",10,30,10,0.95,10000,57.0644259453,5000,-1,50,0.05,0.1],[0,375,19.2865005372,-6.7134994628,[27,9,29,19,13,17,14,28,17,28],"SA","rep",10,30,10,0.95,10000,57.1431906223,5000,-1,50,0.05,0.1],[0,390,19.2865005372,-6.7134994628,[27,9,29,19,13,17,14,28,17,28],"SA","rep",10,30,10,0.95,10000,56.9248261452,5000,-1,50,0.05,0.1],[0,405,19.2865005372,-6.7134994628,[27,9,29,19,13,17,14,28,17,28],"SA","rep",10,30,10,0.95,10000,56.9446759224,5000,-1,50,0.05,0.1],[0,420,19.2865005372,-6.7134994628,[27,9,29,19,13,17,14,28,17,28],"SA","rep",10,30,10,0.95,10000,57.0450804234,5000,-1,50,0.05,0.1],[0,435,19.2865005372,-6.7134994628,[27,9,29,19,13,17,14,28,17,28],"SA","rep",10,30,10,0.95,10000,57.0958371162,5000,-1,50,0.05,0.1],[0,450,19.2865005372,-6.7134994628,[27,9,29,19,13,17,14,28,17,28],"SA","rep",10,30,10,0.95,10000,57.0233209133,5000,-1,50,0.05,0.1],[0,465,19.2865005372,-6.7134994628,[27,9,29,19,13,17,14,28,17,28],"SA","rep",10,30,10,0.95,10000,57.2574484348,5000,-1,50,0.05,0.1],[0,480,19.2865005372,-6.7134994628,[27,9,29,19,13,17,14,28,17,28],"SA","rep",10,30,10,0.95,10000,57.0828828812,5000,-1,50,0.05,0.1],[0,495,19.2865005372,-6.7134994628,[27,9,29,19,13,17,14,28,17,28],"SA","rep",10,30,10,0.95,10000,57.1632568836,5000,-1,50,0.05,0.1],[0,510,19.2865005372,-6.7134994628,[27,9,29,19,13,17,14,28,17,28],"SA","rep",10,30,10,0.95,10000,57.0037324429,5000,-1,50,0.05,0.1],[0,525,19.2865005372,-6.7134994628,[27,9,29,19,13,17,14,28,17,28],"SA","rep",10,30,10,0.95,10000,56.8985657692,5000,-1,50,0.05,0.1],[0,540,19.2865005372,-6.7134994628,[27,9,29,19,13,17,14,28,17,28],"SA","rep",10,30,10,0.95,10000,56.9213547707,5000,-1,50,0.05,0.1],[0,555,19.2865005372,-6.7134994628,[27,9,29,19,13,17,14,28,17,28],"SA","rep",10,30,10,0.95,10000,57.0776047707,5000,-1,50,0.05,0.1],[0,570,19.2865005372,-6.7134994628,[27,9,29,19,13,17,14,28,17,28],"SA","rep",10,30,10,0.95,10000,56.966956377,5000,-1,50,0.05,0.1],[0,585,19.2865005372,-6.7134994628,[27,9,29,19,13,17,14,28,17,28],"SA","rep",10,30,10,0.95,10000,57.0965986252,5000,-1,50,0.05,0.1],[0,600,19.2865005372,-6.7134994628,[27,9,29,19,13,17,14,28,17,28],"SA","rep",10,30,10,0.95,10000,57.0231492519,5000,-1,50,0.05,0.1],[0,615,19.2865005372,-6.7134994628,[27,9,29,19,13,17,14,28,17,28],"SA","rep",10,30,10,0.95,10000,57.004348278,5000,-1,50,0.05,0.1],[0,630,19.2865005372,-6.7134994628,[27,9,29,19,13,17,14,28,17,28],"SA","rep",10,30,10,0.95,10000,57.0246863365,5000,-1,50,0.05,0.1],[0,645,19.2865005372,-6.7134994628,[27,9,29,19,13,17,14,28,17,28],"SA","rep",10,30,10,0.95,10000,57.0498096943,5000,-1,50,0.05,0.1],[0,660,19.2865005372,-6.7134994628,[27,9,29,19,13,17,14,28,17,28],"SA","rep",10,30,10,0.95,10000,56.9240891933,5000,-1,50,0.05,0.1],[0,675,19.2865005372,-6.7134994628,[27,9,29,19,13,17,14,28,17,28],"SA","rep",10,30,10,0.95,10000,56.8540456295,5000,-1,50,0.05,0.1],[0,690,19.2865005372,-6.7134994628,[27,9,29,19,13,17,14,28,17,28],"SA","rep",10,30,10,0.95,10000,57.1121175289,5000,-1,50,0.05,0.1],[0,705,19.2865005372,-6.7134994628,[27,9,29,19,13,17,14,28,17,28],"SA","rep",10,30,10,0.95,10000,56.8032159805,5000,-1,50,0.05,0.1],[0,720,19.2865005372,-6.7134994628,[27,9,29,19,13,17,14,28,17,28],"SA","rep",10,30,10,0.95,10000,57.0635547638,5000,-1,50,0.05,0.1],[0,735,19.2865005372,-6.7134994628,[27,9,29,19,13,17,14,28,17,28],"SA","rep",10,30,10,0.95,10000,57.0874094963,5000,-1,50,0.05,0.1],[0,750,19.2865005372,-6.7134994628,[27,9,29,19,13,17,14,28,17,28],"SA","rep",10,30,10,0.95,10000,57.0008482933,5000,-1,50,0.05,0.1],[0,765,19.2865005372,-6.7134994628,[27,9,29,19,13,17,14,28,17,28],"SA","rep",10,30,10,0.95,10000,56.9294397831,5000,-1,50,0.05,0.1],[0,780,19.2865005372,-6.7134994628,[27,9,29,19,13,17,14,28,17,28],"SA","rep",10,30,10,0.95,10000,56.9906878471,5000,-1,50,0.05,0.1],[0,795,19.2865005372,-6.7134994628,[27,9,29,19,13,17,14,28,17,28],"SA","rep",10,30,10,0.95,10000,57.1265964508,5000,-1,50,0.05,0.1],[0,810,19.2865005372,-6.7134994628,[27,9,29,19,13,17,14,28,17,28],"SA","rep",10,30,10,0.95,10000,57.1279411316,5000,-1,50,0.05,0.1],[0,825,19.2865005372,-6.7134994628,[27,9,29,19,13,17,14,28,17,28],"SA","rep",10,30,10,0.95,10000,56.9761753082,5000,-1,50,0.05,0.1],[0,840,19.2865005372,-6.7134994628,[27,9,29,19,13,17,14,28,17,28],"SA","rep",10,30,10,0.95,10000,56.8389303684,5000,-1,50,0.05,0.1],[0,855,19.2865005372,-6.7134994628,[27,9,29,19,13,17,14,28,17,28],"SA","rep",10,30,10,0.95,10000,57.149684906,5000,-1,50,0.05,0.1],[0,870,19.2865005372,-6.7134994628,[27,9,29,19,13,17,14,28,17,28],