{"columns":["ite","time","q","scaled_eu","z","solver","attacker","|Q|","|X|","|T|","rho","k","utility_time","RS_iters","mcts_iters","sa_iters","eps","lr"],"index":[0,1,2,3,4,5,6,7,8,9,10,11,12,13,14,15,16,17,18,19,20,21,22,23,24,25,26,27,28,29,30,31,32,33,34,35,36,37,38,39,40,41,42,43,44,45,46,47,48,49,50,51,52,53,54,55,56,57,58,59,60,61,62,63,64,65,66,67,68,69,70,71,72,73,74,75,76,77,78,79],"data":[[7,15,15.4488244421,-10.5511755579,[19,5,14,15,6,1,28,22,23,14],"SA","rep",10,30,10,0.95,10000,56.5317516327,5000,-1,50,0.05,0.1],[7,30,15.4488244421,-10.5511755579,[24,26,9,6,29,1,28,26,0,2],"SA","rep",10,30,10,0.95,10000,95.926410675,5000,-1,50,0.05,0.1],[7,45,15.4488244421,-10.5511755579,[16,28,22,11,29,10,9,27,1,28],"SA","rep",10,30,10,0.95,10000,83.3137073517,5000,-1,50,0.05,0.1],[7,60,16.3285905611,-9.6714094389,[15,14,18,6,29,29,13,19,11,6],"SA","rep",10,30,10,0.95,10000,55.9625837803,5000,-1,50,0.05,0.1],[7,75,16.3285905611,-9.6714094389,[15,28,18,6,29,10,13,3,11,28],"SA","rep",10,30,10,0.95,10000,56.1404585838,5000,-1,50,0.05,0.1],[7,90,16.3285905611,-9.6714094389,[23,17,15,19,29,24,14,19,1,3],"SA","rep",10,30,10,0.95,10000,56.0114102364,5000,-1,50,0.05,0.1],[7,105,16.9169681435,-9.0830318565,[25,28,0,6,25,24,8,19,11,26],"SA","rep",10,30,10,0.95,10000,56.321823597,5000,-1,50,0.05,0.1],[7,120,16.9169681435,-9.0830318565,[25,28,0,6,25,24,8,19,11,26],"SA","rep",10,30,10,0.95,10000,56.3118138313,5000,-1,50,0.05,0.1],[7,135,16.9169681435,-9.0830318565,[25,28,0,6,25,24,8,19,11,26],"SA","rep",10,30,10,0.95,10000,56.1336765289,5000,-1,50,0.05,0.1],[7,150,16.9169681435,-9.0830318565,[25,28,0,6,25,24,8,19,11,26],"SA","rep",10,30,10,0.95,10000,56.3442599773,5000,-1,50,0.05,0.1],[7,165,17.1897528293,-8.8102471707,[2,3,11,19,24,4,14,18,22,9],"SA","rep",10,30,10,0.95,10000,56.2381572723,5000,-1,50,0.05,0.1],[7,180,17.1897528293,-8.8102471707,[2,11,11,19,22,4,14,9,11,14],"SA","rep",10,30,10,0.95,10000,56.2855319977,5000,-1,50,0.05,0.1],[7,195,17.1897528293,-8.8102471707,[2,11,11,19,22,4,14,9,11,14],"SA","rep",10,30,10,0.95,10000,56.2260158062,5000,-1,50,0.05,0.1],[7,210,17.1897528293,-8.8102471707,[2,11,11,19,22,4,14,9,11,14],"SA","rep",10,30,10,0.95,10000,56.1878275871,5000,-1,50,0.05,0.1],[7,225,17.1897528293,-8.8102471707,[2,11,11,19,22,4,14,9,11,14],"SA","rep",10,30,10,0.95,10000,56.2232034206,5000,-1,50,0.05,0.1],[7,240,17.4166269806,-8.5833730194,[6,3,2,18,24,10,20,5,11,2],"SA","rep",10,30,10,0.95,10000,56.1758983135,5000,-1,50,0.05,0.1],[7,255,17.4166269806,-8.5833730194,[6,3,2,18,24,10,20,5,11,2],"SA","rep",10,30,10,0.95,10000,56.2799789906,5000,-1,50,0.05,0.1],[7,270,17.4166269806,-8.5833730194,[6,3,2,18,24,10,20,5,11,2],"SA","rep",10,30,10,0.95,10000,56.4990413189,5000,-1,50,0.05,0.1],[7,285,17.4166269806,-8.5833730194,[6,3,2,18,24,10,20,5,11,2],"SA","rep",10,30,10,0.95,10000,56.4231655598,5000,-1,50,0.05,0.1],[7,300,17.4166269806,-8.5833730194,[6,3,2,18,24,10,20,5,11,2],"SA","rep",10,30,10,0.95,10000,56.3410551548,5000,-1,50,0.05,0.1],[7,315,17.4166269806,-8.5833730194,[6,3,2,18,24,10,20,5,11,2],"SA","rep",10,30,10,0.95,10000,56.5499005318,5000,-1,50,0.05,0.1],[7,330,17.4166269806,-8.5833730194,[6,3,2,18,24,10,20,5,11,2],"SA","rep",10,30,10,0.95,10000,56.4089767933,5000,-1,50,0.05,0.1],[7,345,17.4166269806,-8.5833730194,[6,3,2,18,24,10,20,5,11,2],"SA","rep",10,30,10,0.95,10000,56.4997310638,5000,-1,50,0.05,0.1],[7,360,17.4166269806,-8.5833730194,[6,3,2,18,24,10,20,5,11,2],"SA","rep",10,30,10,0.95,10000,56.5952982903,5000,-1,50,0.05,0.1],[7,375,17.4166269806,-8.5833730194,[6,3,2,18,24,10,20,5,11,2],"SA","rep",10,30,10,0.95,10000,56.6028001308,5000,-1,50,0.05,0.1],[7,390,17.4166269806,-8.5833730194,[6,3,2,18,24,10,20,5,11,2],"SA","rep",10,30,10,0.95,10000,56.2505638599,5000,-1,50,0.05,0.1],[7,405,17.4166269806,-8.5833730194,[6,3,2,18,24,10,20,5,11,2],"SA","rep",10,30,10,0.95,10000,56.1858267784,5000,-1,50,0.05,0.1],[7,420,17.4166269806,-8.5833730194,[6,3,2,18,24,10,20,5,11,2],"SA","rep",10,30,10,0.95,10000,56.2861902714,5000,-1,50,0.05,0.1],[7,435,17.4166269806,-8.5833730194,[6,3,2,18,24,10,20,5,11,2],"SA","rep",10,30,10,0.95,10000,56.3424189091,5000,-1,50,0.05,0.1],[7,450,17.4166269806,-8.5833730194,[6,3,2,18,24,10,20,5,11,2],"SA","rep",10,30,10,0.95,10000,56.3907818794,5000,-1,50,0.05,0.1],[7,465,17.4166269806,-8.5833730194,[6,3,2,18,24,10,20,5,11,2],"SA","rep",10,30,10,0.95,10000,56.7498524189,5000,-1,50,0.05,0.1],[7,480,17.4166269806,-8.5833730194,[6,3,2,18,24,10,20,5,11,2],"SA","rep",10,30,10,0.95,10000,56.4392192364,5000,-1,50,0.05,0.1],[7,495,17.4166269806,-8.5833730194,[6,3,2,18,24,10,20,5,11,2],"SA","rep",10,30,10,0.95,10000,56.2553119659,5000,-1,50,0.05,0.1],[7,510,17.4166269806,-8.5833730194,[6,3,2,18,24,10,20,5,11,2],"SA","rep",10,30,10,0.95,10000,56.3230843544,5000,-1,50,0.05,0.1],[7,525,17.4166269806,-8.5833730194,[6,3,2,18,24,10,20,5,11,2],"SA","rep",10,30,10,0.95,10000,56.2769925594,5000,-1,50,0.05,0.1],[7,540,17.4166269806,-8.5833730194,[6,3,2,18,24,10,20,5,11,2],"SA","rep",10,30,10,0.95,10000,56.2482469082,5000,-1,50,0.05,0.1],[7,555,17.4166269806,-8.5833730194,[6,3,2,18,24,10,20,5,11,2],"SA","rep",10,30,10,0.95,10000,56.4478139877,5000,-1,50,0.05,0.1],[7,570,17.4166269806,-8.5833730194,[6,3,2,18,24,10,20,5,11,2],"SA","rep",10,30,10,0.95,10000,56.459633112,5000,-1,50,0.05,0.1],[7,585,17.4166269806,-8.5833730194,[6,3,2,18,24,10,20,5,11,2],"SA","rep",10,30,10,0.95,10000,56.2881400585,5000,-1,50,0.05,0.1],[7,600,17.4166269806,-8.5833730194,[6,3,2,18,24,10,20,5,11,2],"SA","rep",10,30,10,0.95,10000,56.2995295525,5000,-1,50,0.05,0.1],[7,615,17.4166269806,-8.5833730194,[6,3,2,18,24,10,20,5,11,2],"SA","rep",10,30,10,0.95,10000,56.2691960335,5000,-1,50,0.05,0.1],[7,630,17.4166269806,-8.5833730194,[6,3,2,18,24,10,20,5,11,2],"SA","rep",10,30,10,0.95,10000,56.537299633,5000,-1,50,0.05,0.1],[7,645,17.4166269806,-8.5833730194,[6,3,2,18,24,10,20,5,11,2],"SA","rep",10,30,10,0.95,10000,56.1363506317,5000,-1,50,0.05,0.1],[7,660,17.4166269806,-8.5833730194,[6,3,2,18,24,10,20,5,11,2],"SA","rep",10,30,10,0.95,10000,56.1893730164,5000,-1,50,0.05,0.1],[7,675,17.4166269806,-8.5833730194,[6,3,2,18,24,10,20,5,11,2],"SA","rep",10,30,10,0.95,10000,56.2403979301,5000,-1,50,0.05,0.1],[7,690,17.4166269806,-8.5833730194,[6,3,2,18,24,10,20,5,11,2],"SA","rep",10,30,10,0.95,10000,56.2776520252,5000,-1,50,0.05,0.1],[7,705,17.4166269806,-8.5833730194,[6,3,2,18,24,10,20,5,11,2],"SA","rep",10,30,10,0.95,10000,56.3814415932,5000,-1,50,0.05,0.1],[7,720,17.4166269806,-8.5833730194,[6,3,2,18,24,10,20,5,11,2],"SA","rep",10,30,10,0.95,10000,56.3258719444,5000,-1,50,0.05,0.1],[7,735,17.4166269806,-8.5833730194,[6,3,2,18,24,10,20,5,11,2],"SA","rep",10,30,10,0.95,10000,56.2668817043,5000,-1,50,0.05,0.1],[7,750,17.4166269806,-8.5833730194,[6,3,2,18,24,10,20,5,11,2],"SA","rep",10,30,10,0.95,10000,56.2929084301,5000,-1,50,0.05,0.1],[7,765,17.4166269806,-8.5833730194,[6,3,2,18,24,10,20,5,11,2],"SA","rep",10,30,10,0.95,10000,56.3310251236,5000,-1,50,0.05,0.1],[7,780,17.4166269806,-8.5833730194,[6,3,2,18,24,10,20,5,11,2],"SA","rep",10,30,10,0.95,10000,56.3168990612,5000,-1,50,0.05,0.1],[7,795,17.4166269806,-8.5833730194,[6,3,2,18,24,10,20,5,11,2],"SA","rep",10,30,10,0.95,10000,56.3666267395,5000,-1,50,0.05,0.1],[7,810,17.4166269806,-8.5833730194,[6,3,2,18,24,10,20,5,11,2],"SA","rep",10,30,10,0.95,10000,56.2962470055,5000,-1,50,0.05,0.1],[7,825,17.4166269806,-8.5833730194,[6,3,2,18,24,10,20,5,11,2],"SA","rep",10,30,10,0.95,10000,56.2654795647,5000,-1,50,0.05,0.1],[7,840,17.4166269806,-8.5833730194,[6,3,2,18,24,10,20,5,11,2],"SA","rep",10,30,10,0.95,10000,56.4190437794,5000,-1,50,0.05,0.1],[7,855,17.4166269806,-8.5833730194,[6,3,2,18,24,10,20,5,11,2],"SA","rep",10,30,10,0.95,10000,56.3196520805,5000,-1,50,0.05,0.1],[7,870,17.4166269806,-8.5833730194,[6,3,2,18,24,10,20,5,11,2],"SA","rep",10,30,10,0.95,10000,56.1091792583,5000,-1,50,0.05,0.1],[7,885,17.4166269806,-8.5833730194,[6,3,2,18,24,10,20,5,11,2],