{"columns":["ite","time","q","scaled_eu","z","solver","attacker","|Q|","|X|","|T|","rho","k","utility_time","RS_iters","mcts_iters","sa_iters","eps","lr"],"index":[0,1,2,3,4,5,6,7,8,9,10,11,12,13,14,15,16,17,18,19,20,21,22,23,24,25,26,27,28,29,30,31,32,33,34,35,36,37,38,39,40,41,42,43,44,45,46,47,48,49,50,51,52,53,54,55,56,57,58,59,60,61,62,63,64,65,66,67,68,69,70,71,72,73,74,75,76,77,78,79],"data":[[6,15,14.7472006828,-11.2527993172,[27,10,17,18,28,14,6,28,16,29],"SA","rep",10,30,10,0.95,10000,89.5773875713,5000,-1,50,0.05,0.1],[6,30,15.4248259785,-10.5751740215,[27,22,17,18,12,14,28,29,5,29],"SA","rep",10,30,10,0.95,10000,122.7989983559,5000,-1,50,0.05,0.1],[6,45,15.4248259785,-10.5751740215,[29,9,23,4,20,24,23,11,28,4],"SA","rep",10,30,10,0.95,10000,87.6226530075,5000,-1,50,0.05,0.1],[6,60,16.1070844786,-9.8929155214,[19,9,26,14,12,6,17,7,25,29],"SA","rep",10,30,10,0.95,10000,89.7603609562,5000,-1,50,0.05,0.1],[6,75,16.1070844786,-9.8929155214,[19,9,26,14,12,6,17,7,25,29],"SA","rep",10,30,10,0.95,10000,89.748265028,5000,-1,50,0.05,0.1],[6,90,16.1070844786,-9.8929155214,[19,9,26,14,12,6,17,7,25,29],"SA","rep",10,30,10,0.95,10000,89.7010712624,5000,-1,50,0.05,0.1],[6,105,16.1070844786,-9.8929155214,[19,9,26,14,12,6,17,7,25,29],"SA","rep",10,30,10,0.95,10000,89.7600388527,5000,-1,50,0.05,0.1],[6,120,16.1070844786,-9.8929155214,[19,9,26,14,12,6,17,7,25,29],"SA","rep",10,30,10,0.95,10000,89.7996792793,5000,-1,50,0.05,0.1],[6,135,16.1070844786,-9.8929155214,[19,9,26,14,12,6,17,7,25,29],"SA","rep",10,30,10,0.95,10000,89.89980793,5000,-1,50,0.05,0.1],[6,150,16.1070844786,-9.8929155214,[19,9,26,14,12,6,17,7,25,29],"SA","rep",10,30,10,0.95,10000,90.0477705002,5000,-1,50,0.05,0.1],[6,165,16.1070844786,-9.8929155214,[19,9,26,14,12,6,17,7,25,29],"SA","rep",10,30,10,0.95,10000,59.7523701191,5000,-1,50,0.05,0.1],[6,180,16.1070844786,-9.8929155214,[19,9,26,14,12,6,17,7,25,29],"SA","rep",10,30,10,0.95,10000,52.4101405144,5000,-1,50,0.05,0.1],[6,195,16.1070844786,-9.8929155214,[19,9,26,14,12,6,17,7,25,29],"SA","rep",10,30,10,0.95,10000,54.4815917015,5000,-1,50,0.05,0.1],[6,210,17.5138235463,-8.4861764537,[15,7,20,4,6,17,14,24,21,28],"SA","rep",10,30,10,0.95,10000,55.7079234123,5000,-1,50,0.05,0.1],[6,225,17.5138235463,-8.4861764537,[3,25,25,14,6,22,14,24,11,28],"SA","rep",10,30,10,0.95,10000,55.7622833252,5000,-1,50,0.05,0.1],[6,240,19.4395093567,-6.5604906433,[3,7,25,4,6,26,14,4,11,28],"SA","rep",10,30,10,0.95,10000,54.7847204208,5000,-1,50,0.05,0.1],[6,255,19.4395093567,-6.5604906433,[10,12,2,19,6,22,14,4,11,28],"SA","rep",10,30,10,0.95,10000,54.3211450577,5000,-1,50,0.05,0.1],[6,270,19.4395093567,-6.5604906433,[10,12,2,19,6,22,14,4,11,28],"SA","rep",10,30,10,0.95,10000,55.8605237007,5000,-1,50,0.05,0.1],[6,285,19.4395093567,-6.5604906433,[10,12,2,19,6,22,14,4,11,28],"SA","rep",10,30,10,0.95,10000,55.8674960136,5000,-1,50,0.05,0.1],[6,300,19.4395093567,-6.5604906433,[10,12,2,19,6,22,14,4,11,28],"SA","rep",10,30,10,0.95,10000,55.760008812,5000,-1,50,0.05,0.1],[6,315,19.4395093567,-6.5604906433,[10,12,2,19,6,22,14,4,11,28],"SA","rep",10,30,10,0.95,10000,55.8263237476,5000,-1,50,0.05,0.1],[6,330,19.4395093567,-6.5604906433,[10,12,2,19,6,22,14,4,11,28],"SA","rep",10,30,10,0.95,10000,55.7626800537,5000,-1,50,0.05,0.1],[6,345,20.1044828651,-5.8955171349,[17,8,3,19,6,24,19,4,13,28],"SA","rep",10,30,10,0.95,10000,55.9380245209,5000,-1,50,0.05,0.1],[6,360,21.0621589228,-4.9378410772,[18,11,3,19,13,24,14,4,22,28],"SA","rep",10,30,10,0.95,10000,55.8269355297,5000,-1,50,0.05,0.1],[6,375,21.0621589228,-4.9378410772,[18,11,3,19,13,24,14,4,22,28],"SA","rep",10,30,10,0.95,10000,55.9216990471,5000,-1,50,0.05,0.1],[6,390,21.0621589228,-4.9378410772,[18,11,3,19,13,24,14,4,22,28],"SA","rep",10,30,10,0.95,10000,55.6892516613,5000,-1,50,0.05,0.1],[6,405,21.0621589228,-4.9378410772,[18,11,3,19,13,24,14,4,22,28],"SA","rep",10,30,10,0.95,10000,55.7833869457,5000,-1,50,0.05,0.1],[6,420,21.0621589228,-4.9378410772,[18,11,3,19,13,24,14,4,22,28],"SA","rep",10,30,10,0.95,10000,55.8179578781,5000,-1,50,0.05,0.1],[6,435,21.0621589228,-4.9378410772,[18,11,3,19,13,24,14,4,22,28],"SA","rep",10,30,10,0.95,10000,55.7240440845,5000,-1,50,0.05,0.1],[6,450,21.0621589228,-4.9378410772,[18,11,3,19,13,24,14,4,22,28],"SA","rep",10,30,10,0.95,10000,55.7058217525,5000,-1,50,0.05,0.1],[6,465,21.0621589228,-4.9378410772,[18,11,3,19,13,24,14,4,22,28],"SA","rep",10,30,10,0.95,10000,55.7393221855,5000,-1,50,0.05,0.1],[6,480,21.0621589228,-4.9378410772,[18,11,3,19,13,24,14,4,22,28],"SA","rep",10,30,10,0.95,10000,55.8318800926,5000,-1,50,0.05,0.1],[6,495,21.0621589228,-4.9378410772,[6,20,3,14,29,24,14,4,22,28],"SA","rep",10,30,10,0.95,10000,55.7945215702,5000,-1,50,0.05,0.1],[6,510,21.0621589228,-4.9378410772,[6,20,3,14,29,24,14,4,22,28],"SA","rep",10,30,10,0.95,10000,55.8665161133,5000,-1,50,0.05,0.1],[6,525,21.1481890135,-4.8518109865,[5,9,3,19,14,24,25,4,27,28],"SA","rep",10,30,10,0.95,10000,55.6359069347,5000,-1,50,0.05,0.1],[6,540,21.1481890135,-4.8518109865,[5,9,3,19,14,24,25,4,27,28],"SA","rep",10,30,10,0.95,10000,55.7527406216,5000,-1,50,0.05,0.1],[6,555,21.1481890135,-4.8518109865,[5,9,3,19,14,24,25,4,27,28],"SA","rep",10,30,10,0.95,10000,55.9495265484,5000,-1,50,0.05,0.1],[6,570,21.1481890135,-4.8518109865,[5,9,3,19,14,24,25,4,27,28],"SA","rep",10,30,10,0.95,10000,55.7731900215,5000,-1,50,0.05,0.1],[6,585,21.1481890135,-4.8518109865,[5,9,3,19,14,24,25,4,27,28],"SA","rep",10,30,10,0.95,10000,55.9183299541,5000,-1,50,0.05,0.1],[6,600,21.1481890135,-4.8518109865,[5,9,3,19,14,24,25,4,27,28],"SA","rep",10,30,10,0.95,10000,55.8002576828,5000,-1,50,0.05,0.1],[6,615,21.1481890135,-4.8518109865,[5,9,3,19,14,24,25,4,27,28],"SA","rep",10,30,10,0.95,10000,55.9181416035,5000,-1,50,0.05,0.1],[6,630,21.1481890135,-4.8518109865,[5,9,3,19,14,24,25,4,27,28],"SA","rep",10,30,10,0.95,10000,55.9353473186,5000,-1,50,0.05,0.1],[6,645,21.1481890135,-4.8518109865,[5,9,3,19,14,24,25,4,27,28],"SA","rep",10,30,10,0.95,10000,55.8367407322,5000,-1,50,0.05,0.1],[6,660,21.1481890135,-4.8518109865,[5,9,3,19,14,24,25,4,27,28],"SA","rep",10,30,10,0.95,10000,55.7470867634,5000,-1,50,0.05,0.1],[6,675,21.1481890135,-4.8518109865,[5,9,3,19,14,24,25,4,27,28],"SA","rep",10,30,10,0.95,10000,55.8596324921,5000,-1,50,0.05,0.1],[6,690,21.1481890135,-4.8518109865,[5,9,3,19,14,24,25,4,27,28],"SA","rep",10,30,10,0.95,10000,55.7135798931,5000,-1,50,0.05,0.1],[6,705,21.1481890135,-4.8518109865,[5,9,3,19,14,24,25,4,27,28],"SA","rep",10,30,10,0.95,10000,55.9055609703,5000,-1,50,0.05,0.1],[6,720,21.1481890135,-4.8518109865,[5,9,3,19,14,24,25,4,27,28],"SA","rep",10,30,10,0.95,10000,55.811205864,5000,-1,50,0.05,0.1],[6,735,21.1481890135,-4.8518109865,[5,9,3,19,14,24,25,4,27,28],"SA","rep",10,30,10,0.95,10000,55.6871416569,5000,-1,50,0.05,0.1],[6,750,21.1481890135,-4.8518109865,[5,9,3,19,14,24,25,4,27,28],"SA","rep",10,30,10,0.95,10000,55.8603672981,5000,-1,50,0.05,0.1],[6,765,21.1481890135,-4.8518109865,[5,9,3,19,14,24,25,4,27,28],"SA","rep",10,30,10,0.95,10000,55.806997776,5000,-1,50,0.05,0.1],[6,780,21.1481890135,-4.8518109865,[5,9,3,19,14,24,25,4,27,28],"SA","rep",10,30,10,0.95,10000,55.7496891022,5000,-1,50,0.05,0.1],[6,795,21.1481890135,-4.8518109865,[5,9,3,19,14,24,25,4,27,28],"SA","rep",10,30,10,0.95,10000,55.7944030762,5000,-1,50,0.05,0.1],[6,810,21.1481890135,-4.8518109865,[5,9,3,19,14,24,25,4,27,28],"SA","rep",10,30,10,0.95,10000,55.8355357647,5000,-1,50,0.05,0.1],[6,825,21.1481890135,-4.8518109865,[5,9,3,19,14,24,25,4,27,28],"SA","rep",10,30,10,0.95,10000,55.8270432949,5000,-1,50,0.05,0.1],[6,840,21.1481890135,-4.8518109865,[5,9,3,19,14,24,25,4,27,28],"SA","rep",10,30,10,0.95,10000,55.6457221508,5000,-1,50,0.05,0.1],[6,855,21.1481890135,-4.8518109865,[5,9,3,19,14,24,25,4,27,28],"SA","rep",10,30,10,0.95,10000,55.8012657166,5000,-1,50,0.05,0.1],[6,870,21.1481890135,-4.8518109865,[5,9,3,19,14,24,25,4,27,28],"SA","rep",10,30,10,0.95,10000,55.8250236511,5000,-1,50,0.05,0.1],[6,885,21.1481890135,-4.8518109865,[5,9,3,19,14,24,25,4,27,28],