{"columns":["ite","time","q","scaled_eu","z","solver","attacker","|Q|","|X|","|T|","rho","k","utility_time","RS_iters","mcts_iters","sa_iters","eps","lr"],"index":[0,1,2,3,4,5,6,7,8,9,10,11,12,13,14,15,16,17,18,19,20,21,22,23,24,25,26,27,28,29,30,31,32,33,34,35,36,37,38,39,40,41,42,43,44,45,46,47,48,49,50,51,52,53,54,55,56,57,58,59,60,61,62,63,64,65,66,67,68,69,70,71,72,73,74,75,76,77,78,79],"data":[[1,15,15.2314519415,-10.7685480585,[17,1,18,18,24,20,12,19,1,23],"SA","rep",10,30,10,0.95,10000,55.7099471092,5000,-1,50,0.05,0.1],[1,30,15.3442186654,-10.6557813346,[10,23,18,18,2,5,9,5,17,23],"SA","rep",10,30,10,0.95,10000,54.9613888264,5000,-1,50,0.05,0.1],[1,45,15.3442186654,-10.6557813346,[6,23,8,7,2,25,29,5,17,28],"SA","rep",10,30,10,0.95,10000,54.5402011871,5000,-1,50,0.05,0.1],[1,60,15.3442186654,-10.6557813346,[6,23,8,7,2,25,29,5,17,28],"SA","rep",10,30,10,0.95,10000,54.9308085442,5000,-1,50,0.05,0.1],[1,75,16.0933108036,-9.9066891964,[14,14,3,24,2,27,2,26,27,22],"SA","rep",10,30,10,0.95,10000,55.6273486614,5000,-1,50,0.05,0.1],[1,90,16.4352955584,-9.5647044416,[3,10,3,18,2,5,25,3,24,9],"SA","rep",10,30,10,0.95,10000,55.536999464,5000,-1,50,0.05,0.1],[1,105,16.4352955584,-9.5647044416,[3,10,3,18,2,5,25,3,24,9],"SA","rep",10,30,10,0.95,10000,55.6810312271,5000,-1,50,0.05,0.1],[1,120,16.4352955584,-9.5647044416,[3,10,3,18,2,5,25,3,24,9],"SA","rep",10,30,10,0.95,10000,55.6473681927,5000,-1,50,0.05,0.1],[1,135,16.4352955584,-9.5647044416,[6,15,3,8,3,23,4,8,12,28],"SA","rep",10,30,10,0.95,10000,55.4802582264,5000,-1,50,0.05,0.1],[1,150,16.4352955584,-9.5647044416,[6,15,3,8,3,23,4,8,12,28],"SA","rep",10,30,10,0.95,10000,55.7656624317,5000,-1,50,0.05,0.1],[1,165,16.9816298388,-9.0183701612,[6,15,3,23,22,1,16,15,27,22],"SA","rep",10,30,10,0.95,10000,55.617841959,5000,-1,50,0.05,0.1],[1,180,17.3032694048,-8.6967305952,[6,12,3,17,14,5,4,15,27,3],"SA","rep",10,30,10,0.95,10000,55.9889111519,5000,-1,50,0.05,0.1],[1,195,17.3032694048,-8.6967305952,[6,12,3,17,14,5,4,15,27,3],"SA","rep",10,30,10,0.95,10000,55.6972887516,5000,-1,50,0.05,0.1],[1,210,17.3032694048,-8.6967305952,[6,12,3,17,14,5,4,15,27,3],"SA","rep",10,30,10,0.95,10000,55.5866322517,5000,-1,50,0.05,0.1],[1,225,17.3032694048,-8.6967305952,[6,12,3,17,14,5,4,15,27,3],"SA","rep",10,30,10,0.95,10000,55.5551638603,5000,-1,50,0.05,0.1],[1,240,17.3032694048,-8.6967305952,[6,12,3,17,14,5,4,15,27,3],"SA","rep",10,30,10,0.95,10000,55.9262413979,5000,-1,50,0.05,0.1],[1,255,17.3032694048,-8.6967305952,[6,12,3,17,14,5,4,15,27,3],"SA","rep",10,30,10,0.95,10000,55.6913597584,5000,-1,50,0.05,0.1],[1,270,17.3032694048,-8.6967305952,[6,12,3,17,14,5,4,15,27,3],"SA","rep",10,30,10,0.95,10000,55.7262973785,5000,-1,50,0.05,0.1],[1,285,17.5897533391,-8.4102466609,[6,9,23,4,14,4,4,27,2,9],"SA","rep",10,30,10,0.95,10000,55.7900278568,5000,-1,50,0.05,0.1],[1,300,17.5897533391,-8.4102466609,[6,9,23,4,14,4,4,27,2,9],"SA","rep",10,30,10,0.95,10000,55.6658365726,5000,-1,50,0.05,0.1],[1,315,17.5897533391,-8.4102466609,[6,9,23,4,14,4,4,27,2,9],"SA","rep",10,30,10,0.95,10000,55.6666874886,5000,-1,50,0.05,0.1],[1,330,17.5897533391,-8.4102466609,[6,2,3,14,14,4,14,3,11,7],"SA","rep",10,30,10,0.95,10000,55.8401584625,5000,-1,50,0.05,0.1],[1,345,17.5897533391,-8.4102466609,[6,2,3,14,14,4,14,3,11,7],"SA","rep",10,30,10,0.95,10000,55.8502573967,5000,-1,50,0.05,0.1],[1,360,17.5897533391,-8.4102466609,[6,2,3,14,14,4,14,3,11,7],"SA","rep",10,30,10,0.95,10000,55.9230775833,5000,-1,50,0.05,0.1],[1,375,17.5897533391,-8.4102466609,[6,2,3,14,14,4,14,3,11,7],"SA","rep",10,30,10,0.95,10000,55.8082609177,5000,-1,50,0.05,0.1],[1,390,17.5897533391,-8.4102466609,[6,2,3,14,14,4,14,3,11,7],"SA","rep",10,30,10,0.95,10000,55.7830097675,5000,-1,50,0.05,0.1],[1,405,17.5897533391,-8.4102466609,[6,2,3,14,14,4,14,3,11,7],"SA","rep",10,30,10,0.95,10000,55.7669203281,5000,-1,50,0.05,0.1],[1,420,17.5897533391,-8.4102466609,[6,2,3,14,14,4,14,3,11,7],"SA","rep",10,30,10,0.95,10000,55.7672450542,5000,-1,50,0.05,0.1],[1,435,18.5489611924,-7.4510388076,[6,9,3,4,25,4,28,25,27,22],"SA","rep",10,30,10,0.95,10000,55.6356317997,5000,-1,50,0.05,0.1],[1,450,18.5489611924,-7.4510388076,[6,9,3,4,25,4,28,25,27,22],"SA","rep",10,30,10,0.95,10000,55.751316309,5000,-1,50,0.05,0.1],[1,465,20.3207383239,-5.6792616761,[6,9,3,19,6,9,28,4,25,22],"SA","rep",10,30,10,0.95,10000,55.6922757626,5000,-1,50,0.05,0.1],[1,480,20.3868574958,-5.6131425042,[6,9,3,19,25,27,28,4,25,22],"SA","rep",10,30,10,0.95,10000,55.6941571236,5000,-1,50,0.05,0.1],[1,495,20.3868574958,-5.6131425042,[6,9,3,19,25,27,28,4,25,22],"SA","rep",10,30,10,0.95,10000,55.8431713581,5000,-1,50,0.05,0.1],[1,510,20.3868574958,-5.6131425042,[6,9,3,19,25,27,28,4,25,22],"SA","rep",10,30,10,0.95,10000,56.0057003498,5000,-1,50,0.05,0.1],[1,525,20.4983955194,-5.5016044806,[6,9,3,19,13,27,14,3,6,22],"SA","rep",10,30,10,0.95,10000,55.8677482605,5000,-1,50,0.05,0.1],[1,540,20.4983955194,-5.5016044806,[3,9,21,19,14,27,14,4,8,29],"SA","rep",10,30,10,0.95,10000,55.8149700165,5000,-1,50,0.05,0.1],[1,555,20.4983955194,-5.5016044806,[29,2,3,19,6,23,14,4,11,8],"SA","rep",10,30,10,0.95,10000,55.9057359695,5000,-1,50,0.05,0.1],[1,570,20.4983955194,-5.5016044806,[29,2,3,19,6,23,14,4,11,8],"SA","rep",10,30,10,0.95,10000,55.8047726154,5000,-1,50,0.05,0.1],[1,585,20.4983955194,-5.5016044806,[29,2,3,19,6,23,14,4,11,8],"SA","rep",10,30,10,0.95,10000,55.8817999363,5000,-1,50,0.05,0.1],[1,600,20.511783859,-5.488216141,[6,9,3,1,6,27,14,3,11,25],"SA","rep",10,30,10,0.95,10000,55.8611075878,5000,-1,50,0.05,0.1],[1,615,20.511783859,-5.488216141,[6,9,3,1,6,27,14,3,11,25],"SA","rep",10,30,10,0.95,10000,55.9775319099,5000,-1,50,0.05,0.1],[1,630,20.511783859,-5.488216141,[6,9,3,1,6,27,14,3,11,25],"SA","rep",10,30,10,0.95,10000,55.6354005337,5000,-1,50,0.05,0.1],[1,645,22.3408286596,-3.6591713404,[6,2,3,19,12,22,14,4,11,28],"SA","rep",10,30,10,0.95,10000,55.7237994671,5000,-1,50,0.05,0.1],[1,660,22.3408286596,-3.6591713404,[6,2,3,19,12,22,14,4,11,28],"SA","rep",10,30,10,0.95,10000,55.7008502483,5000,-1,50,0.05,0.1],[1,675,22.3408286596,-3.6591713404,[6,2,3,19,12,22,14,4,11,28],"SA","rep",10,30,10,0.95,10000,55.7448170185,5000,-1,50,0.05,0.1],[1,690,22.3408286596,-3.6591713404,[6,2,3,19,12,22,14,4,11,28],"SA","rep",10,30,10,0.95,10000,55.6553542614,5000,-1,50,0.05,0.1],[1,705,22.3408286596,-3.6591713404,[6,2,3,19,12,22,14,4,11,28],"SA","rep",10,30,10,0.95,10000,55.7577214241,5000,-1,50,0.05,0.1],[1,720,22.3408286596,-3.6591713404,[6,2,3,19,12,22,14,4,11,28],"SA","rep",10,30,10,0.95,10000,55.8858771324,5000,-1,50,0.05,0.1],[1,735,22.3408286596,-3.6591713404,[6,2,3,19,12,22,14,4,11,28],"SA","rep",10,30,10,0.95,10000,55.8265964985,5000,-1,50,0.05,0.1],[1,750,22.3408286596,-3.6591713404,[6,2,3,19,12,22,14,4,11,28],"SA","rep",10,30,10,0.95,10000,55.6750259399,5000,-1,50,0.05,0.1],[1,765,22.3408286596,-3.6591713404,[6,2,3,19,12,22,14,4,11,28],"SA","rep",10,30,10,0.95,10000,55.7068436146,5000,-1,50,0.05,0.1],[1,780,22.3408286596,-3.6591713404,[6,2,3,19,12,22,14,4,11,28],"SA","rep",10,30,10,0.95,10000,55.8210868835,5000,-1,50,0.05,0.1],[1,795,22.3408286596,-3.6591713404,[6,2,3,19,12,22,14,4,11,28],"SA","rep",10,30,10,0.95,10000,55.7732503414,5000,-1,50,0.05,0.1],[1,810,22.3408286596,-3.6591713404,[6,2,3,19,12,22,14,4,11,28],"SA","rep",10,30,10,0.95,10000,55.7394669056,5000,-1,50,0.05,0.1],[1,825,22.3408286596,-3.6591713404,[6,2,3,19,12,22,14,4,11,28],"SA","rep",10,30,10,0.95,10000,55.6326768398,5000,-1,50,0.05,0.1],[1,840,22.3408286596,-3.6591713404,[6,2,3,19,12,22,14,4,11,28],"SA","rep",10,30,10,0.95,10000,55.6902697086,5000,-1,50,0.05,0.1],[1,855,22.3408286596,-3.6591713404,[6,2,3,19,12,22,14,4,11,28],"SA","rep",10,30,10,0.95,10000,55.6714782715,5000,-1,50,0.05,0.1],[1,870,22.3408286596,-3.6591713404,[6,2,3,19,12,22,14,4,11,28],"SA","rep",10,30,10,0.95,10000,55.7656354904,5000,-1,50,0.05,0.1],[1,885,22.3408286596,-3.6591713404,[6,2,3,19,12,22,14,4,11,28],