{"columns":["ite","time","q","scaled_eu","z","solver","attacker","|Q|","|X|","|T|","rho","k","utility_time","RS_iters","mcts_iters","sa_iters","eps","lr"],"index":[0,1,2,3,4,5,6,7,8,9,10,11,12,13,14,15,16,17,18,19,20,21,22,23,24,25,26,27,28,29,30,31,32,33,34,35,36,37,38,39,40,41,42,43,44,45,46,47,48,49,50,51,52,53,54,55,56,57,58,59,60,61,62,63,64,65,66,67,68,69,70,71,72,73,74,75,76,77,78,79],"data":[[1,15,26.120663639,-4.879336361,[23,8,11,12,15,1,28,18,26,18],"SA","att",10,30,10,0.95,10000,56.0907824039,5000,-1,50,0.05,0.1],[1,30,26.120663639,-4.879336361,[23,8,11,12,15,1,28,18,26,18],"SA","att",10,30,10,0.95,10000,55.9392783642,5000,-1,50,0.05,0.1],[1,45,26.120663639,-4.879336361,[23,8,11,12,15,1,28,18,26,18],"SA","att",10,30,10,0.95,10000,55.9814667702,5000,-1,50,0.05,0.1],[1,60,26.120663639,-4.879336361,[23,8,11,12,15,1,28,18,26,18],"SA","att",10,30,10,0.95,10000,55.9449810982,5000,-1,50,0.05,0.1],[1,75,26.120663639,-4.879336361,[23,8,11,12,15,1,28,18,26,18],"SA","att",10,30,10,0.95,10000,56.1134252548,5000,-1,50,0.05,0.1],[1,90,26.120663639,-4.879336361,[23,8,11,12,15,1,28,18,26,18],"SA","att",10,30,10,0.95,10000,55.731703043,5000,-1,50,0.05,0.1],[1,105,26.120663639,-4.879336361,[23,8,11,12,15,1,28,18,26,18],"SA","att",10,30,10,0.95,10000,55.8377761841,5000,-1,50,0.05,0.1],[1,120,27.0612056623,-3.9387943377,[6,1,4,24,17,24,29,27,23,27],"SA","att",10,30,10,0.95,10000,55.8656029701,5000,-1,50,0.05,0.1],[1,135,27.0612056623,-3.9387943377,[6,1,4,24,17,24,29,27,23,27],"SA","att",10,30,10,0.95,10000,55.9577109814,5000,-1,50,0.05,0.1],[1,150,27.0612056623,-3.9387943377,[6,1,4,24,17,24,29,27,23,27],"SA","att",10,30,10,0.95,10000,55.6458683014,5000,-1,50,0.05,0.1],[1,165,27.0612056623,-3.9387943377,[6,1,4,24,17,24,29,27,23,27],"SA","att",10,30,10,0.95,10000,55.6614761353,5000,-1,50,0.05,0.1],[1,180,27.0612056623,-3.9387943377,[6,1,4,24,17,24,29,27,23,27],"SA","att",10,30,10,0.95,10000,55.56945467,5000,-1,50,0.05,0.1],[1,195,27.0612056623,-3.9387943377,[6,1,4,24,17,24,29,27,23,27],"SA","att",10,30,10,0.95,10000,55.9524815083,5000,-1,50,0.05,0.1],[1,210,27.0612056623,-3.9387943377,[6,1,4,24,17,24,29,27,23,27],"SA","att",10,30,10,0.95,10000,55.597127676,5000,-1,50,0.05,0.1],[1,225,27.0612056623,-3.9387943377,[6,1,4,24,17,24,29,27,23,27],"SA","att",10,30,10,0.95,10000,56.0612385273,5000,-1,50,0.05,0.1],[1,240,27.0612056623,-3.9387943377,[6,1,4,24,17,24,29,27,23,27],"SA","att",10,30,10,0.95,10000,55.616932869,5000,-1,50,0.05,0.1],[1,255,27.0612056623,-3.9387943377,[6,1,4,24,17,24,29,27,23,27],"SA","att",10,30,10,0.95,10000,55.7160582542,5000,-1,50,0.05,0.1],[1,270,28.3192102981,-2.6807897019,[5,28,4,0,20,24,12,27,2,4],"SA","att",10,30,10,0.95,10000,55.6671383381,5000,-1,50,0.05,0.1],[1,285,31.8483365534,0.8483365534,[25,28,4,9,2,24,11,20,24,4],"SA","att",10,30,10,0.95,10000,56.1626000404,5000,-1,50,0.05,0.1],[1,300,31.8483365534,0.8483365534,[25,28,4,9,2,24,11,20,24,4],"SA","att",10,30,10,0.95,10000,56.0488848686,5000,-1,50,0.05,0.1],[1,315,31.8483365534,0.8483365534,[25,28,4,9,2,24,11,20,24,4],"SA","att",10,30,10,0.95,10000,55.7950897217,5000,-1,50,0.05,0.1],[1,330,31.8483365534,0.8483365534,[25,28,4,9,2,24,11,20,24,4],"SA","att",10,30,10,0.95,10000,56.1678702831,5000,-1,50,0.05,0.1],[1,345,31.8483365534,0.8483365534,[25,28,4,9,2,24,11,20,24,4],"SA","att",10,30,10,0.95,10000,56.1638712883,5000,-1,50,0.05,0.1],[1,360,31.8483365534,0.8483365534,[25,28,4,9,2,24,11,20,24,4],"SA","att",10,30,10,0.95,10000,55.9144897461,5000,-1,50,0.05,0.1],[1,375,31.8483365534,0.8483365534,[25,28,4,9,2,24,11,20,24,4],"SA","att",10,30,10,0.95,10000,55.9027752876,5000,-1,50,0.05,0.1],[1,390,31.8483365534,0.8483365534,[25,28,4,9,2,24,11,20,24,4],"SA","att",10,30,10,0.95,10000,55.9507300854,5000,-1,50,0.05,0.1],[1,405,31.8483365534,0.8483365534,[25,28,4,9,2,24,11,20,24,4],"SA","att",10,30,10,0.95,10000,55.7476551533,5000,-1,50,0.05,0.1],[1,420,32.0019479929,1.0019479929,[11,22,15,14,20,24,6,3,24,4],"SA","att",10,30,10,0.95,10000,55.6433980465,5000,-1,50,0.05,0.1],[1,435,32.0019479929,1.0019479929,[11,22,15,14,20,24,6,3,24,4],"SA","att",10,30,10,0.95,10000,55.5904405117,5000,-1,50,0.05,0.1],[1,450,32.0019479929,1.0019479929,[11,22,15,14,20,24,6,3,24,4],"SA","att",10,30,10,0.95,10000,56.0577197075,5000,-1,50,0.05,0.1],[1,465,32.0019479929,1.0019479929,[11,22,15,14,20,24,6,3,24,4],"SA","att",10,30,10,0.95,10000,56.0328507423,5000,-1,50,0.05,0.1],[1,480,32.0019479929,1.0019479929,[11,22,15,14,20,24,6,3,24,4],"SA","att",10,30,10,0.95,10000,55.8913667202,5000,-1,50,0.05,0.1],[1,495,32.9680123458,1.9680123458,[28,21,25,6,1,24,24,3,24,4],"SA","att",10,30,10,0.95,10000,56.0200872421,5000,-1,50,0.05,0.1],[1,510,32.9680123458,1.9680123458,[28,21,25,6,1,24,24,3,24,4],"SA","att",10,30,10,0.95,10000,55.951154232,5000,-1,50,0.05,0.1],[1,525,32.9680123458,1.9680123458,[28,21,25,6,1,24,24,3,24,4],"SA","att",10,30,10,0.95,10000,55.5820870399,5000,-1,50,0.05,0.1],[1,540,32.9680123458,1.9680123458,[28,21,25,6,1,24,24,3,24,4],"SA","att",10,30,10,0.95,10000,55.8880860806,5000,-1,50,0.05,0.1],[1,555,32.9680123458,1.9680123458,[28,21,25,6,1,24,24,3,24,4],"SA","att",10,30,10,0.95,10000,55.5988152027,5000,-1,50,0.05,0.1],[1,570,33.1693502167,2.1693502167,[6,10,3,6,13,24,13,3,24,4],"SA","att",10,30,10,0.95,10000,56.0505731106,5000,-1,50,0.05,0.1],[1,585,34.1412302182,3.1412302182,[6,21,3,28,10,24,3,3,24,4],"SA","att",10,30,10,0.95,10000,55.7467961311,5000,-1,50,0.05,0.1],[1,600,34.1435016964,3.1435016964,[6,26,3,28,13,24,3,3,24,4],"SA","att",10,30,10,0.95,10000,55.7550411224,5000,-1,50,0.05,0.1],[1,615,34.1435016964,3.1435016964,[6,26,3,28,13,24,3,3,24,4],"SA","att",10,30,10,0.95,10000,56.0550632477,5000,-1,50,0.05,0.1],[1,630,34.1435016964,3.1435016964,[6,26,3,28,13,24,3,3,24,4],"SA","att",10,30,10,0.95,10000,55.6201205254,5000,-1,50,0.05,0.1],[1,645,34.1435016964,3.1435016964,[6,26,3,28,13,24,3,3,24,4],"SA","att",10,30,10,0.95,10000,55.5745010376,5000,-1,50,0.05,0.1],[1,660,34.1435016964,3.1435016964,[6,26,3,28,13,24,3,3,24,4],"SA","att",10,30,10,0.95,10000,55.7595643997,5000,-1,50,0.05,0.1],[1,675,34.1435016964,3.1435016964,[6,26,3,28,13,24,3,3,24,4],"SA","att",10,30,10,0.95,10000,56.0500416756,5000,-1,50,0.05,0.1],[1,690,34.1435016964,3.1435016964,[6,26,3,28,13,24,3,3,24,4],"SA","att",10,30,10,0.95,10000,55.7608745098,5000,-1,50,0.05,0.1],[1,705,34.5634025082,3.5634025082,[17,9,3,13,1,24,7,20,24,4],"SA","att",10,30,10,0.95,10000,55.6525084972,5000,-1,50,0.05,0.1],[1,720,35.2703923985,4.2703923985,[12,9,3,8,1,24,7,18,24,4],"SA","att",10,30,10,0.95,10000,58.2215878963,5000,-1,50,0.05,0.1],[1,735,35.2703923985,4.2703923985,[12,9,3,6,1,24,7,18,24,4],"SA","att",10,30,10,0.95,10000,55.9139819145,5000,-1,50,0.05,0.1],[1,750,35.511323011,4.511323011,[12,9,3,17,1,24,24,18,24,4],"SA","att",10,30,10,0.95,10000,55.6399736404,5000,-1,50,0.05,0.1],[1,765,36.5283146045,5.5283146045,[6,9,3,7,1,24,24,18,24,4],"SA","att",10,30,10,0.95,10000,56.0477013588,5000,-1,50,0.05,0.1],[1,780,36.5283146045,5.5283146045,[6,9,3,7,1,24,24,18,24,4],"SA","att",10,30,10,0.95,10000,55.923306942,5000,-1,50,0.05,0.1],[1,795,36.5283146045,5.5283146045,[6,9,3,7,1,24,24,18,24,4],"SA","att",10,30,10,0.95,10000,55.6243982315,5000,-1,50,0.05,0.1],[1,810,36.5283146045,5.5283146045,[6,9,3,7,1,24,24,18,24,4],"SA","att",10,30,10,0.95,10000,55.7582466602,5000,-1,50,0.05,0.1],[1,825,36.5283146045,5.5283146045,[6,9,3,7,1,24,24,18,24,4],"SA","att",10,30,10,0.95,10000,55.7613492012,5000,-1,50,0.05,0.1],[1,840,36.5283146045,5.5283146045,[6,9,3,7,1,24,24,18,24,4],"SA","att",10,30,10,0.95,10000,55.4562594891,5000,-1,50,0.05,0.1],[1,855,36.5283146045,5.5283146045,[6,9,3,7,1,24,24,18,24,4],"SA","att",10,30,10,0.95,10000,55.4817965031,5000,-1,50,0.05,0.1],[1,870,36.5283146045,5.5283146045,[6,9,3,7,1,24,24,18,24,4],"SA","att",10,30,10,0.95,10000,55.3013863564,5000,-1,50,0.05,0.1],[1,885,36.5283146045,5.5283146045,[6,9,3,7,1,24,24,18,24,4],"SA","att",10,30,10,0.95,10000,55.349067688,5000,-1,50,0.05,0.1],[1,900,36.5283146045,5.5283146045,[6,9,3,7,1,24,24,18,24,4],