{"columns":["ite","time","q","scaled_eu","z","solver","attacker","|Q|","|X|","|T|","rho","k","utility_time","RS_iters","mcts_iters","sa_iters","eps","lr"],"index":[0,1,2,3,4,5,6,7,8,9,10,11,12,13,14,15,16,17,18,19,20,21,22,23,24,25,26,27,28,29,30,31,32,33,34,35,36,37,38,39,40,41,42,43,44,45,46,47,48,49,50,51,52,53,54,55,56,57,58,59,60,61,62,63,64,65,66,67,68,69,70,71,72,73,74,75,76,77,78,79],"data":[[0,15,23.7861404403,-7.2138595597,[8,25,29,11,2,25,22,29,24,7],"SA","att",10,30,10,0.95,10000,51.4172697067,5000,-1,50,0.05,0.1],[0,30,25.1407083627,-5.8592916373,[6,11,13,11,2,25,22,13,24,7],"SA","att",10,30,10,0.95,10000,51.3203451633,5000,-1,50,0.05,0.1],[0,45,25.2145169797,-5.7854830203,[29,22,7,17,3,23,20,29,14,28],"SA","att",10,30,10,0.95,10000,51.546204567,5000,-1,50,0.05,0.1],[0,60,25.2145169797,-5.7854830203,[29,22,21,17,3,0,20,23,14,28],"SA","att",10,30,10,0.95,10000,51.6529192924,5000,-1,50,0.05,0.1],[0,75,27.869328091,-3.130671909,[7,15,29,24,27,8,14,3,14,17],"SA","att",10,30,10,0.95,10000,51.5743489265,5000,-1,50,0.05,0.1],[0,90,27.869328091,-3.130671909,[0,3,19,19,1,17,14,3,14,20],"SA","att",10,30,10,0.95,10000,51.5922224522,5000,-1,50,0.05,0.1],[0,105,27.8909148514,-3.1090851486,[22,3,14,19,1,26,29,19,14,0],"SA","att",10,30,10,0.95,10000,51.5494067669,5000,-1,50,0.05,0.1],[0,120,27.8909148514,-3.1090851486,[22,3,14,19,1,26,29,19,14,0],"SA","att",10,30,10,0.95,10000,51.5416455269,5000,-1,50,0.05,0.1],[0,135,27.8909148514,-3.1090851486,[22,3,14,19,1,26,29,19,14,0],"SA","att",10,30,10,0.95,10000,55.5402083397,5000,-1,50,0.05,0.1],[0,150,27.8909148514,-3.1090851486,[22,3,14,19,1,26,29,19,14,0],"SA","att",10,30,10,0.95,10000,71.7199625969,5000,-1,50,0.05,0.1],[0,165,27.8909148514,-3.1090851486,[22,3,14,19,1,26,29,19,14,0],"SA","att",10,30,10,0.95,10000,52.0809717178,5000,-1,50,0.05,0.1],[0,180,27.8909148514,-3.1090851486,[22,3,14,19,1,26,29,19,14,0],"SA","att",10,30,10,0.95,10000,51.6906614304,5000,-1,50,0.05,0.1],[0,195,27.8909148514,-3.1090851486,[22,3,14,19,1,26,29,19,14,0],"SA","att",10,30,10,0.95,10000,51.5709061623,5000,-1,50,0.05,0.1],[0,210,33.0901102736,2.0901102736,[25,13,17,15,5,14,24,20,0,0],"SA","att",10,30,10,0.95,10000,51.5741019249,5000,-1,50,0.05,0.1],[0,225,33.0901102736,2.0901102736,[10,1,3,15,5,14,24,3,0,0],"SA","att",10,30,10,0.95,10000,51.7398986816,5000,-1,50,0.05,0.1],[0,240,33.0901102736,2.0901102736,[10,1,3,15,5,14,24,3,0,0],"SA","att",10,30,10,0.95,10000,51.7406489849,5000,-1,50,0.05,0.1],[0,255,33.0901102736,2.0901102736,[10,1,3,15,5,14,24,3,0,0],"SA","att",10,30,10,0.95,10000,51.6651818752,5000,-1,50,0.05,0.1],[0,270,33.0901102736,2.0901102736,[10,1,3,15,5,14,24,3,0,0],"SA","att",10,30,10,0.95,10000,51.7832298279,5000,-1,50,0.05,0.1],[0,285,33.0901102736,2.0901102736,[10,1,3,15,5,14,24,3,0,0],"SA","att",10,30,10,0.95,10000,51.6103627682,5000,-1,50,0.05,0.1],[0,300,33.0901102736,2.0901102736,[10,1,3,15,5,14,24,3,0,0],"SA","att",10,30,10,0.95,10000,51.9322421551,5000,-1,50,0.05,0.1],[0,315,33.0901102736,2.0901102736,[10,1,3,15,5,14,24,3,0,0],"SA","att",10,30,10,0.95,10000,51.914257288,5000,-1,50,0.05,0.1],[0,330,33.0901102736,2.0901102736,[10,1,3,15,5,14,24,3,0,0],"SA","att",10,30,10,0.95,10000,52.030143261,5000,-1,50,0.05,0.1],[0,345,33.0901102736,2.0901102736,[10,1,3,15,5,14,24,3,0,0],"SA","att",10,30,10,0.95,10000,52.1260325909,5000,-1,50,0.05,0.1],[0,360,34.4355619038,3.4355619038,[25,20,9,10,2,24,3,3,0,20],"SA","att",10,30,10,0.95,10000,52.1061611176,5000,-1,50,0.05,0.1],[0,375,34.4355619038,3.4355619038,[21,20,19,10,2,24,14,3,0,20],"SA","att",10,30,10,0.95,10000,51.7938857079,5000,-1,50,0.05,0.1],[0,390,34.4355619038,3.4355619038,[21,20,19,10,2,24,14,3,0,20],"SA","att",10,30,10,0.95,10000,51.5094704628,5000,-1,50,0.05,0.1],[0,405,34.5950445504,3.5950445504,[3,20,19,10,28,24,3,18,0,20],"SA","att",10,30,10,0.95,10000,51.5883469582,5000,-1,50,0.05,0.1],[0,420,35.8401383198,4.8401383198,[8,0,9,19,26,24,14,6,0,20],"SA","att",10,30,10,0.95,10000,51.7257256508,5000,-1,50,0.05,0.1],[0,435,35.8401383198,4.8401383198,[8,0,9,19,26,24,14,6,0,20],"SA","att",10,30,10,0.95,10000,51.770128727,5000,-1,50,0.05,0.1],[0,450,35.8401383198,4.8401383198,[8,0,9,19,26,24,14,6,0,20],"SA","att",10,30,10,0.95,10000,51.8468067646,5000,-1,50,0.05,0.1],[0,465,35.8401383198,4.8401383198,[8,0,9,19,26,24,14,6,0,20],"SA","att",10,30,10,0.95,10000,51.8172447681,5000,-1,50,0.05,0.1],[0,480,35.8401383198,4.8401383198,[8,0,9,19,26,24,14,6,0,20],"SA","att",10,30,10,0.95,10000,51.7417235374,5000,-1,50,0.05,0.1],[0,495,35.8401383198,4.8401383198,[8,0,9,19,26,24,14,6,0,20],"SA","att",10,30,10,0.95,10000,51.6463134289,5000,-1,50,0.05,0.1],[0,510,35.8401383198,4.8401383198,[8,0,9,19,26,24,14,6,0,20],"SA","att",10,30,10,0.95,10000,51.4712722301,5000,-1,50,0.05,0.1],[0,525,36.4469388963,5.4469388963,[6,12,6,8,27,24,14,18,0,20],"SA","att",10,30,10,0.95,10000,51.50715518,5000,-1,50,0.05,0.1],[0,540,36.5114536409,5.5114536409,[6,12,7,8,28,24,14,18,0,20],"SA","att",10,30,10,0.95,10000,51.4470689297,5000,-1,50,0.05,0.1],[0,555,36.5114536409,5.5114536409,[6,12,7,8,28,24,14,18,0,20],"SA","att",10,30,10,0.95,10000,51.6027605534,5000,-1,50,0.05,0.1],[0,570,36.6183199916,5.6183199916,[6,24,7,20,0,24,14,18,0,20],"SA","att",10,30,10,0.95,10000,51.7751400471,5000,-1,50,0.05,0.1],[0,585,36.6183199916,5.6183199916,[6,24,7,20,0,24,14,18,0,20],"SA","att",10,30,10,0.95,10000,51.6181776524,5000,-1,50,0.05,0.1],[0,600,36.6183199916,5.6183199916,[6,24,7,20,0,24,14,18,0,20],"SA","att",10,30,10,0.95,10000,51.7571549416,5000,-1,50,0.05,0.1],[0,615,36.6183199916,5.6183199916,[6,24,7,20,0,24,14,18,0,20],"SA","att",10,30,10,0.95,10000,51.6916794777,5000,-1,50,0.05,0.1],[0,630,36.9585442952,5.9585442952,[21,19,29,19,6,24,14,18,0,0],"SA","att",10,30,10,0.95,10000,51.7461607456,5000,-1,50,0.05,0.1],[0,645,36.9585442952,5.9585442952,[6,19,29,19,6,24,14,18,0,0],"SA","att",10,30,10,0.95,10000,51.5367212296,5000,-1,50,0.05,0.1],[0,660,37.9808215288,6.9808215288,[6,19,6,19,6,24,14,18,0,0],"SA","att",10,30,10,0.95,10000,51.8212151527,5000,-1,50,0.05,0.1],[0,675,37.9808215288,6.9808215288,[6,20,26,19,27,24,14,18,0,0],"SA","att",10,30,10,0.95,10000,51.6802797318,5000,-1,50,0.05,0.1],[0,690,37.9808215288,6.9808215288,[6,20,26,19,27,24,14,18,0,0],"SA","att",10,30,10,0.95,10000,51.7282698154,5000,-1,50,0.05,0.1],[0,705,37.9808215288,6.9808215288,[6,20,26,19,27,24,14,18,0,0],"SA","att",10,30,10,0.95,10000,51.7119657993,5000,-1,50,0.05,0.1],[0,720,37.9808215288,6.9808215288,[6,20,26,19,27,24,14,18,0,0],"SA","att",10,30,10,0.95,10000,51.6373381615,5000,-1,50,0.05,0.1],[0,735,37.9808215288,6.9808215288,[6,20,18,19,27,24,14,18,0,0],"SA","att",10,30,10,0.95,10000,51.6715884209,5000,-1,50,0.05,0.1],[0,750,37.9808215288,6.9808215288,[6,20,18,19,27,24,14,18,0,0],"SA","att",10,30,10,0.95,10000,51.6290605068,5000,-1,50,0.05,0.1],[0,765,37.9808215288,6.9808215288,[6,20,18,19,27,24,14,18,0,0],"SA","att",10,30,10,0.95,10000,51.6193230152,5000,-1,50,0.05,0.1],[0,780,37.9808215288,6.9808215288,[6,20,18,19,27,24,14,18,0,0],"SA","att",10,30,10,0.95,10000,51.5425937176,5000,-1,50,0.05,0.1],[0,795,37.9808215288,6.9808215288,[6,20,18,19,27,24,14,18,0,0],"SA","att",10,30,10,0.95,10000,51.7781584263,5000,-1,50,0.05,0.1],[0,810,37.9808215288,6.9808215288,[6,20,18,19,27,24,14,18,0,0],"SA","att",10,30,10,0.95,10000,51.8978507519,5000,-1,50,0.05,0.1],[0,825,37.9808215288,6.9808215288,[6,20,18,19,27,24,14,18,0,0],"SA","att",10,30,10,0.95,10000,51.6852278709,5000,-1,50,0.05,0.1],[0,840,37.9808215288,6.9808215288,[6,19,8,19,20,24,14,18,0,0],"SA","att",10,30,10,0.95,10000,51.6175115108,5000,-1,50,0.05,0.1],[0,855,37.9808215288,6.9808215288,[6,19,1,19,1,24,14,18,0,0],"SA","att",10,30,10,0.95,10000,51.7652187347,5000,-1,50,0.05,0.1],[0,870,37.9808215288,6.9808215288,[6,19,1,19,1,24,14,18,0,0],"SA","att",10,30,10,0.95,10000,51.6355769634,5000,-1,50,0.05,0.1],[0,885,37.9808215288,6.9808215288,[6,19,1,19,1,24,14,18,0,0],