{"columns":["ite","time","q","scaled_eu","z","solver","attacker","|Q|","|X|","|T|","rho","k","utility_time","RS_iters","mcts_iters","sa_iters","eps","lr"],"index":[0,1,2,3,4,5,6,7,8,9,10,11,12,13,14,15,16,17,18,19,20,21,22,23,24,25,26,27,28,29,30,31,32,33,34,35,36,37,38,39,40,41,42,43,44,45,46,47,48,49,50,51,52,53,54,55,56,57,58,59,60,61,62,63,64,65,66,67,68,69,70,71,72,73,74,75,76,77,78,79],"data":[[3,15,23.7058963352,-7.2941036648,[20,27,25,11,16,10,24,17,14,7],"SA","att",10,30,10,0.95,10000,87.7347562313,5000,-1,50,0.05,0.1],[3,30,23.7058963352,-7.2941036648,[20,27,25,11,16,10,24,17,14,7],"SA","att",10,30,10,0.95,10000,52.6398932934,5000,-1,50,0.05,0.1],[3,45,26.2957872087,-4.7042127913,[6,29,2,4,3,10,28,20,14,12],"SA","att",10,30,10,0.95,10000,53.5772707462,5000,-1,50,0.05,0.1],[3,60,26.6439171692,-4.3560828308,[6,23,2,7,3,10,8,20,14,25],"SA","att",10,30,10,0.95,10000,52.6394274235,5000,-1,50,0.05,0.1],[3,75,26.6439171692,-4.3560828308,[6,23,2,7,3,10,8,20,14,25],"SA","att",10,30,10,0.95,10000,56.2312345505,5000,-1,50,0.05,0.1],[3,90,26.6439171692,-4.3560828308,[6,23,2,7,3,10,8,20,14,25],"SA","att",10,30,10,0.95,10000,60.5275986195,5000,-1,50,0.05,0.1],[3,105,26.6439171692,-4.3560828308,[6,23,2,7,3,10,8,20,14,25],"SA","att",10,30,10,0.95,10000,55.991631031,5000,-1,50,0.05,0.1],[3,120,26.6439171692,-4.3560828308,[6,23,2,7,3,10,8,20,14,25],"SA","att",10,30,10,0.95,10000,55.9953432083,5000,-1,50,0.05,0.1],[3,135,26.6439171692,-4.3560828308,[2,16,14,19,17,2,1,23,23,17],"SA","att",10,30,10,0.95,10000,56.3038771152,5000,-1,50,0.05,0.1],[3,150,26.6439171692,-4.3560828308,[8,16,26,3,28,16,23,6,23,4],"SA","att",10,30,10,0.95,10000,60.915790081,5000,-1,50,0.05,0.1],[3,165,26.6439171692,-4.3560828308,[8,16,26,3,28,16,23,6,23,4],"SA","att",10,30,10,0.95,10000,56.3799040318,5000,-1,50,0.05,0.1],[3,180,26.6439171692,-4.3560828308,[8,16,26,3,28,16,23,6,23,4],"SA","att",10,30,10,0.95,10000,56.0983285904,5000,-1,50,0.05,0.1],[3,195,26.6439171692,-4.3560828308,[2,0,3,8,4,20,14,3,14,4],"SA","att",10,30,10,0.95,10000,56.1681427956,5000,-1,50,0.05,0.1],[3,210,30.1043687063,-0.8956312937,[0,15,4,15,7,17,14,3,14,4],"SA","att",10,30,10,0.95,10000,56.0338978767,5000,-1,50,0.05,0.1],[3,225,30.4111456533,-0.5888543467,[25,25,15,15,29,16,14,3,23,4],"SA","att",10,30,10,0.95,10000,56.2557711601,5000,-1,50,0.05,0.1],[3,240,30.6799418218,-0.3200581782,[17,14,15,15,17,8,14,14,23,4],"SA","att",10,30,10,0.95,10000,56.0524156094,5000,-1,50,0.05,0.1],[3,255,30.7620076681,-0.2379923319,[26,16,22,15,17,8,14,15,23,4],"SA","att",10,30,10,0.95,10000,56.4556846619,5000,-1,50,0.05,0.1],[3,270,31.684909452,0.684909452,[27,9,22,10,5,16,14,15,23,4],"SA","att",10,30,10,0.95,10000,56.1043293476,5000,-1,50,0.05,0.1],[3,285,31.684909452,0.684909452,[27,9,22,10,5,16,14,15,23,4],"SA","att",10,30,10,0.95,10000,56.0690329075,5000,-1,50,0.05,0.1],[3,300,31.684909452,0.684909452,[27,9,22,10,5,16,14,15,23,4],"SA","att",10,30,10,0.95,10000,56.4839296341,5000,-1,50,0.05,0.1],[3,315,31.684909452,0.684909452,[27,9,22,10,5,16,14,15,23,4],"SA","att",10,30,10,0.95,10000,56.6976983547,5000,-1,50,0.05,0.1],[3,330,31.9522575083,0.9522575083,[10,16,15,1,11,24,14,15,23,4],"SA","att",10,30,10,0.95,10000,56.7637307644,5000,-1,50,0.05,0.1],[3,345,31.9522575083,0.9522575083,[10,16,28,1,11,24,14,15,23,4],"SA","att",10,30,10,0.95,10000,56.2960691452,5000,-1,50,0.05,0.1],[3,360,31.9522575083,0.9522575083,[10,16,28,1,11,24,14,15,23,4],"SA","att",10,30,10,0.95,10000,56.3638269901,5000,-1,50,0.05,0.1],[3,375,31.9522575083,0.9522575083,[10,16,28,1,11,24,14,15,23,4],"SA","att",10,30,10,0.95,10000,56.4206821918,5000,-1,50,0.05,0.1],[3,390,31.9522575083,0.9522575083,[10,16,28,1,11,24,14,15,23,4],"SA","att",10,30,10,0.95,10000,56.3440001011,5000,-1,50,0.05,0.1],[3,405,31.9522575083,0.9522575083,[10,16,28,1,11,24,14,15,23,4],"SA","att",10,30,10,0.95,10000,56.306501627,5000,-1,50,0.05,0.1],[3,420,31.9522575083,0.9522575083,[10,16,28,1,11,24,14,15,23,4],"SA","att",10,30,10,0.95,10000,56.6608054638,5000,-1,50,0.05,0.1],[3,435,31.9522575083,0.9522575083,[10,16,28,1,11,24,14,15,23,4],"SA","att",10,30,10,0.95,10000,56.2485394478,5000,-1,50,0.05,0.1],[3,450,31.9522575083,0.9522575083,[10,16,28,1,11,24,14,15,23,4],"SA","att",10,30,10,0.95,10000,56.2134838104,5000,-1,50,0.05,0.1],[3,465,31.9522575083,0.9522575083,[10,16,28,1,11,24,14,15,23,4],"SA","att",10,30,10,0.95,10000,56.1267466545,5000,-1,50,0.05,0.1],[3,480,31.9522575083,0.9522575083,[10,16,28,1,11,24,14,15,23,4],"SA","att",10,30,10,0.95,10000,56.2043361664,5000,-1,50,0.05,0.1],[3,495,31.9522575083,0.9522575083,[10,16,28,1,11,24,14,15,23,4],"SA","att",10,30,10,0.95,10000,56.1411240101,5000,-1,50,0.05,0.1],[3,510,31.9522575083,0.9522575083,[10,16,28,1,11,24,14,15,23,4],"SA","att",10,30,10,0.95,10000,56.2269566059,5000,-1,50,0.05,0.1],[3,525,31.9522575083,0.9522575083,[10,16,28,1,11,24,14,15,23,4],"SA","att",10,30,10,0.95,10000,56.3032186031,5000,-1,50,0.05,0.1],[3,540,31.9522575083,0.9522575083,[10,16,28,1,11,24,14,15,23,4],"SA","att",10,30,10,0.95,10000,56.2932367325,5000,-1,50,0.05,0.1],[3,555,31.9522575083,0.9522575083,[10,16,28,1,11,24,14,15,23,4],"SA","att",10,30,10,0.95,10000,56.2689709663,5000,-1,50,0.05,0.1],[3,570,31.9522575083,0.9522575083,[10,16,28,1,11,24,14,15,23,4],"SA","att",10,30,10,0.95,10000,56.3395185471,5000,-1,50,0.05,0.1],[3,585,31.9522575083,0.9522575083,[10,16,28,1,11,24,14,15,23,4],"SA","att",10,30,10,0.95,10000,56.1848733425,5000,-1,50,0.05,0.1],[3,600,31.9522575083,0.9522575083,[10,16,28,1,11,24,14,15,23,4],"SA","att",10,30,10,0.95,10000,56.215388298,5000,-1,50,0.05,0.1],[3,615,31.9522575083,0.9522575083,[10,16,28,1,11,24,14,15,23,4],"SA","att",10,30,10,0.95,10000,56.2771439552,5000,-1,50,0.05,0.1],[3,630,31.9522575083,0.9522575083,[10,16,28,1,11,24,14,15,23,4],"SA","att",10,30,10,0.95,10000,56.2309136391,5000,-1,50,0.05,0.1],[3,645,31.9522575083,0.9522575083,[10,16,28,1,11,24,14,15,23,4],"SA","att",10,30,10,0.95,10000,56.3463461399,5000,-1,50,0.05,0.1],[3,660,31.9522575083,0.9522575083,[10,16,28,1,11,24,14,15,23,4],"SA","att",10,30,10,0.95,10000,56.2583751678,5000,-1,50,0.05,0.1],[3,675,31.9522575083,0.9522575083,[10,16,28,1,11,24,14,15,23,4],"SA","att",10,30,10,0.95,10000,56.246676445,5000,-1,50,0.05,0.1],[3,690,31.9522575083,0.9522575083,[10,16,28,1,11,24,14,15,23,4],"SA","att",10,30,10,0.95,10000,56.2653048038,5000,-1,50,0.05,0.1],[3,705,31.9522575083,0.9522575083,[10,16,28,1,11,24,14,15,23,4],"SA","att",10,30,10,0.95,10000,56.2808418274,5000,-1,50,0.05,0.1],[3,720,31.9522575083,0.9522575083,[10,16,28,1,11,24,14,15,23,4],"SA","att",10,30,10,0.95,10000,56.2003788948,5000,-1,50,0.05,0.1],[3,735,31.9522575083,0.9522575083,[10,16,28,1,11,24,14,15,23,4],"SA","att",10,30,10,0.95,10000,56.2674195766,5000,-1,50,0.05,0.1],[3,750,31.9522575083,0.9522575083,[10,16,28,1,11,24,14,15,23,4],"SA","att",10,30,10,0.95,10000,56.3061904907,5000,-1,50,0.05,0.1],[3,765,31.9522575083,0.9522575083,[10,16,28,1,11,24,14,15,23,4],"SA","att",10,30,10,0.95,10000,56.2952158451,5000,-1,50,0.05,0.1],[3,780,31.9522575083,0.9522575083,[10,16,28,1,11,24,14,15,23,4],"SA","att",10,30,10,0.95,10000,56.2737329006,5000,-1,50,0.05,0.1],[3,795,31.9522575083,0.9522575083,[10,16,28,1,11,24,14,15,23,4],"SA","att",10,30,10,0.95,10000,56.2795946598,5000,-1,50,0.05,0.1],[3,810,31.9522575083,0.9522575083,[10,16,28,1,11,24,14,15,23,4],"SA","att",10,30,10,0.95,10000,56.3745830059,5000,-1,50,0.05,0.1],[3,825,31.9522575083,0.9522575083,[10,16,28,1,11,24,14,15,23,4],"SA","att",10,30,10,0.95,10000,56.3510806561,5000,-1,50,0.05,0.1],[3,840,31.9522575083,0.9522575083,[10,16,28,1,11,24,14,15,23,4],"SA","att",10,30,10,0.95,10000,56.3417856693,5000,-1,50,0.05,0.1],[3,855,31.9522575083,0.9522575083,[10,16,28,1,11,24,14,15,23,4],"SA","att",10,30,10,0.95,10000,56.2171323299,5000,-1,50,0.05,0.1],[3,870,31.9522575083,0.9522575083,[10,16,28,1,11,24,14,15,23,4],"SA","att",10,30,10,0.95,10000,56.2759633064,5000,-1,50,0.05,0.1],[3,885,31.9522575083,0.9522575083,[10,16,28,1,11,24,14,15,23,4],