{"columns":["ite","time","q","scaled_eu","z","solver","attacker","|Q|","|X|","|T|","rho","k","utility_time","RS_iters","mcts_iters","sa_iters","eps","lr"],"index":[0,1,2,3,4,5,6,7,8,9,10,11,12,13,14,15,16,17,18,19,20,21,22,23,24,25,26,27,28,29,30,31,32,33,34,35,36,37,38,39,40,41,42,43,44,45,46,47,48,49,50,51,52,53,54,55,56,57,58,59,60,61,62,63,64,65,66,67,68,69,70,71,72,73,74,75,76,77,78,79],"data":[[5,15,22.5088565183,-8.4911434817,[22,8,1,19,21,13,27,10,22,12],"SA","att",10,30,10,0.95,10000,55.9663972855,5000,-1,50,0.05,0.1],[5,30,22.9537044748,-8.0462955252,[2,12,29,12,8,10,6,26,6,6],"SA","att",10,30,10,0.95,10000,56.0367772579,5000,-1,50,0.05,0.1],[5,45,24.0348840274,-6.9651159726,[1,9,13,15,8,13,6,26,6,6],"SA","att",10,30,10,0.95,10000,56.4629855156,5000,-1,50,0.05,0.1],[5,60,25.4028392636,-5.5971607364,[3,15,6,5,11,23,13,15,23,8],"SA","att",10,30,10,0.95,10000,56.1826136112,5000,-1,50,0.05,0.1],[5,75,25.9607806594,-5.0392193406,[3,6,11,8,11,23,18,3,23,2],"SA","att",10,30,10,0.95,10000,56.1707143784,5000,-1,50,0.05,0.1],[5,90,25.9607806594,-5.0392193406,[3,6,11,8,11,23,18,3,23,2],"SA","att",10,30,10,0.95,10000,68.5263524055,5000,-1,50,0.05,0.1],[5,105,25.9607806594,-5.0392193406,[3,6,11,8,11,23,18,3,23,2],"SA","att",10,30,10,0.95,10000,52.6007220745,5000,-1,50,0.05,0.1],[5,120,25.9607806594,-5.0392193406,[3,6,11,8,11,23,18,3,23,2],"SA","att",10,30,10,0.95,10000,52.6645672321,5000,-1,50,0.05,0.1],[5,135,27.4053361443,-3.5946638557,[8,20,25,3,4,24,1,15,23,0],"SA","att",10,30,10,0.95,10000,53.8364536762,5000,-1,50,0.05,0.1],[5,150,27.4053361443,-3.5946638557,[8,26,6,3,1,24,1,15,23,0],"SA","att",10,30,10,0.95,10000,53.0629835129,5000,-1,50,0.05,0.1],[5,165,27.4053361443,-3.5946638557,[25,12,15,3,1,9,23,15,0,0],"SA","att",10,30,10,0.95,10000,62.099547863,5000,-1,50,0.05,0.1],[5,180,27.4053361443,-3.5946638557,[25,12,15,3,1,9,23,15,0,0],"SA","att",10,30,10,0.95,10000,79.2615623474,5000,-1,50,0.05,0.1],[5,195,27.5373906673,-3.4626093327,[13,5,23,21,24,1,20,29,0,22],"SA","att",10,30,10,0.95,10000,63.1247522831,5000,-1,50,0.05,0.1],[5,210,27.5373906673,-3.4626093327,[13,5,23,21,24,1,20,29,0,22],"SA","att",10,30,10,0.95,10000,52.5383453369,5000,-1,50,0.05,0.1],[5,225,27.5373906673,-3.4626093327,[13,5,23,21,24,1,20,29,0,22],"SA","att",10,30,10,0.95,10000,52.4838457108,5000,-1,50,0.05,0.1],[5,240,27.5373906673,-3.4626093327,[13,5,23,21,24,1,20,29,0,22],"SA","att",10,30,10,0.95,10000,52.4920198917,5000,-1,50,0.05,0.1],[5,255,27.5373906673,-3.4626093327,[13,5,23,21,24,1,20,29,0,22],"SA","att",10,30,10,0.95,10000,75.8463346958,5000,-1,50,0.05,0.1],[5,270,27.5373906673,-3.4626093327,[13,5,23,21,24,1,20,29,0,22],"SA","att",10,30,10,0.95,10000,57.1442079544,5000,-1,50,0.05,0.1],[5,285,27.5373906673,-3.4626093327,[13,5,23,21,24,1,20,29,0,22],"SA","att",10,30,10,0.95,10000,56.7066748142,5000,-1,50,0.05,0.1],[5,300,27.5373906673,-3.4626093327,[13,5,23,21,24,1,20,29,0,22],"SA","att",10,30,10,0.95,10000,56.4723768234,5000,-1,50,0.05,0.1],[5,315,27.5373906673,-3.4626093327,[13,5,23,21,24,1,20,29,0,22],"SA","att",10,30,10,0.95,10000,56.3698441982,5000,-1,50,0.05,0.1],[5,330,27.5373906673,-3.4626093327,[13,5,23,21,24,1,20,29,0,22],"SA","att",10,30,10,0.95,10000,56.7261602879,5000,-1,50,0.05,0.1],[5,345,27.5373906673,-3.4626093327,[13,5,23,21,24,1,20,29,0,22],"SA","att",10,30,10,0.95,10000,56.6357979774,5000,-1,50,0.05,0.1],[5,360,27.5373906673,-3.4626093327,[13,5,23,21,24,1,20,29,0,22],"SA","att",10,30,10,0.95,10000,56.461977005,5000,-1,50,0.05,0.1],[5,375,27.5373906673,-3.4626093327,[13,5,23,21,24,1,20,29,0,22],"SA","att",10,30,10,0.95,10000,56.5363326073,5000,-1,50,0.05,0.1],[5,390,27.5373906673,-3.4626093327,[13,5,23,21,24,1,20,29,0,22],"SA","att",10,30,10,0.95,10000,56.4846816063,5000,-1,50,0.05,0.1],[5,405,27.5373906673,-3.4626093327,[13,5,23,21,24,1,20,29,0,22],"SA","att",10,30,10,0.95,10000,56.5581293106,5000,-1,50,0.05,0.1],[5,420,27.5373906673,-3.4626093327,[13,5,23,21,24,1,20,29,0,22],"SA","att",10,30,10,0.95,10000,56.3792347908,5000,-1,50,0.05,0.1],[5,435,27.5373906673,-3.4626093327,[13,5,23,21,24,1,20,29,0,22],"SA","att",10,30,10,0.95,10000,56.3719284534,5000,-1,50,0.05,0.1],[5,450,27.5373906673,-3.4626093327,[13,5,23,21,24,1,20,29,0,22],"SA","att",10,30,10,0.95,10000,85.2715969086,5000,-1,50,0.05,0.1],[5,465,27.5373906673,-3.4626093327,[13,5,23,21,24,1,20,29,0,22],"SA","att",10,30,10,0.95,10000,90.1469912529,5000,-1,50,0.05,0.1],[5,480,27.5373906673,-3.4626093327,[13,5,23,21,24,1,20,29,0,22],"SA","att",10,30,10,0.95,10000,68.7579874992,5000,-1,50,0.05,0.1],[5,495,27.5373906673,-3.4626093327,[13,5,23,21,24,1,20,29,0,22],"SA","att",10,30,10,0.95,10000,56.5412733555,5000,-1,50,0.05,0.1],[5,510,27.5373906673,-3.4626093327,[13,5,23,21,24,1,20,29,0,22],"SA","att",10,30,10,0.95,10000,60.0833661556,5000,-1,50,0.05,0.1],[5,525,27.5373906673,-3.4626093327,[13,5,23,21,24,1,20,29,0,22],"SA","att",10,30,10,0.95,10000,55.8807911873,5000,-1,50,0.05,0.1],[5,540,27.5373906673,-3.4626093327,[13,5,23,21,24,1,20,29,0,22],"SA","att",10,30,10,0.95,10000,55.861811161,5000,-1,50,0.05,0.1],[5,555,27.5373906673,-3.4626093327,[13,5,23,21,24,1,20,29,0,22],"SA","att",10,30,10,0.95,10000,55.9642903805,5000,-1,50,0.05,0.1],[5,570,27.5373906673,-3.4626093327,[13,5,23,21,24,1,20,29,0,22],"SA","att",10,30,10,0.95,10000,55.951444149,5000,-1,50,0.05,0.1],[5,585,27.5373906673,-3.4626093327,[13,5,23,21,24,1,20,29,0,22],"SA","att",10,30,10,0.95,10000,55.92085886,5000,-1,50,0.05,0.1],[5,600,27.5373906673,-3.4626093327,[13,5,23,21,24,1,20,29,0,22],"SA","att",10,30,10,0.95,10000,56.1091942787,5000,-1,50,0.05,0.1],[5,615,27.5373906673,-3.4626093327,[13,5,23,21,24,1,20,29,0,22],"SA","att",10,30,10,0.95,10000,55.9961352348,5000,-1,50,0.05,0.1],[5,630,27.5373906673,-3.4626093327,[13,5,23,21,24,1,20,29,0,22],"SA","att",10,30,10,0.95,10000,56.0291862488,5000,-1,50,0.05,0.1],[5,645,27.5373906673,-3.4626093327,[13,5,23,21,24,1,20,29,0,22],"SA","att",10,30,10,0.95,10000,56.0280303955,5000,-1,50,0.05,0.1],[5,660,27.5373906673,-3.4626093327,[13,5,23,21,24,1,20,29,0,22],"SA","att",10,30,10,0.95,10000,55.9664490223,5000,-1,50,0.05,0.1],[5,675,27.5373906673,-3.4626093327,[13,5,23,21,24,1,20,29,0,22],"SA","att",10,30,10,0.95,10000,55.9958951473,5000,-1,50,0.05,0.1],[5,690,27.5373906673,-3.4626093327,[13,5,23,21,24,1,20,29,0,22],"SA","att",10,30,10,0.95,10000,56.0455839634,5000,-1,50,0.05,0.1],[5,705,27.5373906673,-3.4626093327,[13,5,23,21,24,1,20,29,0,22],"SA","att",10,30,10,0.95,10000,56.0125505924,5000,-1,50,0.05,0.1],[5,720,27.5373906673,-3.4626093327,[13,5,23,21,24,1,20,29,0,22],"SA","att",10,30,10,0.95,10000,56.0389318466,5000,-1,50,0.05,0.1],[5,735,27.5373906673,-3.4626093327,[13,5,23,21,24,1,20,29,0,22],"SA","att",10,30,10,0.95,10000,61.6343753338,5000,-1,50,0.05,0.1],[5,750,27.5373906673,-3.4626093327,[13,5,23,21,24,1,20,29,0,22],"SA","att",10,30,10,0.95,10000,61.2563192844,5000,-1,50,0.05,0.1],[5,765,27.5373906673,-3.4626093327,[13,5,23,21,24,1,20,29,0,22],"SA","att",10,30,10,0.95,10000,56.8538656235,5000,-1,50,0.05,0.1],[5,780,27.5373906673,-3.4626093327,[13,5,23,21,24,1,20,29,0,22],"SA","att",10,30,10,0.95,10000,56.4419112206,5000,-1,50,0.05,0.1],[5,795,27.5373906673,-3.4626093327,[13,5,23,21,24,1,20,29,0,22],"SA","att",10,30,10,0.95,10000,56.3709170818,5000,-1,50,0.05,0.1],[5,810,27.5373906673,-3.4626093327,[13,5,23,21,24,1,20,29,0,22],"SA","att",10,30,10,0.95,10000,56.4419314861,5000,-1,50,0.05,0.1],[5,825,27.5373906673,-3.4626093327,[13,5,23,21,24,1,20,29,0,22],"SA","att",10,30,10,0.95,10000,56.7852787971,5000,-1,50,0.05,0.1],[5,840,27.5373906673,-3.4626093327,[13,5,23,21,24,1,20,29,0,22],"SA","att",10,30,10,0.95,10000,58.4387891293,5000,-1,50,0.05,0.1],[5,855,27.5373906673,-3.4626093327,[13,5,23,21,24,1,20,29,0,22],"SA","att",10,30,10,0.95,10000,56.185593605,5000,-1,50,0.05,0.1],[5,870,27.5373906673,-3.4626093327,[13,5,23,21,24,1,20,29,0,22],"SA","att",10,30,10,0.95,10000,56.2033107281,5000,-1,50,0.05,0.1],[5,885,27.5373906673,-3.4626093327,[13,5,23,21,24,1,20,29,0,22],