{"columns":["ite","time","q","scaled_eu","z","solver","attacker","|Q|","|X|","|T|","rho","k","utility_time","RS_iters","mcts_iters","sa_iters","eps","lr"],"index":[0,1,2,3,4,5,6,7,8,9,10,11,12,13,14,15,16,17,18,19,20,21,22,23,24,25,26,27,28,29,30,31,32,33,34,35,36,37,38,39,40,41,42,43,44,45,46,47,48,49,50,51,52,53,54,55,56,57,58,59,60,61,62,63,64,65,66,67,68,69,70,71,72,73,74,75,76,77,78,79],"data":[[2,15,21.4766375643,-9.5233624357,[1,21,7,17,28,11,29,7,4,29],"SA","att",10,30,10,0.95,10000,87.5886173248,5000,-1,50,0.05,0.1],[2,30,22.1913515445,-8.8086484555,[11,6,19,21,28,2,9,26,12,5],"SA","att",10,30,10,0.95,10000,56.2237486839,5000,-1,50,0.05,0.1],[2,45,25.0672583338,-5.9327416662,[24,13,9,25,28,6,6,19,19,2],"SA","att",10,30,10,0.95,10000,62.81153512,5000,-1,50,0.05,0.1],[2,60,25.0672583338,-5.9327416662,[9,8,25,5,7,3,20,19,27,4],"SA","att",10,30,10,0.95,10000,56.0891480446,5000,-1,50,0.05,0.1],[2,75,25.0672583338,-5.9327416662,[9,8,25,5,7,3,20,19,27,4],"SA","att",10,30,10,0.95,10000,56.0781736374,5000,-1,50,0.05,0.1],[2,90,25.0672583338,-5.9327416662,[9,6,28,22,19,4,14,20,19,4],"SA","att",10,30,10,0.95,10000,56.3115069866,5000,-1,50,0.05,0.1],[2,105,25.0672583338,-5.9327416662,[9,6,28,22,19,4,14,20,19,4],"SA","att",10,30,10,0.95,10000,56.3789966106,5000,-1,50,0.05,0.1],[2,120,25.0672583338,-5.9327416662,[9,6,28,22,19,4,14,20,19,4],"SA","att",10,30,10,0.95,10000,55.9602901936,5000,-1,50,0.05,0.1],[2,135,25.0672583338,-5.9327416662,[9,6,28,22,19,4,14,20,19,4],"SA","att",10,30,10,0.95,10000,55.9082083702,5000,-1,50,0.05,0.1],[2,150,25.0672583338,-5.9327416662,[9,6,28,22,19,4,14,20,19,4],"SA","att",10,30,10,0.95,10000,55.9545490742,5000,-1,50,0.05,0.1],[2,165,25.0672583338,-5.9327416662,[9,6,28,22,19,4,14,20,19,4],"SA","att",10,30,10,0.95,10000,55.9414420128,5000,-1,50,0.05,0.1],[2,180,25.0672583338,-5.9327416662,[9,6,28,22,19,4,14,20,19,4],"SA","att",10,30,10,0.95,10000,56.0636427402,5000,-1,50,0.05,0.1],[2,195,25.0672583338,-5.9327416662,[9,6,28,22,19,4,14,20,19,4],"SA","att",10,30,10,0.95,10000,55.8822102547,5000,-1,50,0.05,0.1],[2,210,25.0672583338,-5.9327416662,[9,6,28,22,19,4,14,20,19,4],"SA","att",10,30,10,0.95,10000,55.9300410748,5000,-1,50,0.05,0.1],[2,225,25.0672583338,-5.9327416662,[9,6,28,22,19,4,14,20,19,4],"SA","att",10,30,10,0.95,10000,55.8754572868,5000,-1,50,0.05,0.1],[2,240,25.0672583338,-5.9327416662,[9,6,28,22,19,4,14,20,19,4],"SA","att",10,30,10,0.95,10000,55.9163630009,5000,-1,50,0.05,0.1],[2,255,25.0672583338,-5.9327416662,[9,6,28,22,19,4,14,20,19,4],"SA","att",10,30,10,0.95,10000,56.0823316574,5000,-1,50,0.05,0.1],[2,270,25.0672583338,-5.9327416662,[9,6,28,22,19,4,14,20,19,4],"SA","att",10,30,10,0.95,10000,56.0445737839,5000,-1,50,0.05,0.1],[2,285,25.7290880245,-5.2709119755,[5,1,23,26,2,24,22,6,26,18],"SA","att",10,30,10,0.95,10000,56.0932071209,5000,-1,50,0.05,0.1],[2,300,25.7290880245,-5.2709119755,[5,1,23,26,2,24,22,6,26,18],"SA","att",10,30,10,0.95,10000,56.2389464378,5000,-1,50,0.05,0.1],[2,315,25.7290880245,-5.2709119755,[5,1,23,26,2,24,22,6,26,18],"SA","att",10,30,10,0.95,10000,56.0003080368,5000,-1,50,0.05,0.1],[2,330,25.7290880245,-5.2709119755,[5,1,23,26,2,24,22,6,26,18],"SA","att",10,30,10,0.95,10000,56.2513375282,5000,-1,50,0.05,0.1],[2,345,29.6704844845,-1.3295155155,[14,1,23,26,1,24,2,14,0,7],"SA","att",10,30,10,0.95,10000,56.1646077633,5000,-1,50,0.05,0.1],[2,360,29.6704844845,-1.3295155155,[14,1,23,26,1,24,2,14,0,7],"SA","att",10,30,10,0.95,10000,56.1500866413,5000,-1,50,0.05,0.1],[2,375,29.6704844845,-1.3295155155,[6,5,1,9,14,27,22,20,0,27],"SA","att",10,30,10,0.95,10000,56.1258089542,5000,-1,50,0.05,0.1],[2,390,32.977287619,1.977287619,[2,26,29,2,24,24,2,3,0,18],"SA","att",10,30,10,0.95,10000,56.0890104771,5000,-1,50,0.05,0.1],[2,405,32.977287619,1.977287619,[2,9,29,2,19,24,2,3,0,18],"SA","att",10,30,10,0.95,10000,56.0967860222,5000,-1,50,0.05,0.1],[2,420,32.977287619,1.977287619,[2,9,29,2,19,24,2,3,0,18],"SA","att",10,30,10,0.95,10000,56.050798893,5000,-1,50,0.05,0.1],[2,435,32.977287619,1.977287619,[2,9,29,2,19,24,2,3,0,18],"SA","att",10,30,10,0.95,10000,56.0082211494,5000,-1,50,0.05,0.1],[2,450,32.977287619,1.977287619,[2,9,29,2,19,24,2,3,0,18],"SA","att",10,30,10,0.95,10000,56.0707490444,5000,-1,50,0.05,0.1],[2,465,32.977287619,1.977287619,[2,9,29,2,19,24,2,3,0,18],"SA","att",10,30,10,0.95,10000,56.0139532089,5000,-1,50,0.05,0.1],[2,480,32.977287619,1.977287619,[2,9,29,2,19,24,2,3,0,18],"SA","att",10,30,10,0.95,10000,55.8647947311,5000,-1,50,0.05,0.1],[2,495,32.977287619,1.977287619,[2,9,29,2,19,24,2,3,0,18],"SA","att",10,30,10,0.95,10000,55.8328917027,5000,-1,50,0.05,0.1],[2,510,32.977287619,1.977287619,[2,9,29,2,19,24,2,3,0,18],"SA","att",10,30,10,0.95,10000,56.0088608265,5000,-1,50,0.05,0.1],[2,525,32.977287619,1.977287619,[2,9,29,2,19,24,2,3,0,18],"SA","att",10,30,10,0.95,10000,56.0730443001,5000,-1,50,0.05,0.1],[2,540,33.4505102077,2.4505102077,[15,21,18,18,23,24,2,18,0,18],"SA","att",10,30,10,0.95,10000,56.0354275703,5000,-1,50,0.05,0.1],[2,555,33.4549380375,2.4549380375,[10,21,7,26,23,24,2,14,0,20],"SA","att",10,30,10,0.95,10000,55.9545543194,5000,-1,50,0.05,0.1],[2,570,34.413635204,3.413635204,[10,21,14,1,23,24,2,18,0,20],"SA","att",10,30,10,0.95,10000,55.9632444382,5000,-1,50,0.05,0.1],[2,585,34.413635204,3.413635204,[10,21,14,1,23,24,2,18,0,20],"SA","att",10,30,10,0.95,10000,55.9623589516,5000,-1,50,0.05,0.1],[2,600,34.413635204,3.413635204,[10,21,14,1,23,24,2,18,0,20],"SA","att",10,30,10,0.95,10000,55.9976153374,5000,-1,50,0.05,0.1],[2,615,34.413635204,3.413635204,[10,21,14,1,23,24,2,18,0,20],"SA","att",10,30,10,0.95,10000,55.9250762463,5000,-1,50,0.05,0.1],[2,630,34.5391188997,3.5391188997,[0,10,2,6,19,24,18,18,0,20],"SA","att",10,30,10,0.95,10000,55.9853858948,5000,-1,50,0.05,0.1],[2,645,34.5391188997,3.5391188997,[0,10,2,6,19,24,18,18,0,20],"SA","att",10,30,10,0.95,10000,55.9748101234,5000,-1,50,0.05,0.1],[2,660,34.5391188997,3.5391188997,[0,10,2,6,19,24,18,18,0,20],"SA","att",10,30,10,0.95,10000,56.0403101444,5000,-1,50,0.05,0.1],[2,675,34.5391188997,3.5391188997,[0,10,2,6,19,24,18,18,0,20],"SA","att",10,30,10,0.95,10000,55.9860076904,5000,-1,50,0.05,0.1],[2,690,34.5391188997,3.5391188997,[17,9,25,11,19,24,19,18,0,20],"SA","att",10,30,10,0.95,10000,56.0166623592,5000,-1,50,0.05,0.1],[2,705,35.6554625286,4.6554625286,[11,9,21,15,19,24,19,18,0,20],"SA","att",10,30,10,0.95,10000,56.0592799187,5000,-1,50,0.05,0.1],[2,720,35.6554625286,4.6554625286,[11,9,21,15,19,24,19,18,0,20],"SA","att",10,30,10,0.95,10000,55.8513562679,5000,-1,50,0.05,0.1],[2,735,35.6554625286,4.6554625286,[11,9,21,15,19,24,19,18,0,20],"SA","att",10,30,10,0.95,10000,55.5935115814,5000,-1,50,0.05,0.1],[2,750,35.6554625286,4.6554625286,[11,9,21,15,19,24,19,18,0,20],"SA","att",10,30,10,0.95,10000,55.5866863728,5000,-1,50,0.05,0.1],[2,765,35.6554625286,4.6554625286,[11,9,21,15,19,24,19,18,0,20],"SA","att",10,30,10,0.95,10000,55.7598352432,5000,-1,50,0.05,0.1],[2,780,35.6554625286,4.6554625286,[11,9,21,15,19,24,19,18,0,20],"SA","att",10,30,10,0.95,10000,55.8797922134,5000,-1,50,0.05,0.1],[2,795,35.6554625286,4.6554625286,[11,9,21,15,19,24,19,18,0,20],"SA","att",10,30,10,0.95,10000,55.7159862518,5000,-1,50,0.05,0.1],[2,810,35.6554625286,4.6554625286,[11,9,21,15,19,24,19,18,0,20],"SA","att",10,30,10,0.95,10000,55.7071969509,5000,-1,50,0.05,0.1],[2,825,35.6554625286,4.6554625286,[9,9,7,11,1,24,7,18,0,20],"SA","att",10,30,10,0.95,10000,55.7456130981,5000,-1,50,0.05,0.1],[2,840,35.6554625286,4.6554625286,[9,9,7,11,1,24,7,18,0,20],"SA","att",10,30,10,0.95,10000,55.439912796,5000,-1,50,0.05,0.1],[2,855,35.6554625286,4.6554625286,[9,9,7,11,1,24,7,18,0,20],"SA","att",10,30,10,0.95,10000,55.8146009445,5000,-1,50,0.05,0.1],[2,870,36.4591087894,5.4591087894,[13,9,24,17,1,24,18,18,0,20],"SA","att",10,30,10,0.95,10000,55.8003489971,5000,-1,50,0.05,0.1],[2,885,36.5550812749,5.5550812749,[26,9,26,3,1,24,18,18,0,20],"SA","att",10,30,10,0.95,10000,55.9437735081,5000,-1,50,0.05,0.1],[2,900,36.5550812749,5.5550812749,[26,9,26,3,1,24,18,18,0,20],