{"columns":["ite","time","q","scaled_eu","z","solver","attacker","|Q|","|X|","|T|","rho","k","utility_time","RS_iters","mcts_iters","sa_iters","eps","lr"],"index":[0,1,2,3,4,5,6,7,8,9,10,11,12,13,14,15,16,17,18,19,20,21,22,23,24,25,26,27,28,29,30,31,32,33,34,35,36,37,38,39,40,41,42,43,44,45,46,47,48,49,50,51,52,53,54,55,56,57,58,59,60,61,62,63,64,65,66,67,68,69,70,71,72,73,74,75,76,77,78,79],"data":[[4,15,21.9308563856,-9.0691436144,[27,20,14,24,24,25,24,29,25,8],"SA","att",10,30,10,0.95,10000,56.071880579,5000,-1,50,0.05,0.1],[4,30,23.8174281649,-7.1825718351,[6,0,10,25,18,27,16,11,6,10],"SA","att",10,30,10,0.95,10000,55.9682071209,5000,-1,50,0.05,0.1],[4,45,23.8174281649,-7.1825718351,[6,25,10,24,18,25,15,11,6,27],"SA","att",10,30,10,0.95,10000,56.0265841484,5000,-1,50,0.05,0.1],[4,60,23.8174281649,-7.1825718351,[18,2,19,23,27,12,6,11,24,27],"SA","att",10,30,10,0.95,10000,56.1440672874,5000,-1,50,0.05,0.1],[4,75,23.8174281649,-7.1825718351,[18,2,19,23,27,12,6,11,24,27],"SA","att",10,30,10,0.95,10000,56.0403490067,5000,-1,50,0.05,0.1],[4,90,24.4333615167,-6.5666384833,[4,19,17,13,6,29,21,17,14,18],"SA","att",10,30,10,0.95,10000,56.2012372017,5000,-1,50,0.05,0.1],[4,105,26.3567564,-4.6432436,[4,0,17,12,13,14,0,23,14,18],"SA","att",10,30,10,0.95,10000,56.2494521141,5000,-1,50,0.05,0.1],[4,120,26.5650874982,-4.4349125018,[4,1,17,3,15,16,28,23,23,18],"SA","att",10,30,10,0.95,10000,56.3120508194,5000,-1,50,0.05,0.1],[4,135,26.5650874982,-4.4349125018,[4,1,17,3,15,17,28,23,23,20],"SA","att",10,30,10,0.95,10000,56.2156026363,5000,-1,50,0.05,0.1],[4,150,26.59712772,-4.40287228,[29,2,21,9,3,14,13,23,12,28],"SA","att",10,30,10,0.95,10000,56.3558759689,5000,-1,50,0.05,0.1],[4,165,26.59712772,-4.40287228,[29,2,21,9,3,14,13,23,12,28],"SA","att",10,30,10,0.95,10000,56.3291697502,5000,-1,50,0.05,0.1],[4,180,29.5248712369,-1.4751287631,[8,24,19,16,23,18,27,6,0,26],"SA","att",10,30,10,0.95,10000,56.2507965565,5000,-1,50,0.05,0.1],[4,195,29.5248712369,-1.4751287631,[17,20,19,26,23,29,7,6,0,4],"SA","att",10,30,10,0.95,10000,56.3329806328,5000,-1,50,0.05,0.1],[4,210,29.5248712369,-1.4751287631,[15,13,2,15,29,4,7,6,0,4],"SA","att",10,30,10,0.95,10000,56.3831775188,5000,-1,50,0.05,0.1],[4,225,29.7044218543,-1.2955781457,[3,2,19,26,11,14,7,6,23,4],"SA","att",10,30,10,0.95,10000,56.395721674,5000,-1,50,0.05,0.1],[4,240,29.7895972267,-1.2104027733,[15,25,21,26,11,19,7,6,23,4],"SA","att",10,30,10,0.95,10000,56.5580005646,5000,-1,50,0.05,0.1],[4,255,29.7895972267,-1.2104027733,[15,25,21,26,11,19,7,6,23,4],"SA","att",10,30,10,0.95,10000,56.6313157082,5000,-1,50,0.05,0.1],[4,270,29.7895972267,-1.2104027733,[15,25,21,26,11,19,7,6,23,4],"SA","att",10,30,10,0.95,10000,56.6608276367,5000,-1,50,0.05,0.1],[4,285,29.7895972267,-1.2104027733,[15,25,21,26,11,19,7,6,23,4],"SA","att",10,30,10,0.95,10000,56.6441910267,5000,-1,50,0.05,0.1],[4,300,29.7895972267,-1.2104027733,[15,25,21,26,11,19,7,6,23,4],"SA","att",10,30,10,0.95,10000,57.0055978298,5000,-1,50,0.05,0.1],[4,315,29.7895972267,-1.2104027733,[15,25,21,26,11,19,7,6,23,4],"SA","att",10,30,10,0.95,10000,56.9024543762,5000,-1,50,0.05,0.1],[4,330,29.7895972267,-1.2104027733,[15,25,21,26,11,19,7,6,23,4],"SA","att",10,30,10,0.95,10000,56.2814707756,5000,-1,50,0.05,0.1],[4,345,29.7895972267,-1.2104027733,[15,25,21,26,11,19,7,6,23,4],"SA","att",10,30,10,0.95,10000,56.284101963,5000,-1,50,0.05,0.1],[4,360,29.7895972267,-1.2104027733,[15,25,21,26,11,19,7,6,23,4],"SA","att",10,30,10,0.95,10000,56.2453360558,5000,-1,50,0.05,0.1],[4,375,29.7895972267,-1.2104027733,[15,25,21,26,11,19,7,6,23,4],"SA","att",10,30,10,0.95,10000,56.1087677479,5000,-1,50,0.05,0.1],[4,390,29.7895972267,-1.2104027733,[15,25,21,26,11,19,7,6,23,4],"SA","att",10,30,10,0.95,10000,56.1845779419,5000,-1,50,0.05,0.1],[4,405,29.7895972267,-1.2104027733,[15,25,21,26,11,19,7,6,23,4],"SA","att",10,30,10,0.95,10000,56.3760840893,5000,-1,50,0.05,0.1],[4,420,29.7895972267,-1.2104027733,[15,25,21,26,11,19,7,6,23,4],"SA","att",10,30,10,0.95,10000,57.0032057762,5000,-1,50,0.05,0.1],[4,435,29.7895972267,-1.2104027733,[15,25,21,26,11,19,7,6,23,4],"SA","att",10,30,10,0.95,10000,56.8535659313,5000,-1,50,0.05,0.1],[4,450,29.7895972267,-1.2104027733,[15,25,21,26,11,19,7,6,23,4],"SA","att",10,30,10,0.95,10000,56.6499106884,5000,-1,50,0.05,0.1],[4,465,29.7895972267,-1.2104027733,[15,25,21,26,11,19,7,6,23,4],"SA","att",10,30,10,0.95,10000,56.4321610928,5000,-1,50,0.05,0.1],[4,480,29.7895972267,-1.2104027733,[15,25,21,26,11,19,7,6,23,4],"SA","att",10,30,10,0.95,10000,56.6356081963,5000,-1,50,0.05,0.1],[4,495,29.7895972267,-1.2104027733,[15,25,21,26,11,19,7,6,23,4],"SA","att",10,30,10,0.95,10000,56.2696845531,5000,-1,50,0.05,0.1],[4,510,29.7895972267,-1.2104027733,[15,25,21,26,11,19,7,6,23,4],"SA","att",10,30,10,0.95,10000,56.2984158993,5000,-1,50,0.05,0.1],[4,525,29.7895972267,-1.2104027733,[15,25,21,26,11,19,7,6,23,4],"SA","att",10,30,10,0.95,10000,56.6379160881,5000,-1,50,0.05,0.1],[4,540,29.7895972267,-1.2104027733,[15,25,21,26,11,19,7,6,23,4],"SA","att",10,30,10,0.95,10000,56.1861777306,5000,-1,50,0.05,0.1],[4,555,29.7895972267,-1.2104027733,[15,25,21,26,11,19,7,6,23,4],"SA","att",10,30,10,0.95,10000,56.5222229958,5000,-1,50,0.05,0.1],[4,570,29.7895972267,-1.2104027733,[15,25,21,26,11,19,7,6,23,4],"SA","att",10,30,10,0.95,10000,56.1654641628,5000,-1,50,0.05,0.1],[4,585,29.7895972267,-1.2104027733,[15,25,21,26,11,19,7,6,23,4],"SA","att",10,30,10,0.95,10000,56.4529743195,5000,-1,50,0.05,0.1],[4,600,29.7895972267,-1.2104027733,[15,25,21,26,11,19,7,6,23,4],"SA","att",10,30,10,0.95,10000,56.3833520412,5000,-1,50,0.05,0.1],[4,615,29.7895972267,-1.2104027733,[15,25,21,26,11,19,7,6,23,4],"SA","att",10,30,10,0.95,10000,56.1432623863,5000,-1,50,0.05,0.1],[4,630,29.7895972267,-1.2104027733,[15,25,21,26,11,19,7,6,23,4],"SA","att",10,30,10,0.95,10000,56.1552231312,5000,-1,50,0.05,0.1],[4,645,29.7895972267,-1.2104027733,[15,25,21,26,11,19,7,6,23,4],"SA","att",10,30,10,0.95,10000,56.2905533314,5000,-1,50,0.05,0.1],[4,660,29.7895972267,-1.2104027733,[15,25,21,26,11,19,7,6,23,4],"SA","att",10,30,10,0.95,10000,56.351405859,5000,-1,50,0.05,0.1],[4,675,29.7895972267,-1.2104027733,[15,25,21,26,11,19,7,6,23,4],"SA","att",10,30,10,0.95,10000,56.5284178257,5000,-1,50,0.05,0.1],[4,690,29.7895972267,-1.2104027733,[15,25,21,26,11,19,7,6,23,4],"SA","att",10,30,10,0.95,10000,60.422082901,5000,-1,50,0.05,0.1],[4,705,29.7895972267,-1.2104027733,[15,25,21,26,11,19,7,6,23,4],"SA","att",10,30,10,0.95,10000,56.3326134682,5000,-1,50,0.05,0.1],[4,720,29.7895972267,-1.2104027733,[15,25,21,26,11,19,7,6,23,4],"SA","att",10,30,10,0.95,10000,56.345061779,5000,-1,50,0.05,0.1],[4,735,29.7895972267,-1.2104027733,[15,25,21,26,11,19,7,6,23,4],"SA","att",10,30,10,0.95,10000,56.3636965752,5000,-1,50,0.05,0.1],[4,750,29.7895972267,-1.2104027733,[15,25,21,26,11,19,7,6,23,4],"SA","att",10,30,10,0.95,10000,56.2819778919,5000,-1,50,0.05,0.1],[4,765,29.7895972267,-1.2104027733,[15,25,21,26,11,19,7,6,23,4],"SA","att",10,30,10,0.95,10000,56.1877434254,5000,-1,50,0.05,0.1],[4,780,29.7895972267,-1.2104027733,[15,25,21,26,11,19,7,6,23,4],"SA","att",10,30,10,0.95,10000,56.2501506805,5000,-1,50,0.05,0.1],[4,795,29.7895972267,-1.2104027733,[15,25,21,26,11,19,7,6,23,4],"SA","att",10,30,10,0.95,10000,56.2113592625,5000,-1,50,0.05,0.1],[4,810,29.7895972267,-1.2104027733,[15,25,21,26,11,19,7,6,23,4],"SA","att",10,30,10,0.95,10000,56.1541368961,5000,-1,50,0.05,0.1],[4,825,29.7895972267,-1.2104027733,[15,25,21,26,11,19,7,6,23,4],"SA","att",10,30,10,0.95,10000,56.2402148247,5000,-1,50,0.05,0.1],[4,840,29.7895972267,-1.2104027733,[15,25,21,26,11,19,7,6,23,4],"SA","att",10,30,10,0.95,10000,56.1291451454,5000,-1,50,0.05,0.1],[4,855,29.7895972267,-1.2104027733,[15,25,21,26,11,19,7,6,23,4],"SA","att",10,30,10,0.95,10000,56.3166139126,5000,-1,50,0.05,0.1],[4,870,29.7895972267,-1.2104027733,[15,25,21,26,11,19,7,6,23,4],"SA","att",10,30,10,0.95,10000,56.347974062,5000,-1,50,0.05,0.1],[4,885,29.7895972267,-1.2104027733,[15,25,21,26,11,19,7,6,23,4],