{"columns":["ite","time","q","scaled_eu","z","solver","attacker","|Q|","|X|","|T|","rho","k","utility_time","RS_iters","mcts_iters","sa_iters","eps","lr"],"index":[0,1,2,3,4,5,6,7,8,9,10,11,12,13,14,15,16,17,18,19,20,21,22,23,24,25,26,27,28,29,30,31,32,33,34,35,36,37,38,39,40,41,42,43,44,45,46,47,48,49,50,51,52,53,54,55,56,57,58,59,60,61,62,63,64,65,66,67,68,69,70,71,72,73,74,75,76,77,78,79],"data":[[7,15,22.0789629424,-8.9210370576,[12,3,8,25,5,18,21,14,8,23],"SA","att",10,30,10,0.95,10000,55.6922597885,5000,-1,50,0.05,0.1],[7,30,23.4749000276,-7.5250999724,[12,3,26,26,5,24,11,3,8,1],"SA","att",10,30,10,0.95,10000,55.8723053932,5000,-1,50,0.05,0.1],[7,45,25.7651529253,-5.2348470747,[1,16,0,8,13,12,8,18,23,10],"SA","att",10,30,10,0.95,10000,55.9235761166,5000,-1,50,0.05,0.1],[7,60,25.7651529253,-5.2348470747,[1,16,3,8,16,5,16,18,23,9],"SA","att",10,30,10,0.95,10000,55.9691474438,5000,-1,50,0.05,0.1],[7,75,28.9356982885,-2.0643017115,[0,1,6,4,21,17,16,18,23,20],"SA","att",10,30,10,0.95,10000,55.8911805153,5000,-1,50,0.05,0.1],[7,90,28.9356982885,-2.0643017115,[0,1,6,8,21,6,22,18,23,20],"SA","att",10,30,10,0.95,10000,56.0304820538,5000,-1,50,0.05,0.1],[7,105,28.9356982885,-2.0643017115,[0,1,6,8,21,6,22,18,23,20],"SA","att",10,30,10,0.95,10000,55.9643340111,5000,-1,50,0.05,0.1],[7,120,28.9356982885,-2.0643017115,[0,1,6,8,21,6,22,18,23,20],"SA","att",10,30,10,0.95,10000,56.0616679192,5000,-1,50,0.05,0.1],[7,135,30.5868029673,-0.4131970327,[6,0,20,1,23,27,19,16,0,20],"SA","att",10,30,10,0.95,10000,55.9403877258,5000,-1,50,0.05,0.1],[7,150,30.5868029673,-0.4131970327,[6,0,20,1,23,28,14,16,0,20],"SA","att",10,30,10,0.95,10000,56.102812767,5000,-1,50,0.05,0.1],[7,165,30.5868029673,-0.4131970327,[6,0,20,1,23,28,14,16,0,20],"SA","att",10,30,10,0.95,10000,55.9593675137,5000,-1,50,0.05,0.1],[7,180,30.5868029673,-0.4131970327,[6,0,20,1,23,28,14,16,0,20],"SA","att",10,30,10,0.95,10000,55.9707634449,5000,-1,50,0.05,0.1],[7,195,31.3629509151,0.3629509151,[14,4,3,8,28,15,15,2,0,20],"SA","att",10,30,10,0.95,10000,73.7356460094,5000,-1,50,0.05,0.1],[7,210,34.2861144795,3.2861144795,[6,4,3,7,21,28,20,18,0,24],"SA","att",10,30,10,0.95,10000,55.7436287403,5000,-1,50,0.05,0.1],[7,225,34.2861144795,3.2861144795,[6,4,3,7,21,28,20,18,0,24],"SA","att",10,30,10,0.95,10000,56.1732006073,5000,-1,50,0.05,0.1],[7,240,34.2861144795,3.2861144795,[6,4,3,7,21,28,20,18,0,24],"SA","att",10,30,10,0.95,10000,56.3227181435,5000,-1,50,0.05,0.1],[7,255,34.2861144795,3.2861144795,[6,4,3,7,21,28,20,18,0,24],"SA","att",10,30,10,0.95,10000,69.6901829243,5000,-1,50,0.05,0.1],[7,270,34.2861144795,3.2861144795,[6,4,3,7,21,28,20,18,0,24],"SA","att",10,30,10,0.95,10000,54.4078698158,5000,-1,50,0.05,0.1],[7,285,34.2861144795,3.2861144795,[6,4,3,7,21,28,20,18,0,24],"SA","att",10,30,10,0.95,10000,51.6647024155,5000,-1,50,0.05,0.1],[7,300,34.2861144795,3.2861144795,[6,4,3,7,21,28,20,18,0,24],"SA","att",10,30,10,0.95,10000,51.8278846741,5000,-1,50,0.05,0.1],[7,315,34.2861144795,3.2861144795,[6,4,3,7,21,28,20,18,0,24],"SA","att",10,30,10,0.95,10000,52.0746541023,5000,-1,50,0.05,0.1],[7,330,34.2861144795,3.2861144795,[6,4,3,7,21,28,20,18,0,24],"SA","att",10,30,10,0.95,10000,52.1376698017,5000,-1,50,0.05,0.1],[7,345,34.2861144795,3.2861144795,[6,4,3,7,21,28,20,18,0,24],"SA","att",10,30,10,0.95,10000,51.8630349636,5000,-1,50,0.05,0.1],[7,360,34.2861144795,3.2861144795,[6,4,3,7,21,28,20,18,0,24],"SA","att",10,30,10,0.95,10000,79.1688292027,5000,-1,50,0.05,0.1],[7,375,34.2861144795,3.2861144795,[6,4,3,7,21,28,20,18,0,24],"SA","att",10,30,10,0.95,10000,62.2843973637,5000,-1,50,0.05,0.1],[7,390,34.2861144795,3.2861144795,[6,4,3,7,21,28,20,18,0,24],"SA","att",10,30,10,0.95,10000,56.2768461704,5000,-1,50,0.05,0.1],[7,405,34.2861144795,3.2861144795,[6,4,3,7,21,28,20,18,0,24],"SA","att",10,30,10,0.95,10000,56.1010019779,5000,-1,50,0.05,0.1],[7,420,34.2861144795,3.2861144795,[6,4,3,7,21,28,20,18,0,24],"SA","att",10,30,10,0.95,10000,56.2375421524,5000,-1,50,0.05,0.1],[7,435,34.2861144795,3.2861144795,[6,4,3,7,21,28,20,18,0,24],"SA","att",10,30,10,0.95,10000,56.0924947262,5000,-1,50,0.05,0.1],[7,450,34.2861144795,3.2861144795,[6,4,3,7,21,28,20,18,0,24],"SA","att",10,30,10,0.95,10000,55.7636291981,5000,-1,50,0.05,0.1],[7,465,34.2861144795,3.2861144795,[6,4,3,7,21,28,20,18,0,24],"SA","att",10,30,10,0.95,10000,56.0836598873,5000,-1,50,0.05,0.1],[7,480,34.2861144795,3.2861144795,[6,4,3,7,21,28,20,18,0,24],"SA","att",10,30,10,0.95,10000,56.0066370964,5000,-1,50,0.05,0.1],[7,495,34.2861144795,3.2861144795,[6,4,3,7,21,28,20,18,0,24],"SA","att",10,30,10,0.95,10000,56.0175361633,5000,-1,50,0.05,0.1],[7,510,34.2861144795,3.2861144795,[6,4,3,7,21,28,20,18,0,24],"SA","att",10,30,10,0.95,10000,56.1498458385,5000,-1,50,0.05,0.1],[7,525,34.2861144795,3.2861144795,[6,9,15,27,5,7,14,20,0,4],"SA","att",10,30,10,0.95,10000,56.1873846054,5000,-1,50,0.05,0.1],[7,540,34.2861144795,3.2861144795,[6,9,15,27,5,7,14,20,0,4],"SA","att",10,30,10,0.95,10000,55.8380763531,5000,-1,50,0.05,0.1],[7,555,34.2861144795,3.2861144795,[6,25,3,0,10,7,14,14,0,4],"SA","att",10,30,10,0.95,10000,56.2012639046,5000,-1,50,0.05,0.1],[7,570,34.2861144795,3.2861144795,[6,25,3,0,10,7,14,14,0,4],"SA","att",10,30,10,0.95,10000,56.0977244377,5000,-1,50,0.05,0.1],[7,585,35.4298059538,4.4298059538,[6,9,27,1,17,9,20,20,0,4],"SA","att",10,30,10,0.95,10000,56.1048805714,5000,-1,50,0.05,0.1],[7,600,35.4298059538,4.4298059538,[6,9,26,1,17,9,14,20,0,4],"SA","att",10,30,10,0.95,10000,56.1682169437,5000,-1,50,0.05,0.1],[7,615,35.4298059538,4.4298059538,[6,9,26,1,17,9,14,20,0,4],"SA","att",10,30,10,0.95,10000,55.8775894642,5000,-1,50,0.05,0.1],[7,630,36.2103566217,5.2103566217,[6,9,26,0,24,29,14,20,0,4],"SA","att",10,30,10,0.95,10000,56.0509779453,5000,-1,50,0.05,0.1],[7,645,36.881219555,5.881219555,[6,9,9,0,4,23,14,18,0,4],"SA","att",10,30,10,0.95,10000,55.9724547863,5000,-1,50,0.05,0.1],[7,660,36.881219555,5.881219555,[6,9,9,0,4,23,14,18,0,4],"SA","att",10,30,10,0.95,10000,55.9151260853,5000,-1,50,0.05,0.1],[7,675,36.881219555,5.881219555,[6,9,9,0,4,23,14,18,0,4],"SA","att",10,30,10,0.95,10000,55.982588768,5000,-1,50,0.05,0.1],[7,690,36.881219555,5.881219555,[6,9,9,0,4,23,14,18,0,4],"SA","att",10,30,10,0.95,10000,55.8992125988,5000,-1,50,0.05,0.1],[7,705,36.881219555,5.881219555,[6,9,9,0,4,23,14,18,0,4],"SA","att",10,30,10,0.95,10000,55.8330175877,5000,-1,50,0.05,0.1],[7,720,36.881219555,5.881219555,[6,9,9,0,4,23,14,18,0,4],"SA","att",10,30,10,0.95,10000,55.8154995441,5000,-1,50,0.05,0.1],[7,735,36.881219555,5.881219555,[6,9,9,0,4,23,14,18,0,4],"SA","att",10,30,10,0.95,10000,55.8807127476,5000,-1,50,0.05,0.1],[7,750,36.881219555,5.881219555,[6,9,9,0,4,23,14,18,0,4],"SA","att",10,30,10,0.95,10000,55.880407095,5000,-1,50,0.05,0.1],[7,765,36.881219555,5.881219555,[6,9,9,0,4,23,14,18,0,4],"SA","att",10,30,10,0.95,10000,55.9197068214,5000,-1,50,0.05,0.1],[7,780,36.881219555,5.881219555,[6,9,3,17,27,17,20,18,0,4],"SA","att",10,30,10,0.95,10000,55.7906310558,5000,-1,50,0.05,0.1],[7,795,36.881219555,5.881219555,[6,9,3,17,27,17,20,18,0,4],"SA","att",10,30,10,0.95,10000,55.9288759232,5000,-1,50,0.05,0.1],[7,810,36.881219555,5.881219555,[6,9,3,17,27,17,20,18,0,4],"SA","att",10,30,10,0.95,10000,55.8600783348,5000,-1,50,0.05,0.1],[7,825,36.881219555,5.881219555,[6,9,3,17,27,17,20,18,0,4],"SA","att",10,30,10,0.95,10000,55.8426201344,5000,-1,50,0.05,0.1],[7,840,36.881219555,5.881219555,[6,9,3,17,27,17,20,18,0,4],"SA","att",10,30,10,0.95,10000,55.8960690498,5000,-1,50,0.05,0.1],[7,855,37.8379775004,6.8379775004,[6,9,3,17,23,6,14,18,0,4],"SA","att",10,30,10,0.95,10000,55.7934429646,5000,-1,50,0.05,0.1],[7,870,37.9721173863,6.9721173863,[6,9,3,17,23,18,14,3,0,4],"SA","att",10,30,10,0.95,10000,56.1007416248,5000,-1,50,0.05,0.1],[7,885,37.9721173863,6.9721173863,[6,9,3,7,23,18,14,3,0,4],"SA","att",10,30,10,0.95,10000,55.9265451431,5000,-1,50,0.05,0.1],[7,900,37.9721173863,6.9721173863,[6,9,3,7,23,18,14,3,0,4],