{"columns":["ite","time","q","scaled_eu","z","solver","attacker","|Q|","|X|","|T|","rho","k","utility_time","RS_iters","mcts_iters","sa_iters","eps","lr"],"index":[0,1,2,3,4,5,6,7,8,9,10,11,12,13,14,15,16,17,18,19,20,21,22,23,24,25,26,27,28,29,30,31,32,33,34,35,36,37,38,39,40,41,42,43,44,45,46,47,48,49,50,51,52,53,54,55,56,57,58,59,60,61,62,63,64,65,66,67,68,69,70,71,72,73,74,75,76,77,78,79],"data":[[8,15,25.4902527942,-5.5097472058,[11,12,23,16,12,13,16,19,18,0],"SA","att",10,30,10,0.95,10000,57.6621212959,5000,-1,50,0.05,0.1],[8,30,28.2267360878,-2.7732639122,[11,5,23,29,8,13,16,18,18,4],"SA","att",10,30,10,0.95,10000,57.6733088493,5000,-1,50,0.05,0.1],[8,45,28.2267360878,-2.7732639122,[11,5,23,29,19,6,16,18,2,4],"SA","att",10,30,10,0.95,10000,57.308958292,5000,-1,50,0.05,0.1],[8,60,28.2267360878,-2.7732639122,[11,5,23,29,19,6,16,18,2,4],"SA","att",10,30,10,0.95,10000,57.2946755886,5000,-1,50,0.05,0.1],[8,75,28.2267360878,-2.7732639122,[11,5,23,29,19,6,16,18,2,4],"SA","att",10,30,10,0.95,10000,57.4484703541,5000,-1,50,0.05,0.1],[8,90,28.2267360878,-2.7732639122,[11,5,23,29,19,6,16,18,2,4],"SA","att",10,30,10,0.95,10000,57.8993268013,5000,-1,50,0.05,0.1],[8,105,28.2267360878,-2.7732639122,[11,5,23,29,19,6,16,18,2,4],"SA","att",10,30,10,0.95,10000,57.8285777569,5000,-1,50,0.05,0.1],[8,120,28.7811964096,-2.2188035904,[2,0,29,14,23,10,13,6,14,4],"SA","att",10,30,10,0.95,10000,57.536178112,5000,-1,50,0.05,0.1],[8,135,28.7811964096,-2.2188035904,[2,0,29,14,23,10,13,6,14,4],"SA","att",10,30,10,0.95,10000,57.9117970467,5000,-1,50,0.05,0.1],[8,150,28.7811964096,-2.2188035904,[2,0,29,14,23,10,13,6,14,4],"SA","att",10,30,10,0.95,10000,57.6288745403,5000,-1,50,0.05,0.1],[8,165,28.7811964096,-2.2188035904,[2,0,29,14,23,10,13,6,14,4],"SA","att",10,30,10,0.95,10000,57.9396224022,5000,-1,50,0.05,0.1],[8,180,28.7811964096,-2.2188035904,[19,11,8,15,1,20,19,18,14,4],"SA","att",10,30,10,0.95,10000,57.7667686939,5000,-1,50,0.05,0.1],[8,195,28.7811964096,-2.2188035904,[19,11,8,15,1,20,19,18,14,4],"SA","att",10,30,10,0.95,10000,57.9537615776,5000,-1,50,0.05,0.1],[8,210,29.0506452569,-1.9493547431,[1,29,25,19,1,20,19,6,14,24],"SA","att",10,30,10,0.95,10000,57.5016956329,5000,-1,50,0.05,0.1],[8,225,29.0506452569,-1.9493547431,[1,29,25,19,1,20,19,6,14,24],"SA","att",10,30,10,0.95,10000,57.5887899399,5000,-1,50,0.05,0.1],[8,240,29.0506452569,-1.9493547431,[1,29,25,19,1,20,19,6,14,24],"SA","att",10,30,10,0.95,10000,57.6361422539,5000,-1,50,0.05,0.1],[8,255,30.5420346259,-0.4579653741,[22,5,3,19,21,25,18,14,14,4],"SA","att",10,30,10,0.95,10000,57.5938916206,5000,-1,50,0.05,0.1],[8,270,30.5420346259,-0.4579653741,[22,5,3,19,21,25,18,14,14,4],"SA","att",10,30,10,0.95,10000,57.7211003304,5000,-1,50,0.05,0.1],[8,285,30.5420346259,-0.4579653741,[22,5,3,19,21,25,18,14,14,4],"SA","att",10,30,10,0.95,10000,57.7131299973,5000,-1,50,0.05,0.1],[8,300,30.5420346259,-0.4579653741,[22,5,3,19,21,25,18,14,14,4],"SA","att",10,30,10,0.95,10000,57.8242480755,5000,-1,50,0.05,0.1],[8,315,30.5420346259,-0.4579653741,[22,5,3,19,21,25,18,14,14,4],"SA","att",10,30,10,0.95,10000,57.8494436741,5000,-1,50,0.05,0.1],[8,330,30.5420346259,-0.4579653741,[22,5,3,19,21,25,18,14,14,4],"SA","att",10,30,10,0.95,10000,57.8324790001,5000,-1,50,0.05,0.1],[8,345,30.5420346259,-0.4579653741,[22,5,3,19,21,25,18,14,14,4],"SA","att",10,30,10,0.95,10000,57.7613563538,5000,-1,50,0.05,0.1],[8,360,31.3521372883,0.3521372883,[0,7,15,15,18,25,29,15,0,4],"SA","att",10,30,10,0.95,10000,57.3175182343,5000,-1,50,0.05,0.1],[8,375,31.3521372883,0.3521372883,[14,23,28,19,8,25,24,3,0,4],"SA","att",10,30,10,0.95,10000,57.2498140335,5000,-1,50,0.05,0.1],[8,390,35.5121999547,4.5121999547,[6,26,27,19,19,25,0,3,0,4],"SA","att",10,30,10,0.95,10000,57.0889465809,5000,-1,50,0.05,0.1],[8,405,35.5121999547,4.5121999547,[6,26,27,19,19,25,0,3,0,4],"SA","att",10,30,10,0.95,10000,57.1676506996,5000,-1,50,0.05,0.1],[8,420,35.5121999547,4.5121999547,[6,26,27,19,19,25,0,3,0,4],"SA","att",10,30,10,0.95,10000,57.1708774567,5000,-1,50,0.05,0.1],[8,435,35.5121999547,4.5121999547,[6,26,27,19,19,25,0,3,0,4],"SA","att",10,30,10,0.95,10000,57.5293512344,5000,-1,50,0.05,0.1],[8,450,35.5121999547,4.5121999547,[6,26,27,19,19,25,0,3,0,4],"SA","att",10,30,10,0.95,10000,57.4198606014,5000,-1,50,0.05,0.1],[8,465,35.5121999547,4.5121999547,[6,26,27,19,19,25,0,3,0,4],"SA","att",10,30,10,0.95,10000,57.4466950893,5000,-1,50,0.05,0.1],[8,480,35.5121999547,4.5121999547,[6,26,27,19,19,25,0,3,0,4],"SA","att",10,30,10,0.95,10000,57.4121186733,5000,-1,50,0.05,0.1],[8,495,35.5121999547,4.5121999547,[6,26,27,19,19,25,0,3,0,4],"SA","att",10,30,10,0.95,10000,57.3689267635,5000,-1,50,0.05,0.1],[8,510,35.5121999547,4.5121999547,[6,26,27,19,19,25,0,3,0,4],"SA","att",10,30,10,0.95,10000,57.4156725407,5000,-1,50,0.05,0.1],[8,525,35.5121999547,4.5121999547,[6,26,27,19,19,25,0,3,0,4],"SA","att",10,30,10,0.95,10000,57.3855781555,5000,-1,50,0.05,0.1],[8,540,35.5121999547,4.5121999547,[6,26,27,19,19,25,0,3,0,4],"SA","att",10,30,10,0.95,10000,57.4136931896,5000,-1,50,0.05,0.1],[8,555,35.5121999547,4.5121999547,[6,26,27,19,19,25,0,3,0,4],"SA","att",10,30,10,0.95,10000,57.5488359928,5000,-1,50,0.05,0.1],[8,570,35.5121999547,4.5121999547,[6,26,27,19,19,25,0,3,0,4],"SA","att",10,30,10,0.95,10000,57.5587043762,5000,-1,50,0.05,0.1],[8,585,35.5121999547,4.5121999547,[6,26,27,19,19,25,0,3,0,4],"SA","att",10,30,10,0.95,10000,57.1204004288,5000,-1,50,0.05,0.1],[8,600,35.5121999547,4.5121999547,[6,26,27,19,19,25,0,3,0,4],"SA","att",10,30,10,0.95,10000,57.1524548531,5000,-1,50,0.05,0.1],[8,615,35.5121999547,4.5121999547,[6,26,27,19,19,25,0,3,0,4],"SA","att",10,30,10,0.95,10000,57.423258543,5000,-1,50,0.05,0.1],[8,630,35.5121999547,4.5121999547,[6,26,27,19,19,25,0,3,0,4],"SA","att",10,30,10,0.95,10000,57.4447302818,5000,-1,50,0.05,0.1],[8,645,35.5121999547,4.5121999547,[6,26,27,19,19,25,0,3,0,4],"SA","att",10,30,10,0.95,10000,57.3584449291,5000,-1,50,0.05,0.1],[8,660,36.2016503154,5.2016503154,[5,19,24,8,1,24,14,6,0,4],"SA","att",10,30,10,0.95,10000,57.0786559582,5000,-1,50,0.05,0.1],[8,675,36.2016503154,5.2016503154,[10,1,4,15,1,24,14,3,0,4],"SA","att",10,30,10,0.95,10000,57.3527607918,5000,-1,50,0.05,0.1],[8,690,36.2016503154,5.2016503154,[10,1,4,15,1,24,14,3,0,4],"SA","att",10,30,10,0.95,10000,57.5301647186,5000,-1,50,0.05,0.1],[8,705,36.2498166369,5.2498166369,[6,23,12,13,1,4,14,6,0,4],"SA","att",10,30,10,0.95,10000,57.4775207043,5000,-1,50,0.05,0.1],[8,720,36.2498166369,5.2498166369,[6,23,12,13,1,4,14,6,0,4],"SA","att",10,30,10,0.95,10000,57.5286326408,5000,-1,50,0.05,0.1],[8,735,36.2498166369,5.2498166369,[6,23,12,13,1,4,14,6,0,4],"SA","att",10,30,10,0.95,10000,57.4147970676,5000,-1,50,0.05,0.1],[8,750,36.2498166369,5.2498166369,[6,23,12,13,1,4,14,6,0,4],"SA","att",10,30,10,0.95,10000,56.8984997272,5000,-1,50,0.05,0.1],[8,765,36.2498166369,5.2498166369,[6,23,12,13,1,4,14,6,0,4],"SA","att",10,30,10,0.95,10000,57.3101532459,5000,-1,50,0.05,0.1],[8,780,36.2498166369,5.2498166369,[6,23,12,13,1,4,14,6,0,4],"SA","att",10,30,10,0.95,10000,57.2133128643,5000,-1,50,0.05,0.1],[8,795,36.2498166369,5.2498166369,[6,23,12,13,1,4,14,6,0,4],"SA","att",10,30,10,0.95,10000,57.1406054497,5000,-1,50,0.05,0.1],[8,810,36.2498166369,5.2498166369,[6,23,12,13,1,4,14,6,0,4],"SA","att",10,30,10,0.95,10000,57.2004516125,5000,-1,50,0.05,0.1],[8,825,36.2498166369,5.2498166369,[6,23,12,13,1,4,14,6,0,4],"SA","att",10,30,10,0.95,10000,57.2667937279,5000,-1,50,0.05,0.1],[8,840,36.2498166369,5.2498166369,[6,23,12,13,1,4,14,6,0,4],"SA","att",10,30,10,0.95,10000,57.3295812607,5000,-1,50,0.05,0.1],[8,855,36.2498166369,5.2498166369,[6,23,12,13,1,4,14,6,0,4],"SA","att",10,30,10,0.95,10000,57.2716987133,5000,-1,50,0.05,0.1],[8,870,36.2498166369,5.2498166369,[6,23,12,13,1,4,14,6,0,4],"SA","att",10,30,10,0.95,10000,57.0838079453,5000,-1,50,0.05,0.1],[8,885,36.6721933871,5.6721933871,[0,20,12,15,1,24,14,3,0,4],"SA","att",10,30,10,0.95,10000,57.3938274384,5000,-1,50,0.05,0.1],[8,900,37.1524900343,6.1524900343,[6,20,20,10,1,24,14,6,0,4],