{"columns":["ite","time","q","scaled_eu","z","solver","attacker","|Q|","|X|","|T|","rho","k","utility_time","RS_iters","mcts_iters","sa_iters","eps","lr"],"index":[0,1,2,3,4,5,6,7,8,9,10,11,12,13,14,15,16,17,18,19,20,21,22,23,24,25,26,27,28,29,30,31,32,33,34,35,36,37,38,39,40,41,42,43,44,45,46,47,48,49,50,51,52,53,54,55,56,57,58,59,60,61,62,63,64,65,66,67,68,69,70,71,72,73,74,75,76,77,78,79],"data":[[9,15,21.342639019,-9.657360981,[10,22,11,24,10,17,27,21,15,15],"SA","att",10,30,10,0.95,10000,56.0375814438,5000,-1,50,0.05,0.1],[9,30,23.6015790661,-7.3984209339,[23,22,26,10,10,17,27,3,25,18],"SA","att",10,30,10,0.95,10000,55.9534215927,5000,-1,50,0.05,0.1],[9,45,24.0000244409,-6.9999755591,[25,13,3,24,1,16,26,28,11,8],"SA","att",10,30,10,0.95,10000,56.0095341206,5000,-1,50,0.05,0.1],[9,60,25.7743512195,-5.2256487805,[9,13,3,17,1,16,26,12,23,25],"SA","att",10,30,10,0.95,10000,55.8768529892,5000,-1,50,0.05,0.1],[9,75,25.7743512195,-5.2256487805,[9,13,3,17,1,16,26,12,23,25],"SA","att",10,30,10,0.95,10000,55.9664459229,5000,-1,50,0.05,0.1],[9,90,28.4166395338,-2.5833604662,[15,28,28,20,14,27,7,18,18,20],"SA","att",10,30,10,0.95,10000,56.4086389542,5000,-1,50,0.05,0.1],[9,105,28.4166395338,-2.5833604662,[15,28,28,20,14,27,7,18,18,20],"SA","att",10,30,10,0.95,10000,56.5928843021,5000,-1,50,0.05,0.1],[9,120,28.4626982594,-2.5373017406,[7,11,7,2,21,18,24,18,18,20],"SA","att",10,30,10,0.95,10000,56.5993413925,5000,-1,50,0.05,0.1],[9,135,28.4626982594,-2.5373017406,[7,11,7,2,21,18,24,18,18,20],"SA","att",10,30,10,0.95,10000,56.4447264671,5000,-1,50,0.05,0.1],[9,150,28.5062252084,-2.4937747916,[1,8,9,9,6,19,13,14,14,4],"SA","att",10,30,10,0.95,10000,56.6987669468,5000,-1,50,0.05,0.1],[9,165,28.5062252084,-2.4937747916,[26,8,23,22,6,19,13,14,0,4],"SA","att",10,30,10,0.95,10000,56.7073802948,5000,-1,50,0.05,0.1],[9,180,28.5062252084,-2.4937747916,[26,8,23,22,6,19,13,14,0,4],"SA","att",10,30,10,0.95,10000,56.4745738506,5000,-1,50,0.05,0.1],[9,195,28.5062252084,-2.4937747916,[26,8,23,22,6,19,13,14,0,4],"SA","att",10,30,10,0.95,10000,56.4347691536,5000,-1,50,0.05,0.1],[9,210,28.5062252084,-2.4937747916,[26,8,23,22,6,19,13,14,0,4],"SA","att",10,30,10,0.95,10000,56.6315350533,5000,-1,50,0.05,0.1],[9,225,28.5062252084,-2.4937747916,[26,8,23,22,6,19,13,14,0,4],"SA","att",10,30,10,0.95,10000,56.4761481285,5000,-1,50,0.05,0.1],[9,240,28.5062252084,-2.4937747916,[26,8,23,22,6,19,13,14,0,4],"SA","att",10,30,10,0.95,10000,56.2179150581,5000,-1,50,0.05,0.1],[9,255,28.5062252084,-2.4937747916,[26,8,23,22,6,19,13,14,0,4],"SA","att",10,30,10,0.95,10000,56.2316987514,5000,-1,50,0.05,0.1],[9,270,28.5062252084,-2.4937747916,[26,8,23,22,6,19,13,14,0,4],"SA","att",10,30,10,0.95,10000,56.1514849663,5000,-1,50,0.05,0.1],[9,285,28.5062252084,-2.4937747916,[26,8,23,22,6,19,13,14,0,4],"SA","att",10,30,10,0.95,10000,56.2388980389,5000,-1,50,0.05,0.1],[9,300,28.5062252084,-2.4937747916,[26,8,23,22,6,19,13,14,0,4],"SA","att",10,30,10,0.95,10000,56.3585164547,5000,-1,50,0.05,0.1],[9,315,28.5062252084,-2.4937747916,[26,8,23,22,6,19,13,14,0,4],"SA","att",10,30,10,0.95,10000,56.361014843,5000,-1,50,0.05,0.1],[9,330,28.5062252084,-2.4937747916,[26,8,23,22,6,19,13,14,0,4],"SA","att",10,30,10,0.95,10000,56.3718063831,5000,-1,50,0.05,0.1],[9,345,28.5062252084,-2.4937747916,[26,8,23,22,6,19,13,14,0,4],"SA","att",10,30,10,0.95,10000,56.7763803005,5000,-1,50,0.05,0.1],[9,360,28.5062252084,-2.4937747916,[26,8,23,22,6,19,13,14,0,4],"SA","att",10,30,10,0.95,10000,81.7416248322,5000,-1,50,0.05,0.1],[9,375,28.5062252084,-2.4937747916,[26,8,23,22,6,19,13,14,0,4],"SA","att",10,30,10,0.95,10000,59.3844561577,5000,-1,50,0.05,0.1],[9,390,28.5062252084,-2.4937747916,[26,8,23,22,6,19,13,14,0,4],"SA","att",10,30,10,0.95,10000,52.7100746632,5000,-1,50,0.05,0.1],[9,405,28.5062252084,-2.4937747916,[26,8,23,22,6,19,13,14,0,4],"SA","att",10,30,10,0.95,10000,52.6243610382,5000,-1,50,0.05,0.1],[9,420,28.5062252084,-2.4937747916,[26,8,23,22,6,19,13,14,0,4],"SA","att",10,30,10,0.95,10000,52.7287704945,5000,-1,50,0.05,0.1],[9,435,28.5062252084,-2.4937747916,[26,8,23,22,6,19,13,14,0,4],"SA","att",10,30,10,0.95,10000,52.8272283077,5000,-1,50,0.05,0.1],[9,450,28.5062252084,-2.4937747916,[26,8,23,22,6,19,13,14,0,4],"SA","att",10,30,10,0.95,10000,53.7812995911,5000,-1,50,0.05,0.1],[9,465,28.5062252084,-2.4937747916,[26,8,23,22,6,19,13,14,0,4],"SA","att",10,30,10,0.95,10000,90.7825806141,5000,-1,50,0.05,0.1],[9,480,28.5062252084,-2.4937747916,[26,8,23,22,6,19,13,14,0,4],"SA","att",10,30,10,0.95,10000,90.9146318436,5000,-1,50,0.05,0.1],[9,495,28.5062252084,-2.4937747916,[26,8,23,22,6,19,13,14,0,4],"SA","att",10,30,10,0.95,10000,54.7904589176,5000,-1,50,0.05,0.1],[9,510,28.5062252084,-2.4937747916,[26,8,23,22,6,19,13,14,0,4],"SA","att",10,30,10,0.95,10000,52.6654026508,5000,-1,50,0.05,0.1],[9,525,28.5062252084,-2.4937747916,[26,8,23,22,6,19,13,14,0,4],"SA","att",10,30,10,0.95,10000,52.7520518303,5000,-1,50,0.05,0.1],[9,540,28.5062252084,-2.4937747916,[26,8,23,22,6,19,13,14,0,4],"SA","att",10,30,10,0.95,10000,52.7396748066,5000,-1,50,0.05,0.1],[9,555,28.5062252084,-2.4937747916,[26,8,23,22,6,19,13,14,0,4],"SA","att",10,30,10,0.95,10000,52.7565920353,5000,-1,50,0.05,0.1],[9,570,28.5062252084,-2.4937747916,[26,8,23,22,6,19,13,14,0,4],"SA","att",10,30,10,0.95,10000,58.7689805031,5000,-1,50,0.05,0.1],[9,585,28.5062252084,-2.4937747916,[26,8,23,22,6,19,13,14,0,4],"SA","att",10,30,10,0.95,10000,63.6033401489,5000,-1,50,0.05,0.1],[9,600,28.5062252084,-2.4937747916,[26,8,23,22,6,19,13,14,0,4],"SA","att",10,30,10,0.95,10000,52.7804117203,5000,-1,50,0.05,0.1],[9,615,28.5062252084,-2.4937747916,[26,8,23,22,6,19,13,14,0,4],"SA","att",10,30,10,0.95,10000,52.9271612167,5000,-1,50,0.05,0.1],[9,630,28.5062252084,-2.4937747916,[26,8,23,22,6,19,13,14,0,4],"SA","att",10,30,10,0.95,10000,52.8301618099,5000,-1,50,0.05,0.1],[9,645,28.5062252084,-2.4937747916,[26,8,23,22,6,19,13,14,0,4],"SA","att",10,30,10,0.95,10000,52.5815660954,5000,-1,50,0.05,0.1],[9,660,28.5062252084,-2.4937747916,[26,8,23,22,6,19,13,14,0,4],"SA","att",10,30,10,0.95,10000,52.8785355091,5000,-1,50,0.05,0.1],[9,675,28.5062252084,-2.4937747916,[26,8,23,22,6,19,13,14,0,4],"SA","att",10,30,10,0.95,10000,57.922301054,5000,-1,50,0.05,0.1],[9,690,28.5062252084,-2.4937747916,[26,8,23,22,6,19,13,14,0,4],"SA","att",10,30,10,0.95,10000,52.6120400429,5000,-1,50,0.05,0.1],[9,705,28.5062252084,-2.4937747916,[26,8,23,22,6,19,13,14,0,4],"SA","att",10,30,10,0.95,10000,58.462471962,5000,-1,50,0.05,0.1],[9,720,28.5062252084,-2.4937747916,[26,8,23,22,6,19,13,14,0,4],"SA","att",10,30,10,0.95,10000,52.6544573307,5000,-1,50,0.05,0.1],[9,735,28.5062252084,-2.4937747916,[26,8,23,22,6,19,13,14,0,4],"SA","att",10,30,10,0.95,10000,52.8870491982,5000,-1,50,0.05,0.1],[9,750,28.5062252084,-2.4937747916,[26,8,23,22,6,19,13,14,0,4],"SA","att",10,30,10,0.95,10000,55.8352742195,5000,-1,50,0.05,0.1],[9,765,28.5062252084,-2.4937747916,[26,8,23,22,6,19,13,14,0,4],"SA","att",10,30,10,0.95,10000,58.6626005173,5000,-1,50,0.05,0.1],[9,780,28.5062252084,-2.4937747916,[26,8,23,22,6,19,13,14,0,4],"SA","att",10,30,10,0.95,10000,52.5746862888,5000,-1,50,0.05,0.1],[9,795,28.5062252084,-2.4937747916,[26,8,23,22,6,19,13,14,0,4],"SA","att",10,30,10,0.95,10000,52.7161018848,5000,-1,50,0.05,0.1],[9,810,28.5062252084,-2.4937747916,[26,8,23,22,6,19,13,14,0,4],"SA","att",10,30,10,0.95,10000,52.7059395313,5000,-1,50,0.05,0.1],[9,825,28.5062252084,-2.4937747916,[26,8,23,22,6,19,13,14,0,4],"SA","att",10,30,10,0.95,10000,52.9116530418,5000,-1,50,0.05,0.1],[9,840,28.5062252084,-2.4937747916,[26,8,23,22,6,19,13,14,0,4],"SA","att",10,30,10,0.95,10000,52.7040407658,5000,-1,50,0.05,0.1],[9,855,28.5062252084,-2.4937747916,[26,8,23,22,6,19,13,14,0,4],"SA","att",10,30,10,0.95,10000,60.8028886318,5000,-1,50,0.05,0.1],[9,870,28.5062252084,-2.4937747916,[26,8,23,22,6,19,13,14,0,4],"SA","att",10,30,10,0.95,10000,52.6393506527,5000,-1,50,0.05,0.1],[9,885,28.5062252084,-2.4937747916,[26,8,23,22,6,19,13,14,0,4],