{"columns":["ite","time","q","scaled_eu","z","solver","attacker","|Q|","|X|","|T|","rho","k","utility_time","RS_iters","mcts_iters","sa_iters","eps","lr"],"index":[0,1,2,3,4,5,6,7,8,9,10,11,12,13,14,15,16,17,18,19,20,21,22,23,24,25,26,27,28,29,30,31,32,33,34,35,36,37,38,39,40,41,42,43,44,45,46,47,48,49,50,51,52,53,54,55,56,57,58,59,60,61,62,63,64,65,66,67,68,69,70,71,72,73,74,75,76,77,78,79],"data":[[6,15,22.2520787799,-8.7479212201,[22,25,17,20,29,10,0,1,2,9],"SA","att",10,30,10,0.95,10000,57.1469933987,5000,-1,50,0.05,0.1],[6,30,24.7709579379,-6.2290420621,[27,12,25,21,13,16,15,5,2,24],"SA","att",10,30,10,0.95,10000,56.8750238419,5000,-1,50,0.05,0.1],[6,45,24.7709579379,-6.2290420621,[27,12,25,21,13,16,15,5,2,24],"SA","att",10,30,10,0.95,10000,56.8600330353,5000,-1,50,0.05,0.1],[6,60,25.3975164249,-5.6024835751,[9,2,9,7,8,22,13,23,7,0],"SA","att",10,30,10,0.95,10000,56.8083343506,5000,-1,50,0.05,0.1],[6,75,25.3975164249,-5.6024835751,[9,2,9,7,8,22,13,23,7,0],"SA","att",10,30,10,0.95,10000,56.7915363312,5000,-1,50,0.05,0.1],[6,90,25.3975164249,-5.6024835751,[9,2,9,7,8,22,13,23,7,0],"SA","att",10,30,10,0.95,10000,56.8074307442,5000,-1,50,0.05,0.1],[6,105,25.8844767233,-5.1155232767,[13,18,18,14,19,22,27,27,12,0],"SA","att",10,30,10,0.95,10000,56.8775861263,5000,-1,50,0.05,0.1],[6,120,25.8844767233,-5.1155232767,[8,18,18,14,19,22,27,23,12,0],"SA","att",10,30,10,0.95,10000,56.9020738602,5000,-1,50,0.05,0.1],[6,135,25.8844767233,-5.1155232767,[8,18,18,14,19,22,27,23,12,0],"SA","att",10,30,10,0.95,10000,77.1070611477,5000,-1,50,0.05,0.1],[6,150,25.8844767233,-5.1155232767,[8,18,18,14,19,22,27,23,12,0],"SA","att",10,30,10,0.95,10000,57.7957146168,5000,-1,50,0.05,0.1],[6,165,25.8844767233,-5.1155232767,[8,18,18,14,19,22,27,23,12,0],"SA","att",10,30,10,0.95,10000,84.0561397076,5000,-1,50,0.05,0.1],[6,180,25.8844767233,-5.1155232767,[19,28,3,7,29,2,4,6,12,4],"SA","att",10,30,10,0.95,10000,56.7308011055,5000,-1,50,0.05,0.1],[6,195,25.8844767233,-5.1155232767,[21,28,22,17,12,27,27,23,12,4],"SA","att",10,30,10,0.95,10000,57.1336870193,5000,-1,50,0.05,0.1],[6,210,25.8844767233,-5.1155232767,[21,28,22,17,12,27,27,23,12,4],"SA","att",10,30,10,0.95,10000,57.0276346207,5000,-1,50,0.05,0.1],[6,225,25.8844767233,-5.1155232767,[21,28,22,17,12,27,27,23,12,4],"SA","att",10,30,10,0.95,10000,57.1019144058,5000,-1,50,0.05,0.1],[6,240,25.8844767233,-5.1155232767,[21,28,22,17,12,27,27,23,12,4],"SA","att",10,30,10,0.95,10000,56.9713804722,5000,-1,50,0.05,0.1],[6,255,25.8844767233,-5.1155232767,[21,28,22,17,12,27,27,23,12,4],"SA","att",10,30,10,0.95,10000,57.0628201962,5000,-1,50,0.05,0.1],[6,270,25.9390783052,-5.0609216948,[8,19,3,27,21,26,4,3,6,0],"SA","att",10,30,10,0.95,10000,57.0281009674,5000,-1,50,0.05,0.1],[6,285,28.2303093806,-2.7696906194,[14,28,3,27,4,9,20,23,6,4],"SA","att",10,30,10,0.95,10000,57.1981875896,5000,-1,50,0.05,0.1],[6,300,29.1162988993,-1.8837011007,[6,11,3,13,8,14,3,23,6,4],"SA","att",10,30,10,0.95,10000,57.1990871429,5000,-1,50,0.05,0.1],[6,315,30.1026324074,-0.8973675926,[28,1,28,29,9,22,3,23,23,4],"SA","att",10,30,10,0.95,10000,57.3123521805,5000,-1,50,0.05,0.1],[6,330,30.1026324074,-0.8973675926,[16,1,3,29,13,25,14,27,23,4],"SA","att",10,30,10,0.95,10000,57.3263020515,5000,-1,50,0.05,0.1],[6,345,30.1026324074,-0.8973675926,[16,1,3,29,13,25,14,27,23,4],"SA","att",10,30,10,0.95,10000,57.2896885872,5000,-1,50,0.05,0.1],[6,360,34.8044911385,3.8044911385,[6,15,3,5,7,7,8,3,0,4],"SA","att",10,30,10,0.95,10000,57.2216610909,5000,-1,50,0.05,0.1],[6,375,34.8044911385,3.8044911385,[6,15,3,5,7,7,8,3,0,4],"SA","att",10,30,10,0.95,10000,57.3324263096,5000,-1,50,0.05,0.1],[6,390,34.8044911385,3.8044911385,[6,15,3,5,7,7,8,3,0,4],"SA","att",10,30,10,0.95,10000,57.0129795074,5000,-1,50,0.05,0.1],[6,405,34.8044911385,3.8044911385,[6,15,3,5,7,7,8,3,0,4],"SA","att",10,30,10,0.95,10000,56.3409841061,5000,-1,50,0.05,0.1],[6,420,34.8044911385,3.8044911385,[6,15,3,5,7,7,8,3,0,4],"SA","att",10,30,10,0.95,10000,56.3270514011,5000,-1,50,0.05,0.1],[6,435,34.8044911385,3.8044911385,[6,15,3,5,7,7,8,3,0,4],"SA","att",10,30,10,0.95,10000,56.2817835808,5000,-1,50,0.05,0.1],[6,450,34.8044911385,3.8044911385,[6,15,3,5,7,7,8,3,0,4],"SA","att",10,30,10,0.95,10000,56.5091922283,5000,-1,50,0.05,0.1],[6,465,34.8044911385,3.8044911385,[6,15,3,5,7,7,8,3,0,4],"SA","att",10,30,10,0.95,10000,56.3428478241,5000,-1,50,0.05,0.1],[6,480,34.8044911385,3.8044911385,[6,15,3,5,7,7,8,3,0,4],"SA","att",10,30,10,0.95,10000,56.3169233799,5000,-1,50,0.05,0.1],[6,495,34.8044911385,3.8044911385,[6,15,3,5,7,7,8,3,0,4],"SA","att",10,30,10,0.95,10000,56.3401756287,5000,-1,50,0.05,0.1],[6,510,34.8044911385,3.8044911385,[6,15,3,5,7,7,8,3,0,4],"SA","att",10,30,10,0.95,10000,56.3720684052,5000,-1,50,0.05,0.1],[6,525,34.8044911385,3.8044911385,[6,15,3,5,7,7,8,3,0,4],"SA","att",10,30,10,0.95,10000,56.7094073296,5000,-1,50,0.05,0.1],[6,540,35.5467525744,4.5467525744,[24,27,3,5,26,8,14,3,0,4],"SA","att",10,30,10,0.95,10000,56.722827673,5000,-1,50,0.05,0.1],[6,555,36.9029773448,5.9029773448,[24,28,3,3,15,24,14,18,0,4],"SA","att",10,30,10,0.95,10000,56.8016760349,5000,-1,50,0.05,0.1],[6,570,36.9029773448,5.9029773448,[0,27,3,5,23,24,14,3,0,4],"SA","att",10,30,10,0.95,10000,67.1717312336,5000,-1,50,0.05,0.1],[6,585,36.9029773448,5.9029773448,[0,27,3,5,23,24,14,3,0,4],"SA","att",10,30,10,0.95,10000,61.5795698166,5000,-1,50,0.05,0.1],[6,600,36.9029773448,5.9029773448,[0,27,3,5,23,24,14,3,0,4],"SA","att",10,30,10,0.95,10000,56.6314103603,5000,-1,50,0.05,0.1],[6,615,36.9029773448,5.9029773448,[0,27,3,5,23,24,14,3,0,4],"SA","att",10,30,10,0.95,10000,56.7694513798,5000,-1,50,0.05,0.1],[6,630,36.9029773448,5.9029773448,[0,27,3,5,23,24,14,3,0,4],"SA","att",10,30,10,0.95,10000,56.8534650803,5000,-1,50,0.05,0.1],[6,645,36.9029773448,5.9029773448,[0,27,3,5,23,24,14,3,0,4],"SA","att",10,30,10,0.95,10000,56.7583229542,5000,-1,50,0.05,0.1],[6,660,36.9029773448,5.9029773448,[2,11,2,19,6,24,14,3,0,4],"SA","att",10,30,10,0.95,10000,56.6234827042,5000,-1,50,0.05,0.1],[6,675,36.9029773448,5.9029773448,[2,11,2,19,6,24,14,3,0,4],"SA","att",10,30,10,0.95,10000,56.594149828,5000,-1,50,0.05,0.1],[6,690,36.9029773448,5.9029773448,[2,11,2,19,6,24,14,3,0,4],"SA","att",10,30,10,0.95,10000,56.6913831234,5000,-1,50,0.05,0.1],[6,705,36.9029773448,5.9029773448,[2,11,2,19,6,24,14,3,0,4],"SA","att",10,30,10,0.95,10000,56.639269352,5000,-1,50,0.05,0.1],[6,720,36.9029773448,5.9029773448,[2,11,2,19,6,24,14,3,0,4],"SA","att",10,30,10,0.95,10000,56.6740837097,5000,-1,50,0.05,0.1],[6,735,37.5395001744,6.5395001744,[6,28,3,19,14,21,14,3,0,4],"SA","att",10,30,10,0.95,10000,56.5700929165,5000,-1,50,0.05,0.1],[6,750,37.5395001744,6.5395001744,[6,28,3,19,14,21,14,3,0,4],"SA","att",10,30,10,0.95,10000,56.5792882442,5000,-1,50,0.05,0.1],[6,765,37.5395001744,6.5395001744,[6,28,3,19,14,21,14,3,0,4],"SA","att",10,30,10,0.95,10000,56.6976687908,5000,-1,50,0.05,0.1],[6,780,37.5395001744,6.5395001744,[6,28,3,19,14,21,14,3,0,4],"SA","att",10,30,10,0.95,10000,56.505417347,5000,-1,50,0.05,0.1],[6,795,37.5395001744,6.5395001744,[6,28,3,19,14,21,14,3,0,4],"SA","att",10,30,10,0.95,10000,56.7395558357,5000,-1,50,0.05,0.1],[6,810,37.5395001744,6.5395001744,[6,28,3,19,14,21,14,3,0,4],"SA","att",10,30,10,0.95,10000,57.0498669147,5000,-1,50,0.05,0.1],[6,825,37.5395001744,6.5395001744,[6,28,3,19,14,21,14,3,0,4],"SA","att",10,30,10,0.95,10000,56.7863423824,5000,-1,50,0.05,0.1],[6,840,37.5395001744,6.5395001744,[6,28,3,19,14,21,14,3,0,4],"SA","att",10,30,10,0.95,10000,56.6690039635,5000,-1,50,0.05,0.1],[6,855,37.5395001744,6.5395001744,[6,28,3,19,14,21,14,3,0,4],"SA","att",10,30,10,0.95,10000,56.3977169991,5000,-1,50,0.05,0.1],[6,870,37.5395001744,6.5395001744,[6,28,3,19,14,21,14,3,0,4],"SA","att",10,30,10,0.95,10000,56.6284093857,5000,-1,50,0.05,0.1],[6,885,37.5395001744,6.5395001744,[6,28,3,19,14,21,14,3,0,4],"SA","att",10,30,10,0.95,10000,56.4447591305,5000,-1,50,0.05,0.1],[6,900,37.5395001744,6.5395001744,[6,28,3,19,14,21,14,3,0,4],