{"columns":["ite","time","q","scaled_eu","z","solver","attacker","|Q|","|X|","|T|","rho","k","utility_time","RS_iters","mcts_iters","sa_iters","eps","lr"],"index":[0,1,2,3,4,5,6,7,8,9,10,11,12,13,14,15,16,17,18,19,20,21,22,23,24,25,26,27,28,29,30,31,32,33,34,35,36,37,38,39,40,41,42,43,44,45,46,47,48,49,50,51,52,53,54,55,56,57,58,59,60,61,62,63,64,65,66,67,68,69,70,71,72,73,74,75,76,77,78,79],"data":[[5,15,6.4144481487,-4.5855518513,[2,29,11,16,14,17,23,16,6,4],"SA","dd",10,30,10,0.95,10000,84.2346704006,5000,-1,50,0.05,0.1],[5,30,6.4144481487,-4.5855518513,[19,27,2,24,14,16,4,4,5,18],"SA","dd",10,30,10,0.95,10000,85.1177685261,5000,-1,50,0.05,0.1],[5,45,6.4144481487,-4.5855518513,[7,6,27,4,6,17,11,6,11,11],"SA","dd",10,30,10,0.95,10000,84.4031627178,5000,-1,50,0.05,0.1],[5,60,6.4144481487,-4.5855518513,[7,6,27,4,6,17,11,6,11,11],"SA","dd",10,30,10,0.95,10000,84.1831867695,5000,-1,50,0.05,0.1],[5,75,6.4144481487,-4.5855518513,[8,8,23,19,18,18,16,0,5,11],"SA","dd",10,30,10,0.95,10000,84.4436614513,5000,-1,50,0.05,0.1],[5,90,6.4144481487,-4.5855518513,[1,26,11,9,11,17,1,16,9,11],"SA","dd",10,30,10,0.95,10000,84.2800993919,5000,-1,50,0.05,0.1],[5,105,6.4144481487,-4.5855518513,[0,13,8,6,11,16,18,0,28,2],"SA","dd",10,30,10,0.95,10000,84.1553647518,5000,-1,50,0.05,0.1],[5,120,6.4144481487,-4.5855518513,[0,13,8,6,11,16,18,0,28,2],"SA","dd",10,30,10,0.95,10000,84.1672327518,5000,-1,50,0.05,0.1],[5,135,6.4144481487,-4.5855518513,[0,13,8,6,11,16,18,0,28,2],"SA","dd",10,30,10,0.95,10000,84.2272152901,5000,-1,50,0.05,0.1],[5,150,6.4144481487,-4.5855518513,[8,8,11,26,11,20,21,8,23,26],"SA","dd",10,30,10,0.95,10000,83.8485283852,5000,-1,50,0.05,0.1],[5,165,6.4144481487,-4.5855518513,[8,8,11,26,11,20,21,8,23,26],"SA","dd",10,30,10,0.95,10000,83.9437792301,5000,-1,50,0.05,0.1],[5,180,6.4144481487,-4.5855518513,[8,8,11,26,11,20,21,8,23,26],"SA","dd",10,30,10,0.95,10000,83.9942772388,5000,-1,50,0.05,0.1],[5,195,6.4144481487,-4.5855518513,[8,8,11,26,11,20,21,8,23,26],"SA","dd",10,30,10,0.95,10000,84.0558884144,5000,-1,50,0.05,0.1],[5,210,6.4144481487,-4.5855518513,[1,25,22,13,11,19,14,18,1,5],"SA","dd",10,30,10,0.95,10000,84.7401618958,5000,-1,50,0.05,0.1],[5,225,6.4144481487,-4.5855518513,[1,25,22,13,11,19,14,18,1,5],"SA","dd",10,30,10,0.95,10000,84.2588090897,5000,-1,50,0.05,0.1],[5,240,6.4144481487,-4.5855518513,[1,25,22,13,11,19,14,18,1,5],"SA","dd",10,30,10,0.95,10000,84.3875982761,5000,-1,50,0.05,0.1],[5,255,6.4144481487,-4.5855518513,[20,12,9,9,11,25,2,22,28,19],"SA","dd",10,30,10,0.95,10000,84.5414857864,5000,-1,50,0.05,0.1],[5,270,6.4144481487,-4.5855518513,[20,12,9,9,11,25,2,22,28,19],"SA","dd",10,30,10,0.95,10000,84.2055971622,5000,-1,50,0.05,0.1],[5,285,6.4144481487,-4.5855518513,[20,12,9,9,11,25,2,22,28,19],"SA","dd",10,30,10,0.95,10000,84.5624809265,5000,-1,50,0.05,0.1],[5,300,6.4144481487,-4.5855518513,[20,12,9,9,11,25,2,22,28,19],"SA","dd",10,30,10,0.95,10000,84.4157552719,5000,-1,50,0.05,0.1],[5,315,6.4144481487,-4.5855518513,[20,12,9,9,11,25,2,22,28,19],"SA","dd",10,30,10,0.95,10000,84.0631818771,5000,-1,50,0.05,0.1],[5,330,6.4144481487,-4.5855518513,[20,12,9,9,11,25,2,22,28,19],"SA","dd",10,30,10,0.95,10000,85.108839035,5000,-1,50,0.05,0.1],[5,345,6.4144481487,-4.5855518513,[20,12,9,9,11,25,2,22,28,19],"SA","dd",10,30,10,0.95,10000,85.2705507278,5000,-1,50,0.05,0.1],[5,360,6.4144481487,-4.5855518513,[20,12,9,9,11,25,2,22,28,19],"SA","dd",10,30,10,0.95,10000,85.2541496754,5000,-1,50,0.05,0.1],[5,375,6.4144481487,-4.5855518513,[20,12,9,9,11,25,2,22,28,19],"SA","dd",10,30,10,0.95,10000,85.0518937111,5000,-1,50,0.05,0.1],[5,390,6.4144481487,-4.5855518513,[20,12,9,9,11,25,2,22,28,19],"SA","dd",10,30,10,0.95,10000,85.3398628235,5000,-1,50,0.05,0.1],[5,405,6.4144481487,-4.5855518513,[6,20,18,1,11,4,4,24,13,27],"SA","dd",10,30,10,0.95,10000,85.2228219509,5000,-1,50,0.05,0.1],[5,420,6.4144481487,-4.5855518513,[6,20,18,1,11,4,4,24,13,27],"SA","dd",10,30,10,0.95,10000,85.3357951641,5000,-1,50,0.05,0.1],[5,435,6.4144481487,-4.5855518513,[6,20,18,1,11,4,4,24,13,27],"SA","dd",10,30,10,0.95,10000,85.2473511696,5000,-1,50,0.05,0.1],[5,450,6.6045357667,-4.3954642333,[6,18,2,20,23,24,13,14,1,18],"SA","dd",10,30,10,0.95,10000,85.2051124573,5000,-1,50,0.05,0.1],[5,465,6.6045357667,-4.3954642333,[6,18,2,20,23,24,13,14,1,18],"SA","dd",10,30,10,0.95,10000,85.2138237953,5000,-1,50,0.05,0.1],[5,480,6.6045357667,-4.3954642333,[6,18,2,20,23,24,13,14,1,18],"SA","dd",10,30,10,0.95,10000,85.0904560089,5000,-1,50,0.05,0.1],[5,495,6.6045357667,-4.3954642333,[6,18,2,20,23,24,13,14,1,18],"SA","dd",10,30,10,0.95,10000,84.0263783932,5000,-1,50,0.05,0.1],[5,510,6.6045357667,-4.3954642333,[6,18,2,20,23,24,13,14,1,18],"SA","dd",10,30,10,0.95,10000,85.1824331284,5000,-1,50,0.05,0.1],[5,525,6.6045357667,-4.3954642333,[6,18,2,20,23,24,13,14,1,18],"SA","dd",10,30,10,0.95,10000,84.5189161301,5000,-1,50,0.05,0.1],[5,540,6.6045357667,-4.3954642333,[6,18,2,20,23,24,13,14,1,18],"SA","dd",10,30,10,0.95,10000,84.6869149208,5000,-1,50,0.05,0.1],[5,555,6.6045357667,-4.3954642333,[6,18,2,20,23,24,13,14,1,18],"SA","dd",10,30,10,0.95,10000,84.2117271423,5000,-1,50,0.05,0.1],[5,570,6.6045357667,-4.3954642333,[6,18,2,20,23,24,13,14,1,18],"SA","dd",10,30,10,0.95,10000,83.8604443073,5000,-1,50,0.05,0.1],[5,585,6.6045357667,-4.3954642333,[6,18,2,20,23,24,13,14,1,18],"SA","dd",10,30,10,0.95,10000,83.63265872,5000,-1,50,0.05,0.1],[5,600,6.6045357667,-4.3954642333,[6,18,2,20,23,24,13,14,1,18],"SA","dd",10,30,10,0.95,10000,83.357738018,5000,-1,50,0.05,0.1],[5,615,6.6045357667,-4.3954642333,[6,18,2,20,23,24,13,14,1,18],"SA","dd",10,30,10,0.95,10000,83.7271113396,5000,-1,50,0.05,0.1],[5,630,6.6045357667,-4.3954642333,[6,18,2,20,23,24,13,14,1,18],"SA","dd",10,30,10,0.95,10000,83.357275486,5000,-1,50,0.05,0.1],[5,645,6.6045357667,-4.3954642333,[6,18,2,20,23,24,13,14,1,18],"SA","dd",10,30,10,0.95,10000,83.3154759407,5000,-1,50,0.05,0.1],[5,660,6.6045357667,-4.3954642333,[6,18,2,20,23,24,13,14,1,18],"SA","dd",10,30,10,0.95,10000,83.2717020512,5000,-1,50,0.05,0.1],[5,675,11.8161698277,0.8161698277,[8,27,14,27,11,19,23,20,28,9],"SA","dd",10,30,10,0.95,10000,83.2248442173,5000,-1,50,0.05,0.1],[5,690,11.8161698277,0.8161698277,[8,27,14,27,11,19,23,20,28,9],"SA","dd",10,30,10,0.95,10000,83.1879217625,5000,-1,50,0.05,0.1],[5,705,11.8161698277,0.8161698277,[8,27,14,27,11,19,23,20,28,9],"SA","dd",10,30,10,0.95,10000,81.7355854511,5000,-1,50,0.05,0.1],[5,720,11.8161698277,0.8161698277,[8,27,14,27,11,19,23,20,28,9],"SA","dd",10,30,10,0.95,10000,81.9538691044,5000,-1,50,0.05,0.1],[5,735,11.8161698277,0.8161698277,[8,27,14,27,11,19,23,20,28,9],"SA","dd",10,30,10,0.95,10000,81.658728838,5000,-1,50,0.05,0.1],[5,750,11.8161698277,0.8161698277,[8,27,14,27,11,19,23,20,28,9],"SA","dd",10,30,10,0.95,10000,81.6005337238,5000,-1,50,0.05,0.1],[5,765,11.8161698277,0.8161698277,[8,27,14,27,11,19,23,20,28,9],"SA","dd",10,30,10,0.95,10000,81.8048224449,5000,-1,50,0.05,0.1],[5,780,11.8161698277,0.8161698277,[8,27,14,27,11,19,23,20,28,9],"SA","dd",10,30,10,0.95,10000,81.7001547813,5000,-1,50,0.05,0.1],[5,795,11.8161698277,0.8161698277,[8,27,14,27,11,19,23,20,28,9],"SA","dd",10,30,10,0.95,10000,82.3437554836,5000,-1,50,0.05,0.1],[5,810,11.8161698277,0.8161698277,[8,27,14,27,11,19,23,20,28,9],"SA","dd",10,30,10,0.95,10000,82.4067320824,5000,-1,50,0.05,0.1],[5,825,11.8161698277,0.8161698277,[8,27,14,27,11,19,23,20,28,9],"SA","dd",10,30,10,0.95,10000,82.3456730843,5000,-1,50,0.05,0.1],[5,840,11.8161698277,0.8161698277,[8,27,14,27,11,19,23,20,28,9],"SA","dd",10,30,10,0.95,10000,81.6982097626,5000,-1,50,0.05,0.1],[5,855,11.8161698277,0.8161698277,[8,27,14,27,11,19,23,20,28,9],"SA","dd",10,30,10,0.95,10000,82.1859622002,5000,-1,50,0.05,0.1],[5,870,11.8161698277,0.8161698277,[8,27,14,27,11,19,23,20,28,9],"SA","dd",10,30,10,0.95,10000,82.1732647419,5000,-1,50,0.05,0.1],[5,885,11.8161698277,0.8161698277,[8,27,14,27,11,19,23,20,28,9],