{"columns":["ite","time","q","scaled_eu","z","solver","attacker","|Q|","|X|","|T|","rho","k","utility_time","RS_iters","mcts_iters","sa_iters","eps","lr"],"index":[0,1,2,3,4,5,6,7,8,9,10,11,12,13,14,15,16,17,18,19,20,21,22,23,24,25,26,27,28,29,30,31,32,33,34,35,36,37,38,39,40,41,42,43,44,45,46,47,48,49,50,51,52,53,54,55,56,57,58,59,60,61,62,63,64,65,66,67,68,69,70,71,72,73,74,75,76,77,78,79],"data":[[1,15,5.6203899058,-5.3796100942,[22,3,1,22,18,26,18,2,19,1],"SA","dd",10,30,10,0.95,10000,83.5459506512,5000,-1,50,0.05,0.1],[1,30,7.554312178,-3.445687822,[28,4,24,22,14,24,28,29,22,1],"SA","dd",10,30,10,0.95,10000,83.6366221905,5000,-1,50,0.05,0.1],[1,45,7.554312178,-3.445687822,[28,4,24,22,14,24,28,29,22,1],"SA","dd",10,30,10,0.95,10000,83.5755674839,5000,-1,50,0.05,0.1],[1,60,8.0883929078,-2.9116070922,[6,16,20,6,14,28,9,18,20,29],"SA","dd",10,30,10,0.95,10000,83.7620227337,5000,-1,50,0.05,0.1],[1,75,8.6439306717,-2.3560693283,[6,16,20,6,14,29,9,4,28,29],"SA","dd",10,30,10,0.95,10000,83.2008128166,5000,-1,50,0.05,0.1],[1,90,8.6439306717,-2.3560693283,[27,4,27,0,11,23,23,18,28,11],"SA","dd",10,30,10,0.95,10000,82.5501585007,5000,-1,50,0.05,0.1],[1,105,8.6439306717,-2.3560693283,[27,4,15,9,11,6,7,12,28,6],"SA","dd",10,30,10,0.95,10000,83.0043411255,5000,-1,50,0.05,0.1],[1,120,8.6439306717,-2.3560693283,[27,4,15,9,11,6,7,12,28,6],"SA","dd",10,30,10,0.95,10000,83.0175104141,5000,-1,50,0.05,0.1],[1,135,8.6439306717,-2.3560693283,[27,4,15,9,11,6,7,12,28,6],"SA","dd",10,30,10,0.95,10000,83.0234918594,5000,-1,50,0.05,0.1],[1,150,8.6439306717,-2.3560693283,[27,4,15,9,11,6,7,12,28,6],"SA","dd",10,30,10,0.95,10000,83.0519697666,5000,-1,50,0.05,0.1],[1,165,8.6439306717,-2.3560693283,[27,4,15,9,11,6,7,12,28,6],"SA","dd",10,30,10,0.95,10000,82.9187898636,5000,-1,50,0.05,0.1],[1,180,8.6439306717,-2.3560693283,[27,4,15,9,11,6,7,12,28,6],"SA","dd",10,30,10,0.95,10000,82.9709908962,5000,-1,50,0.05,0.1],[1,195,8.6439306717,-2.3560693283,[27,4,15,9,11,6,7,12,28,6],"SA","dd",10,30,10,0.95,10000,82.7999174595,5000,-1,50,0.05,0.1],[1,210,8.6439306717,-2.3560693283,[27,4,15,9,11,6,7,12,28,6],"SA","dd",10,30,10,0.95,10000,83.1514985561,5000,-1,50,0.05,0.1],[1,225,8.6439306717,-2.3560693283,[29,8,27,1,11,10,26,7,20,26],"SA","dd",10,30,10,0.95,10000,83.3114154339,5000,-1,50,0.05,0.1],[1,240,8.6439306717,-2.3560693283,[29,8,27,1,11,10,26,7,20,26],"SA","dd",10,30,10,0.95,10000,83.2507145405,5000,-1,50,0.05,0.1],[1,255,8.6439306717,-2.3560693283,[29,8,27,1,11,10,26,7,20,26],"SA","dd",10,30,10,0.95,10000,83.5699534416,5000,-1,50,0.05,0.1],[1,270,8.6439306717,-2.3560693283,[29,8,27,1,11,10,26,7,20,26],"SA","dd",10,30,10,0.95,10000,83.2000749111,5000,-1,50,0.05,0.1],[1,285,8.6439306717,-2.3560693283,[29,8,27,1,11,10,26,7,20,26],"SA","dd",10,30,10,0.95,10000,83.237934351,5000,-1,50,0.05,0.1],[1,300,8.6439306717,-2.3560693283,[29,8,27,1,11,10,26,7,20,26],"SA","dd",10,30,10,0.95,10000,83.8443968296,5000,-1,50,0.05,0.1],[1,315,8.6439306717,-2.3560693283,[29,8,27,1,11,10,26,7,20,26],"SA","dd",10,30,10,0.95,10000,84.0816533566,5000,-1,50,0.05,0.1],[1,330,8.6439306717,-2.3560693283,[29,8,27,1,11,10,26,7,20,26],"SA","dd",10,30,10,0.95,10000,84.1445748806,5000,-1,50,0.05,0.1],[1,345,8.6439306717,-2.3560693283,[29,8,27,1,11,10,26,7,20,26],"SA","dd",10,30,10,0.95,10000,84.9233353138,5000,-1,50,0.05,0.1],[1,360,8.6439306717,-2.3560693283,[18,24,7,27,11,0,20,1,18,2],"SA","dd",10,30,10,0.95,10000,84.952848196,5000,-1,50,0.05,0.1],[1,375,8.6439306717,-2.3560693283,[18,24,7,27,11,0,20,1,18,2],"SA","dd",10,30,10,0.95,10000,85.5170953274,5000,-1,50,0.05,0.1],[1,390,8.6439306717,-2.3560693283,[18,24,7,27,11,0,20,1,18,2],"SA","dd",10,30,10,0.95,10000,85.1841425896,5000,-1,50,0.05,0.1],[1,405,8.6439306717,-2.3560693283,[18,24,7,27,11,0,20,1,18,2],"SA","dd",10,30,10,0.95,10000,85.0671153069,5000,-1,50,0.05,0.1],[1,420,8.6439306717,-2.3560693283,[18,24,7,27,11,0,20,1,18,2],"SA","dd",10,30,10,0.95,10000,85.1365721226,5000,-1,50,0.05,0.1],[1,435,8.6439306717,-2.3560693283,[18,24,7,27,11,0,20,1,18,2],"SA","dd",10,30,10,0.95,10000,84.9994168282,5000,-1,50,0.05,0.1],[1,450,8.6439306717,-2.3560693283,[18,24,7,27,11,0,20,1,18,2],"SA","dd",10,30,10,0.95,10000,85.0048601627,5000,-1,50,0.05,0.1],[1,465,8.6439306717,-2.3560693283,[18,24,7,27,11,0,20,1,18,2],"SA","dd",10,30,10,0.95,10000,85.0411293507,5000,-1,50,0.05,0.1],[1,480,8.6439306717,-2.3560693283,[18,24,7,27,11,0,20,1,18,2],"SA","dd",10,30,10,0.95,10000,84.6974275112,5000,-1,50,0.05,0.1],[1,495,8.6439306717,-2.3560693283,[18,24,7,27,11,0,20,1,18,2],"SA","dd",10,30,10,0.95,10000,84.5033457279,5000,-1,50,0.05,0.1],[1,510,8.6439306717,-2.3560693283,[18,24,7,27,11,0,20,1,18,2],"SA","dd",10,30,10,0.95,10000,84.59080863,5000,-1,50,0.05,0.1],[1,525,8.6439306717,-2.3560693283,[18,24,7,27,11,0,20,1,18,2],"SA","dd",10,30,10,0.95,10000,83.9169359207,5000,-1,50,0.05,0.1],[1,540,8.6439306717,-2.3560693283,[18,24,7,27,11,0,20,1,18,2],"SA","dd",10,30,10,0.95,10000,84.5181112289,5000,-1,50,0.05,0.1],[1,555,8.6439306717,-2.3560693283,[18,24,7,27,11,0,20,1,18,2],"SA","dd",10,30,10,0.95,10000,84.1580588818,5000,-1,50,0.05,0.1],[1,570,8.6439306717,-2.3560693283,[18,24,7,27,11,0,20,1,18,2],"SA","dd",10,30,10,0.95,10000,83.9815268517,5000,-1,50,0.05,0.1],[1,585,8.6439306717,-2.3560693283,[18,24,7,27,11,0,20,1,18,2],"SA","dd",10,30,10,0.95,10000,83.756778717,5000,-1,50,0.05,0.1],[1,600,8.6439306717,-2.3560693283,[18,24,7,27,11,0,20,1,18,2],"SA","dd",10,30,10,0.95,10000,83.7940676212,5000,-1,50,0.05,0.1],[1,615,8.6439306717,-2.3560693283,[18,24,7,27,11,0,20,1,18,2],"SA","dd",10,30,10,0.95,10000,83.8389775753,5000,-1,50,0.05,0.1],[1,630,8.6439306717,-2.3560693283,[18,24,7,27,11,0,20,1,18,2],"SA","dd",10,30,10,0.95,10000,84.0346617699,5000,-1,50,0.05,0.1],[1,645,8.6439306717,-2.3560693283,[18,24,7,27,11,0,20,1,18,2],"SA","dd",10,30,10,0.95,10000,83.1271493435,5000,-1,50,0.05,0.1],[1,660,8.6439306717,-2.3560693283,[18,24,7,27,11,0,20,1,18,2],"SA","dd",10,30,10,0.95,10000,83.5115666389,5000,-1,50,0.05,0.1],[1,675,8.6439306717,-2.3560693283,[18,24,7,27,11,0,20,1,18,2],"SA","dd",10,30,10,0.95,10000,83.291800499,5000,-1,50,0.05,0.1],[1,690,8.6439306717,-2.3560693283,[18,24,7,27,11,0,20,1,18,2],"SA","dd",10,30,10,0.95,10000,83.3073611259,5000,-1,50,0.05,0.1],[1,705,8.6439306717,-2.3560693283,[18,24,7,27,11,0,20,1,18,2],"SA","dd",10,30,10,0.95,10000,83.3815653324,5000,-1,50,0.05,0.1],[1,720,8.6439306717,-2.3560693283,[18,24,7,27,11,0,20,1,18,2],"SA","dd",10,30,10,0.95,10000,83.3869752884,5000,-1,50,0.05,0.1],[1,735,8.6439306717,-2.3560693283,[18,24,7,27,11,0,20,1,18,2],"SA","dd",10,30,10,0.95,10000,83.2824835777,5000,-1,50,0.05,0.1],[1,750,8.6439306717,-2.3560693283,[18,24,7,27,11,0,20,1,18,2],"SA","dd",10,30,10,0.95,10000,83.0646262169,5000,-1,50,0.05,0.1],[1,765,8.6439306717,-2.3560693283,[18,24,7,27,11,0,20,1,18,2],"SA","dd",10,30,10,0.95,10000,82.7160484791,5000,-1,50,0.05,0.1],[1,780,8.6439306717,-2.3560693283,[18,24,7,27,11,0,20,1,18,2],"SA","dd",10,30,10,0.95,10000,83.3645532131,5000,-1,50,0.05,0.1],[1,795,8.6439306717,-2.3560693283,[18,24,7,27,11,0,20,1,18,2],"SA","dd",10,30,10,0.95,10000,83.3707616329,5000,-1,50,0.05,0.1],[1,810,8.6439306717,-2.3560693283,[18,24,7,27,11,0,20,1,18,2],"SA","dd",10,30,10,0.95,10000,82.9625833035,5000,-1,50,0.05,0.1],[1,825,8.6439306717,-2.3560693283,[18,24,7,27,11,0,20,1,18,2],"SA","dd",10,30,10,0.95,10000,83.5586485863,5000,-1,50,0.05,0.1],[1,840,8.6439306717,-2.3560693283,[18,24,7,27,11,0,20,1,18,2],"SA","dd",10,30,10,0.95,10000,82.649440527,5000,-1,50,0.05,0.1],[1,855,8.6439306717,-2.3560693283,[18,24,7,27,11,0,20,1,18,2],"SA","dd",10,30,10,0.95,10000,83.6841437817,5000,-1,50,0.05,0.1],[1,870,8.6439306717,-2.3560693283,[17,21,23,1,11,26,14,2,19,8],"SA","dd",10,30,10,0.95,10000,82.8915688992,5000,-1,50,0.05,0.1],[1,885,12.0142062111,1.0142062111,[19,8,3,12,11,0,2,13,18,15],"SA","dd",10,30,10,0.95,10000,82.7994234562,5000,-1,50,0.05,0.1],[1,900,12.0142062111,1.0142062111,[19,8,3,12,11,0,2,13,18,15],