{"columns":["ite","time","q","scaled_eu","z","solver","attacker","|Q|","|X|","|T|","rho","k","utility_time","RS_iters","mcts_iters","sa_iters","eps","lr"],"index":[0,1,2,3,4,5,6,7,8,9,10,11,12,13,14,15,16,17,18,19,20,21,22,23,24,25,26,27,28,29,30,31,32,33,34,35,36,37,38,39,40,41,42,43,44,45,46,47,48,49,50,51,52,53,54,55,56,57,58,59,60,61,62,63,64,65,66,67,68,69,70,71,72,73,74,75,76,77,78,79],"data":[[4,15,2.6308591397,-8.3691408603,[2,13,1,28,26,22,23,16,13,15],"SA","dd",10,30,10,0.95,10000,83.6720006466,5000,-1,50,0.05,0.1],[4,30,8.0506696216,-2.9493303784,[11,16,3,9,14,9,21,25,24,22],"SA","dd",10,30,10,0.95,10000,83.9246454239,5000,-1,50,0.05,0.1],[4,45,8.0506696216,-2.9493303784,[11,16,3,9,14,9,21,25,24,22],"SA","dd",10,30,10,0.95,10000,83.1717040539,5000,-1,50,0.05,0.1],[4,60,8.0506696216,-2.9493303784,[11,16,3,9,14,9,21,25,24,22],"SA","dd",10,30,10,0.95,10000,83.9144449234,5000,-1,50,0.05,0.1],[4,75,8.0506696216,-2.9493303784,[11,16,3,9,14,9,21,25,24,22],"SA","dd",10,30,10,0.95,10000,83.3882324696,5000,-1,50,0.05,0.1],[4,90,8.0506696216,-2.9493303784,[11,16,3,9,14,9,21,25,24,22],"SA","dd",10,30,10,0.95,10000,83.0336077213,5000,-1,50,0.05,0.1],[4,105,8.0506696216,-2.9493303784,[15,15,17,19,11,18,11,7,15,6],"SA","dd",10,30,10,0.95,10000,82.5723240376,5000,-1,50,0.05,0.1],[4,120,8.0506696216,-2.9493303784,[24,28,15,5,11,27,6,2,16,10],"SA","dd",10,30,10,0.95,10000,82.6325538158,5000,-1,50,0.05,0.1],[4,135,8.0506696216,-2.9493303784,[24,28,15,5,11,27,6,2,16,10],"SA","dd",10,30,10,0.95,10000,82.6280605793,5000,-1,50,0.05,0.1],[4,150,8.0506696216,-2.9493303784,[24,28,15,5,11,27,6,2,16,10],"SA","dd",10,30,10,0.95,10000,82.6934723854,5000,-1,50,0.05,0.1],[4,165,8.0506696216,-2.9493303784,[24,28,15,5,11,27,6,2,16,10],"SA","dd",10,30,10,0.95,10000,82.5505030155,5000,-1,50,0.05,0.1],[4,180,8.0506696216,-2.9493303784,[24,28,15,5,11,27,6,2,16,10],"SA","dd",10,30,10,0.95,10000,82.6207482815,5000,-1,50,0.05,0.1],[4,195,8.0506696216,-2.9493303784,[24,28,15,5,11,27,6,2,16,10],"SA","dd",10,30,10,0.95,10000,82.775053978,5000,-1,50,0.05,0.1],[4,210,8.0506696216,-2.9493303784,[24,28,15,5,11,27,6,2,16,10],"SA","dd",10,30,10,0.95,10000,82.7513878345,5000,-1,50,0.05,0.1],[4,225,8.0506696216,-2.9493303784,[24,28,15,5,11,27,6,2,16,10],"SA","dd",10,30,10,0.95,10000,82.9542851448,5000,-1,50,0.05,0.1],[4,240,8.0506696216,-2.9493303784,[24,28,15,5,11,27,6,2,16,10],"SA","dd",10,30,10,0.95,10000,83.3162949085,5000,-1,50,0.05,0.1],[4,255,8.0506696216,-2.9493303784,[24,28,15,5,11,27,6,2,16,10],"SA","dd",10,30,10,0.95,10000,83.1222033501,5000,-1,50,0.05,0.1],[4,270,8.0506696216,-2.9493303784,[24,28,15,5,11,27,6,2,16,10],"SA","dd",10,30,10,0.95,10000,82.8774352074,5000,-1,50,0.05,0.1],[4,285,8.0506696216,-2.9493303784,[24,28,15,5,11,27,6,2,16,10],"SA","dd",10,30,10,0.95,10000,82.9712240696,5000,-1,50,0.05,0.1],[4,300,8.0506696216,-2.9493303784,[8,7,13,24,11,14,21,10,25,15],"SA","dd",10,30,10,0.95,10000,83.4429695606,5000,-1,50,0.05,0.1],[4,315,8.0506696216,-2.9493303784,[8,7,13,24,11,14,21,10,25,15],"SA","dd",10,30,10,0.95,10000,83.6377182007,5000,-1,50,0.05,0.1],[4,330,8.0506696216,-2.9493303784,[8,7,13,24,11,14,21,10,25,15],"SA","dd",10,30,10,0.95,10000,84.1334645748,5000,-1,50,0.05,0.1],[4,345,8.0506696216,-2.9493303784,[8,7,13,24,11,14,21,10,25,15],"SA","dd",10,30,10,0.95,10000,83.9298334122,5000,-1,50,0.05,0.1],[4,360,8.0506696216,-2.9493303784,[8,7,13,24,11,14,21,10,25,15],"SA","dd",10,30,10,0.95,10000,83.9922304153,5000,-1,50,0.05,0.1],[4,375,8.0506696216,-2.9493303784,[8,7,13,24,11,14,21,10,25,15],"SA","dd",10,30,10,0.95,10000,83.935138464,5000,-1,50,0.05,0.1],[4,390,8.0506696216,-2.9493303784,[8,7,13,24,11,14,21,10,25,15],"SA","dd",10,30,10,0.95,10000,83.7811791897,5000,-1,50,0.05,0.1],[4,405,8.0506696216,-2.9493303784,[8,7,13,24,11,14,21,10,25,15],"SA","dd",10,30,10,0.95,10000,83.8483893871,5000,-1,50,0.05,0.1],[4,420,8.0506696216,-2.9493303784,[8,7,13,24,11,14,21,10,25,15],"SA","dd",10,30,10,0.95,10000,83.8882541656,5000,-1,50,0.05,0.1],[4,435,8.7107399169,-2.2892600831,[27,25,23,19,14,5,26,19,13,14],"SA","dd",10,30,10,0.95,10000,83.7762601376,5000,-1,50,0.05,0.1],[4,450,8.7107399169,-2.2892600831,[27,25,23,19,14,5,26,19,13,14],"SA","dd",10,30,10,0.95,10000,84.1040627956,5000,-1,50,0.05,0.1],[4,465,8.7107399169,-2.2892600831,[27,25,23,19,14,5,26,19,13,14],"SA","dd",10,30,10,0.95,10000,83.9198021889,5000,-1,50,0.05,0.1],[4,480,8.7107399169,-2.2892600831,[27,25,23,19,14,5,26,19,13,14],"SA","dd",10,30,10,0.95,10000,83.0352561474,5000,-1,50,0.05,0.1],[4,495,8.7107399169,-2.2892600831,[27,25,23,19,14,5,26,19,13,14],"SA","dd",10,30,10,0.95,10000,83.5052864552,5000,-1,50,0.05,0.1],[4,510,8.7107399169,-2.2892600831,[27,25,23,19,14,5,26,19,13,14],"SA","dd",10,30,10,0.95,10000,82.9925737381,5000,-1,50,0.05,0.1],[4,525,8.7107399169,-2.2892600831,[27,25,23,19,14,5,26,19,13,14],"SA","dd",10,30,10,0.95,10000,83.257540226,5000,-1,50,0.05,0.1],[4,540,8.7107399169,-2.2892600831,[27,25,23,19,14,5,26,19,13,14],"SA","dd",10,30,10,0.95,10000,82.8062908649,5000,-1,50,0.05,0.1],[4,555,8.7107399169,-2.2892600831,[27,25,23,19,14,5,26,19,13,14],"SA","dd",10,30,10,0.95,10000,83.6409769058,5000,-1,50,0.05,0.1],[4,570,8.7107399169,-2.2892600831,[27,25,23,19,14,5,26,19,13,14],"SA","dd",10,30,10,0.95,10000,83.2617502213,5000,-1,50,0.05,0.1],[4,585,8.7107399169,-2.2892600831,[27,25,23,19,14,5,26,19,13,14],"SA","dd",10,30,10,0.95,10000,82.6350295544,5000,-1,50,0.05,0.1],[4,600,8.7107399169,-2.2892600831,[27,25,23,19,14,5,26,19,13,14],"SA","dd",10,30,10,0.95,10000,82.5904479027,5000,-1,50,0.05,0.1],[4,615,8.7107399169,-2.2892600831,[27,25,23,19,14,5,26,19,13,14],"SA","dd",10,30,10,0.95,10000,82.0558378696,5000,-1,50,0.05,0.1],[4,630,8.7107399169,-2.2892600831,[27,25,23,19,14,5,26,19,13,14],"SA","dd",10,30,10,0.95,10000,83.0021762848,5000,-1,50,0.05,0.1],[4,645,11.9377868659,0.9377868659,[27,28,3,15,11,29,26,8,13,25],"SA","dd",10,30,10,0.95,10000,82.1946232319,5000,-1,50,0.05,0.1],[4,660,11.9377868659,0.9377868659,[27,28,3,15,11,29,26,8,13,25],"SA","dd",10,30,10,0.95,10000,82.4149880409,5000,-1,50,0.05,0.1],[4,675,11.9377868659,0.9377868659,[27,28,3,15,11,29,26,8,13,25],"SA","dd",10,30,10,0.95,10000,82.1511156559,5000,-1,50,0.05,0.1],[4,690,11.9377868659,0.9377868659,[27,28,3,15,11,29,26,8,13,25],"SA","dd",10,30,10,0.95,10000,82.2613174915,5000,-1,50,0.05,0.1],[4,705,11.9377868659,0.9377868659,[27,28,3,15,11,29,26,8,13,25],"SA","dd",10,30,10,0.95,10000,83.3170390129,5000,-1,50,0.05,0.1],[4,720,11.9377868659,0.9377868659,[27,28,3,15,11,29,26,8,13,25],"SA","dd",10,30,10,0.95,10000,82.7049739361,5000,-1,50,0.05,0.1],[4,735,11.9377868659,0.9377868659,[27,28,3,15,11,29,26,8,13,25],"SA","dd",10,30,10,0.95,10000,82.4497349262,5000,-1,50,0.05,0.1],[4,750,11.9377868659,0.9377868659,[27,28,3,15,11,29,26,8,13,25],"SA","dd",10,30,10,0.95,10000,82.5570921898,5000,-1,50,0.05,0.1],[4,765,11.9377868659,0.9377868659,[27,28,3,15,11,29,26,8,13,25],"SA","dd",10,30,10,0.95,10000,81.9664082527,5000,-1,50,0.05,0.1],[4,780,11.9377868659,0.9377868659,[27,28,3,15,11,29,26,8,13,25],"SA","dd",10,30,10,0.95,10000,82.6365439892,5000,-1,50,0.05,0.1],[4,795,11.9377868659,0.9377868659,[27,28,3,15,11,29,26,8,13,25],"SA","dd",10,30,10,0.95,10000,82.2745981216,5000,-1,50,0.05,0.1],[4,810,11.9377868659,0.9377868659,[27,28,3,15,11,29,26,8,13,25],"SA","dd",10,30,10,0.95,10000,82.2189538479,5000,-1,50,0.05,0.1],[4,825,11.9377868659,0.9377868659,[27,28,3,15,11,29,26,8,13,25],"SA","dd",10,30,10,0.95,10000,82.1763026714,5000,-1,50,0.05,0.1],[4,840,11.9377868659,0.9377868659,[27,28,3,15,11,29,26,8,13,25],"SA","dd",10,30,10,0.95,10000,82.8577916622,5000,-1,50,0.05,0.1],[4,855,11.9377868659,0.9377868659,[27,28,3,15,11,29,26,8,13,25],"SA","dd",10,30,10,0.95,10000,82.8984899521,5000,-1,50,0.05,0.1],[4,870,11.9377868659,0.9377868659,[27,28,3,15,11,29,26,8,13,25],"SA","dd",10,30,10,0.95,10000,82.6770584583,5000,-1,50,0.05,0.1],[4,885,11.9377868659,0.9377868659,[27,28,3,15,11,29,26,8,13,25],