{"columns":["ite","time","q","scaled_eu","z","solver","attacker","|Q|","|X|","|T|","rho","k","utility_time","RS_iters","mcts_iters","sa_iters","eps","lr"],"index":[0,1,2,3,4,5,6,7,8,9,10,11,12,13,14,15,16,17,18,19,20,21,22,23,24,25,26,27,28,29,30,31,32,33,34,35,36,37,38,39,40,41,42,43,44,45,46,47,48,49,50,51,52,53,54,55,56,57,58,59,60,61,62,63,64,65,66,67,68,69,70,71,72,73,74,75,76,77,78,79],"data":[[3,15,5.2571152785,-5.7428847215,[6,2,8,26,9,28,27,21,16,17],"SA","dd",10,30,10,0.95,10000,84.2065856457,5000,-1,50,0.05,0.1],[3,30,11.5518401507,0.5518401507,[26,8,2,26,11,14,28,21,5,11],"SA","dd",10,30,10,0.95,10000,84.6390442848,5000,-1,50,0.05,0.1],[3,45,11.5518401507,0.5518401507,[17,3,28,7,11,25,20,21,19,22],"SA","dd",10,30,10,0.95,10000,84.4777281284,5000,-1,50,0.05,0.1],[3,60,11.5518401507,0.5518401507,[17,3,28,7,11,25,20,21,19,22],"SA","dd",10,30,10,0.95,10000,84.1742391586,5000,-1,50,0.05,0.1],[3,75,11.5518401507,0.5518401507,[17,3,28,7,11,25,20,21,19,22],"SA","dd",10,30,10,0.95,10000,84.3838777542,5000,-1,50,0.05,0.1],[3,90,11.5518401507,0.5518401507,[17,3,28,7,11,25,20,21,19,22],"SA","dd",10,30,10,0.95,10000,84.2593393326,5000,-1,50,0.05,0.1],[3,105,11.5518401507,0.5518401507,[17,3,28,7,11,25,20,21,19,22],"SA","dd",10,30,10,0.95,10000,84.3656229973,5000,-1,50,0.05,0.1],[3,120,11.5518401507,0.5518401507,[17,3,28,7,11,25,20,21,19,22],"SA","dd",10,30,10,0.95,10000,84.0049259663,5000,-1,50,0.05,0.1],[3,135,11.5518401507,0.5518401507,[17,3,28,7,11,25,20,21,19,22],"SA","dd",10,30,10,0.95,10000,84.1478497982,5000,-1,50,0.05,0.1],[3,150,11.5518401507,0.5518401507,[17,3,28,7,11,25,20,21,19,22],"SA","dd",10,30,10,0.95,10000,83.8294901848,5000,-1,50,0.05,0.1],[3,165,11.5518401507,0.5518401507,[17,3,28,7,11,25,20,21,19,22],"SA","dd",10,30,10,0.95,10000,83.9235186577,5000,-1,50,0.05,0.1],[3,180,11.5518401507,0.5518401507,[17,3,28,7,11,25,20,21,19,22],"SA","dd",10,30,10,0.95,10000,83.9076037407,5000,-1,50,0.05,0.1],[3,195,11.5518401507,0.5518401507,[17,3,28,7,11,25,20,21,19,22],"SA","dd",10,30,10,0.95,10000,84.1688899994,5000,-1,50,0.05,0.1],[3,210,11.5518401507,0.5518401507,[17,3,28,7,11,25,20,21,19,22],"SA","dd",10,30,10,0.95,10000,84.3713285923,5000,-1,50,0.05,0.1],[3,225,11.5518401507,0.5518401507,[17,3,28,7,11,25,20,21,19,22],"SA","dd",10,30,10,0.95,10000,84.1736590862,5000,-1,50,0.05,0.1],[3,240,11.5518401507,0.5518401507,[17,3,28,7,11,25,20,21,19,22],"SA","dd",10,30,10,0.95,10000,84.311934948,5000,-1,50,0.05,0.1],[3,255,11.5518401507,0.5518401507,[17,3,28,7,11,25,20,21,19,22],"SA","dd",10,30,10,0.95,10000,84.3796014786,5000,-1,50,0.05,0.1],[3,270,11.5518401507,0.5518401507,[2,0,1,1,11,17,20,22,7,28],"SA","dd",10,30,10,0.95,10000,84.3221132755,5000,-1,50,0.05,0.1],[3,285,11.5518401507,0.5518401507,[2,0,1,1,11,17,20,22,7,28],"SA","dd",10,30,10,0.95,10000,84.3357636929,5000,-1,50,0.05,0.1],[3,300,11.5518401507,0.5518401507,[2,0,1,1,11,17,20,22,7,28],"SA","dd",10,30,10,0.95,10000,84.2658820152,5000,-1,50,0.05,0.1],[3,315,11.5518401507,0.5518401507,[2,0,1,1,11,17,20,22,7,28],"SA","dd",10,30,10,0.95,10000,83.9915540218,5000,-1,50,0.05,0.1],[3,330,11.5518401507,0.5518401507,[2,0,1,1,11,17,20,22,7,28],"SA","dd",10,30,10,0.95,10000,84.9019060135,5000,-1,50,0.05,0.1],[3,345,11.5518401507,0.5518401507,[2,0,1,1,11,17,20,22,7,28],"SA","dd",10,30,10,0.95,10000,84.0656661987,5000,-1,50,0.05,0.1],[3,360,11.5518401507,0.5518401507,[2,0,1,1,11,17,20,22,7,28],"SA","dd",10,30,10,0.95,10000,84.1030914783,5000,-1,50,0.05,0.1],[3,375,11.5518401507,0.5518401507,[2,0,1,1,11,17,20,22,7,28],"SA","dd",10,30,10,0.95,10000,84.0570471287,5000,-1,50,0.05,0.1],[3,390,11.5518401507,0.5518401507,[2,0,1,1,11,17,20,22,7,28],"SA","dd",10,30,10,0.95,10000,84.1147406101,5000,-1,50,0.05,0.1],[3,405,11.5518401507,0.5518401507,[2,0,1,1,11,17,20,22,7,28],"SA","dd",10,30,10,0.95,10000,84.1079418659,5000,-1,50,0.05,0.1],[3,420,11.5518401507,0.5518401507,[2,0,1,1,11,17,20,22,7,28],"SA","dd",10,30,10,0.95,10000,84.2350738049,5000,-1,50,0.05,0.1],[3,435,11.5518401507,0.5518401507,[2,0,1,1,11,17,20,22,7,28],"SA","dd",10,30,10,0.95,10000,84.0050301552,5000,-1,50,0.05,0.1],[3,450,11.5518401507,0.5518401507,[2,0,1,1,11,17,20,22,7,28],"SA","dd",10,30,10,0.95,10000,84.4397547245,5000,-1,50,0.05,0.1],[3,465,11.5518401507,0.5518401507,[2,0,1,1,11,17,20,22,7,28],"SA","dd",10,30,10,0.95,10000,84.024920702,5000,-1,50,0.05,0.1],[3,480,11.5518401507,0.5518401507,[2,0,1,1,11,17,20,22,7,28],"SA","dd",10,30,10,0.95,10000,83.2836489677,5000,-1,50,0.05,0.1],[3,495,11.5518401507,0.5518401507,[2,0,1,1,11,17,20,22,7,28],"SA","dd",10,30,10,0.95,10000,83.3245708942,5000,-1,50,0.05,0.1],[3,510,11.5518401507,0.5518401507,[2,0,1,1,11,17,20,22,7,28],"SA","dd",10,30,10,0.95,10000,83.9967780113,5000,-1,50,0.05,0.1],[3,525,11.5518401507,0.5518401507,[2,0,1,1,11,17,20,22,7,28],"SA","dd",10,30,10,0.95,10000,83.1470723152,5000,-1,50,0.05,0.1],[3,540,11.5866218624,0.5866218624,[6,13,22,13,11,2,10,16,26,16],"SA","dd",10,30,10,0.95,10000,83.7189109325,5000,-1,50,0.05,0.1],[3,555,11.5866218624,0.5866218624,[6,13,22,13,11,2,10,16,26,16],"SA","dd",10,30,10,0.95,10000,83.8905827999,5000,-1,50,0.05,0.1],[3,570,11.5866218624,0.5866218624,[6,13,22,13,11,2,10,16,26,16],"SA","dd",10,30,10,0.95,10000,83.4493105412,5000,-1,50,0.05,0.1],[3,585,11.5866218624,0.5866218624,[6,13,22,13,11,2,10,16,26,16],"SA","dd",10,30,10,0.95,10000,83.1539721489,5000,-1,50,0.05,0.1],[3,600,11.5866218624,0.5866218624,[6,13,22,13,11,2,10,16,26,16],"SA","dd",10,30,10,0.95,10000,82.9892287254,5000,-1,50,0.05,0.1],[3,615,11.5866218624,0.5866218624,[6,13,22,13,11,2,10,16,26,16],"SA","dd",10,30,10,0.95,10000,82.7165560722,5000,-1,50,0.05,0.1],[3,630,11.5866218624,0.5866218624,[6,13,22,13,11,2,10,16,26,16],"SA","dd",10,30,10,0.95,10000,82.7778096199,5000,-1,50,0.05,0.1],[3,645,11.5866218624,0.5866218624,[6,13,22,13,11,2,10,16,26,16],"SA","dd",10,30,10,0.95,10000,82.5088403225,5000,-1,50,0.05,0.1],[3,660,11.5866218624,0.5866218624,[6,13,22,13,11,2,10,16,26,16],"SA","dd",10,30,10,0.95,10000,82.5525336266,5000,-1,50,0.05,0.1],[3,675,11.5866218624,0.5866218624,[6,13,22,13,11,2,10,16,26,16],"SA","dd",10,30,10,0.95,10000,82.3368301392,5000,-1,50,0.05,0.1],[3,690,11.5866218624,0.5866218624,[6,13,22,13,11,2,10,16,26,16],"SA","dd",10,30,10,0.95,10000,82.245603323,5000,-1,50,0.05,0.1],[3,705,11.5866218624,0.5866218624,[6,13,22,13,11,2,10,16,26,16],"SA","dd",10,30,10,0.95,10000,82.1471595764,5000,-1,50,0.05,0.1],[3,720,11.5866218624,0.5866218624,[6,13,22,13,11,2,10,16,26,16],"SA","dd",10,30,10,0.95,10000,82.8666915894,5000,-1,50,0.05,0.1],[3,735,11.5866218624,0.5866218624,[6,13,22,13,11,2,10,16,26,16],"SA","dd",10,30,10,0.95,10000,82.715287447,5000,-1,50,0.05,0.1],[3,750,11.5866218624,0.5866218624,[6,13,22,13,11,2,10,16,26,16],"SA","dd",10,30,10,0.95,10000,82.7477064133,5000,-1,50,0.05,0.1],[3,765,11.5866218624,0.5866218624,[6,13,22,13,11,2,10,16,26,16],"SA","dd",10,30,10,0.95,10000,82.4495093822,5000,-1,50,0.05,0.1],[3,780,11.5866218624,0.5866218624,[6,13,22,13,11,2,10,16,26,16],"SA","dd",10,30,10,0.95,10000,82.8855855465,5000,-1,50,0.05,0.1],[3,795,11.5866218624,0.5866218624,[6,13,22,13,11,2,10,16,26,16],"SA","dd",10,30,10,0.95,10000,83.1767301559,5000,-1,50,0.05,0.1],[3,810,11.5866218624,0.5866218624,[6,13,22,13,11,2,10,16,26,16],"SA","dd",10,30,10,0.95,10000,83.487944603,5000,-1,50,0.05,0.1],[3,825,11.7328724073,0.7328724073,[5,13,5,5,11,24,0,3,29,8],"SA","dd",10,30,10,0.95,10000,82.7296273708,5000,-1,50,0.05,0.1],[3,840,11.7328724073,0.7328724073,[5,13,5,5,11,24,0,3,29,8],"SA","dd",10,30,10,0.95,10000,82.7435350418,5000,-1,50,0.05,0.1],[3,855,11.7328724073,0.7328724073,[5,13,5,5,11,24,0,3,29,8],"SA","dd",10,30,10,0.95,10000,82.9220473766,5000,-1,50,0.05,0.1],[3,870,11.7328724073,0.7328724073,[5,13,5,5,11,24,0,3,29,8],"SA","dd",10,30,10,0.95,10000,82.7146444321,5000,-1,50,0.05,0.1],[3,885,11.7328724073,0.7328724073,[5,13,5,5,11,24,0,3,29,8],"SA","dd",10,30,10,0.95,10000,82.5718502998,5000,-1,50,0.05,0.1],[3,900,11.7328724073,0.7328724073,[5,13,5,5,11,24,0,3,29,8],