{"columns":["ite","time","q","scaled_eu","z","solver","attacker","|Q|","|X|","|T|","rho","k","utility_time","RS_iters","mcts_iters","sa_iters","eps","lr"],"index":[0,1,2,3,4,5,6,7,8,9,10,11,12,13,14,15,16,17,18,19,20,21,22,23,24,25,26,27,28,29,30,31,32,33,34,35,36,37,38,39,40,41,42,43,44,45,46,47,48,49,50,51,52,53,54,55,56,57,58,59,60,61,62,63,64,65,66,67,68,69,70,71,72,73,74,75,76,77,78,79],"data":[[7,15,5.4825085781,-5.5174914219,[24,25,4,8,2,5,28,1,8,9],"SA","dd",10,30,10,0.95,10000,85.2073345184,5000,-1,50,0.05,0.1],[7,30,12.8488622298,1.8488622298,[15,2,3,10,11,23,11,17,0,9],"SA","dd",10,30,10,0.95,10000,84.9896862507,5000,-1,50,0.05,0.1],[7,45,12.8488622298,1.8488622298,[17,27,8,21,11,27,19,0,21,24],"SA","dd",10,30,10,0.95,10000,85.1712963581,5000,-1,50,0.05,0.1],[7,60,12.8488622298,1.8488622298,[17,27,8,21,11,27,19,0,21,24],"SA","dd",10,30,10,0.95,10000,85.1815183163,5000,-1,50,0.05,0.1],[7,75,12.8488622298,1.8488622298,[17,27,8,21,11,27,19,0,21,24],"SA","dd",10,30,10,0.95,10000,84.4353904724,5000,-1,50,0.05,0.1],[7,90,12.8488622298,1.8488622298,[17,27,8,21,11,27,19,0,21,24],"SA","dd",10,30,10,0.95,10000,85.209849596,5000,-1,50,0.05,0.1],[7,105,13.0915762752,2.0915762752,[6,22,5,1,11,6,5,2,24,3],"SA","dd",10,30,10,0.95,10000,84.2044353485,5000,-1,50,0.05,0.1],[7,120,13.0915762752,2.0915762752,[6,22,5,1,11,6,5,2,24,3],"SA","dd",10,30,10,0.95,10000,84.1300392151,5000,-1,50,0.05,0.1],[7,135,13.0915762752,2.0915762752,[6,22,5,1,11,6,5,2,24,3],"SA","dd",10,30,10,0.95,10000,84.4354436398,5000,-1,50,0.05,0.1],[7,150,13.0915762752,2.0915762752,[6,22,5,1,11,6,5,2,24,3],"SA","dd",10,30,10,0.95,10000,84.9170751572,5000,-1,50,0.05,0.1],[7,165,13.0915762752,2.0915762752,[6,22,5,1,11,6,5,2,24,3],"SA","dd",10,30,10,0.95,10000,85.0134606361,5000,-1,50,0.05,0.1],[7,180,13.0915762752,2.0915762752,[6,22,5,1,11,6,5,2,24,3],"SA","dd",10,30,10,0.95,10000,84.3561384678,5000,-1,50,0.05,0.1],[7,195,13.0915762752,2.0915762752,[6,22,5,1,11,6,5,2,24,3],"SA","dd",10,30,10,0.95,10000,84.3129866123,5000,-1,50,0.05,0.1],[7,210,13.0915762752,2.0915762752,[6,22,5,1,11,6,5,2,24,3],"SA","dd",10,30,10,0.95,10000,84.0925993919,5000,-1,50,0.05,0.1],[7,225,13.0915762752,2.0915762752,[6,22,5,1,11,6,5,2,24,3],"SA","dd",10,30,10,0.95,10000,84.747238636,5000,-1,50,0.05,0.1],[7,240,13.0915762752,2.0915762752,[6,22,5,1,11,6,5,2,24,3],"SA","dd",10,30,10,0.95,10000,84.7889046669,5000,-1,50,0.05,0.1],[7,255,13.0915762752,2.0915762752,[6,22,5,1,11,6,5,2,24,3],"SA","dd",10,30,10,0.95,10000,84.5595006943,5000,-1,50,0.05,0.1],[7,270,13.0915762752,2.0915762752,[6,22,5,1,11,6,5,2,24,3],"SA","dd",10,30,10,0.95,10000,84.5088136196,5000,-1,50,0.05,0.1],[7,285,13.0915762752,2.0915762752,[6,22,5,1,11,6,5,2,24,3],"SA","dd",10,30,10,0.95,10000,84.2834818363,5000,-1,50,0.05,0.1],[7,300,13.0915762752,2.0915762752,[6,22,5,1,11,6,5,2,24,3],"SA","dd",10,30,10,0.95,10000,84.0030641556,5000,-1,50,0.05,0.1],[7,315,13.0915762752,2.0915762752,[6,22,5,1,11,6,5,2,24,3],"SA","dd",10,30,10,0.95,10000,84.1178717613,5000,-1,50,0.05,0.1],[7,330,13.0915762752,2.0915762752,[6,22,5,1,11,6,5,2,24,3],"SA","dd",10,30,10,0.95,10000,85.5384309292,5000,-1,50,0.05,0.1],[7,345,13.0915762752,2.0915762752,[6,22,5,1,11,6,5,2,24,3],"SA","dd",10,30,10,0.95,10000,85.9030153751,5000,-1,50,0.05,0.1],[7,360,13.0915762752,2.0915762752,[6,22,5,1,11,6,5,2,24,3],"SA","dd",10,30,10,0.95,10000,85.9315428734,5000,-1,50,0.05,0.1],[7,375,13.0915762752,2.0915762752,[6,22,5,1,11,6,5,2,24,3],"SA","dd",10,30,10,0.95,10000,85.9467251301,5000,-1,50,0.05,0.1],[7,390,13.0915762752,2.0915762752,[6,22,5,1,11,6,5,2,24,3],"SA","dd",10,30,10,0.95,10000,85.9357614517,5000,-1,50,0.05,0.1],[7,405,13.0915762752,2.0915762752,[6,22,5,1,11,6,5,2,24,3],"SA","dd",10,30,10,0.95,10000,85.8628430367,5000,-1,50,0.05,0.1],[7,420,13.0915762752,2.0915762752,[6,22,5,1,11,6,5,2,24,3],"SA","dd",10,30,10,0.95,10000,85.8611774445,5000,-1,50,0.05,0.1],[7,435,13.0915762752,2.0915762752,[6,22,5,1,11,6,5,2,24,3],"SA","dd",10,30,10,0.95,10000,85.9336812496,5000,-1,50,0.05,0.1],[7,450,13.0915762752,2.0915762752,[6,22,5,1,11,6,5,2,24,3],"SA","dd",10,30,10,0.95,10000,85.8997905254,5000,-1,50,0.05,0.1],[7,465,13.0915762752,2.0915762752,[6,22,5,1,11,6,5,2,24,3],"SA","dd",10,30,10,0.95,10000,85.6451101303,5000,-1,50,0.05,0.1],[7,480,13.0915762752,2.0915762752,[6,22,5,1,11,6,5,2,24,3],"SA","dd",10,30,10,0.95,10000,85.3830201626,5000,-1,50,0.05,0.1],[7,495,13.0915762752,2.0915762752,[6,22,5,1,11,6,5,2,24,3],"SA","dd",10,30,10,0.95,10000,84.5187532902,5000,-1,50,0.05,0.1],[7,510,13.0915762752,2.0915762752,[6,22,5,1,11,6,5,2,24,3],"SA","dd",10,30,10,0.95,10000,85.201884985,5000,-1,50,0.05,0.1],[7,525,13.0915762752,2.0915762752,[6,22,5,1,11,6,5,2,24,3],"SA","dd",10,30,10,0.95,10000,85.0478065014,5000,-1,50,0.05,0.1],[7,540,13.0915762752,2.0915762752,[6,22,5,1,11,6,5,2,24,3],"SA","dd",10,30,10,0.95,10000,85.0123207569,5000,-1,50,0.05,0.1],[7,555,13.0915762752,2.0915762752,[6,22,5,1,11,6,5,2,24,3],"SA","dd",10,30,10,0.95,10000,84.9128541946,5000,-1,50,0.05,0.1],[7,570,13.0915762752,2.0915762752,[6,22,5,1,11,6,5,2,24,3],"SA","dd",10,30,10,0.95,10000,84.9630074501,5000,-1,50,0.05,0.1],[7,585,13.0915762752,2.0915762752,[6,22,5,1,11,6,5,2,24,3],"SA","dd",10,30,10,0.95,10000,84.7358677387,5000,-1,50,0.05,0.1],[7,600,13.0915762752,2.0915762752,[6,22,5,1,11,6,5,2,24,3],"SA","dd",10,30,10,0.95,10000,84.4430847168,5000,-1,50,0.05,0.1],[7,615,13.0915762752,2.0915762752,[6,22,5,1,11,6,5,2,24,3],"SA","dd",10,30,10,0.95,10000,84.4780287743,5000,-1,50,0.05,0.1],[7,630,13.0915762752,2.0915762752,[6,22,5,1,11,6,5,2,24,3],"SA","dd",10,30,10,0.95,10000,83.7828030586,5000,-1,50,0.05,0.1],[7,645,13.0915762752,2.0915762752,[6,22,5,1,11,6,5,2,24,3],"SA","dd",10,30,10,0.95,10000,84.244353056,5000,-1,50,0.05,0.1],[7,660,13.0915762752,2.0915762752,[6,22,5,1,11,6,5,2,24,3],"SA","dd",10,30,10,0.95,10000,83.5261337757,5000,-1,50,0.05,0.1],[7,675,13.0915762752,2.0915762752,[6,22,5,1,11,6,5,2,24,3],"SA","dd",10,30,10,0.95,10000,84.0675227642,5000,-1,50,0.05,0.1],[7,690,13.0915762752,2.0915762752,[6,22,5,1,11,6,5,2,24,3],"SA","dd",10,30,10,0.95,10000,84.2616150379,5000,-1,50,0.05,0.1],[7,705,13.0915762752,2.0915762752,[6,22,5,1,11,6,5,2,24,3],"SA","dd",10,30,10,0.95,10000,84.051271677,5000,-1,50,0.05,0.1],[7,720,13.0915762752,2.0915762752,[6,22,5,1,11,6,5,2,24,3],"SA","dd",10,30,10,0.95,10000,84.0764827728,5000,-1,50,0.05,0.1],[7,735,13.0915762752,2.0915762752,[6,22,5,1,11,6,5,2,24,3],"SA","dd",10,30,10,0.95,10000,84.030674696,5000,-1,50,0.05,0.1],[7,750,13.0915762752,2.0915762752,[6,22,5,1,11,6,5,2,24,3],"SA","dd",10,30,10,0.95,10000,83.613065958,5000,-1,50,0.05,0.1],[7,765,13.0915762752,2.0915762752,[6,22,5,1,11,6,5,2,24,3],"SA","dd",10,30,10,0.95,10000,84.1606936455,5000,-1,50,0.05,0.1],[7,780,13.0915762752,2.0915762752,[6,22,5,1,11,6,5,2,24,3],"SA","dd",10,30,10,0.95,10000,84.4108705521,5000,-1,50,0.05,0.1],[7,795,13.0915762752,2.0915762752,[6,22,5,1,11,6,5,2,24,3],"SA","dd",10,30,10,0.95,10000,83.7265331745,5000,-1,50,0.05,0.1],[7,810,13.0915762752,2.0915762752,[6,22,5,1,11,6,5,2,24,3],"SA","dd",10,30,10,0.95,10000,84.0538649559,5000,-1,50,0.05,0.1],[7,825,13.0915762752,2.0915762752,[6,22,5,1,11,6,5,2,24,3],"SA","dd",10,30,10,0.95,10000,84.3826262951,5000,-1,50,0.05,0.1],[7,840,13.0915762752,2.0915762752,[6,22,5,1,11,6,5,2,24,3],"SA","dd",10,30,10,0.95,10000,84.4740157127,5000,-1,50,0.05,0.1],[7,855,13.0915762752,2.0915762752,[6,22,5,1,11,6,5,2,24,3],"SA","dd",10,30,10,0.95,10000,84.269525528,5000,-1,50,0.05,0.1],[7,870,13.0915762752,2.0915762752,[6,22,5,1,11,6,5,2,24,3],"SA","dd",10,30,10,0.95,10000,83.8541588783,5000,-1,50,0.05,0.1],[7,885,13.0915762752,2.0915762752,[6,22,5,1,11,6,5,2,24,3],"SA","dd",10,30,10,0.95,10000,83.700961113,5000,-1,50,0.05,0.1],[7,900,13.0915762752,2.0915762752,[6,22,5,1,11,6,5,2,24,3],"SA","dd",10,30,10,0.95,10000,83.7943639755,5000,-1,50,0.05,0.1],[7,915,13.0915762752,2.0915762752,[6,22,5,1,11,6,5,2,24,3],