{"columns":["ite","time","q","scaled_eu","z","solver","attacker","|Q|","|X|","|T|","rho","k","utility_time","RS_iters","mcts_iters","sa_iters","eps","lr"],"index":[0,1,2,3,4,5,6,7,8,9,10,11,12,13,14,15,16,17,18,19,20,21,22,23,24,25,26,27,28,29,30,31,32,33,34,35,36,37,38,39,40,41,42,43,44,45,46,47,48,49,50,51,52,53,54,55,56,57,58,59,60,61,62,63,64,65,66,67,68,69,70,71,72,73,74,75,76,77,78,79],"data":[[2,15,8.5061023173,-2.4938976827,[29,8,0,11,29,18,14,24,11,5],"SA","dd",10,30,10,0.95,10000,83.7750945091,5000,-1,50,0.05,0.1],[2,30,8.5061023173,-2.4938976827,[29,8,0,11,29,18,14,24,11,5],"SA","dd",10,30,10,0.95,10000,84.3597445488,5000,-1,50,0.05,0.1],[2,45,8.5061023173,-2.4938976827,[29,8,0,11,29,18,14,24,11,5],"SA","dd",10,30,10,0.95,10000,84.1601054668,5000,-1,50,0.05,0.1],[2,60,8.5061023173,-2.4938976827,[12,2,7,27,11,5,17,29,14,5],"SA","dd",10,30,10,0.95,10000,84.4476523399,5000,-1,50,0.05,0.1],[2,75,8.5061023173,-2.4938976827,[12,2,7,27,11,5,17,29,14,5],"SA","dd",10,30,10,0.95,10000,84.3647150993,5000,-1,50,0.05,0.1],[2,90,8.5061023173,-2.4938976827,[9,5,15,8,11,15,25,8,22,8],"SA","dd",10,30,10,0.95,10000,84.3425209522,5000,-1,50,0.05,0.1],[2,105,8.5061023173,-2.4938976827,[9,5,15,8,11,15,25,8,22,8],"SA","dd",10,30,10,0.95,10000,84.3414669037,5000,-1,50,0.05,0.1],[2,120,8.5061023173,-2.4938976827,[9,5,15,8,11,15,25,8,22,8],"SA","dd",10,30,10,0.95,10000,84.2838840485,5000,-1,50,0.05,0.1],[2,135,8.5061023173,-2.4938976827,[9,5,15,8,11,15,25,8,22,8],"SA","dd",10,30,10,0.95,10000,83.8919706345,5000,-1,50,0.05,0.1],[2,150,8.5061023173,-2.4938976827,[9,5,15,8,11,15,25,8,22,8],"SA","dd",10,30,10,0.95,10000,83.8892335892,5000,-1,50,0.05,0.1],[2,165,8.5061023173,-2.4938976827,[9,5,15,8,11,15,25,8,22,8],"SA","dd",10,30,10,0.95,10000,84.4300470352,5000,-1,50,0.05,0.1],[2,180,8.5061023173,-2.4938976827,[9,5,15,8,11,15,25,8,22,8],"SA","dd",10,30,10,0.95,10000,84.1771626472,5000,-1,50,0.05,0.1],[2,195,8.5061023173,-2.4938976827,[9,5,15,8,11,15,25,8,22,8],"SA","dd",10,30,10,0.95,10000,83.8448262215,5000,-1,50,0.05,0.1],[2,210,11.2768002777,0.2768002777,[28,13,22,14,11,22,22,19,28,5],"SA","dd",10,30,10,0.95,10000,84.3267819881,5000,-1,50,0.05,0.1],[2,225,11.2768002777,0.2768002777,[23,5,19,9,11,20,21,7,18,11],"SA","dd",10,30,10,0.95,10000,84.606603384,5000,-1,50,0.05,0.1],[2,240,11.2768002777,0.2768002777,[23,5,19,9,11,20,21,7,18,11],"SA","dd",10,30,10,0.95,10000,84.0353386402,5000,-1,50,0.05,0.1],[2,255,11.2768002777,0.2768002777,[23,5,19,9,11,20,21,7,18,11],"SA","dd",10,30,10,0.95,10000,84.341531992,5000,-1,50,0.05,0.1],[2,270,11.2768002777,0.2768002777,[23,5,19,9,11,20,21,7,18,11],"SA","dd",10,30,10,0.95,10000,84.0021762848,5000,-1,50,0.05,0.1],[2,285,11.2768002777,0.2768002777,[8,6,26,2,11,28,14,3,26,7],"SA","dd",10,30,10,0.95,10000,83.9432227612,5000,-1,50,0.05,0.1],[2,300,11.2768002777,0.2768002777,[8,6,26,2,11,28,14,3,26,7],"SA","dd",10,30,10,0.95,10000,83.8906879425,5000,-1,50,0.05,0.1],[2,315,11.2768002777,0.2768002777,[8,6,26,2,11,28,14,3,26,7],"SA","dd",10,30,10,0.95,10000,84.3528888226,5000,-1,50,0.05,0.1],[2,330,11.2768002777,0.2768002777,[8,6,26,2,11,28,14,3,26,7],"SA","dd",10,30,10,0.95,10000,84.5573277473,5000,-1,50,0.05,0.1],[2,345,12.7367353773,1.7367353773,[6,13,22,6,11,19,23,17,28,26],"SA","dd",10,30,10,0.95,10000,85.0960388184,5000,-1,50,0.05,0.1],[2,360,12.7367353773,1.7367353773,[6,13,22,6,11,19,23,17,28,26],"SA","dd",10,30,10,0.95,10000,84.6490950584,5000,-1,50,0.05,0.1],[2,375,12.7367353773,1.7367353773,[10,16,18,1,11,10,5,29,15,6],"SA","dd",10,30,10,0.95,10000,84.571608305,5000,-1,50,0.05,0.1],[2,390,12.7367353773,1.7367353773,[10,16,18,1,11,10,5,29,15,6],"SA","dd",10,30,10,0.95,10000,84.5290122032,5000,-1,50,0.05,0.1],[2,405,12.7367353773,1.7367353773,[10,16,18,1,11,10,5,29,15,6],"SA","dd",10,30,10,0.95,10000,84.6503782272,5000,-1,50,0.05,0.1],[2,420,12.7367353773,1.7367353773,[10,16,18,1,11,10,5,29,15,6],"SA","dd",10,30,10,0.95,10000,84.6044549942,5000,-1,50,0.05,0.1],[2,435,12.7367353773,1.7367353773,[10,16,18,1,11,10,5,29,15,6],"SA","dd",10,30,10,0.95,10000,84.6479036808,5000,-1,50,0.05,0.1],[2,450,12.7367353773,1.7367353773,[10,16,18,1,11,10,5,29,15,6],"SA","dd",10,30,10,0.95,10000,84.6843085289,5000,-1,50,0.05,0.1],[2,465,12.7367353773,1.7367353773,[10,16,18,1,11,10,5,29,15,6],"SA","dd",10,30,10,0.95,10000,84.3618717194,5000,-1,50,0.05,0.1],[2,480,12.7367353773,1.7367353773,[10,16,18,1,11,10,5,29,15,6],"SA","dd",10,30,10,0.95,10000,84.2586929798,5000,-1,50,0.05,0.1],[2,495,12.7367353773,1.7367353773,[10,16,18,1,11,10,5,29,15,6],"SA","dd",10,30,10,0.95,10000,83.9045398235,5000,-1,50,0.05,0.1],[2,510,12.7367353773,1.7367353773,[10,16,18,1,11,10,5,29,15,6],"SA","dd",10,30,10,0.95,10000,84.2687618732,5000,-1,50,0.05,0.1],[2,525,12.7367353773,1.7367353773,[10,16,18,1,11,10,5,29,15,6],"SA","dd",10,30,10,0.95,10000,83.9710547924,5000,-1,50,0.05,0.1],[2,540,12.7367353773,1.7367353773,[10,16,18,1,11,10,5,29,15,6],"SA","dd",10,30,10,0.95,10000,83.8373420238,5000,-1,50,0.05,0.1],[2,555,12.7367353773,1.7367353773,[10,16,18,1,11,10,5,29,15,6],"SA","dd",10,30,10,0.95,10000,84.1295773983,5000,-1,50,0.05,0.1],[2,570,12.7367353773,1.7367353773,[10,16,18,1,11,10,5,29,15,6],"SA","dd",10,30,10,0.95,10000,84.0503945351,5000,-1,50,0.05,0.1],[2,585,12.7367353773,1.7367353773,[10,16,18,1,11,10,5,29,15,6],"SA","dd",10,30,10,0.95,10000,84.0116980076,5000,-1,50,0.05,0.1],[2,600,12.7367353773,1.7367353773,[10,16,18,1,11,10,5,29,15,6],"SA","dd",10,30,10,0.95,10000,83.484607935,5000,-1,50,0.05,0.1],[2,615,12.7367353773,1.7367353773,[10,16,18,1,11,10,5,29,15,6],"SA","dd",10,30,10,0.95,10000,82.914711237,5000,-1,50,0.05,0.1],[2,630,12.7367353773,1.7367353773,[10,16,18,1,11,10,5,29,15,6],"SA","dd",10,30,10,0.95,10000,83.3287081718,5000,-1,50,0.05,0.1],[2,645,12.7367353773,1.7367353773,[10,16,18,1,11,10,5,29,15,6],"SA","dd",10,30,10,0.95,10000,82.9966979027,5000,-1,50,0.05,0.1],[2,660,12.7367353773,1.7367353773,[10,16,18,1,11,10,5,29,15,6],"SA","dd",10,30,10,0.95,10000,82.5974998474,5000,-1,50,0.05,0.1],[2,675,12.7367353773,1.7367353773,[10,16,18,1,11,10,5,29,15,6],"SA","dd",10,30,10,0.95,10000,82.4125051498,5000,-1,50,0.05,0.1],[2,690,12.7367353773,1.7367353773,[10,16,18,1,11,10,5,29,15,6],"SA","dd",10,30,10,0.95,10000,82.3976163864,5000,-1,50,0.05,0.1],[2,705,12.7367353773,1.7367353773,[10,16,18,1,11,10,5,29,15,6],"SA","dd",10,30,10,0.95,10000,83.3415584564,5000,-1,50,0.05,0.1],[2,720,12.7367353773,1.7367353773,[10,16,18,1,11,10,5,29,15,6],"SA","dd",10,30,10,0.95,10000,83.0502552986,5000,-1,50,0.05,0.1],[2,735,12.7367353773,1.7367353773,[10,16,18,1,11,10,5,29,15,6],"SA","dd",10,30,10,0.95,10000,82.8477227688,5000,-1,50,0.05,0.1],[2,750,12.7367353773,1.7367353773,[10,16,18,1,11,10,5,29,15,6],"SA","dd",10,30,10,0.95,10000,83.1017105579,5000,-1,50,0.05,0.1],[2,765,12.7367353773,1.7367353773,[23,29,19,20,11,0,6,16,7,6],"SA","dd",10,30,10,0.95,10000,82.9816522598,5000,-1,50,0.05,0.1],[2,780,12.7367353773,1.7367353773,[23,29,19,20,11,0,6,16,7,6],"SA","dd",10,30,10,0.95,10000,83.4875330925,5000,-1,50,0.05,0.1],[2,795,12.7367353773,1.7367353773,[23,29,19,20,11,0,6,16,7,6],"SA","dd",10,30,10,0.95,10000,82.9489052296,5000,-1,50,0.05,0.1],[2,810,12.7367353773,1.7367353773,[23,29,19,20,11,0,6,16,7,6],"SA","dd",10,30,10,0.95,10000,83.3908622265,5000,-1,50,0.05,0.1],[2,825,12.7367353773,1.7367353773,[23,29,19,20,11,0,6,16,7,6],"SA","dd",10,30,10,0.95,10000,83.6408419609,5000,-1,50,0.05,0.1],[2,840,12.7367353773,1.7367353773,[23,29,19,20,11,0,6,16,7,6],"SA","dd",10,30,10,0.95,10000,83.1555504799,5000,-1,50,0.05,0.1],[2,855,12.7367353773,1.7367353773,[23,29,19,20,11,0,6,16,7,6],"SA","dd",10,30,10,0.95,10000,83.3023457527,5000,-1,50,0.05,0.1],[2,870,12.7367353773,1.7367353773,[23,29,19,20,11,0,6,16,7,6],"SA","dd",10,30,10,0.95,10000,83.0180878639,5000,-1,50,0.05,0.1],[2,885,12.7367353773,1.7367353773,[23,29,19,20,11,0,6,16,7,6],"SA","dd",10,30,10,0.95,10000,82.8081009388,5000,-1,50,0.05,0.1],[2,900,12.7367353773,1.7367353773,[23,29,19,20,11,0,6,16,7,6],