{"columns":["ite","time","q","scaled_eu","z","solver","attacker","|Q|","|X|","|T|","rho","k","utility_time","RS_iters","mcts_iters","sa_iters","eps","lr"],"index":[0,1,2,3,4,5,6,7,8,9,10,11,12,13,14,15,16,17,18,19,20,21,22,23,24,25,26,27,28,29,30,31,32,33,34,35,36,37,38,39,40,41,42,43,44,45,46,47,48,49,50,51,52,53,54,55,56,57,58,59,60,61,62,63,64,65,66,67,68,69,70,71,72,73,74,75,76,77,78,79],"data":[[6,15,4.7922824749,-6.2077175251,[18,28,19,28,15,10,1,11,24,5],"SA","dd",10,30,10,0.95,10000,83.0726120472,5000,-1,50,0.05,0.1],[6,30,5.7643924865,-5.2356075135,[14,21,28,20,23,24,9,11,21,27],"SA","dd",10,30,10,0.95,10000,83.1481018066,5000,-1,50,0.05,0.1],[6,45,5.7643924865,-5.2356075135,[19,19,18,21,14,19,22,15,11,3],"SA","dd",10,30,10,0.95,10000,83.0330774784,5000,-1,50,0.05,0.1],[6,60,5.7643924865,-5.2356075135,[19,19,18,21,14,19,22,15,11,3],"SA","dd",10,30,10,0.95,10000,83.9523334503,5000,-1,50,0.05,0.1],[6,75,5.7643924865,-5.2356075135,[19,19,18,21,14,19,22,15,11,3],"SA","dd",10,30,10,0.95,10000,83.2060208321,5000,-1,50,0.05,0.1],[6,90,5.7643924865,-5.2356075135,[19,19,18,21,14,19,22,15,11,3],"SA","dd",10,30,10,0.95,10000,83.0958631039,5000,-1,50,0.05,0.1],[6,105,5.7643924865,-5.2356075135,[15,23,21,10,11,4,10,26,15,21],"SA","dd",10,30,10,0.95,10000,83.1105861664,5000,-1,50,0.05,0.1],[6,120,5.7643924865,-5.2356075135,[15,23,21,10,11,4,10,26,15,21],"SA","dd",10,30,10,0.95,10000,83.1397981644,5000,-1,50,0.05,0.1],[6,135,11.503073594,0.503073594,[1,12,0,27,11,17,21,5,6,29],"SA","dd",10,30,10,0.95,10000,82.6981348991,5000,-1,50,0.05,0.1],[6,150,11.503073594,0.503073594,[1,12,0,27,11,17,21,5,6,29],"SA","dd",10,30,10,0.95,10000,82.957442522,5000,-1,50,0.05,0.1],[6,165,11.503073594,0.503073594,[1,12,0,27,11,17,21,5,6,29],"SA","dd",10,30,10,0.95,10000,82.4080164433,5000,-1,50,0.05,0.1],[6,180,11.503073594,0.503073594,[1,12,0,27,11,17,21,5,6,29],"SA","dd",10,30,10,0.95,10000,82.7556238174,5000,-1,50,0.05,0.1],[6,195,11.503073594,0.503073594,[1,12,0,27,11,17,21,5,6,29],"SA","dd",10,30,10,0.95,10000,83.2488589287,5000,-1,50,0.05,0.1],[6,210,11.503073594,0.503073594,[1,12,0,27,11,17,21,5,6,29],"SA","dd",10,30,10,0.95,10000,82.9232559204,5000,-1,50,0.05,0.1],[6,225,11.503073594,0.503073594,[1,12,0,27,11,17,21,5,6,29],"SA","dd",10,30,10,0.95,10000,83.2579185963,5000,-1,50,0.05,0.1],[6,240,11.503073594,0.503073594,[1,12,0,27,11,17,21,5,6,29],"SA","dd",10,30,10,0.95,10000,83.3178687096,5000,-1,50,0.05,0.1],[6,255,11.503073594,0.503073594,[1,12,0,27,11,17,21,5,6,29],"SA","dd",10,30,10,0.95,10000,83.4734470844,5000,-1,50,0.05,0.1],[6,270,11.503073594,0.503073594,[1,12,0,27,11,17,21,5,6,29],"SA","dd",10,30,10,0.95,10000,83.4080779552,5000,-1,50,0.05,0.1],[6,285,11.503073594,0.503073594,[1,12,0,27,11,17,21,5,6,29],"SA","dd",10,30,10,0.95,10000,83.0414254665,5000,-1,50,0.05,0.1],[6,300,11.503073594,0.503073594,[1,12,0,27,11,17,21,5,6,29],"SA","dd",10,30,10,0.95,10000,83.115303278,5000,-1,50,0.05,0.1],[6,315,11.503073594,0.503073594,[1,12,0,27,11,17,21,5,6,29],"SA","dd",10,30,10,0.95,10000,83.0721688271,5000,-1,50,0.05,0.1],[6,330,11.503073594,0.503073594,[1,12,0,27,11,17,21,5,6,29],"SA","dd",10,30,10,0.95,10000,83.1723232269,5000,-1,50,0.05,0.1],[6,345,11.503073594,0.503073594,[1,12,0,27,11,17,21,5,6,29],"SA","dd",10,30,10,0.95,10000,83.3208591938,5000,-1,50,0.05,0.1],[6,360,11.503073594,0.503073594,[1,12,0,27,11,17,21,5,6,29],"SA","dd",10,30,10,0.95,10000,82.6286406517,5000,-1,50,0.05,0.1],[6,375,11.503073594,0.503073594,[1,12,0,27,11,17,21,5,6,29],"SA","dd",10,30,10,0.95,10000,83.2833578587,5000,-1,50,0.05,0.1],[6,390,11.503073594,0.503073594,[1,12,0,27,11,17,21,5,6,29],"SA","dd",10,30,10,0.95,10000,83.2192618847,5000,-1,50,0.05,0.1],[6,405,11.503073594,0.503073594,[1,12,0,27,11,17,21,5,6,29],"SA","dd",10,30,10,0.95,10000,82.8483023643,5000,-1,50,0.05,0.1],[6,420,12.1556825844,1.1556825844,[26,22,12,10,11,27,15,29,5,2],"SA","dd",10,30,10,0.95,10000,82.7737205029,5000,-1,50,0.05,0.1],[6,435,12.1556825844,1.1556825844,[26,22,12,10,11,27,15,29,5,2],"SA","dd",10,30,10,0.95,10000,83.1460497379,5000,-1,50,0.05,0.1],[6,450,12.1556825844,1.1556825844,[26,22,12,10,11,27,15,29,5,2],"SA","dd",10,30,10,0.95,10000,83.2124769688,5000,-1,50,0.05,0.1],[6,465,12.1556825844,1.1556825844,[26,22,12,10,11,27,15,29,5,2],"SA","dd",10,30,10,0.95,10000,82.7338275909,5000,-1,50,0.05,0.1],[6,480,12.1556825844,1.1556825844,[26,22,12,10,11,27,15,29,5,2],"SA","dd",10,30,10,0.95,10000,82.4824666977,5000,-1,50,0.05,0.1],[6,495,12.1556825844,1.1556825844,[26,22,12,10,11,27,15,29,5,2],"SA","dd",10,30,10,0.95,10000,82.7611787319,5000,-1,50,0.05,0.1],[6,510,12.1556825844,1.1556825844,[26,22,12,10,11,27,15,29,5,2],"SA","dd",10,30,10,0.95,10000,82.036659956,5000,-1,50,0.05,0.1],[6,525,12.1556825844,1.1556825844,[26,22,12,10,11,27,15,29,5,2],"SA","dd",10,30,10,0.95,10000,82.3339772224,5000,-1,50,0.05,0.1],[6,540,12.1556825844,1.1556825844,[26,22,12,10,11,27,15,29,5,2],"SA","dd",10,30,10,0.95,10000,82.0471987724,5000,-1,50,0.05,0.1],[6,555,12.1556825844,1.1556825844,[26,22,12,10,11,27,15,29,5,2],"SA","dd",10,30,10,0.95,10000,82.275810957,5000,-1,50,0.05,0.1],[6,570,12.1556825844,1.1556825844,[26,22,12,10,11,27,15,29,5,2],"SA","dd",10,30,10,0.95,10000,82.3598296642,5000,-1,50,0.05,0.1],[6,585,12.1556825844,1.1556825844,[26,22,12,10,11,27,15,29,5,2],"SA","dd",10,30,10,0.95,10000,82.5946366787,5000,-1,50,0.05,0.1],[6,600,12.1556825844,1.1556825844,[26,22,12,10,11,27,15,29,5,2],"SA","dd",10,30,10,0.95,10000,81.7874557972,5000,-1,50,0.05,0.1],[6,615,12.1556825844,1.1556825844,[26,22,12,10,11,27,15,29,5,2],"SA","dd",10,30,10,0.95,10000,81.6458263397,5000,-1,50,0.05,0.1],[6,630,12.1556825844,1.1556825844,[26,22,12,10,11,27,15,29,5,2],"SA","dd",10,30,10,0.95,10000,81.5951297283,5000,-1,50,0.05,0.1],[6,645,12.1556825844,1.1556825844,[26,22,12,10,11,27,15,29,5,2],"SA","dd",10,30,10,0.95,10000,81.8498775959,5000,-1,50,0.05,0.1],[6,660,12.1556825844,1.1556825844,[26,22,12,10,11,27,15,29,5,2],"SA","dd",10,30,10,0.95,10000,81.5034406185,5000,-1,50,0.05,0.1],[6,675,12.1556825844,1.1556825844,[28,8,7,5,11,10,18,7,14,8],"SA","dd",10,30,10,0.95,10000,80.7591674328,5000,-1,50,0.05,0.1],[6,690,12.1556825844,1.1556825844,[28,8,7,5,11,10,18,7,14,8],"SA","dd",10,30,10,0.95,10000,81.3473715782,5000,-1,50,0.05,0.1],[6,705,12.1556825844,1.1556825844,[28,8,7,5,11,10,18,7,14,8],"SA","dd",10,30,10,0.95,10000,81.6889491081,5000,-1,50,0.05,0.1],[6,720,12.1556825844,1.1556825844,[28,8,7,5,11,10,18,7,14,8],"SA","dd",10,30,10,0.95,10000,81.668617487,5000,-1,50,0.05,0.1],[6,735,12.1556825844,1.1556825844,[28,8,7,5,11,10,18,7,14,8],"SA","dd",10,30,10,0.95,10000,81.8637208939,5000,-1,50,0.05,0.1],[6,750,12.1556825844,1.1556825844,[28,8,7,5,11,10,18,7,14,8],"SA","dd",10,30,10,0.95,10000,81.7505428791,5000,-1,50,0.05,0.1],[6,765,12.1556825844,1.1556825844,[28,8,7,5,11,10,18,7,14,8],"SA","dd",10,30,10,0.95,10000,82.1746292114,5000,-1,50,0.05,0.1],[6,780,12.1556825844,1.1556825844,[28,8,7,5,11,10,18,7,14,8],"SA","dd",10,30,10,0.95,10000,81.9175326824,5000,-1,50,0.05,0.1],[6,795,12.1556825844,1.1556825844,[28,8,7,5,11,10,18,7,14,8],"SA","dd",10,30,10,0.95,10000,82.3682551384,5000,-1,50,0.05,0.1],[6,810,13.3481657472,2.3481657472,[6,25,15,11,11,24,11,4,13,6],"SA","dd",10,30,10,0.95,10000,82.3529911041,5000,-1,50,0.05,0.1],[6,825,13.3481657472,2.3481657472,[6,25,15,11,11,24,11,4,13,6],"SA","dd",10,30,10,0.95,10000,82.5010561943,5000,-1,50,0.05,0.1],[6,840,13.3481657472,2.3481657472,[6,25,15,11,11,24,11,4,13,6],"SA","dd",10,30,10,0.95,10000,82.5412883759,5000,-1,50,0.05,0.1],[6,855,13.3481657472,2.3481657472,[6,25,15,11,11,24,11,4,13,6],"SA","dd",10,30,10,0.95,10000,82.2891397476,5000,-1,50,0.05,0.1],[6,870,13.3481657472,2.3481657472,[18,6,28,1,11,22,13,19,27,1],"SA","dd",10,30,10,0.95,10000,82.0372014046,5000,-1,50,0.05,0.1],[6,885,13.3481657472,2.3481657472,[18,6,28,1,11,22,13,19,27,1],"SA","dd",10,30,10,0.95,10000,81.7556605339,5000,-1,50,0.05,0.1],[6,900,13.3481657472,2.3481657472,[18,6,28,1,11,22,13,19,27,1],