{"columns":["ite","time","q","scaled_eu","z","solver","attacker","|Q|","|X|","|T|","rho","k","utility_time","RS_iters","mcts_iters","sa_iters","eps","lr"],"index":[0,1,2,3,4,5,6,7,8,9,10,11,12,13,14,15,16,17,18,19,20,21,22,23,24,25,26,27,28,29,30,31,32,33,34,35,36,37,38,39,40,41,42,43,44,45,46,47,48,49,50,51,52,53,54,55,56,57,58,59,60,61,62,63,64,65,66,67,68,69,70,71,72,73,74,75,76,77,78,79],"data":[[9,15,12.711366559,1.711366559,[26,9,7,10,11,6,18,10,21,25],"SA","dd",10,30,10,0.95,10000,85.2099089622,5000,-1,50,0.05,0.1],[9,30,12.711366559,1.711366559,[24,7,13,20,11,14,22,5,1,14],"SA","dd",10,30,10,0.95,10000,85.0098955631,5000,-1,50,0.05,0.1],[9,45,12.711366559,1.711366559,[24,7,13,20,11,14,22,5,1,14],"SA","dd",10,30,10,0.95,10000,85.1913816929,5000,-1,50,0.05,0.1],[9,60,12.711366559,1.711366559,[6,8,29,6,11,18,12,9,11,3],"SA","dd",10,30,10,0.95,10000,85.0547375679,5000,-1,50,0.05,0.1],[9,75,12.711366559,1.711366559,[6,8,29,6,11,18,12,9,11,3],"SA","dd",10,30,10,0.95,10000,84.4040372372,5000,-1,50,0.05,0.1],[9,90,12.711366559,1.711366559,[25,29,28,20,11,24,4,12,12,1],"SA","dd",10,30,10,0.95,10000,85.1872735023,5000,-1,50,0.05,0.1],[9,105,12.711366559,1.711366559,[25,29,28,20,11,24,4,12,12,1],"SA","dd",10,30,10,0.95,10000,84.1668918133,5000,-1,50,0.05,0.1],[9,120,12.711366559,1.711366559,[25,29,28,20,11,24,4,12,12,1],"SA","dd",10,30,10,0.95,10000,84.3786358833,5000,-1,50,0.05,0.1],[9,135,12.711366559,1.711366559,[25,29,28,20,11,24,4,12,12,1],"SA","dd",10,30,10,0.95,10000,84.4728143215,5000,-1,50,0.05,0.1],[9,150,12.711366559,1.711366559,[25,29,28,20,11,24,4,12,12,1],"SA","dd",10,30,10,0.95,10000,84.9598572254,5000,-1,50,0.05,0.1],[9,165,12.711366559,1.711366559,[25,29,28,20,11,24,4,12,12,1],"SA","dd",10,30,10,0.95,10000,85.1108644009,5000,-1,50,0.05,0.1],[9,180,12.711366559,1.711366559,[25,29,28,20,11,24,4,12,12,1],"SA","dd",10,30,10,0.95,10000,84.1921300888,5000,-1,50,0.05,0.1],[9,195,12.711366559,1.711366559,[25,29,28,20,11,24,4,12,12,1],"SA","dd",10,30,10,0.95,10000,84.2859966755,5000,-1,50,0.05,0.1],[9,210,12.711366559,1.711366559,[25,29,28,20,11,24,4,12,12,1],"SA","dd",10,30,10,0.95,10000,84.6577486992,5000,-1,50,0.05,0.1],[9,225,12.711366559,1.711366559,[25,29,28,20,11,24,4,12,12,1],"SA","dd",10,30,10,0.95,10000,84.5217583179,5000,-1,50,0.05,0.1],[9,240,12.711366559,1.711366559,[25,29,28,20,11,24,4,12,12,1],"SA","dd",10,30,10,0.95,10000,84.8364849091,5000,-1,50,0.05,0.1],[9,255,12.711366559,1.711366559,[25,29,28,20,11,24,4,12,12,1],"SA","dd",10,30,10,0.95,10000,84.5415728092,5000,-1,50,0.05,0.1],[9,270,12.711366559,1.711366559,[25,29,28,20,11,24,4,12,12,1],"SA","dd",10,30,10,0.95,10000,84.40341115,5000,-1,50,0.05,0.1],[9,285,12.711366559,1.711366559,[25,29,28,20,11,24,4,12,12,1],"SA","dd",10,30,10,0.95,10000,84.3901474476,5000,-1,50,0.05,0.1],[9,300,12.711366559,1.711366559,[25,29,28,20,11,24,4,12,12,1],"SA","dd",10,30,10,0.95,10000,84.036837101,5000,-1,50,0.05,0.1],[9,315,12.711366559,1.711366559,[25,29,28,20,11,24,4,12,12,1],"SA","dd",10,30,10,0.95,10000,84.2835400105,5000,-1,50,0.05,0.1],[9,330,12.711366559,1.711366559,[25,29,28,20,11,24,4,12,12,1],"SA","dd",10,30,10,0.95,10000,84.9068408012,5000,-1,50,0.05,0.1],[9,345,12.711366559,1.711366559,[25,29,28,20,11,24,4,12,12,1],"SA","dd",10,30,10,0.95,10000,84.7090055943,5000,-1,50,0.05,0.1],[9,360,12.711366559,1.711366559,[25,29,28,20,11,24,4,12,12,1],"SA","dd",10,30,10,0.95,10000,84.7789332867,5000,-1,50,0.05,0.1],[9,375,12.711366559,1.711366559,[25,29,28,20,11,24,4,12,12,1],"SA","dd",10,30,10,0.95,10000,84.6889050007,5000,-1,50,0.05,0.1],[9,390,12.711366559,1.711366559,[25,29,28,20,11,24,4,12,12,1],"SA","dd",10,30,10,0.95,10000,84.7748696804,5000,-1,50,0.05,0.1],[9,405,12.711366559,1.711366559,[25,29,28,20,11,24,4,12,12,1],"SA","dd",10,30,10,0.95,10000,84.6376287937,5000,-1,50,0.05,0.1],[9,420,12.711366559,1.711366559,[25,29,28,20,11,24,4,12,12,1],"SA","dd",10,30,10,0.95,10000,84.6236932278,5000,-1,50,0.05,0.1],[9,435,12.711366559,1.711366559,[25,29,28,20,11,24,4,12,12,1],"SA","dd",10,30,10,0.95,10000,84.6867623329,5000,-1,50,0.05,0.1],[9,450,12.711366559,1.711366559,[25,29,28,20,11,24,4,12,12,1],"SA","dd",10,30,10,0.95,10000,84.8015136719,5000,-1,50,0.05,0.1],[9,465,12.711366559,1.711366559,[25,29,28,20,11,24,4,12,12,1],"SA","dd",10,30,10,0.95,10000,84.4012973309,5000,-1,50,0.05,0.1],[9,480,12.711366559,1.711366559,[25,29,28,20,11,24,4,12,12,1],"SA","dd",10,30,10,0.95,10000,84.458180666,5000,-1,50,0.05,0.1],[9,495,12.711366559,1.711366559,[25,29,28,20,11,24,4,12,12,1],"SA","dd",10,30,10,0.95,10000,83.8777205944,5000,-1,50,0.05,0.1],[9,510,12.711366559,1.711366559,[25,29,28,20,11,24,4,12,12,1],"SA","dd",10,30,10,0.95,10000,84.4342987537,5000,-1,50,0.05,0.1],[9,525,12.711366559,1.711366559,[25,29,28,20,11,24,4,12,12,1],"SA","dd",10,30,10,0.95,10000,83.5535056591,5000,-1,50,0.05,0.1],[9,540,12.711366559,1.711366559,[25,29,28,20,11,24,4,12,12,1],"SA","dd",10,30,10,0.95,10000,84.0013723373,5000,-1,50,0.05,0.1],[9,555,12.711366559,1.711366559,[25,29,28,20,11,24,4,12,12,1],"SA","dd",10,30,10,0.95,10000,84.4170951843,5000,-1,50,0.05,0.1],[9,570,12.711366559,1.711366559,[25,29,28,20,11,24,4,12,12,1],"SA","dd",10,30,10,0.95,10000,83.9238541126,5000,-1,50,0.05,0.1],[9,585,12.711366559,1.711366559,[25,29,28,20,11,24,4,12,12,1],"SA","dd",10,30,10,0.95,10000,84.1065397263,5000,-1,50,0.05,0.1],[9,600,12.711366559,1.711366559,[25,29,28,20,11,24,4,12,12,1],"SA","dd",10,30,10,0.95,10000,83.7297432423,5000,-1,50,0.05,0.1],[9,615,12.711366559,1.711366559,[25,29,28,20,11,24,4,12,12,1],"SA","dd",10,30,10,0.95,10000,83.6603066921,5000,-1,50,0.05,0.1],[9,630,12.711366559,1.711366559,[25,29,28,20,11,24,4,12,12,1],"SA","dd",10,30,10,0.95,10000,83.8671445847,5000,-1,50,0.05,0.1],[9,645,12.711366559,1.711366559,[25,29,28,20,11,24,4,12,12,1],"SA","dd",10,30,10,0.95,10000,83.6366837025,5000,-1,50,0.05,0.1],[9,660,12.711366559,1.711366559,[25,29,28,20,11,24,4,12,12,1],"SA","dd",10,30,10,0.95,10000,82.7085540295,5000,-1,50,0.05,0.1],[9,675,12.711366559,1.711366559,[25,29,28,20,11,24,4,12,12,1],"SA","dd",10,30,10,0.95,10000,83.0627872944,5000,-1,50,0.05,0.1],[9,690,12.711366559,1.711366559,[25,29,28,20,11,24,4,12,12,1],"SA","dd",10,30,10,0.95,10000,83.1953291893,5000,-1,50,0.05,0.1],[9,705,12.711366559,1.711366559,[25,29,28,20,11,24,4,12,12,1],"SA","dd",10,30,10,0.95,10000,83.6187193394,5000,-1,50,0.05,0.1],[9,720,12.711366559,1.711366559,[25,29,28,20,11,24,4,12,12,1],"SA","dd",10,30,10,0.95,10000,84.1959893703,5000,-1,50,0.05,0.1],[9,735,12.711366559,1.711366559,[25,29,28,20,11,24,4,12,12,1],"SA","dd",10,30,10,0.95,10000,83.9931685925,5000,-1,50,0.05,0.1],[9,750,12.711366559,1.711366559,[25,29,28,20,11,24,4,12,12,1],"SA","dd",10,30,10,0.95,10000,83.7354958057,5000,-1,50,0.05,0.1],[9,765,12.711366559,1.711366559,[25,29,28,20,11,24,4,12,12,1],"SA","dd",10,30,10,0.95,10000,83.5397830009,5000,-1,50,0.05,0.1],[9,780,12.711366559,1.711366559,[25,29,28,20,11,24,4,12,12,1],"SA","dd",10,30,10,0.95,10000,84.2567203045,5000,-1,50,0.05,0.1],[9,795,12.711366559,1.711366559,[25,29,28,20,11,24,4,12,12,1],"SA","dd",10,30,10,0.95,10000,83.7413985729,5000,-1,50,0.05,0.1],[9,810,12.711366559,1.711366559,[25,29,28,20,11,24,4,12,12,1],"SA","dd",10,30,10,0.95,10000,84.0597236156,5000,-1,50,0.05,0.1],[9,825,12.711366559,1.711366559,[25,29,28,20,11,24,4,12,12,1],"SA","dd",10,30,10,0.95,10000,84.2798125744,5000,-1,50,0.05,0.1],[9,840,12.711366559,1.711366559,[25,29,28,20,11,24,4,12,12,1],"SA","dd",10,30,10,0.95,10000,84.2440633774,5000,-1,50,0.05,0.1],[9,855,12.711366559,1.711366559,[25,29,28,20,11,24,4,12,12,1],"SA","dd",10,30,10,0.95,10000,84.1416304111,5000,-1,50,0.05,0.1],[9,870,12.711366559,1.711366559,[25,29,28,20,11,24,4,12,12,1],"SA","dd",10,30,10,0.95,10000,83.8536758423,5000,-1,50,0.05,0.1],[9,885,12.711366559,1.711366559,[25,29,28,20,11,24,4,12,12,1],"SA","dd",10,30,10,0.95,10000,83.6692318916,5000,-1,50,0.05,0.1],[9,900,12.711366559,1.711366559,[25,29,28,20,11,24,4,12,12,1],