{"columns":["ite","time","q","scaled_eu","z","solver","attacker","|Q|","|X|","|T|","rho","k","utility_time","RS_iters","mcts_iters","sa_iters","eps","lr"],"index":[0,1,2,3,4,5,6,7,8,9,10,11,12,13,14,15,16,17,18,19,20,21,22,23,24,25,26,27,28,29,30,31,32,33,34,35,36,37,38,39,40,41,42,43,44,45,46,47,48,49,50,51,52,53,54,55,56,57,58,59,60,61,62,63,64,65,66,67,68,69,70,71,72,73,74,75,76,77,78,79],"data":[[8,15,4.793186219,-6.206813781,[10,0,24,3,28,2,27,14,25,20],"SA","dd",10,30,10,0.95,10000,82.4959988594,5000,-1,50,0.05,0.1],[8,30,7.5843429859,-3.4156570141,[1,14,24,1,18,4,3,12,20,16],"SA","dd",10,30,10,0.95,10000,83.0550003052,5000,-1,50,0.05,0.1],[8,45,7.9036032097,-3.0963967903,[6,14,2,17,18,17,21,3,16,14],"SA","dd",10,30,10,0.95,10000,82.9253368378,5000,-1,50,0.05,0.1],[8,60,7.9036032097,-3.0963967903,[6,25,22,17,18,17,25,3,11,8],"SA","dd",10,30,10,0.95,10000,84.4634559155,5000,-1,50,0.05,0.1],[8,75,7.9036032097,-3.0963967903,[6,25,22,17,18,17,25,3,11,8],"SA","dd",10,30,10,0.95,10000,82.7674455643,5000,-1,50,0.05,0.1],[8,90,7.9036032097,-3.0963967903,[6,25,3,24,14,4,7,3,1,11],"SA","dd",10,30,10,0.95,10000,83.1255452633,5000,-1,50,0.05,0.1],[8,105,7.9036032097,-3.0963967903,[23,0,0,10,13,1,12,11,11,29],"SA","dd",10,30,10,0.95,10000,83.1293802261,5000,-1,50,0.05,0.1],[8,120,7.9036032097,-3.0963967903,[16,29,6,6,11,10,25,24,28,5],"SA","dd",10,30,10,0.95,10000,82.9587271214,5000,-1,50,0.05,0.1],[8,135,7.9036032097,-3.0963967903,[16,29,6,6,11,10,25,24,28,5],"SA","dd",10,30,10,0.95,10000,82.9796032906,5000,-1,50,0.05,0.1],[8,150,7.9036032097,-3.0963967903,[16,29,6,6,11,10,25,24,28,5],"SA","dd",10,30,10,0.95,10000,82.8906848431,5000,-1,50,0.05,0.1],[8,165,9.4652632395,-1.5347367605,[25,3,22,19,14,17,11,25,6,28],"SA","dd",10,30,10,0.95,10000,82.910153389,5000,-1,50,0.05,0.1],[8,180,9.4652632395,-1.5347367605,[25,22,7,7,11,24,13,1,21,25],"SA","dd",10,30,10,0.95,10000,83.2223055363,5000,-1,50,0.05,0.1],[8,195,9.4652632395,-1.5347367605,[13,18,15,19,11,1,19,12,23,10],"SA","dd",10,30,10,0.95,10000,83.2632391453,5000,-1,50,0.05,0.1],[8,210,9.4652632395,-1.5347367605,[10,8,14,7,11,19,13,8,6,26],"SA","dd",10,30,10,0.95,10000,83.2136971951,5000,-1,50,0.05,0.1],[8,225,9.4652632395,-1.5347367605,[10,8,14,7,11,19,13,8,6,26],"SA","dd",10,30,10,0.95,10000,83.0800321102,5000,-1,50,0.05,0.1],[8,240,9.4652632395,-1.5347367605,[10,8,14,7,11,19,13,8,6,26],"SA","dd",10,30,10,0.95,10000,83.4112169743,5000,-1,50,0.05,0.1],[8,255,9.4652632395,-1.5347367605,[10,8,14,7,11,19,13,8,6,26],"SA","dd",10,30,10,0.95,10000,83.3679308891,5000,-1,50,0.05,0.1],[8,270,9.4652632395,-1.5347367605,[10,8,14,7,11,19,13,8,6,26],"SA","dd",10,30,10,0.95,10000,83.2942249775,5000,-1,50,0.05,0.1],[8,285,9.4652632395,-1.5347367605,[10,8,14,7,11,19,13,8,6,26],"SA","dd",10,30,10,0.95,10000,82.9936401844,5000,-1,50,0.05,0.1],[8,300,9.4652632395,-1.5347367605,[10,8,14,7,11,19,13,8,6,26],"SA","dd",10,30,10,0.95,10000,83.0559360981,5000,-1,50,0.05,0.1],[8,315,9.4652632395,-1.5347367605,[10,8,14,7,11,19,13,8,6,26],"SA","dd",10,30,10,0.95,10000,83.091794014,5000,-1,50,0.05,0.1],[8,330,9.4652632395,-1.5347367605,[10,8,14,7,11,19,13,8,6,26],"SA","dd",10,30,10,0.95,10000,83.1264600754,5000,-1,50,0.05,0.1],[8,345,9.4652632395,-1.5347367605,[10,8,14,7,11,19,13,8,6,26],"SA","dd",10,30,10,0.95,10000,83.2474827766,5000,-1,50,0.05,0.1],[8,360,9.4652632395,-1.5347367605,[10,8,14,7,11,19,13,8,6,26],"SA","dd",10,30,10,0.95,10000,82.6613044739,5000,-1,50,0.05,0.1],[8,375,9.4652632395,-1.5347367605,[10,8,14,7,11,19,13,8,6,26],"SA","dd",10,30,10,0.95,10000,83.2307882309,5000,-1,50,0.05,0.1],[8,390,9.4652632395,-1.5347367605,[10,8,14,7,11,19,13,8,6,26],"SA","dd",10,30,10,0.95,10000,83.2389962673,5000,-1,50,0.05,0.1],[8,405,9.4652632395,-1.5347367605,[10,8,14,7,11,19,13,8,6,26],"SA","dd",10,30,10,0.95,10000,82.9417486191,5000,-1,50,0.05,0.1],[8,420,9.4652632395,-1.5347367605,[10,8,14,7,11,19,13,8,6,26],"SA","dd",10,30,10,0.95,10000,83.1301810741,5000,-1,50,0.05,0.1],[8,435,9.4652632395,-1.5347367605,[10,8,14,7,11,19,13,8,6,26],"SA","dd",10,30,10,0.95,10000,82.7032117844,5000,-1,50,0.05,0.1],[8,450,9.4652632395,-1.5347367605,[10,8,14,7,11,19,13,8,6,26],"SA","dd",10,30,10,0.95,10000,82.7560477257,5000,-1,50,0.05,0.1],[8,465,9.4652632395,-1.5347367605,[7,1,25,17,11,18,11,29,26,28],"SA","dd",10,30,10,0.95,10000,82.6927809715,5000,-1,50,0.05,0.1],[8,480,9.4652632395,-1.5347367605,[7,1,25,17,11,18,11,29,26,28],"SA","dd",10,30,10,0.95,10000,82.525462389,5000,-1,50,0.05,0.1],[8,495,9.4652632395,-1.5347367605,[7,1,25,17,11,18,11,29,26,28],"SA","dd",10,30,10,0.95,10000,82.7231988907,5000,-1,50,0.05,0.1],[8,510,9.4652632395,-1.5347367605,[7,1,25,17,11,18,11,29,26,28],"SA","dd",10,30,10,0.95,10000,81.9214260578,5000,-1,50,0.05,0.1],[8,525,9.4652632395,-1.5347367605,[7,1,25,17,11,18,11,29,26,28],"SA","dd",10,30,10,0.95,10000,82.3000812531,5000,-1,50,0.05,0.1],[8,540,9.4652632395,-1.5347367605,[7,1,25,17,11,18,11,29,26,28],"SA","dd",10,30,10,0.95,10000,82.2212731838,5000,-1,50,0.05,0.1],[8,555,9.4652632395,-1.5347367605,[7,1,25,17,11,18,11,29,26,28],"SA","dd",10,30,10,0.95,10000,82.0908734798,5000,-1,50,0.05,0.1],[8,570,9.4652632395,-1.5347367605,[7,1,25,17,11,18,11,29,26,28],"SA","dd",10,30,10,0.95,10000,81.9870245457,5000,-1,50,0.05,0.1],[8,585,9.4652632395,-1.5347367605,[7,1,25,17,11,18,11,29,26,28],"SA","dd",10,30,10,0.95,10000,82.6732382774,5000,-1,50,0.05,0.1],[8,600,9.4652632395,-1.5347367605,[7,1,25,17,11,18,11,29,26,28],"SA","dd",10,30,10,0.95,10000,81.3321666718,5000,-1,50,0.05,0.1],[8,615,9.4652632395,-1.5347367605,[7,1,25,17,11,18,11,29,26,28],"SA","dd",10,30,10,0.95,10000,81.1145591736,5000,-1,50,0.05,0.1],[8,630,9.4652632395,-1.5347367605,[7,1,25,17,11,18,11,29,26,28],"SA","dd",10,30,10,0.95,10000,81.7126438618,5000,-1,50,0.05,0.1],[8,645,9.4652632395,-1.5347367605,[7,1,25,17,11,18,11,29,26,28],"SA","dd",10,30,10,0.95,10000,81.9786908627,5000,-1,50,0.05,0.1],[8,660,9.4652632395,-1.5347367605,[7,1,25,17,11,18,11,29,26,28],"SA","dd",10,30,10,0.95,10000,80.9414329529,5000,-1,50,0.05,0.1],[8,675,9.4652632395,-1.5347367605,[7,1,25,17,11,18,11,29,26,28],"SA","dd",10,30,10,0.95,10000,81.1980321407,5000,-1,50,0.05,0.1],[8,690,9.4652632395,-1.5347367605,[7,1,25,17,11,18,11,29,26,28],"SA","dd",10,30,10,0.95,10000,81.22671628,5000,-1,50,0.05,0.1],[8,705,9.4652632395,-1.5347367605,[7,1,25,17,11,18,11,29,26,28],"SA","dd",10,30,10,0.95,10000,81.7615449429,5000,-1,50,0.05,0.1],[8,720,9.4652632395,-1.5347367605,[7,1,25,17,11,18,11,29,26,28],"SA","dd",10,30,10,0.95,10000,82.4809889793,5000,-1,50,0.05,0.1],[8,735,9.4652632395,-1.5347367605,[7,1,25,17,11,18,11,29,26,28],"SA","dd",10,30,10,0.95,10000,82.5790367126,5000,-1,50,0.05,0.1],[8,750,9.4652632395,-1.5347367605,[7,1,25,17,11,18,11,29,26,28],"SA","dd",10,30,10,0.95,10000,82.4665906429,5000,-1,50,0.05,0.1],[8,765,9.4652632395,-1.5347367605,[7,1,25,17,11,18,11,29,26,28],"SA","dd",10,30,10,0.95,10000,82.4667196274,5000,-1,50,0.05,0.1],[8,780,9.4652632395,-1.5347367605,[7,1,25,17,11,18,11,29,26,28],"SA","dd",10,30,10,0.95,10000,82.2117445469,5000,-1,50,0.05,0.1],[8,795,9.4652632395,-1.5347367605,[7,1,25,17,11,18,11,29,26,28],"SA","dd",10,30,10,0.95,10000,82.793394804,5000,-1,50,0.05,0.1],[8,810,9.4652632395,-1.5347367605,[7,1,25,17,11,18,11,29,26,28],"SA","dd",10,30,10,0.95,10000,82.8161101341,5000,-1,50,0.05,0.1],[8,825,9.4652632395,-1.5347367605,[7,1,25,17,11,18,11,29,26,28],"SA","dd",10,30,10,0.95,10000,83.2668085098,5000,-1,50,0.05,0.1],[8,840,9.4652632395,-1.5347367605,[7,1,25,17,11,18,11,29,26,28],"SA","dd",10,30,10,0.95,10000,82.7900512218,5000,-1,50,0.05,0.1],[8,855,9.4652632395,-1.5347367605,[7,1,25,17,11,18,11,29,26,28],"SA","dd",10,30,10,0.95,10000,82.3418865204,5000,-1,50,0.05,0.1],[8,870,9.4652632395,-1.5347367605,[7,1,25,17,11,18,11,29,26,28],"SA","dd",10,30,10,0.95,10000,82.6230232716,5000,-1,50,0.05,0.1],[8,885,9.4652632395,-1.5347367605,[7,1,25,17,11,18,11,29,26,28],