{"columns":["ite","time","q","scaled_eu","z","solver","attacker","|Q|","|X|","|T|","rho","k","utility_time","RS_iters","mcts_iters","sa_iters","eps","lr"],"index":[0,1,2,3,4,5,6,7,8,9,10,11,12,13,14,15,16,17,18,19,20,21,22,23,24,25,26,27,28,29,30,31,32,33,34,35,36,37,38,39,40,41,42,43,44,45,46,47,48,49,50,51,52,53,54,55,56,57,58,59,60,61,62,63,64,65,66,67,68,69,70,71,72,73,74,75,76,77,78,79],"data":[[0,15,2.4566034122,-8.5433965878,[26,6,8,14,26,27,0,27,18,11],"SA","dd",10,30,10,0.95,10000,84.3577866554,5000,-1,50,0.05,0.1],[0,30,5.549884644,-5.450115356,[0,16,15,8,7,0,4,21,9,0],"SA","dd",10,30,10,0.95,10000,83.919680357,5000,-1,50,0.05,0.1],[0,45,5.6612323012,-5.3387676988,[20,14,0,16,22,23,26,2,18,17],"SA","dd",10,30,10,0.95,10000,83.8040750027,5000,-1,50,0.05,0.1],[0,60,5.6612323012,-5.3387676988,[20,14,0,16,22,23,26,2,18,17],"SA","dd",10,30,10,0.95,10000,84.1078431606,5000,-1,50,0.05,0.1],[0,75,7.0859177908,-3.9140822092,[29,7,6,20,25,10,0,16,29,29],"SA","dd",10,30,10,0.95,10000,83.9614245892,5000,-1,50,0.05,0.1],[0,90,7.0859177908,-3.9140822092,[29,7,6,20,25,10,0,16,29,29],"SA","dd",10,30,10,0.95,10000,83.857707262,5000,-1,50,0.05,0.1],[0,105,7.0859177908,-3.9140822092,[29,7,6,20,25,10,0,16,29,29],"SA","dd",10,30,10,0.95,10000,83.8857724667,5000,-1,50,0.05,0.1],[0,120,7.0859177908,-3.9140822092,[29,7,6,20,25,10,0,16,29,29],"SA","dd",10,30,10,0.95,10000,83.8678030968,5000,-1,50,0.05,0.1],[0,135,7.0859177908,-3.9140822092,[29,7,6,20,25,10,0,16,29,29],"SA","dd",10,30,10,0.95,10000,83.9618961811,5000,-1,50,0.05,0.1],[0,150,7.0859177908,-3.9140822092,[29,7,6,20,25,10,0,16,29,29],"SA","dd",10,30,10,0.95,10000,84.4046797752,5000,-1,50,0.05,0.1],[0,165,7.0859177908,-3.9140822092,[29,7,6,20,25,10,0,16,29,29],"SA","dd",10,30,10,0.95,10000,84.4996452332,5000,-1,50,0.05,0.1],[0,180,7.0859177908,-3.9140822092,[29,7,6,20,25,10,0,16,29,29],"SA","dd",10,30,10,0.95,10000,83.8521089554,5000,-1,50,0.05,0.1],[0,195,7.0859177908,-3.9140822092,[29,7,6,20,25,10,0,16,29,29],"SA","dd",10,30,10,0.95,10000,83.9770102501,5000,-1,50,0.05,0.1],[0,210,7.0859177908,-3.9140822092,[29,7,6,20,25,10,0,16,29,29],"SA","dd",10,30,10,0.95,10000,84.4645235538,5000,-1,50,0.05,0.1],[0,225,7.0859177908,-3.9140822092,[29,7,6,20,25,10,0,16,29,29],"SA","dd",10,30,10,0.95,10000,84.1583039761,5000,-1,50,0.05,0.1],[0,240,7.0859177908,-3.9140822092,[29,7,6,20,25,10,0,16,29,29],"SA","dd",10,30,10,0.95,10000,84.1178405285,5000,-1,50,0.05,0.1],[0,255,7.0859177908,-3.9140822092,[29,7,6,20,25,10,0,16,29,29],"SA","dd",10,30,10,0.95,10000,84.72529459,5000,-1,50,0.05,0.1],[0,270,7.0859177908,-3.9140822092,[29,7,6,20,25,10,0,16,29,29],"SA","dd",10,30,10,0.95,10000,84.0717074871,5000,-1,50,0.05,0.1],[0,285,7.0859177908,-3.9140822092,[29,7,6,20,25,10,0,16,29,29],"SA","dd",10,30,10,0.95,10000,84.5129125118,5000,-1,50,0.05,0.1],[0,300,7.0859177908,-3.9140822092,[29,7,6,20,25,10,0,16,29,29],"SA","dd",10,30,10,0.95,10000,84.3743228912,5000,-1,50,0.05,0.1],[0,315,7.0859177908,-3.9140822092,[29,7,6,20,25,10,0,16,29,29],"SA","dd",10,30,10,0.95,10000,84.4318487644,5000,-1,50,0.05,0.1],[0,330,7.0859177908,-3.9140822092,[29,7,6,20,25,10,0,16,29,29],"SA","dd",10,30,10,0.95,10000,84.8675522804,5000,-1,50,0.05,0.1],[0,345,7.0859177908,-3.9140822092,[29,7,6,20,25,10,0,16,29,29],"SA","dd",10,30,10,0.95,10000,86.1057696342,5000,-1,50,0.05,0.1],[0,360,7.0859177908,-3.9140822092,[29,7,6,20,25,10,0,16,29,29],"SA","dd",10,30,10,0.95,10000,86.2015383244,5000,-1,50,0.05,0.1],[0,375,7.0859177908,-3.9140822092,[29,7,6,20,25,10,0,16,29,29],"SA","dd",10,30,10,0.95,10000,86.2191250324,5000,-1,50,0.05,0.1],[0,390,7.0859177908,-3.9140822092,[29,7,6,20,25,10,0,16,29,29],"SA","dd",10,30,10,0.95,10000,86.2223782539,5000,-1,50,0.05,0.1],[0,405,7.0859177908,-3.9140822092,[29,7,6,20,25,10,0,16,29,29],"SA","dd",10,30,10,0.95,10000,86.2369916439,5000,-1,50,0.05,0.1],[0,420,7.0859177908,-3.9140822092,[29,7,6,20,25,10,0,16,29,29],"SA","dd",10,30,10,0.95,10000,86.2372066975,5000,-1,50,0.05,0.1],[0,435,7.0859177908,-3.9140822092,[29,7,6,20,25,10,0,16,29,29],"SA","dd",10,30,10,0.95,10000,86.2558512688,5000,-1,50,0.05,0.1],[0,450,7.0859177908,-3.9140822092,[29,7,6,20,25,10,0,16,29,29],"SA","dd",10,30,10,0.95,10000,86.0805130005,5000,-1,50,0.05,0.1],[0,465,10.6229058024,-0.3770941976,[26,12,16,8,11,8,17,15,5,6],"SA","dd",10,30,10,0.95,10000,86.0434741974,5000,-1,50,0.05,0.1],[0,480,10.6229058024,-0.3770941976,[26,12,16,8,11,8,17,15,5,6],"SA","dd",10,30,10,0.95,10000,85.901160717,5000,-1,50,0.05,0.1],[0,495,10.6229058024,-0.3770941976,[26,12,16,8,11,8,17,15,5,6],"SA","dd",10,30,10,0.95,10000,84.849668026,5000,-1,50,0.05,0.1],[0,510,10.6229058024,-0.3770941976,[26,12,16,8,11,8,17,15,5,6],"SA","dd",10,30,10,0.95,10000,85.4204947948,5000,-1,50,0.05,0.1],[0,525,10.6229058024,-0.3770941976,[26,12,16,8,11,8,17,15,5,6],"SA","dd",10,30,10,0.95,10000,84.8839187622,5000,-1,50,0.05,0.1],[0,540,10.6229058024,-0.3770941976,[26,12,16,8,11,8,17,15,5,6],"SA","dd",10,30,10,0.95,10000,85.2074589729,5000,-1,50,0.05,0.1],[0,555,10.6229058024,-0.3770941976,[26,12,16,8,11,8,17,15,5,6],"SA","dd",10,30,10,0.95,10000,85.0579140186,5000,-1,50,0.05,0.1],[0,570,10.6229058024,-0.3770941976,[26,12,16,8,11,8,17,15,5,6],"SA","dd",10,30,10,0.95,10000,85.3403682709,5000,-1,50,0.05,0.1],[0,585,10.6229058024,-0.3770941976,[26,12,16,8,11,8,17,15,5,6],"SA","dd",10,30,10,0.95,10000,85.0332202911,5000,-1,50,0.05,0.1],[0,600,10.6229058024,-0.3770941976,[2,22,1,9,11,1,12,20,19,28],"SA","dd",10,30,10,0.95,10000,84.4092683792,5000,-1,50,0.05,0.1],[0,615,10.6229058024,-0.3770941976,[2,22,1,9,11,1,12,20,19,28],"SA","dd",10,30,10,0.95,10000,84.4024190903,5000,-1,50,0.05,0.1],[0,630,10.6229058024,-0.3770941976,[2,22,1,9,11,1,12,20,19,28],"SA","dd",10,30,10,0.95,10000,84.0335731506,5000,-1,50,0.05,0.1],[0,645,10.6229058024,-0.3770941976,[2,22,1,9,11,1,12,20,19,28],"SA","dd",10,30,10,0.95,10000,83.8375940323,5000,-1,50,0.05,0.1],[0,660,10.6229058024,-0.3770941976,[2,22,1,9,11,1,12,20,19,28],"SA","dd",10,30,10,0.95,10000,83.6543951035,5000,-1,50,0.05,0.1],[0,675,10.8900194171,-0.1099805829,[8,26,13,7,11,0,5,28,26,14],"SA","dd",10,30,10,0.95,10000,83.8491520882,5000,-1,50,0.05,0.1],[0,690,10.8900194171,-0.1099805829,[8,26,13,7,11,0,5,28,26,14],"SA","dd",10,30,10,0.95,10000,83.9092133045,5000,-1,50,0.05,0.1],[0,705,10.8900194171,-0.1099805829,[8,26,13,7,11,0,5,28,26,14],"SA","dd",10,30,10,0.95,10000,82.4879379272,5000,-1,50,0.05,0.1],[0,720,10.8900194171,-0.1099805829,[8,26,13,7,11,0,5,28,26,14],"SA","dd",10,30,10,0.95,10000,82.4752047062,5000,-1,50,0.05,0.1],[0,735,10.8900194171,-0.1099805829,[8,26,13,7,11,0,5,28,26,14],"SA","dd",10,30,10,0.95,10000,82.350379467,5000,-1,50,0.05,0.1],[0,750,10.8900194171,-0.1099805829,[8,26,13,7,11,0,5,28,26,14],"SA","dd",10,30,10,0.95,10000,82.407402277,5000,-1,50,0.05,0.1],[0,765,10.8900194171,-0.1099805829,[8,26,13,7,11,0,5,28,26,14],"SA","dd",10,30,10,0.95,10000,82.3288524151,5000,-1,50,0.05,0.1],[0,780,10.8900194171,-0.1099805829,[8,26,13,7,11,0,5,28,26,14],"SA","dd",10,30,10,0.95,10000,82.5748195648,5000,-1,50,0.05,0.1],[0,795,10.8900194171,-0.1099805829,[8,26,13,7,11,0,5,28,26,14],"SA","dd",10,30,10,0.95,10000,82.4208302498,5000,-1,50,0.05,0.1],[0,810,10.8900194171,-0.1099805829,[8,26,13,7,11,0,5,28,26,14],"SA","dd",10,30,10,0.95,10000,82.4613192081,5000,-1,50,0.05,0.1],[0,825,10.8900194171,-0.1099805829,[8,26,13,7,11,0,5,28,26,14],"SA","dd",10,30,10,0.95,10000,82.5796573162,5000,-1,50,0.05,0.1],[0,840,10.8900194171,-0.1099805829,[8,26,13,7,11,0,5,28,26,14],"SA","dd",10,30,10,0.95,10000,83.0502381325,5000,-1,50,0.05,0.1],[0,855,10.8900194171,-0.1099805829,[8,26,13,7,11,0,5,28,26,14],"SA","dd",10,30,10,0.95,10000,82.4523150921,5000,-1,50,0.05,0.1],[0,870,10.8900194171,-0.1099805829,[8,26,13,7,11,0,5,28,26,14],"SA","dd",10,30,10,0.95,10000,82.4878380299,5000,-1,50,0.05,0.1],[0,885,10.8900194171,-0.1099805829,[8,26,13,7,11,0,5,28,26,14],"SA","dd",10,30,10,0.95,10000,82.8262796402,5000,-1,50,0.05,0.1],[0,900,10.8900194171,-0.1099805829,[8,26,13,7,11,0,5,28,26,14],