{"columns":["ite","time","q","scaled_eu","z","solver","attacker","|Q|","|X|","|T|","rho","k","utility_time","RS_iters","mcts_iters","sa_iters","eps","lr"],"index":[0,1,2,3,4,5,6,7,8,9,10,11,12,13,14,15,16,17,18,19,20,21,22,23,24,25,26,27,28,29,30,31,32,33,34,35,36,37,38,39,40,41,42,43,44,45,46,47,48,49,50,51,52,53,54,55,56,57,58,59,60,61,62,63,64,65,66,67,68,69,70,71,72,73,74,75,76,77,78,79],"data":[[9,15,5.2655312222,-25.7344687778,[26,7,7,25,18,12,6,2,11,28,21,13,15,4,8,22,4,7,26,14,16,17,26,3,8,20,19,16,21,7],"SA","dd",30,30,30,0.95,10000,141.0189244747,5000,-1,50,0.05,0.1],[9,30,6.3358805565,-24.6641194435,[26,16,5,19,1,22,14,2,0,20,15,23,28,3,19,28,24,19,10,22,21,22,20,12,19,24,21,10,29,19],"SA","dd",30,30,30,0.95,10000,140.9006898403,5000,-1,50,0.05,0.1],[9,45,6.3358805565,-24.6641194435,[26,16,5,19,1,22,14,2,0,20,15,23,28,3,19,28,24,19,10,22,21,22,20,12,19,24,21,10,29,19],"SA","dd",30,30,30,0.95,10000,141.1353394985,5000,-1,50,0.05,0.1],[9,60,6.3358805565,-24.6641194435,[26,16,5,19,1,22,14,2,0,20,15,23,28,3,19,28,24,19,10,22,21,22,20,12,19,24,21,10,29,19],"SA","dd",30,30,30,0.95,10000,141.0159723759,5000,-1,50,0.05,0.1],[9,75,6.3358805565,-24.6641194435,[26,16,5,19,1,22,14,2,0,20,15,23,28,3,19,28,24,19,10,22,21,22,20,12,19,24,21,10,29,19],"SA","dd",30,30,30,0.95,10000,140.8802278042,5000,-1,50,0.05,0.1],[9,90,6.3358805565,-24.6641194435,[26,16,5,19,1,22,14,2,0,20,15,23,28,3,19,28,24,19,10,22,21,22,20,12,19,24,21,10,29,19],"SA","dd",30,30,30,0.95,10000,152.6622588634,5000,-1,50,0.05,0.1],[9,105,6.3358805565,-24.6641194435,[26,16,5,19,1,22,14,2,0,20,15,23,28,3,19,28,24,19,10,22,21,22,20,12,19,24,21,10,29,19],"SA","dd",30,30,30,0.95,10000,174.0458438396,5000,-1,50,0.05,0.1],[9,120,6.3358805565,-24.6641194435,[9,17,26,6,24,6,23,27,1,27,2,17,6,24,3,25,27,7,4,23,10,16,22,17,5,11,1,29,6,15],"SA","dd",30,30,30,0.95,10000,141.099701643,5000,-1,50,0.05,0.1],[9,135,8.2286129487,-22.7713870513,[8,3,18,18,5,5,23,29,28,0,26,15,20,22,19,26,25,1,27,21,27,11,2,10,10,1,20,11,20,9],"SA","dd",30,30,30,0.95,10000,140.9319791794,5000,-1,50,0.05,0.1],[9,150,8.2286129487,-22.7713870513,[8,3,18,18,5,5,23,29,28,0,26,15,20,22,19,26,25,1,27,21,27,11,2,10,10,1,20,11,20,9],"SA","dd",30,30,30,0.95,10000,210.6681628227,5000,-1,50,0.05,0.1],[9,165,8.2286129487,-22.7713870513,[8,3,18,18,5,5,23,29,28,0,26,15,20,22,19,26,25,1,27,21,27,11,2,10,10,1,20,11,20,9],"SA","dd",30,30,30,0.95,10000,143.5252931118,5000,-1,50,0.05,0.1],[9,180,8.2286129487,-22.7713870513,[8,3,18,18,5,5,23,29,28,0,26,15,20,22,19,26,25,1,27,21,27,11,2,10,10,1,20,11,20,9],"SA","dd",30,30,30,0.95,10000,141.5185620785,5000,-1,50,0.05,0.1],[9,195,8.2286129487,-22.7713870513,[8,3,18,18,5,5,23,29,28,0,26,15,20,22,19,26,25,1,27,21,27,11,2,10,10,1,20,11,20,9],"SA","dd",30,30,30,0.95,10000,141.1170182228,5000,-1,50,0.05,0.1],[9,210,8.2286129487,-22.7713870513,[8,3,18,18,5,5,23,29,28,0,26,15,20,22,19,26,25,1,27,21,27,11,2,10,10,1,20,11,20,9],"SA","dd",30,30,30,0.95,10000,141.1720564365,5000,-1,50,0.05,0.1],[9,225,8.2286129487,-22.7713870513,[8,3,18,18,5,5,23,29,28,0,26,15,20,22,19,26,25,1,27,21,27,11,2,10,10,1,20,11,20,9],"SA","dd",30,30,30,0.95,10000,141.4483544827,5000,-1,50,0.05,0.1],[9,240,8.2286129487,-22.7713870513,[8,3,18,18,5,5,23,29,28,0,26,15,20,22,19,26,25,1,27,21,27,11,2,10,10,1,20,11,20,9],"SA","dd",30,30,30,0.95,10000,153.8340041637,5000,-1,50,0.05,0.1],[9,255,8.2286129487,-22.7713870513,[8,3,18,18,5,5,23,29,28,0,26,15,20,22,19,26,25,1,27,21,27,11,2,10,10,1,20,11,20,9],"SA","dd",30,30,30,0.95,10000,141.5902125835,5000,-1,50,0.05,0.1],[9,270,8.2286129487,-22.7713870513,[8,3,18,18,5,5,23,29,28,0,26,15,20,22,19,26,25,1,27,21,27,11,2,10,10,1,20,11,20,9],"SA","dd",30,30,30,0.95,10000,141.2738187313,5000,-1,50,0.05,0.1],[9,285,8.2286129487,-22.7713870513,[8,3,18,18,5,5,23,29,28,0,26,15,20,22,19,26,25,1,27,21,27,11,2,10,10,1,20,11,20,9],"SA","dd",30,30,30,0.95,10000,141.6545085907,5000,-1,50,0.05,0.1],[9,300,8.2286129487,-22.7713870513,[8,3,18,18,5,5,23,29,28,0,26,15,20,22,19,26,25,1,27,21,27,11,2,10,10,1,20,11,20,9],"SA","dd",30,30,30,0.95,10000,141.3487715721,5000,-1,50,0.05,0.1],[9,315,8.2286129487,-22.7713870513,[8,3,18,18,5,5,23,29,28,0,26,15,20,22,19,26,25,1,27,21,27,11,2,10,10,1,20,11,20,9],"SA","dd",30,30,30,0.95,10000,152.6565301418,5000,-1,50,0.05,0.1],[9,330,8.2286129487,-22.7713870513,[8,3,18,18,5,5,23,29,28,0,26,15,20,22,19,26,25,1,27,21,27,11,2,10,10,1,20,11,20,9],"SA","dd",30,30,30,0.95,10000,141.1303534508,5000,-1,50,0.05,0.1],[9,345,8.2286129487,-22.7713870513,[8,3,18,18,5,5,23,29,28,0,26,15,20,22,19,26,25,1,27,21,27,11,2,10,10,1,20,11,20,9],"SA","dd",30,30,30,0.95,10000,141.3192882538,5000,-1,50,0.05,0.1],[9,360,8.2286129487,-22.7713870513,[8,3,18,18,5,5,23,29,28,0,26,15,20,22,19,26,25,1,27,21,27,11,2,10,10,1,20,11,20,9],"SA","dd",30,30,30,0.95,10000,141.3068547249,5000,-1,50,0.05,0.1],[9,375,8.2286129487,-22.7713870513,[8,3,18,18,5,5,23,29,28,0,26,15,20,22,19,26,25,1,27,21,27,11,2,10,10,1,20,11,20,9],"SA","dd",30,30,30,0.95,10000,141.6423239708,5000,-1,50,0.05,0.1],[9,390,8.2286129487,-22.7713870513,[8,3,18,18,5,5,23,29,28,0,26,15,20,22,19,26,25,1,27,21,27,11,2,10,10,1,20,11,20,9],"SA","dd",30,30,30,0.95,10000,141.2577784061,5000,-1,50,0.05,0.1],[9,405,8.2286129487,-22.7713870513,[8,3,18,18,5,5,23,29,28,0,26,15,20,22,19,26,25,1,27,21,27,11,2,10,10,1,20,11,20,9],"SA","dd",30,30,30,0.95,10000,141.5562217236,5000,-1,50,0.05,0.1],[9,420,8.2286129487,-22.7713870513,[8,3,18,18,5,5,23,29,28,0,26,15,20,22,19,26,25,1,27,21,27,11,2,10,10,1,20,11,20,9],"SA","dd",30,30,30,0.95,10000,141.6915004253,5000,-1,50,0.05,0.1],[9,435,8.2286129487,-22.7713870513,[8,3,18,18,5,5,23,29,28,0,26,15,20,22,19,26,25,1,27,21,27,11,2,10,10,1,20,11,20,9],"SA","dd",30,30,30,0.95,10000,141.8655745983,5000,-1,50,0.05,0.1],[9,450,8.2286129487,-22.7713870513,[8,3,18,18,5,5,23,29,28,0,26,15,20,22,19,26,25,1,27,21,27,11,2,10,10,1,20,11,20,9],"SA","dd",30,30,30,0.95,10000,141.8619821072,5000,-1,50,0.05,0.1],[9,465,8.2286129487,-22.7713870513,[8,3,18,18,5,5,23,29,28,0,26,15,20,22,19,26,25,1,27,21,27,11,2,10,10,1,20,11,20,9],"SA","dd",30,30,30,0.95,10000,141.8275756836,5000,-1,50,0.05,0.1],[9,480,8.2286129487,-22.7713870513,[8,3,18,18,5,5,23,29,28,0,26,15,20,22,19,26,25,1,27,21,27,11,2,10,10,1,20,11,20,9],"SA","dd",30,30,30,0.95,10000,141.3254637718,5000,-1,50,0.05,0.1],[9,495,8.2286129487,-22.7713870513,[8,3,18,18,5,5,23,29,28,0,26,15,20,22,19,26,25,1,27,21,27,11,2,10,10,1,20,11,20,9],"SA","dd",30,30,30,0.95,10000,141.427331686,5000,-1,50,0.05,0.1],[9,510,8.2286129487,-22.7713870513,[8,3,18,18,5,5,23,29,28,0,26,15,20,22,19,26,25,1,27,21,27,11,2,10,10,1,20,11,20,9],"SA","dd",30,30,30,0.95,10000,141.7260837555,5000,-1,50,0.05,0.1],[9,525,8.2286129487,-22.7713870513,[8,3,18,18,5,5,23,29,28,0,26,15,20,22,19,26,25,1,27,21,27,11,2,10,10,1,20,11,20,9],"SA","dd",30,30,30,0.95,10000,141.4611132145,5000,-1,50,0.05,0.1],[9,540,8.2286129487,-22.7713870513,[0,26,11,28,12,2,2,8,15,27,6,27,27,0,4,1,1,17,27,24,8,25,22,1,4,27,19,27,1,0],"SA","dd",30,30,30,0.95,10000,141.5989654064,5000,-1,50,0.05,0.1],[9,555,8.2286129487,-22.7713870513,[0,26,11,28,12,2,2,8,15,27,6,27,27,0,4,1,1,17,27,24,8,25,22,1,4,27,19,27,1,0],"SA","dd",30,30,30,0.95,10000,141.5260062218,5000,-1,50,0.05,0.1],[9,570,8.2286129487,-22.7713870513,[0,26,11,28,12,2,2,8,15,27,6,27,27,0,4,1,1,17,27,24,8,25,22,1,4,27,19,27,1,0],"SA","dd",30,30,30,0.95,10000,141.6934165955,5000,-1,50,0.05,0.1],[9,585,8.2286129487,-22.7713870513,[0,26,11,28,12,2,2,8,15,27,6,27,27,0,4,1,1,17,27,24,8,25,22,1,4,27,19,27,1,0],"SA","dd",30,30,30,0.95,10000,141.3531253338,5000,-1,50,0.05,0.1],[9,600,8.2286129487,-22.7713870513,[0,26,11,28,12,2,2,8,15,27,6,27,27,0,4,1,1,17,27,24,8,25,22,1,4,27,19,27,1,0],"SA","dd",30,30,30,0.95,10000,141.784484148,5000,-1,50,0.05,0.1],[9,615,8.2286129487,-22.7713870513,[0,26,11,28,12,2,2,8,15,27,6,27,27,0,4,1,1,17,27,24,8,25,22,1,4,27,19,27,1,0],