{"columns":["ite","time","q","scaled_eu","z","solver","attacker","|Q|","|X|","|T|","rho","k","utility_time","RS_iters","mcts_iters","sa_iters","eps","lr"],"index":[0,1,2,3,4,5,6,7,8,9,10,11,12,13,14,15,16,17,18,19,20,21,22,23,24,25,26,27,28,29,30,31,32,33,34,35,36,37,38,39,40,41,42,43,44,45,46,47,48,49,50,51,52,53,54,55,56,57,58,59,60,61,62,63,64,65,66,67,68,69,70,71,72,73,74,75,76,77,78,79],"data":[[0,15,6.7334841942,-24.2665158058,[20,0,29,24,5,4,28,26,13,10,22,0,8,4,4,24,15,14,6,1,1,24,13,20,29,21,28,21,22,3],"SA","dd",30,30,30,0.95,10000,141.4033660889,5000,-1,50,0.05,0.1],[0,30,6.7334841942,-24.2665158058,[5,26,20,2,17,28,15,13,13,6,0,18,21,20,24,28,24,15,11,29,5,29,22,17,22,14,24,1,28,27],"SA","dd",30,30,30,0.95,10000,141.2331387997,5000,-1,50,0.05,0.1],[0,45,11.1997508465,-19.8002491535,[5,1,14,11,4,1,21,8,21,6,7,26,23,15,1,15,22,15,12,25,24,13,22,23,22,14,21,0,2,5],"SA","dd",30,30,30,0.95,10000,141.3043501377,5000,-1,50,0.05,0.1],[0,60,11.1997508465,-19.8002491535,[8,22,1,2,29,27,17,20,17,19,14,25,12,14,18,11,24,20,10,20,6,0,22,4,5,10,6,10,28,21],"SA","dd",30,30,30,0.95,10000,141.2612764835,5000,-1,50,0.05,0.1],[0,75,11.1997508465,-19.8002491535,[8,22,1,2,29,27,17,20,17,19,14,25,12,14,18,11,24,20,10,20,6,0,22,4,5,10,6,10,28,21],"SA","dd",30,30,30,0.95,10000,141.5470049381,5000,-1,50,0.05,0.1],[0,90,11.1997508465,-19.8002491535,[8,22,1,2,29,27,17,20,17,19,14,25,12,14,18,11,24,20,10,20,6,0,22,4,5,10,6,10,28,21],"SA","dd",30,30,30,0.95,10000,141.3888986111,5000,-1,50,0.05,0.1],[0,105,11.1997508465,-19.8002491535,[8,22,1,2,29,27,17,20,17,19,14,25,12,14,18,11,24,20,10,20,6,0,22,4,5,10,6,10,28,21],"SA","dd",30,30,30,0.95,10000,140.8777077198,5000,-1,50,0.05,0.1],[0,120,13.3062204872,-17.6937795128,[0,26,0,2,19,29,29,26,0,1,25,13,21,19,21,24,3,15,7,10,5,29,22,18,22,20,24,27,6,27],"SA","dd",30,30,30,0.95,10000,141.2403452396,5000,-1,50,0.05,0.1],[0,135,13.3062204872,-17.6937795128,[0,26,0,2,19,29,29,26,0,1,25,13,21,19,21,24,3,15,7,10,5,29,22,18,22,20,24,27,6,27],"SA","dd",30,30,30,0.95,10000,140.9808189869,5000,-1,50,0.05,0.1],[0,150,13.3062204872,-17.6937795128,[0,26,0,2,19,29,29,26,0,1,25,13,21,19,21,24,3,15,7,10,5,29,22,18,22,20,24,27,6,27],"SA","dd",30,30,30,0.95,10000,141.1862604618,5000,-1,50,0.05,0.1],[0,165,13.3062204872,-17.6937795128,[3,0,15,5,11,14,13,23,23,29,7,17,12,24,1,23,13,1,16,10,29,12,22,13,20,2,1,9,8,11],"SA","dd",30,30,30,0.95,10000,141.2677695751,5000,-1,50,0.05,0.1],[0,180,13.3062204872,-17.6937795128,[3,0,15,5,11,14,13,23,23,29,7,17,12,24,1,23,13,1,16,10,29,12,22,13,20,2,1,9,8,11],"SA","dd",30,30,30,0.95,10000,141.2738306522,5000,-1,50,0.05,0.1],[0,195,13.3062204872,-17.6937795128,[3,0,15,5,11,14,13,23,23,29,7,17,12,24,1,23,13,1,16,10,29,12,22,13,20,2,1,9,8,11],"SA","dd",30,30,30,0.95,10000,141.175835371,5000,-1,50,0.05,0.1],[0,210,13.3062204872,-17.6937795128,[3,0,15,5,11,14,13,23,23,29,7,17,12,24,1,23,13,1,16,10,29,12,22,13,20,2,1,9,8,11],"SA","dd",30,30,30,0.95,10000,141.526815176,5000,-1,50,0.05,0.1],[0,225,13.3062204872,-17.6937795128,[3,0,15,5,11,14,13,23,23,29,7,17,12,24,1,23,13,1,16,10,29,12,22,13,20,2,1,9,8,11],"SA","dd",30,30,30,0.95,10000,141.1491053104,5000,-1,50,0.05,0.1],[0,240,13.3062204872,-17.6937795128,[3,0,15,5,11,14,13,23,23,29,7,17,12,24,1,23,13,1,16,10,29,12,22,13,20,2,1,9,8,11],"SA","dd",30,30,30,0.95,10000,141.6011252403,5000,-1,50,0.05,0.1],[0,255,13.3062204872,-17.6937795128,[3,0,15,5,11,14,13,23,23,29,7,17,12,24,1,23,13,1,16,10,29,12,22,13,20,2,1,9,8,11],"SA","dd",30,30,30,0.95,10000,141.5899250507,5000,-1,50,0.05,0.1],[0,270,13.3062204872,-17.6937795128,[3,0,15,5,11,14,13,23,23,29,7,17,12,24,1,23,13,1,16,10,29,12,22,13,20,2,1,9,8,11],"SA","dd",30,30,30,0.95,10000,141.4028606415,5000,-1,50,0.05,0.1],[0,285,13.3062204872,-17.6937795128,[3,0,15,5,11,14,13,23,23,29,7,17,12,24,1,23,13,1,16,10,29,12,22,13,20,2,1,9,8,11],"SA","dd",30,30,30,0.95,10000,141.0416395664,5000,-1,50,0.05,0.1],[0,300,13.3062204872,-17.6937795128,[3,0,15,5,11,14,13,23,23,29,7,17,12,24,1,23,13,1,16,10,29,12,22,13,20,2,1,9,8,11],"SA","dd",30,30,30,0.95,10000,141.0402398109,5000,-1,50,0.05,0.1],[0,315,13.3062204872,-17.6937795128,[3,0,15,5,11,14,13,23,23,29,7,17,12,24,1,23,13,1,16,10,29,12,22,13,20,2,1,9,8,11],"SA","dd",30,30,30,0.95,10000,140.8988730907,5000,-1,50,0.05,0.1],[0,330,13.3062204872,-17.6937795128,[3,0,15,5,11,14,13,23,23,29,7,17,12,24,1,23,13,1,16,10,29,12,22,13,20,2,1,9,8,11],"SA","dd",30,30,30,0.95,10000,141.4300973415,5000,-1,50,0.05,0.1],[0,345,13.3062204872,-17.6937795128,[3,0,15,5,11,14,13,23,23,29,7,17,12,24,1,23,13,1,16,10,29,12,22,13,20,2,1,9,8,11],"SA","dd",30,30,30,0.95,10000,141.3789098263,5000,-1,50,0.05,0.1],[0,360,13.3062204872,-17.6937795128,[3,0,15,5,11,14,13,23,23,29,7,17,12,24,1,23,13,1,16,10,29,12,22,13,20,2,1,9,8,11],"SA","dd",30,30,30,0.95,10000,141.087428093,5000,-1,50,0.05,0.1],[0,375,13.3062204872,-17.6937795128,[3,0,15,5,11,14,13,23,23,29,7,17,12,24,1,23,13,1,16,10,29,12,22,13,20,2,1,9,8,11],"SA","dd",30,30,30,0.95,10000,141.1379070282,5000,-1,50,0.05,0.1],[0,390,13.3062204872,-17.6937795128,[3,0,15,5,11,14,13,23,23,29,7,17,12,24,1,23,13,1,16,10,29,12,22,13,20,2,1,9,8,11],"SA","dd",30,30,30,0.95,10000,141.484609127,5000,-1,50,0.05,0.1],[0,405,13.3062204872,-17.6937795128,[3,0,15,5,11,14,13,23,23,29,7,17,12,24,1,23,13,1,16,10,29,12,22,13,20,2,1,9,8,11],"SA","dd",30,30,30,0.95,10000,141.270011425,5000,-1,50,0.05,0.1],[0,420,13.3062204872,-17.6937795128,[3,0,15,5,11,14,13,23,23,29,7,17,12,24,1,23,13,1,16,10,29,12,22,13,20,2,1,9,8,11],"SA","dd",30,30,30,0.95,10000,144.771433115,5000,-1,50,0.05,0.1],[0,435,13.3062204872,-17.6937795128,[3,0,15,5,11,14,13,23,23,29,7,17,12,24,1,23,13,1,16,10,29,12,22,13,20,2,1,9,8,11],"SA","dd",30,30,30,0.95,10000,142.3637003899,5000,-1,50,0.05,0.1],[0,450,13.3062204872,-17.6937795128,[3,0,15,5,11,14,13,23,23,29,7,17,12,24,1,23,13,1,16,10,29,12,22,13,20,2,1,9,8,11],"SA","dd",30,30,30,0.95,10000,141.9106013775,5000,-1,50,0.05,0.1],[0,465,13.3062204872,-17.6937795128,[3,0,15,5,11,14,13,23,23,29,7,17,12,24,1,23,13,1,16,10,29,12,22,13,20,2,1,9,8,11],"SA","dd",30,30,30,0.95,10000,142.28734231,5000,-1,50,0.05,0.1],[0,480,13.3062204872,-17.6937795128,[3,0,15,5,11,14,13,23,23,29,7,17,12,24,1,23,13,1,16,10,29,12,22,13,20,2,1,9,8,11],"SA","dd",30,30,30,0.95,10000,142.0005254745,5000,-1,50,0.05,0.1],[0,495,13.3062204872,-17.6937795128,[3,0,15,5,11,14,13,23,23,29,7,17,12,24,1,23,13,1,16,10,29,12,22,13,20,2,1,9,8,11],"SA","dd",30,30,30,0.95,10000,141.8289186954,5000,-1,50,0.05,0.1],[0,510,13.3062204872,-17.6937795128,[3,0,15,5,11,14,13,23,23,29,7,17,12,24,1,23,13,1,16,10,29,12,22,13,20,2,1,9,8,11],"SA","dd",30,30,30,0.95,10000,142.1443545818,5000,-1,50,0.05,0.1],[0,525,13.3062204872,-17.6937795128,[3,0,15,5,11,14,13,23,23,29,7,17,12,24,1,23,13,1,16,10,29,12,22,13,20,2,1,9,8,11],"SA","dd",30,30,30,0.95,10000,141.9712436199,5000,-1,50,0.05,0.1],[0,540,13.3062204872,-17.6937795128,[3,0,15,5,11,14,13,23,23,29,7,17,12,24,1,23,13,1,16,10,29,12,22,13,20,2,1,9,8,11],"SA","dd",30,30,30,0.95,10000,142.0578453541,5000,-1,50,0.05,0.1],[0,555,13.3062204872,-17.6937795128,[3,0,15,5,11,14,13,23,23,29,7,17,12,24,1,23,13,1,16,10,29,12,22,13,20,2,1,9,8,11],"SA","dd",30,30,30,0.95,10000,141.9474511147,5000,-1,50,0.05,0.1],[0,570,13.3062204872,-17.6937795128,[3,0,15,5,11,14,13,23,23,29,7,17,12,24,1,23,13,1,16,10,29,12,22,13,20,2,1,9,8,11],"SA","dd",30,30,30,0.95,10000,142.0385873318,5000,-1,50,0.05,0.1],[0,585,13.3062204872,-17.6937795128,[3,0,15,5,11,14,13,23,23,29,7,17,12,24,1,23,13,1,16,10,29,12,22,13,20,2,1,9,8,11],"SA","dd",30,30,30,0.95,10000,142.156223774,5000,-1,50,0.05,0.1],[0,600,13.3062204872,-17.6937795128,[3,0,15,5,11,14,13,23,23,29,7,17,12,24,1,23,13,1,16,10,29,12,22,13,20,2,1,9,8,11],"SA","dd",30,30,30,0.95,10000,141.8654005527,5000,-1,50,0.05,0.1],[0,615,13.3062204872,-17.6937795128,[3,0,15,5,11,14,13,23,23,29,7,17,12,24,1,23,13,1,16,10,29,12,22,13,20,2,1,9,8,11],