{"columns":["ite","time","q","scaled_eu","z","solver","attacker","|Q|","|X|","|T|","rho","k","utility_time","RS_iters","mcts_iters","sa_iters","eps","lr"],"index":[0,1,2,3,4,5,6,7,8,9,10,11,12,13,14,15,16,17,18,19,20,21,22,23,24,25,26,27,28,29,30,31,32,33,34,35,36,37,38,39,40,41,42,43,44,45,46,47,48,49,50,51,52,53,54,55,56,57,58,59,60,61,62,63,64,65,66,67,68,69,70,71,72,73,74,75,76,77,78,79],"data":[[8,15,5.3180943322,-25.6819056678,[18,28,17,5,29,0,4,21,17,0,18,23,9,22,21,2,6,5,17,1,15,22,5,19,10,22,19,4,2,26],"SA","dd",30,30,30,0.95,10000,140.5755910873,5000,-1,50,0.05,0.1],[8,30,7.8271416985,-23.1728583015,[13,5,9,15,24,4,28,19,14,20,19,5,28,13,2,23,19,11,10,10,27,9,23,15,24,5,19,27,14,12],"SA","dd",30,30,30,0.95,10000,140.6349976063,5000,-1,50,0.05,0.1],[8,45,7.8271416985,-23.1728583015,[13,5,9,15,24,4,28,19,14,20,19,5,28,13,2,23,19,11,10,10,27,9,23,15,24,5,19,27,14,12],"SA","dd",30,30,30,0.95,10000,141.0629281998,5000,-1,50,0.05,0.1],[8,60,7.8271416985,-23.1728583015,[13,5,9,15,24,4,28,19,14,20,19,5,28,13,2,23,19,11,10,10,27,9,23,15,24,5,19,27,14,12],"SA","dd",30,30,30,0.95,10000,140.7165694237,5000,-1,50,0.05,0.1],[8,75,7.8271416985,-23.1728583015,[13,5,9,15,24,4,28,19,14,20,19,5,28,13,2,23,19,11,10,10,27,9,23,15,24,5,19,27,14,12],"SA","dd",30,30,30,0.95,10000,140.613774538,5000,-1,50,0.05,0.1],[8,90,7.8271416985,-23.1728583015,[13,5,9,15,24,4,28,19,14,20,19,5,28,13,2,23,19,11,10,10,27,9,23,15,24,5,19,27,14,12],"SA","dd",30,30,30,0.95,10000,140.7255556583,5000,-1,50,0.05,0.1],[8,105,7.8271416985,-23.1728583015,[13,5,9,15,24,4,28,19,14,20,19,5,28,13,2,23,19,11,10,10,27,9,23,15,24,5,19,27,14,12],"SA","dd",30,30,30,0.95,10000,140.6648674011,5000,-1,50,0.05,0.1],[8,120,7.8271416985,-23.1728583015,[13,5,9,15,24,4,28,19,14,20,19,5,28,13,2,23,19,11,10,10,27,9,23,15,24,5,19,27,14,12],"SA","dd",30,30,30,0.95,10000,140.9106571674,5000,-1,50,0.05,0.1],[8,135,7.8271416985,-23.1728583015,[13,5,9,15,24,4,28,19,14,20,19,5,28,13,2,23,19,11,10,10,27,9,23,15,24,5,19,27,14,12],"SA","dd",30,30,30,0.95,10000,140.9457981586,5000,-1,50,0.05,0.1],[8,150,7.8271416985,-23.1728583015,[13,5,9,15,24,4,28,19,14,20,19,5,28,13,2,23,19,11,10,10,27,9,23,15,24,5,19,27,14,12],"SA","dd",30,30,30,0.95,10000,140.9824955463,5000,-1,50,0.05,0.1],[8,165,7.8271416985,-23.1728583015,[13,5,9,15,24,4,28,19,14,20,19,5,28,13,2,23,19,11,10,10,27,9,23,15,24,5,19,27,14,12],"SA","dd",30,30,30,0.95,10000,140.5727152824,5000,-1,50,0.05,0.1],[8,180,7.9525240599,-23.0474759401,[26,5,23,18,23,6,19,14,3,14,23,28,13,25,7,13,14,12,27,3,15,25,22,28,19,20,12,22,20,16],"SA","dd",30,30,30,0.95,10000,140.8078174591,5000,-1,50,0.05,0.1],[8,195,7.9525240599,-23.0474759401,[26,5,23,18,23,6,19,14,3,14,23,28,13,25,7,13,14,12,27,3,15,25,22,28,19,20,12,22,20,16],"SA","dd",30,30,30,0.95,10000,141.2940895557,5000,-1,50,0.05,0.1],[8,210,7.9525240599,-23.0474759401,[26,5,23,18,23,6,19,14,3,14,23,28,13,25,7,13,14,12,27,3,15,25,22,28,19,20,12,22,20,16],"SA","dd",30,30,30,0.95,10000,141.3070278168,5000,-1,50,0.05,0.1],[8,225,7.9525240599,-23.0474759401,[26,5,23,18,23,6,19,14,3,14,23,28,13,25,7,13,14,12,27,3,15,25,22,28,19,20,12,22,20,16],"SA","dd",30,30,30,0.95,10000,141.0007481575,5000,-1,50,0.05,0.1],[8,240,7.9525240599,-23.0474759401,[26,5,23,18,23,6,19,14,3,14,23,28,13,25,7,13,14,12,27,3,15,25,22,28,19,20,12,22,20,16],"SA","dd",30,30,30,0.95,10000,141.3763399124,5000,-1,50,0.05,0.1],[8,255,7.9525240599,-23.0474759401,[26,5,23,18,23,6,19,14,3,14,23,28,13,25,7,13,14,12,27,3,15,25,22,28,19,20,12,22,20,16],"SA","dd",30,30,30,0.95,10000,141.3730678558,5000,-1,50,0.05,0.1],[8,270,7.9525240599,-23.0474759401,[26,5,23,18,23,6,19,14,3,14,23,28,13,25,7,13,14,12,27,3,15,25,22,28,19,20,12,22,20,16],"SA","dd",30,30,30,0.95,10000,140.9456448555,5000,-1,50,0.05,0.1],[8,285,7.9525240599,-23.0474759401,[26,5,23,18,23,6,19,14,3,14,23,28,13,25,7,13,14,12,27,3,15,25,22,28,19,20,12,22,20,16],"SA","dd",30,30,30,0.95,10000,141.2012264729,5000,-1,50,0.05,0.1],[8,300,7.9525240599,-23.0474759401,[26,5,23,18,23,6,19,14,3,14,23,28,13,25,7,13,14,12,27,3,15,25,22,28,19,20,12,22,20,16],"SA","dd",30,30,30,0.95,10000,140.9897727966,5000,-1,50,0.05,0.1],[8,315,7.9525240599,-23.0474759401,[26,5,23,18,23,6,19,14,3,14,23,28,13,25,7,13,14,12,27,3,15,25,22,28,19,20,12,22,20,16],"SA","dd",30,30,30,0.95,10000,140.6493778229,5000,-1,50,0.05,0.1],[8,330,7.9525240599,-23.0474759401,[26,5,23,18,23,6,19,14,3,14,23,28,13,25,7,13,14,12,27,3,15,25,22,28,19,20,12,22,20,16],"SA","dd",30,30,30,0.95,10000,140.5776679516,5000,-1,50,0.05,0.1],[8,345,7.9525240599,-23.0474759401,[26,5,23,18,23,6,19,14,3,14,23,28,13,25,7,13,14,12,27,3,15,25,22,28,19,20,12,22,20,16],"SA","dd",30,30,30,0.95,10000,140.9964966774,5000,-1,50,0.05,0.1],[8,360,8.2733180956,-22.7266819044,[29,11,6,22,10,6,15,9,15,11,29,13,22,23,6,21,20,8,23,18,14,0,26,23,9,2,1,24,9,29],"SA","dd",30,30,30,0.95,10000,141.2017314434,5000,-1,50,0.05,0.1],[8,375,8.2733180956,-22.7266819044,[29,11,6,22,10,6,15,9,15,11,29,13,22,23,6,21,20,8,23,18,14,0,26,23,9,2,1,24,9,29],"SA","dd",30,30,30,0.95,10000,140.7868638039,5000,-1,50,0.05,0.1],[8,390,8.2733180956,-22.7266819044,[29,11,6,22,10,6,15,9,15,11,29,13,22,23,6,21,20,8,23,18,14,0,26,23,9,2,1,24,9,29],"SA","dd",30,30,30,0.95,10000,141.2592835426,5000,-1,50,0.05,0.1],[8,405,8.2733180956,-22.7266819044,[29,11,6,22,10,6,15,9,15,11,29,13,22,23,6,21,20,8,23,18,14,0,26,23,9,2,1,24,9,29],"SA","dd",30,30,30,0.95,10000,141.1786615849,5000,-1,50,0.05,0.1],[8,420,8.2733180956,-22.7266819044,[29,11,6,22,10,6,15,9,15,11,29,13,22,23,6,21,20,8,23,18,14,0,26,23,9,2,1,24,9,29],"SA","dd",30,30,30,0.95,10000,141.0073788166,5000,-1,50,0.05,0.1],[8,435,8.2733180956,-22.7266819044,[29,11,6,22,10,6,15,9,15,11,29,13,22,23,6,21,20,8,23,18,14,0,26,23,9,2,1,24,9,29],"SA","dd",30,30,30,0.95,10000,140.9470272064,5000,-1,50,0.05,0.1],[8,450,8.2733180956,-22.7266819044,[29,11,6,22,10,6,15,9,15,11,29,13,22,23,6,21,20,8,23,18,14,0,26,23,9,2,1,24,9,29],"SA","dd",30,30,30,0.95,10000,140.6470503807,5000,-1,50,0.05,0.1],[8,465,8.2733180956,-22.7266819044,[29,11,6,22,10,6,15,9,15,11,29,13,22,23,6,21,20,8,23,18,14,0,26,23,9,2,1,24,9,29],"SA","dd",30,30,30,0.95,10000,140.8365864754,5000,-1,50,0.05,0.1],[8,480,8.2733180956,-22.7266819044,[29,11,6,22,10,6,15,9,15,11,29,13,22,23,6,21,20,8,23,18,14,0,26,23,9,2,1,24,9,29],"SA","dd",30,30,30,0.95,10000,140.571256876,5000,-1,50,0.05,0.1],[8,495,8.2733180956,-22.7266819044,[29,11,6,22,10,6,15,9,15,11,29,13,22,23,6,21,20,8,23,18,14,0,26,23,9,2,1,24,9,29],"SA","dd",30,30,30,0.95,10000,169.0626490116,5000,-1,50,0.05,0.1],[8,510,8.2733180956,-22.7266819044,[29,11,6,22,10,6,15,9,15,11,29,13,22,23,6,21,20,8,23,18,14,0,26,23,9,2,1,24,9,29],"SA","dd",30,30,30,0.95,10000,130.2656502724,5000,-1,50,0.05,0.1],[8,525,8.2733180956,-22.7266819044,[29,11,6,22,10,6,15,9,15,11,29,13,22,23,6,21,20,8,23,18,14,0,26,23,9,2,1,24,9,29],"SA","dd",30,30,30,0.95,10000,129.8574521542,5000,-1,50,0.05,0.1],[8,540,8.2733180956,-22.7266819044,[29,11,6,22,10,6,15,9,15,11,29,13,22,23,6,21,20,8,23,18,14,0,26,23,9,2,1,24,9,29],"SA","dd",30,30,30,0.95,10000,129.9474213123,5000,-1,50,0.05,0.1],[8,555,8.2733180956,-22.7266819044,[29,11,6,22,10,6,15,9,15,11,29,13,22,23,6,21,20,8,23,18,14,0,26,23,9,2,1,24,9,29],"SA","dd",30,30,30,0.95,10000,129.5455095768,5000,-1,50,0.05,0.1],[8,570,8.2733180956,-22.7266819044,[29,11,6,22,10,6,15,9,15,11,29,13,22,23,6,21,20,8,23,18,14,0,26,23,9,2,1,24,9,29],"SA","dd",30,30,30,0.95,10000,129.9821560383,5000,-1,50,0.05,0.1],[8,585,8.2733180956,-22.7266819044,[29,11,6,22,10,6,15,9,15,11,29,13,22,23,6,21,20,8,23,18,14,0,26,23,9,2,1,24,9,29],"SA","dd",30,30,30,0.95,10000,132.4392483234,5000,-1,50,0.05,0.1],[8,600,8.2733180956,-22.7266819044,[29,11,6,22,10,6,15,9,15,11,29,13,22,23,6,21,20,8,23,18,14,0,26,23,9,2,1,24,9,29],"SA","dd",30,30,30,0.95,10000,129.7069926262,5000,-1,50,0.05,0.1],[8,615,8.2733180956,-22.7266819044,[29,11,6,22,10,6,15,9,15,11,29,13,22,23,6,21,20,8,23,18,14,0,26,23,9,2,1,24,9,29],