{"columns":["ite","time","q","scaled_eu","z","solver","attacker","|Q|","|X|","|T|","rho","k","utility_time","RS_iters","mcts_iters","sa_iters","eps","lr"],"index":[0,1,2,3,4,5,6,7,8,9,10,11,12,13,14,15,16,17,18,19,20,21,22,23,24,25,26,27,28,29,30,31,32,33,34,35,36,37,38,39,40,41,42,43,44,45,46,47,48,49,50,51,52,53,54,55,56,57,58,59,60,61,62,63,64,65,66,67,68,69,70,71,72,73,74,75,76,77,78,79],"data":[[3,15,2.1537883794,-28.8462116206,[0,16,13,15,17,22,1,13,21,9,0,28,10,15,20,10,17,5,15,1,2,3,19,25,24,19,25,2,2,25],"SA","dd",30,30,30,0.95,10000,140.4384052753,5000,-1,50,0.05,0.1],[3,30,3.4171772742,-27.5828227258,[17,16,16,22,29,28,16,24,28,25,27,4,7,16,2,20,29,17,23,11,19,13,5,18,5,18,6,9,15,25],"SA","dd",30,30,30,0.95,10000,141.0574057102,5000,-1,50,0.05,0.1],[3,45,3.7843998179,-27.2156001821,[1,0,12,28,28,27,10,7,19,28,12,28,7,3,12,21,24,26,22,11,25,28,0,13,7,25,4,2,24,24],"SA","dd",30,30,30,0.95,10000,140.9427514076,5000,-1,50,0.05,0.1],[3,60,4.1786636446,-26.8213363554,[2,29,18,16,22,24,27,0,7,22,22,24,12,8,26,2,15,9,8,9,18,20,6,25,11,3,16,0,2,29],"SA","dd",30,30,30,0.95,10000,140.8976352215,5000,-1,50,0.05,0.1],[3,75,5.3619118214,-25.6380881786,[12,7,11,9,9,18,26,24,2,7,19,20,29,23,16,13,24,5,2,15,14,28,11,18,9,11,28,15,2,4],"SA","dd",30,30,30,0.95,10000,140.8052663803,5000,-1,50,0.05,0.1],[3,90,5.3619118214,-25.6380881786,[18,25,13,16,2,7,22,0,21,9,28,19,9,24,27,1,4,29,16,18,27,3,22,10,19,2,14,12,21,13],"SA","dd",30,30,30,0.95,10000,140.9387631416,5000,-1,50,0.05,0.1],[3,105,6.3159995964,-24.6840004036,[17,17,18,22,3,23,11,4,23,14,24,7,16,29,6,17,15,28,2,10,0,27,26,2,2,10,5,17,28,5],"SA","dd",30,30,30,0.95,10000,140.8038306236,5000,-1,50,0.05,0.1],[3,120,6.6835706898,-24.3164293102,[27,8,26,27,0,6,0,22,7,10,12,20,21,14,9,24,24,11,17,9,17,15,11,27,8,5,21,13,13,5],"SA","dd",30,30,30,0.95,10000,140.7531573772,5000,-1,50,0.05,0.1],[3,135,6.6835706898,-24.3164293102,[27,8,26,27,0,6,0,22,7,10,12,20,21,14,9,24,24,11,17,9,17,15,11,27,8,5,21,13,13,5],"SA","dd",30,30,30,0.95,10000,140.8219163418,5000,-1,50,0.05,0.1],[3,150,6.6835706898,-24.3164293102,[27,8,26,27,0,6,0,22,7,10,12,20,21,14,9,24,24,11,17,9,17,15,11,27,8,5,21,13,13,5],"SA","dd",30,30,30,0.95,10000,141.0264797211,5000,-1,50,0.05,0.1],[3,165,6.6835706898,-24.3164293102,[27,8,26,27,0,6,0,22,7,10,12,20,21,14,9,24,24,11,17,9,17,15,11,27,8,5,21,13,13,5],"SA","dd",30,30,30,0.95,10000,141.0944912434,5000,-1,50,0.05,0.1],[3,180,6.6835706898,-24.3164293102,[27,8,26,27,0,6,0,22,7,10,12,20,21,14,9,24,24,11,17,9,17,15,11,27,8,5,21,13,13,5],"SA","dd",30,30,30,0.95,10000,140.8723161221,5000,-1,50,0.05,0.1],[3,195,6.6835706898,-24.3164293102,[27,8,26,27,0,6,0,22,7,10,12,20,21,14,9,24,24,11,17,9,17,15,11,27,8,5,21,13,13,5],"SA","dd",30,30,30,0.95,10000,141.1655435562,5000,-1,50,0.05,0.1],[3,210,7.8269116559,-23.1730883441,[14,1,15,17,0,8,17,2,8,27,13,20,14,21,24,10,14,13,2,8,18,15,16,20,15,23,17,11,24,2],"SA","dd",30,30,30,0.95,10000,140.9996337891,5000,-1,50,0.05,0.1],[3,225,7.8269116559,-23.1730883441,[14,1,15,17,0,8,17,2,8,27,13,20,14,21,24,10,14,13,2,8,18,15,16,20,15,23,17,11,24,2],"SA","dd",30,30,30,0.95,10000,141.19845438,5000,-1,50,0.05,0.1],[3,240,7.8269116559,-23.1730883441,[14,1,15,17,0,8,17,2,8,27,13,20,14,21,24,10,14,13,2,8,18,15,16,20,15,23,17,11,24,2],"SA","dd",30,30,30,0.95,10000,141.3202834129,5000,-1,50,0.05,0.1],[3,255,7.8269116559,-23.1730883441,[14,1,15,17,0,8,17,2,8,27,13,20,14,21,24,10,14,13,2,8,18,15,16,20,15,23,17,11,24,2],"SA","dd",30,30,30,0.95,10000,140.9036872387,5000,-1,50,0.05,0.1],[3,270,7.8269116559,-23.1730883441,[14,1,15,17,0,8,17,2,8,27,13,20,14,21,24,10,14,13,2,8,18,15,16,20,15,23,17,11,24,2],"SA","dd",30,30,30,0.95,10000,141.123003006,5000,-1,50,0.05,0.1],[3,285,7.8269116559,-23.1730883441,[14,1,15,17,0,8,17,2,8,27,13,20,14,21,24,10,14,13,2,8,18,15,16,20,15,23,17,11,24,2],"SA","dd",30,30,30,0.95,10000,141.1901576519,5000,-1,50,0.05,0.1],[3,300,7.8269116559,-23.1730883441,[14,1,15,17,0,8,17,2,8,27,13,20,14,21,24,10,14,13,2,8,18,15,16,20,15,23,17,11,24,2],"SA","dd",30,30,30,0.95,10000,141.1403107643,5000,-1,50,0.05,0.1],[3,315,7.8269116559,-23.1730883441,[14,1,15,17,0,8,17,2,8,27,13,20,14,21,24,10,14,13,2,8,18,15,16,20,15,23,17,11,24,2],"SA","dd",30,30,30,0.95,10000,140.5986924171,5000,-1,50,0.05,0.1],[3,330,7.8269116559,-23.1730883441,[14,1,15,17,0,8,17,2,8,27,13,20,14,21,24,10,14,13,2,8,18,15,16,20,15,23,17,11,24,2],"SA","dd",30,30,30,0.95,10000,140.9807343483,5000,-1,50,0.05,0.1],[3,345,7.8269116559,-23.1730883441,[14,1,15,17,0,8,17,2,8,27,13,20,14,21,24,10,14,13,2,8,18,15,16,20,15,23,17,11,24,2],"SA","dd",30,30,30,0.95,10000,140.6373388767,5000,-1,50,0.05,0.1],[3,360,7.8269116559,-23.1730883441,[14,1,15,17,0,8,17,2,8,27,13,20,14,21,24,10,14,13,2,8,18,15,16,20,15,23,17,11,24,2],"SA","dd",30,30,30,0.95,10000,140.71154356,5000,-1,50,0.05,0.1],[3,375,7.8269116559,-23.1730883441,[14,1,15,17,0,8,17,2,8,27,13,20,14,21,24,10,14,13,2,8,18,15,16,20,15,23,17,11,24,2],"SA","dd",30,30,30,0.95,10000,140.6175124645,5000,-1,50,0.05,0.1],[3,390,7.8269116559,-23.1730883441,[14,1,15,17,0,8,17,2,8,27,13,20,14,21,24,10,14,13,2,8,18,15,16,20,15,23,17,11,24,2],"SA","dd",30,30,30,0.95,10000,140.7453858852,5000,-1,50,0.05,0.1],[3,405,7.8269116559,-23.1730883441,[14,1,15,17,0,8,17,2,8,27,13,20,14,21,24,10,14,13,2,8,18,15,16,20,15,23,17,11,24,2],"SA","dd",30,30,30,0.95,10000,140.7168080807,5000,-1,50,0.05,0.1],[3,420,7.8269116559,-23.1730883441,[7,2,9,1,23,29,27,7,2,26,20,15,7,23,23,25,5,10,0,20,2,13,22,8,2,15,13,28,11,12],"SA","dd",30,30,30,0.95,10000,140.6988329887,5000,-1,50,0.05,0.1],[3,435,7.8269116559,-23.1730883441,[7,2,9,1,23,29,27,7,2,26,20,15,7,23,23,25,5,10,0,20,2,13,22,8,2,15,13,28,11,12],"SA","dd",30,30,30,0.95,10000,141.2977275848,5000,-1,50,0.05,0.1],[3,450,7.8269116559,-23.1730883441,[7,2,9,1,23,29,27,7,2,26,20,15,7,23,23,25,5,10,0,20,2,13,22,8,2,15,13,28,11,12],"SA","dd",30,30,30,0.95,10000,141.1601908207,5000,-1,50,0.05,0.1],[3,465,7.8269116559,-23.1730883441,[7,2,9,1,23,29,27,7,2,26,20,15,7,23,23,25,5,10,0,20,2,13,22,8,2,15,13,28,11,12],"SA","dd",30,30,30,0.95,10000,141.1214458942,5000,-1,50,0.05,0.1],[3,480,7.8269116559,-23.1730883441,[7,2,9,1,23,29,27,7,2,26,20,15,7,23,23,25,5,10,0,20,2,13,22,8,2,15,13,28,11,12],"SA","dd",30,30,30,0.95,10000,141.2606594563,5000,-1,50,0.05,0.1],[3,495,7.8269116559,-23.1730883441,[7,2,9,1,23,29,27,7,2,26,20,15,7,23,23,25,5,10,0,20,2,13,22,8,2,15,13,28,11,12],"SA","dd",30,30,30,0.95,10000,141.4966759682,5000,-1,50,0.05,0.1],[3,510,7.8269116559,-23.1730883441,[7,2,9,1,23,29,27,7,2,26,20,15,7,23,23,25,5,10,0,20,2,13,22,8,2,15,13,28,11,12],"SA","dd",30,30,30,0.95,10000,141.0555138588,5000,-1,50,0.05,0.1],[3,525,7.8269116559,-23.1730883441,[7,2,9,1,23,29,27,7,2,26,20,15,7,23,23,25,5,10,0,20,2,13,22,8,2,15,13,28,11,12],"SA","dd",30,30,30,0.95,10000,141.3007581234,5000,-1,50,0.05,0.1],[3,540,7.8269116559,-23.1730883441,[7,2,9,1,23,29,27,7,2,26,20,15,7,23,23,25,5,10,0,20,2,13,22,8,2,15,13,28,11,12],"SA","dd",30,30,30,0.95,10000,141.541965723,5000,-1,50,0.05,0.1],[3,555,7.8269116559,-23.1730883441,[7,2,9,1,23,29,27,7,2,26,20,15,7,23,23,25,5,10,0,20,2,13,22,8,2,15,13,28,11,12],"SA","dd",30,30,30,0.95,10000,141.5381832123,5000,-1,50,0.05,0.1],[3,570,7.8269116559,-23.1730883441,[7,2,9,1,23,29,27,7,2,26,20,15,7,23,23,25,5,10,0,20,2,13,22,8,2,15,13,28,11,12],"SA","dd",30,30,30,0.95,10000,141.3501811028,5000,-1,50,0.05,0.1],[3,585,7.8773976972,-23.1226023028,[4,26,19,17,20,26,5,3,14,6,5,25,10,18,27,1,14,17,4,27,24,11,7,23,27,17,4,22,17,9],"SA","dd",30,30,30,0.95,10000,141.3974204063,5000,-1,50,0.05,0.1],[3,600,7.8773976972,-23.1226023028,[4,26,19,17,20,26,5,3,14,6,5,25,10,18,27,1,14,17,4,27,24,11,7,23,27,17,4,22,17,9],"SA","dd",30,30,30,0.95,10000,141.4160816669,5000,-1,50,0.05,0.1],[3,615,7.8773976972,-23.1226023028,[4,26,19,17,20,26,5,3,14,6,5,25,10,18,27,1,14,17,4,27,24,11,7,23,27,17,4,22,17,9],