{"columns":["ite","time","q","scaled_eu","z","solver","attacker","|Q|","|X|","|T|","rho","k","utility_time","RS_iters","mcts_iters","sa_iters","eps","lr"],"index":[0,1,2,3,4,5,6,7,8,9,10,11,12,13,14,15,16,17,18,19,20,21,22,23,24,25,26,27,28,29,30,31,32,33,34,35,36,37,38,39,40,41,42,43,44,45,46,47,48,49,50,51,52,53,54,55,56,57,58,59,60,61,62,63,64,65,66,67,68,69,70,71,72,73,74,75,76,77,78,79],"data":[[5,15,4.630033394,-26.369966606,[24,20,25,5,13,2,13,6,26,2,7,6,23,19,17,21,5,16,25,19,29,1,14,6,21,14,11,23,24,21],"SA","dd",30,30,30,0.95,10000,142.0889437199,5000,-1,50,0.05,0.1],[5,30,5.4281196932,-25.5718803068,[24,29,25,13,29,5,14,13,3,0,7,27,13,19,14,11,2,18,3,19,20,21,14,24,21,28,5,24,24,0],"SA","dd",30,30,30,0.95,10000,142.1235539913,5000,-1,50,0.05,0.1],[5,45,5.4281196932,-25.5718803068,[24,29,25,13,29,5,14,13,3,0,7,27,13,19,14,11,2,18,3,19,20,21,14,24,21,28,5,24,24,0],"SA","dd",30,30,30,0.95,10000,142.3711879253,5000,-1,50,0.05,0.1],[5,60,5.4281196932,-25.5718803068,[7,29,13,12,14,14,22,17,18,27,6,22,2,22,27,17,10,18,20,13,10,25,13,23,17,23,6,13,11,3],"SA","dd",30,30,30,0.95,10000,142.4892187119,5000,-1,50,0.05,0.1],[5,75,6.5825965999,-24.4174034001,[21,6,12,0,21,7,29,18,5,20,13,21,3,17,20,22,13,9,18,25,20,18,24,23,24,24,21,6,1,3],"SA","dd",30,30,30,0.95,10000,142.1782529354,5000,-1,50,0.05,0.1],[5,90,6.8850474898,-24.1149525102,[3,10,25,9,6,2,8,27,5,14,3,8,8,17,20,4,3,29,29,2,13,22,9,22,24,10,21,2,10,18],"SA","dd",30,30,30,0.95,10000,142.2758436203,5000,-1,50,0.05,0.1],[5,105,6.8850474898,-24.1149525102,[3,10,25,9,6,2,8,27,5,14,3,8,8,17,20,4,3,29,29,2,13,22,9,22,24,10,21,2,10,18],"SA","dd",30,30,30,0.95,10000,142.484582901,5000,-1,50,0.05,0.1],[5,120,6.8850474898,-24.1149525102,[3,10,25,9,6,2,8,27,5,14,3,8,8,17,20,4,3,29,29,2,13,22,9,22,24,10,21,2,10,18],"SA","dd",30,30,30,0.95,10000,142.4907236099,5000,-1,50,0.05,0.1],[5,135,6.8850474898,-24.1149525102,[3,10,25,9,6,2,8,27,5,14,3,8,8,17,20,4,3,29,29,2,13,22,9,22,24,10,21,2,10,18],"SA","dd",30,30,30,0.95,10000,142.3670299053,5000,-1,50,0.05,0.1],[5,150,6.8850474898,-24.1149525102,[3,10,25,9,6,2,8,27,5,14,3,8,8,17,20,4,3,29,29,2,13,22,9,22,24,10,21,2,10,18],"SA","dd",30,30,30,0.95,10000,141.9251072407,5000,-1,50,0.05,0.1],[5,165,6.8850474898,-24.1149525102,[3,10,25,9,6,2,8,27,5,14,3,8,8,17,20,4,3,29,29,2,13,22,9,22,24,10,21,2,10,18],"SA","dd",30,30,30,0.95,10000,142.2007460594,5000,-1,50,0.05,0.1],[5,180,6.8850474898,-24.1149525102,[3,10,25,9,6,2,8,27,5,14,3,8,8,17,20,4,3,29,29,2,13,22,9,22,24,10,21,2,10,18],"SA","dd",30,30,30,0.95,10000,141.7562291622,5000,-1,50,0.05,0.1],[5,195,6.8850474898,-24.1149525102,[3,10,25,9,6,2,8,27,5,14,3,8,8,17,20,4,3,29,29,2,13,22,9,22,24,10,21,2,10,18],"SA","dd",30,30,30,0.95,10000,142.0300447941,5000,-1,50,0.05,0.1],[5,210,6.8850474898,-24.1149525102,[3,10,25,9,6,2,8,27,5,14,3,8,8,17,20,4,3,29,29,2,13,22,9,22,24,10,21,2,10,18],"SA","dd",30,30,30,0.95,10000,142.3386075497,5000,-1,50,0.05,0.1],[5,225,8.8159822245,-22.1840177755,[23,12,12,29,6,29,20,17,23,14,14,26,21,25,17,21,4,10,4,12,25,9,21,18,4,21,1,20,13,8],"SA","dd",30,30,30,0.95,10000,142.1313245296,5000,-1,50,0.05,0.1],[5,240,8.8159822245,-22.1840177755,[23,12,12,29,6,29,20,17,23,14,14,26,21,25,17,21,4,10,4,12,25,9,21,18,4,21,1,20,13,8],"SA","dd",30,30,30,0.95,10000,142.058211565,5000,-1,50,0.05,0.1],[5,255,8.8159822245,-22.1840177755,[0,19,4,4,17,18,20,0,11,4,5,0,1,22,26,14,9,0,19,7,24,25,22,8,16,16,25,1,3,3],"SA","dd",30,30,30,0.95,10000,142.085496664,5000,-1,50,0.05,0.1],[5,270,8.8159822245,-22.1840177755,[0,19,4,4,17,18,20,0,11,4,5,0,1,22,26,14,9,0,19,7,24,25,22,8,16,16,25,1,3,3],"SA","dd",30,30,30,0.95,10000,141.9911637306,5000,-1,50,0.05,0.1],[5,285,8.8159822245,-22.1840177755,[0,19,4,4,17,18,20,0,11,4,5,0,1,22,26,14,9,0,19,7,24,25,22,8,16,16,25,1,3,3],"SA","dd",30,30,30,0.95,10000,142.0417859554,5000,-1,50,0.05,0.1],[5,300,8.8159822245,-22.1840177755,[0,19,4,4,17,18,20,0,11,4,5,0,1,22,26,14,9,0,19,7,24,25,22,8,16,16,25,1,3,3],"SA","dd",30,30,30,0.95,10000,142.0611832142,5000,-1,50,0.05,0.1],[5,315,9.0432884995,-21.9567115005,[19,13,18,8,22,13,19,15,12,0,17,0,15,16,22,0,3,13,23,17,7,6,22,24,21,12,20,21,17,26],"SA","dd",30,30,30,0.95,10000,142.0563519001,5000,-1,50,0.05,0.1],[5,330,9.0432884995,-21.9567115005,[19,13,18,8,22,13,19,15,12,0,17,0,15,16,22,0,3,13,23,17,7,6,22,24,21,12,20,21,17,26],"SA","dd",30,30,30,0.95,10000,141.7802741528,5000,-1,50,0.05,0.1],[5,345,9.0432884995,-21.9567115005,[19,13,18,8,22,13,19,15,12,0,17,0,15,16,22,0,3,13,23,17,7,6,22,24,21,12,20,21,17,26],"SA","dd",30,30,30,0.95,10000,141.9697110653,5000,-1,50,0.05,0.1],[5,360,9.0432884995,-21.9567115005,[19,13,18,8,22,13,19,15,12,0,17,0,15,16,22,0,3,13,23,17,7,6,22,24,21,12,20,21,17,26],"SA","dd",30,30,30,0.95,10000,142.0379245281,5000,-1,50,0.05,0.1],[5,375,9.0432884995,-21.9567115005,[19,13,18,8,22,13,19,15,12,0,17,0,15,16,22,0,3,13,23,17,7,6,22,24,21,12,20,21,17,26],"SA","dd",30,30,30,0.95,10000,141.6485061646,5000,-1,50,0.05,0.1],[5,390,9.0432884995,-21.9567115005,[19,13,18,8,22,13,19,15,12,0,17,0,15,16,22,0,3,13,23,17,7,6,22,24,21,12,20,21,17,26],"SA","dd",30,30,30,0.95,10000,141.5605430603,5000,-1,50,0.05,0.1],[5,405,9.0432884995,-21.9567115005,[19,13,18,8,22,13,19,15,12,0,17,0,15,16,22,0,3,13,23,17,7,6,22,24,21,12,20,21,17,26],"SA","dd",30,30,30,0.95,10000,142.0291712284,5000,-1,50,0.05,0.1],[5,420,9.0432884995,-21.9567115005,[19,13,18,8,22,13,19,15,12,0,17,0,15,16,22,0,3,13,23,17,7,6,22,24,21,12,20,21,17,26],"SA","dd",30,30,30,0.95,10000,138.4499571323,5000,-1,50,0.05,0.1],[5,435,9.0432884995,-21.9567115005,[19,13,18,8,22,13,19,15,12,0,17,0,15,16,22,0,3,13,23,17,7,6,22,24,21,12,20,21,17,26],"SA","dd",30,30,30,0.95,10000,130.7298047543,5000,-1,50,0.05,0.1],[5,450,9.0432884995,-21.9567115005,[19,13,18,8,22,13,19,15,12,0,17,0,15,16,22,0,3,13,23,17,7,6,22,24,21,12,20,21,17,26],"SA","dd",30,30,30,0.95,10000,130.8695471287,5000,-1,50,0.05,0.1],[5,465,9.0432884995,-21.9567115005,[19,13,18,8,22,13,19,15,12,0,17,0,15,16,22,0,3,13,23,17,7,6,22,24,21,12,20,21,17,26],"SA","dd",30,30,30,0.95,10000,130.4823420048,5000,-1,50,0.05,0.1],[5,480,9.0432884995,-21.9567115005,[19,13,18,8,22,13,19,15,12,0,17,0,15,16,22,0,3,13,23,17,7,6,22,24,21,12,20,21,17,26],"SA","dd",30,30,30,0.95,10000,135.3093743324,5000,-1,50,0.05,0.1],[5,495,9.0432884995,-21.9567115005,[19,13,18,8,22,13,19,15,12,0,17,0,15,16,22,0,3,13,23,17,7,6,22,24,21,12,20,21,17,26],"SA","dd",30,30,30,0.95,10000,176.6390542984,5000,-1,50,0.05,0.1],[5,510,9.0432884995,-21.9567115005,[19,13,18,8,22,13,19,15,12,0,17,0,15,16,22,0,3,13,23,17,7,6,22,24,21,12,20,21,17,26],"SA","dd",30,30,30,0.95,10000,141.6455044746,5000,-1,50,0.05,0.1],[5,525,9.0432884995,-21.9567115005,[19,13,18,8,22,13,19,15,12,0,17,0,15,16,22,0,3,13,23,17,7,6,22,24,21,12,20,21,17,26],"SA","dd",30,30,30,0.95,10000,141.7537293434,5000,-1,50,0.05,0.1],[5,540,9.0432884995,-21.9567115005,[19,13,18,8,22,13,19,15,12,0,17,0,15,16,22,0,3,13,23,17,7,6,22,24,21,12,20,21,17,26],"SA","dd",30,30,30,0.95,10000,141.609487772,5000,-1,50,0.05,0.1],[5,555,9.0432884995,-21.9567115005,[19,13,18,8,22,13,19,15,12,0,17,0,15,16,22,0,3,13,23,17,7,6,22,24,21,12,20,21,17,26],"SA","dd",30,30,30,0.95,10000,141.7869095802,5000,-1,50,0.05,0.1],[5,570,9.0432884995,-21.9567115005,[19,13,18,8,22,13,19,15,12,0,17,0,15,16,22,0,3,13,23,17,7,6,22,24,21,12,20,21,17,26],"SA","dd",30,30,30,0.95,10000,141.4686403275,5000,-1,50,0.05,0.1],[5,585,9.0432884995,-21.9567115005,[19,13,18,8,22,13,19,15,12,0,17,0,15,16,22,0,3,13,23,17,7,6,22,24,21,12,20,21,17,26],"SA","dd",30,30,30,0.95,10000,141.7024180889,5000,-1,50,0.05,0.1],[5,600,9.0432884995,-21.9567115005,[19,13,18,8,22,13,19,15,12,0,17,0,15,16,22,0,3,13,23,17,7,6,22,24,21,12,20,21,17,26],"SA","dd",30,30,30,0.95,10000,141.7866561413,5000,-1,50,0.05,0.1],[5,615,9.0432884995,-21.9567115005,[19,13,18,8,22,13,19,15,12,0,17,0,15,16,22,0,3,13,23,17,7,6,22,24,21,12,20,21,17,26],