{"columns":["ite","time","q","scaled_eu","z","solver","attacker","|Q|","|X|","|T|","rho","k","utility_time","RS_iters","mcts_iters","sa_iters","eps","lr"],"index":[0,1,2,3,4,5,6,7,8,9,10,11,12,13,14,15,16,17,18,19,20,21,22,23,24,25,26,27,28,29,30,31,32,33,34,35,36,37,38,39,40,41,42,43,44,45,46,47,48,49,50,51,52,53,54,55,56,57,58,59,60,61,62,63,64,65,66,67,68,69,70,71,72,73,74,75,76,77,78,79],"data":[[1,15,3.5845029399,-27.4154970601,[29,1,3,10,3,14,27,7,5,19,5,24,8,23,16,22,0,27,29,0,23,5,14,16,6,26,5,18,18,11],"SA","dd",30,30,30,0.95,10000,153.3590629101,5000,-1,50,0.05,0.1],[1,30,10.0109778074,-20.9890221926,[0,4,25,17,11,27,15,22,14,8,26,10,20,26,27,26,7,16,11,5,7,23,22,19,7,5,5,3,27,5],"SA","dd",30,30,30,0.95,10000,141.5357968807,5000,-1,50,0.05,0.1],[1,45,10.0109778074,-20.9890221926,[14,4,20,29,9,24,12,1,14,11,21,27,10,19,3,29,1,20,14,20,11,26,22,8,20,29,22,27,12,25],"SA","dd",30,30,30,0.95,10000,141.4941222668,5000,-1,50,0.05,0.1],[1,60,10.0109778074,-20.9890221926,[14,4,20,29,9,24,12,1,14,11,21,27,10,19,3,29,1,20,14,20,11,26,22,8,20,29,22,27,12,25],"SA","dd",30,30,30,0.95,10000,141.4591681957,5000,-1,50,0.05,0.1],[1,75,10.0109778074,-20.9890221926,[14,4,20,29,9,24,12,1,14,11,21,27,10,19,3,29,1,20,14,20,11,26,22,8,20,29,22,27,12,25],"SA","dd",30,30,30,0.95,10000,138.3423461914,5000,-1,50,0.05,0.1],[1,90,10.0109778074,-20.9890221926,[10,2,0,18,23,29,24,1,22,24,7,4,27,4,27,1,6,25,22,17,25,3,22,17,2,3,11,8,21,29],"SA","dd",30,30,30,0.95,10000,141.1939277649,5000,-1,50,0.05,0.1],[1,105,10.0109778074,-20.9890221926,[10,2,0,18,23,29,24,1,22,24,7,4,27,4,27,1,6,25,22,17,25,3,22,17,2,3,11,8,21,29],"SA","dd",30,30,30,0.95,10000,145.6224665642,5000,-1,50,0.05,0.1],[1,120,10.0109778074,-20.9890221926,[10,2,0,18,23,29,24,1,22,24,7,4,27,4,27,1,6,25,22,17,25,3,22,17,2,3,11,8,21,29],"SA","dd",30,30,30,0.95,10000,141.1461834908,5000,-1,50,0.05,0.1],[1,135,10.0109778074,-20.9890221926,[10,2,0,18,23,29,24,1,22,24,7,4,27,4,27,1,6,25,22,17,25,3,22,17,2,3,11,8,21,29],"SA","dd",30,30,30,0.95,10000,141.4516203403,5000,-1,50,0.05,0.1],[1,150,10.0109778074,-20.9890221926,[10,2,0,18,23,29,24,1,22,24,7,4,27,4,27,1,6,25,22,17,25,3,22,17,2,3,11,8,21,29],"SA","dd",30,30,30,0.95,10000,141.3796658516,5000,-1,50,0.05,0.1],[1,165,10.0109778074,-20.9890221926,[10,2,0,18,23,29,24,1,22,24,7,4,27,4,27,1,6,25,22,17,25,3,22,17,2,3,11,8,21,29],"SA","dd",30,30,30,0.95,10000,140.8631873131,5000,-1,50,0.05,0.1],[1,180,10.0109778074,-20.9890221926,[10,2,0,18,23,29,24,1,22,24,7,4,27,4,27,1,6,25,22,17,25,3,22,17,2,3,11,8,21,29],"SA","dd",30,30,30,0.95,10000,141.3421955109,5000,-1,50,0.05,0.1],[1,195,10.0109778074,-20.9890221926,[10,2,0,18,23,29,24,1,22,24,7,4,27,4,27,1,6,25,22,17,25,3,22,17,2,3,11,8,21,29],"SA","dd",30,30,30,0.95,10000,141.0559954643,5000,-1,50,0.05,0.1],[1,210,10.0109778074,-20.9890221926,[10,2,0,18,23,29,24,1,22,24,7,4,27,4,27,1,6,25,22,17,25,3,22,17,2,3,11,8,21,29],"SA","dd",30,30,30,0.95,10000,141.4043264389,5000,-1,50,0.05,0.1],[1,225,10.0109778074,-20.9890221926,[10,2,0,18,23,29,24,1,22,24,7,4,27,4,27,1,6,25,22,17,25,3,22,17,2,3,11,8,21,29],"SA","dd",30,30,30,0.95,10000,141.3308856487,5000,-1,50,0.05,0.1],[1,240,10.0109778074,-20.9890221926,[10,2,0,18,23,29,24,1,22,24,7,4,27,4,27,1,6,25,22,17,25,3,22,17,2,3,11,8,21,29],"SA","dd",30,30,30,0.95,10000,141.0255758762,5000,-1,50,0.05,0.1],[1,255,10.0109778074,-20.9890221926,[10,2,0,18,23,29,24,1,22,24,7,4,27,4,27,1,6,25,22,17,25,3,22,17,2,3,11,8,21,29],"SA","dd",30,30,30,0.95,10000,141.142563343,5000,-1,50,0.05,0.1],[1,270,10.0109778074,-20.9890221926,[10,2,0,18,23,29,24,1,22,24,7,4,27,4,27,1,6,25,22,17,25,3,22,17,2,3,11,8,21,29],"SA","dd",30,30,30,0.95,10000,141.3270747662,5000,-1,50,0.05,0.1],[1,285,10.0109778074,-20.9890221926,[10,2,0,18,23,29,24,1,22,24,7,4,27,4,27,1,6,25,22,17,25,3,22,17,2,3,11,8,21,29],"SA","dd",30,30,30,0.95,10000,141.3544280529,5000,-1,50,0.05,0.1],[1,300,10.0109778074,-20.9890221926,[10,2,0,18,23,29,24,1,22,24,7,4,27,4,27,1,6,25,22,17,25,3,22,17,2,3,11,8,21,29],"SA","dd",30,30,30,0.95,10000,141.0202863216,5000,-1,50,0.05,0.1],[1,315,10.0109778074,-20.9890221926,[10,2,0,18,23,29,24,1,22,24,7,4,27,4,27,1,6,25,22,17,25,3,22,17,2,3,11,8,21,29],"SA","dd",30,30,30,0.95,10000,141.2055363655,5000,-1,50,0.05,0.1],[1,330,10.0109778074,-20.9890221926,[10,2,0,18,23,29,24,1,22,24,7,4,27,4,27,1,6,25,22,17,25,3,22,17,2,3,11,8,21,29],"SA","dd",30,30,30,0.95,10000,140.8947217464,5000,-1,50,0.05,0.1],[1,345,10.0109778074,-20.9890221926,[10,2,0,18,23,29,24,1,22,24,7,4,27,4,27,1,6,25,22,17,25,3,22,17,2,3,11,8,21,29],"SA","dd",30,30,30,0.95,10000,141.2955651283,5000,-1,50,0.05,0.1],[1,360,10.0109778074,-20.9890221926,[10,2,0,18,23,29,24,1,22,24,7,4,27,4,27,1,6,25,22,17,25,3,22,17,2,3,11,8,21,29],"SA","dd",30,30,30,0.95,10000,140.8201186657,5000,-1,50,0.05,0.1],[1,375,10.0109778074,-20.9890221926,[10,2,0,18,23,29,24,1,22,24,7,4,27,4,27,1,6,25,22,17,25,3,22,17,2,3,11,8,21,29],"SA","dd",30,30,30,0.95,10000,141.3051211834,5000,-1,50,0.05,0.1],[1,390,10.0109778074,-20.9890221926,[10,2,0,18,23,29,24,1,22,24,7,4,27,4,27,1,6,25,22,17,25,3,22,17,2,3,11,8,21,29],"SA","dd",30,30,30,0.95,10000,140.9459991455,5000,-1,50,0.05,0.1],[1,405,10.0109778074,-20.9890221926,[10,2,0,18,23,29,24,1,22,24,7,4,27,4,27,1,6,25,22,17,25,3,22,17,2,3,11,8,21,29],"SA","dd",30,30,30,0.95,10000,140.7674503326,5000,-1,50,0.05,0.1],[1,420,10.0109778074,-20.9890221926,[10,2,0,18,23,29,24,1,22,24,7,4,27,4,27,1,6,25,22,17,25,3,22,17,2,3,11,8,21,29],"SA","dd",30,30,30,0.95,10000,141.6238827705,5000,-1,50,0.05,0.1],[1,435,10.0109778074,-20.9890221926,[10,2,0,18,23,29,24,1,22,24,7,4,27,4,27,1,6,25,22,17,25,3,22,17,2,3,11,8,21,29],"SA","dd",30,30,30,0.95,10000,141.6018481255,5000,-1,50,0.05,0.1],[1,450,10.0109778074,-20.9890221926,[10,2,0,18,23,29,24,1,22,24,7,4,27,4,27,1,6,25,22,17,25,3,22,17,2,3,11,8,21,29],"SA","dd",30,30,30,0.95,10000,142.0271573067,5000,-1,50,0.05,0.1],[1,465,10.0109778074,-20.9890221926,[10,2,0,18,23,29,24,1,22,24,7,4,27,4,27,1,6,25,22,17,25,3,22,17,2,3,11,8,21,29],"SA","dd",30,30,30,0.95,10000,141.8643736839,5000,-1,50,0.05,0.1],[1,480,10.0109778074,-20.9890221926,[10,2,0,18,23,29,24,1,22,24,7,4,27,4,27,1,6,25,22,17,25,3,22,17,2,3,11,8,21,29],"SA","dd",30,30,30,0.95,10000,141.748231411,5000,-1,50,0.05,0.1],[1,495,10.0109778074,-20.9890221926,[10,2,0,18,23,29,24,1,22,24,7,4,27,4,27,1,6,25,22,17,25,3,22,17,2,3,11,8,21,29],"SA","dd",30,30,30,0.95,10000,141.7946717739,5000,-1,50,0.05,0.1],[1,510,10.0109778074,-20.9890221926,[10,2,0,18,23,29,24,1,22,24,7,4,27,4,27,1,6,25,22,17,25,3,22,17,2,3,11,8,21,29],"SA","dd",30,30,30,0.95,10000,141.8749718666,5000,-1,50,0.05,0.1],[1,525,10.0109778074,-20.9890221926,[10,2,0,18,23,29,24,1,22,24,7,4,27,4,27,1,6,25,22,17,25,3,22,17,2,3,11,8,21,29],"SA","dd",30,30,30,0.95,10000,141.5989582539,5000,-1,50,0.05,0.1],[1,540,10.0109778074,-20.9890221926,[10,2,0,18,23,29,24,1,22,24,7,4,27,4,27,1,6,25,22,17,25,3,22,17,2,3,11,8,21,29],"SA","dd",30,30,30,0.95,10000,141.5822994709,5000,-1,50,0.05,0.1],[1,555,10.0109778074,-20.9890221926,[10,2,0,18,23,29,24,1,22,24,7,4,27,4,27,1,6,25,22,17,25,3,22,17,2,3,11,8,21,29],"SA","dd",30,30,30,0.95,10000,141.9888496399,5000,-1,50,0.05,0.1],[1,570,10.0109778074,-20.9890221926,[10,2,0,18,23,29,24,1,22,24,7,4,27,4,27,1,6,25,22,17,25,3,22,17,2,3,11,8,21,29],"SA","dd",30,30,30,0.95,10000,141.9300587177,5000,-1,50,0.05,0.1],[1,585,10.0109778074,-20.9890221926,[10,2,0,18,23,29,24,1,22,24,7,4,27,4,27,1,6,25,22,17,25,3,22,17,2,3,11,8,21,29],"SA","dd",30,30,30,0.95,10000,142.0247285366,5000,-1,50,0.05,0.1],[1,600,10.0109778074,-20.9890221926,[10,2,0,18,23,29,24,1,22,24,7,4,27,4,27,1,6,25,22,17,25,3,22,17,2,3,11,8,21,29],"SA","dd",30,30,30,0.95,10000,141.6121320724,5000,-1,50,0.05,0.1],[1,615,10.0109778074,-20.9890221926,[10,2,0,18,23,29,24,1,22,24,7,4,27,4,27,1,6,25,22,17,25,3,22,17,2,3,11,8,21,29],"SA","dd",30,30,30,0.95,10000,141.9473323822,5000,-1,50,0.05,0.1],[1,630,10.0109778074,-20.9890221926,[10,2,0,18,23,29,24,1,22,24,7,4,27,4,27,1,6,25,22,17,25,3,22,17,2,3,11,8,21,29],