{"columns":["ite","time","q","scaled_eu","z","solver","attacker","|Q|","|X|","|T|","rho","k","utility_time","RS_iters","mcts_iters","sa_iters","eps","lr"],"index":[0,1,2,3,4,5,6,7,8,9,10,11,12,13,14,15,16,17,18,19,20,21,22,23,24,25,26,27,28,29,30,31,32,33,34,35,36,37,38,39,40,41,42,43,44,45,46,47,48,49,50,51,52,53,54,55,56,57,58,59,60,61,62,63,64,65,66,67,68,69,70,71,72,73,74,75,76,77,78,79],"data":[[7,15,5.8575757475,-25.1424242525,[4,26,21,8,3,24,25,13,29,8,21,28,10,22,1,11,23,20,5,20,20,28,20,2,1,22,18,29,16,24],"SA","dd",30,30,30,0.95,10000,130.3087096214,5000,-1,50,0.05,0.1],[7,30,7.8802870018,-23.1197129982,[10,1,4,29,5,24,15,13,26,9,7,14,16,19,18,18,1,14,25,27,29,23,20,18,3,0,2,22,24,2],"SA","dd",30,30,30,0.95,10000,130.7238965034,5000,-1,50,0.05,0.1],[7,45,7.8802870018,-23.1197129982,[10,1,4,29,5,24,15,13,26,9,7,14,16,19,18,18,1,14,25,27,29,23,20,18,3,0,2,22,24,2],"SA","dd",30,30,30,0.95,10000,130.5414357185,5000,-1,50,0.05,0.1],[7,60,7.8802870018,-23.1197129982,[10,1,4,29,5,24,15,13,26,9,7,14,16,19,18,18,1,14,25,27,29,23,20,18,3,0,2,22,24,2],"SA","dd",30,30,30,0.95,10000,130.6310396194,5000,-1,50,0.05,0.1],[7,75,7.8802870018,-23.1197129982,[10,1,4,29,5,24,15,13,26,9,7,14,16,19,18,18,1,14,25,27,29,23,20,18,3,0,2,22,24,2],"SA","dd",30,30,30,0.95,10000,130.6322007179,5000,-1,50,0.05,0.1],[7,90,7.8802870018,-23.1197129982,[7,15,7,2,23,17,15,24,0,27,7,6,22,1,25,25,23,3,28,27,15,12,10,22,11,16,14,24,16,25],"SA","dd",30,30,30,0.95,10000,132.5302083492,5000,-1,50,0.05,0.1],[7,105,7.8802870018,-23.1197129982,[14,5,20,2,4,25,14,9,26,22,8,12,18,5,16,3,0,1,24,10,14,14,22,20,27,9,18,16,4,26],"SA","dd",30,30,30,0.95,10000,191.9445047379,5000,-1,50,0.05,0.1],[7,120,7.8802870018,-23.1197129982,[14,5,20,2,4,25,14,9,26,22,8,12,18,5,16,3,0,1,24,10,14,14,22,20,27,9,18,16,4,26],"SA","dd",30,30,30,0.95,10000,130.3142037392,5000,-1,50,0.05,0.1],[7,135,8.0855236353,-22.9144763647,[10,6,13,14,2,6,15,9,15,26,0,8,19,3,27,28,1,24,23,15,20,9,9,21,3,6,2,20,10,6],"SA","dd",30,30,30,0.95,10000,130.2279214859,5000,-1,50,0.05,0.1],[7,150,8.0855236353,-22.9144763647,[10,6,13,14,2,6,15,9,15,26,0,8,19,3,27,28,1,24,23,15,20,9,9,21,3,6,2,20,10,6],"SA","dd",30,30,30,0.95,10000,148.6905579567,5000,-1,50,0.05,0.1],[7,165,8.0855236353,-22.9144763647,[10,6,13,14,2,6,15,9,15,26,0,8,19,3,27,28,1,24,23,15,20,9,9,21,3,6,2,20,10,6],"SA","dd",30,30,30,0.95,10000,181.5968587399,5000,-1,50,0.05,0.1],[7,180,8.0855236353,-22.9144763647,[10,6,13,14,2,6,15,9,15,26,0,8,19,3,27,28,1,24,23,15,20,9,9,21,3,6,2,20,10,6],"SA","dd",30,30,30,0.95,10000,132.7834331989,5000,-1,50,0.05,0.1],[7,195,8.0855236353,-22.9144763647,[10,6,13,14,2,6,15,9,15,26,0,8,19,3,27,28,1,24,23,15,20,9,9,21,3,6,2,20,10,6],"SA","dd",30,30,30,0.95,10000,130.685823679,5000,-1,50,0.05,0.1],[7,210,9.1637821645,-21.8362178355,[4,6,18,20,4,19,19,19,14,24,14,26,17,14,21,1,24,20,21,3,13,21,17,16,25,23,10,28,4,20],"SA","dd",30,30,30,0.95,10000,130.8827860355,5000,-1,50,0.05,0.1],[7,225,9.1637821645,-21.8362178355,[4,6,18,20,4,19,19,19,14,24,14,26,17,14,21,1,24,20,21,3,13,21,17,16,25,23,10,28,4,20],"SA","dd",30,30,30,0.95,10000,130.5437326431,5000,-1,50,0.05,0.1],[7,240,9.1637821645,-21.8362178355,[4,6,18,20,4,19,19,19,14,24,14,26,17,14,21,1,24,20,21,3,13,21,17,16,25,23,10,28,4,20],"SA","dd",30,30,30,0.95,10000,144.7754940987,5000,-1,50,0.05,0.1],[7,255,9.1637821645,-21.8362178355,[4,6,18,20,4,19,19,19,14,24,14,26,17,14,21,1,24,20,21,3,13,21,17,16,25,23,10,28,4,20],"SA","dd",30,30,30,0.95,10000,145.6949141026,5000,-1,50,0.05,0.1],[7,270,9.1637821645,-21.8362178355,[4,6,18,20,4,19,19,19,14,24,14,26,17,14,21,1,24,20,21,3,13,21,17,16,25,23,10,28,4,20],"SA","dd",30,30,30,0.95,10000,130.646394968,5000,-1,50,0.05,0.1],[7,285,9.1637821645,-21.8362178355,[4,6,18,20,4,19,19,19,14,24,14,26,17,14,21,1,24,20,21,3,13,21,17,16,25,23,10,28,4,20],"SA","dd",30,30,30,0.95,10000,130.3843157291,5000,-1,50,0.05,0.1],[7,300,9.1637821645,-21.8362178355,[4,6,18,20,4,19,19,19,14,24,14,26,17,14,21,1,24,20,21,3,13,21,17,16,25,23,10,28,4,20],"SA","dd",30,30,30,0.95,10000,130.7266175747,5000,-1,50,0.05,0.1],[7,315,9.1637821645,-21.8362178355,[4,6,18,20,4,19,19,19,14,24,14,26,17,14,21,1,24,20,21,3,13,21,17,16,25,23,10,28,4,20],"SA","dd",30,30,30,0.95,10000,130.6741578579,5000,-1,50,0.05,0.1],[7,330,9.1637821645,-21.8362178355,[4,6,18,20,4,19,19,19,14,24,14,26,17,14,21,1,24,20,21,3,13,21,17,16,25,23,10,28,4,20],"SA","dd",30,30,30,0.95,10000,143.3739051819,5000,-1,50,0.05,0.1],[7,345,9.1637821645,-21.8362178355,[4,6,18,20,4,19,19,19,14,24,14,26,17,14,21,1,24,20,21,3,13,21,17,16,25,23,10,28,4,20],"SA","dd",30,30,30,0.95,10000,130.7075545788,5000,-1,50,0.05,0.1],[7,360,9.1637821645,-21.8362178355,[4,6,18,20,4,19,19,19,14,24,14,26,17,14,21,1,24,20,21,3,13,21,17,16,25,23,10,28,4,20],"SA","dd",30,30,30,0.95,10000,130.5118098259,5000,-1,50,0.05,0.1],[7,375,9.1637821645,-21.8362178355,[4,6,18,20,4,19,19,19,14,24,14,26,17,14,21,1,24,20,21,3,13,21,17,16,25,23,10,28,4,20],"SA","dd",30,30,30,0.95,10000,130.4816699028,5000,-1,50,0.05,0.1],[7,390,9.8644873311,-21.1355126689,[5,6,6,6,16,29,11,0,16,25,23,0,18,23,21,24,12,2,6,1,5,7,9,13,26,18,5,2,11,1],"SA","dd",30,30,30,0.95,10000,130.5618546009,5000,-1,50,0.05,0.1],[7,405,9.8644873311,-21.1355126689,[5,6,6,6,16,29,11,0,16,25,23,0,18,23,21,24,12,2,6,1,5,7,9,13,26,18,5,2,11,1],"SA","dd",30,30,30,0.95,10000,130.523629427,5000,-1,50,0.05,0.1],[7,420,9.8644873311,-21.1355126689,[5,6,6,6,16,29,11,0,16,25,23,0,18,23,21,24,12,2,6,1,5,7,9,13,26,18,5,2,11,1],"SA","dd",30,30,30,0.95,10000,130.3694367409,5000,-1,50,0.05,0.1],[7,435,9.8644873311,-21.1355126689,[5,6,6,6,16,29,11,0,16,25,23,0,18,23,21,24,12,2,6,1,5,7,9,13,26,18,5,2,11,1],"SA","dd",30,30,30,0.95,10000,130.6043894291,5000,-1,50,0.05,0.1],[7,450,9.8644873311,-21.1355126689,[5,6,6,6,16,29,11,0,16,25,23,0,18,23,21,24,12,2,6,1,5,7,9,13,26,18,5,2,11,1],"SA","dd",30,30,30,0.95,10000,131.0016174316,5000,-1,50,0.05,0.1],[7,465,9.8644873311,-21.1355126689,[5,6,6,6,16,29,11,0,16,25,23,0,18,23,21,24,12,2,6,1,5,7,9,13,26,18,5,2,11,1],"SA","dd",30,30,30,0.95,10000,131.0818960667,5000,-1,50,0.05,0.1],[7,480,9.8644873311,-21.1355126689,[5,6,6,6,16,29,11,0,16,25,23,0,18,23,21,24,12,2,6,1,5,7,9,13,26,18,5,2,11,1],"SA","dd",30,30,30,0.95,10000,130.7271718979,5000,-1,50,0.05,0.1],[7,495,9.8644873311,-21.1355126689,[5,6,6,6,16,29,11,0,16,25,23,0,18,23,21,24,12,2,6,1,5,7,9,13,26,18,5,2,11,1],"SA","dd",30,30,30,0.95,10000,130.482363224,5000,-1,50,0.05,0.1],[7,510,9.8644873311,-21.1355126689,[5,6,6,6,16,29,11,0,16,25,23,0,18,23,21,24,12,2,6,1,5,7,9,13,26,18,5,2,11,1],"SA","dd",30,30,30,0.95,10000,130.6601397991,5000,-1,50,0.05,0.1],[7,525,9.8644873311,-21.1355126689,[5,6,6,6,16,29,11,0,16,25,23,0,18,23,21,24,12,2,6,1,5,7,9,13,26,18,5,2,11,1],"SA","dd",30,30,30,0.95,10000,131.2788124084,5000,-1,50,0.05,0.1],[7,540,9.8644873311,-21.1355126689,[5,6,6,6,16,29,11,0,16,25,23,0,18,23,21,24,12,2,6,1,5,7,9,13,26,18,5,2,11,1],"SA","dd",30,30,30,0.95,10000,131.1860332489,5000,-1,50,0.05,0.1],[7,555,9.8644873311,-21.1355126689,[5,6,6,6,16,29,11,0,16,25,23,0,18,23,21,24,12,2,6,1,5,7,9,13,26,18,5,2,11,1],"SA","dd",30,30,30,0.95,10000,131.2343630791,5000,-1,50,0.05,0.1],[7,570,9.8644873311,-21.1355126689,[5,6,6,6,16,29,11,0,16,25,23,0,18,23,21,24,12,2,6,1,5,7,9,13,26,18,5,2,11,1],"SA","dd",30,30,30,0.95,10000,131.0715281963,5000,-1,50,0.05,0.1],[7,585,9.8644873311,-21.1355126689,[5,6,6,6,16,29,11,0,16,25,23,0,18,23,21,24,12,2,6,1,5,7,9,13,26,18,5,2,11,1],"SA","dd",30,30,30,0.95,10000,131.1679770947,5000,-1,50,0.05,0.1],[7,600,9.8644873311,-21.1355126689,[5,6,6,6,16,29,11,0,16,25,23,0,18,23,21,24,12,2,6,1,5,7,9,13,26,18,5,2,11,1],"SA","dd",30,30,30,0.95,10000,131.0410730839,5000,-1,50,0.05,0.1],[7,615,9.8644873311,-21.1355126689,[5,6,6,6,16,29,11,0,16,25,23,0,18,23,21,24,12,2,6,1,5,7,9,13,26,18,5,2,11,1],"SA","dd",30,30,30,0.95,10000,131.2131245136,5000,-1,50,0.05,0.1],[7,630,9.8644873311,-21.1355126689,[5,6,6,6,16,29,11,0,16,25,23,0,18,23,21,24,12,2,6,1,5,7,9,13,26,18,5,2,11,1],