{"columns":["ite","time","q","scaled_eu","z","solver","attacker","|Q|","|X|","|T|","rho","k","utility_time","RS_iters","mcts_iters","sa_iters","eps","lr"],"index":[0,1,2,3,4,5,6,7,8,9,10,11,12,13,14,15,16,17,18,19,20,21,22,23,24,25,26,27,28,29,30,31,32,33,34,35,36,37,38,39,40,41,42,43,44,45,46,47,48,49,50,51,52,53,54,55,56,57,58,59,60,61,62,63,64,65,66,67,68,69,70,71,72,73,74,75,76,77,78,79],"data":[[2,15,4.2762054458,-26.7237945542,[5,25,10,5,5,1,20,7,10,10,21,16,24,10,26,20,23,3,2,13,5,26,1,9,22,16,27,4,3,17],"SA","dd",30,30,30,0.95,10000,143.3470766544,5000,-1,50,0.05,0.1],[2,30,5.2358839312,-25.7641160688,[28,28,9,12,23,23,4,18,14,10,3,23,19,28,14,0,19,10,1,28,14,22,6,21,16,16,26,3,28,26],"SA","dd",30,30,30,0.95,10000,143.5472948551,5000,-1,50,0.05,0.1],[2,45,8.253857296,-22.746142704,[11,28,13,19,13,8,18,26,26,10,3,23,16,18,0,10,22,10,26,7,0,10,22,22,4,15,11,28,3,22],"SA","dd",30,30,30,0.95,10000,143.6604082584,5000,-1,50,0.05,0.1],[2,60,8.253857296,-22.746142704,[2,9,27,23,19,22,19,12,19,7,6,28,22,3,8,9,9,16,13,17,29,13,22,21,0,3,3,1,12,21],"SA","dd",30,30,30,0.95,10000,143.5885651112,5000,-1,50,0.05,0.1],[2,75,8.253857296,-22.746142704,[2,9,27,23,19,22,19,12,19,7,6,28,22,3,8,9,9,16,13,17,29,13,22,21,0,3,3,1,12,21],"SA","dd",30,30,30,0.95,10000,143.566617012,5000,-1,50,0.05,0.1],[2,90,8.253857296,-22.746142704,[2,9,27,23,19,22,19,12,19,7,6,28,22,3,8,9,9,16,13,17,29,13,22,21,0,3,3,1,12,21],"SA","dd",30,30,30,0.95,10000,143.5509574413,5000,-1,50,0.05,0.1],[2,105,8.253857296,-22.746142704,[2,9,27,23,19,22,19,12,19,7,6,28,22,3,8,9,9,16,13,17,29,13,22,21,0,3,3,1,12,21],"SA","dd",30,30,30,0.95,10000,143.5182988644,5000,-1,50,0.05,0.1],[2,120,9.5744143209,-21.4255856791,[7,0,3,2,7,2,29,22,7,9,29,23,29,14,17,12,25,1,22,11,23,25,9,23,20,18,27,27,0,25],"SA","dd",30,30,30,0.95,10000,143.2567031384,5000,-1,50,0.05,0.1],[2,135,9.5744143209,-21.4255856791,[7,0,3,2,7,2,29,22,7,9,29,23,29,14,17,12,25,1,22,11,23,25,9,23,20,18,27,27,0,25],"SA","dd",30,30,30,0.95,10000,143.4092059135,5000,-1,50,0.05,0.1],[2,150,9.5744143209,-21.4255856791,[7,0,3,2,7,2,29,22,7,9,29,23,29,14,17,12,25,1,22,11,23,25,9,23,20,18,27,27,0,25],"SA","dd",30,30,30,0.95,10000,143.122543335,5000,-1,50,0.05,0.1],[2,165,9.5744143209,-21.4255856791,[7,0,3,2,7,2,29,22,7,9,29,23,29,14,17,12,25,1,22,11,23,25,9,23,20,18,27,27,0,25],"SA","dd",30,30,30,0.95,10000,143.1662933826,5000,-1,50,0.05,0.1],[2,180,9.5744143209,-21.4255856791,[17,12,19,26,25,2,20,20,17,3,22,22,14,22,6,15,12,5,23,4,8,25,22,20,3,1,11,0,17,20],"SA","dd",30,30,30,0.95,10000,143.017847538,5000,-1,50,0.05,0.1],[2,195,9.5744143209,-21.4255856791,[17,12,19,26,25,2,20,20,17,3,22,22,14,22,6,15,12,5,23,4,8,25,22,20,3,1,11,0,17,20],"SA","dd",30,30,30,0.95,10000,143.224116087,5000,-1,50,0.05,0.1],[2,210,9.5744143209,-21.4255856791,[17,12,19,26,25,2,20,20,17,3,22,22,14,22,6,15,12,5,23,4,8,25,22,20,3,1,11,0,17,20],"SA","dd",30,30,30,0.95,10000,143.2159762383,5000,-1,50,0.05,0.1],[2,225,11.5261796525,-19.4738203475,[21,3,24,13,18,3,21,10,11,26,13,21,6,11,12,25,2,28,10,10,3,10,22,0,20,3,1,20,26,0],"SA","dd",30,30,30,0.95,10000,148.0817582607,5000,-1,50,0.05,0.1],[2,240,11.5261796525,-19.4738203475,[21,3,24,13,18,3,21,10,11,26,13,21,6,11,12,25,2,28,10,10,3,10,22,0,20,3,1,20,26,0],"SA","dd",30,30,30,0.95,10000,143.4760456085,5000,-1,50,0.05,0.1],[2,255,11.5261796525,-19.4738203475,[21,3,24,13,18,3,21,10,11,26,13,21,6,11,12,25,2,28,10,10,3,10,22,0,20,3,1,20,26,0],"SA","dd",30,30,30,0.95,10000,143.3556697369,5000,-1,50,0.05,0.1],[2,270,11.5261796525,-19.4738203475,[21,3,24,13,18,3,21,10,11,26,13,21,6,11,12,25,2,28,10,10,3,10,22,0,20,3,1,20,26,0],"SA","dd",30,30,30,0.95,10000,143.6147124767,5000,-1,50,0.05,0.1],[2,285,11.5261796525,-19.4738203475,[21,3,24,13,18,3,21,10,11,26,13,21,6,11,12,25,2,28,10,10,3,10,22,0,20,3,1,20,26,0],"SA","dd",30,30,30,0.95,10000,143.2003793716,5000,-1,50,0.05,0.1],[2,300,11.5261796525,-19.4738203475,[21,3,24,13,18,3,21,10,11,26,13,21,6,11,12,25,2,28,10,10,3,10,22,0,20,3,1,20,26,0],"SA","dd",30,30,30,0.95,10000,143.2497992516,5000,-1,50,0.05,0.1],[2,315,11.5261796525,-19.4738203475,[21,3,24,13,18,3,21,10,11,26,13,21,6,11,12,25,2,28,10,10,3,10,22,0,20,3,1,20,26,0],"SA","dd",30,30,30,0.95,10000,143.1086375713,5000,-1,50,0.05,0.1],[2,330,11.5261796525,-19.4738203475,[21,3,24,13,18,3,21,10,11,26,13,21,6,11,12,25,2,28,10,10,3,10,22,0,20,3,1,20,26,0],"SA","dd",30,30,30,0.95,10000,143.2881696224,5000,-1,50,0.05,0.1],[2,345,11.5261796525,-19.4738203475,[21,3,24,13,18,3,21,10,11,26,13,21,6,11,12,25,2,28,10,10,3,10,22,0,20,3,1,20,26,0],"SA","dd",30,30,30,0.95,10000,142.8538327217,5000,-1,50,0.05,0.1],[2,360,11.5261796525,-19.4738203475,[21,3,24,13,18,3,21,10,11,26,13,21,6,11,12,25,2,28,10,10,3,10,22,0,20,3,1,20,26,0],"SA","dd",30,30,30,0.95,10000,142.913870573,5000,-1,50,0.05,0.1],[2,375,11.5261796525,-19.4738203475,[21,3,24,13,18,3,21,10,11,26,13,21,6,11,12,25,2,28,10,10,3,10,22,0,20,3,1,20,26,0],"SA","dd",30,30,30,0.95,10000,142.7173016071,5000,-1,50,0.05,0.1],[2,390,11.5261796525,-19.4738203475,[21,3,24,13,18,3,21,10,11,26,13,21,6,11,12,25,2,28,10,10,3,10,22,0,20,3,1,20,26,0],"SA","dd",30,30,30,0.95,10000,142.7792434692,5000,-1,50,0.05,0.1],[2,405,11.5261796525,-19.4738203475,[21,3,24,13,18,3,21,10,11,26,13,21,6,11,12,25,2,28,10,10,3,10,22,0,20,3,1,20,26,0],"SA","dd",30,30,30,0.95,10000,142.3893332481,5000,-1,50,0.05,0.1],[2,420,11.5261796525,-19.4738203475,[21,3,24,13,18,3,21,10,11,26,13,21,6,11,12,25,2,28,10,10,3,10,22,0,20,3,1,20,26,0],"SA","dd",30,30,30,0.95,10000,142.4026429653,5000,-1,50,0.05,0.1],[2,435,11.5261796525,-19.4738203475,[21,3,24,13,18,3,21,10,11,26,13,21,6,11,12,25,2,28,10,10,3,10,22,0,20,3,1,20,26,0],"SA","dd",30,30,30,0.95,10000,141.7381939888,5000,-1,50,0.05,0.1],[2,450,11.5261796525,-19.4738203475,[21,3,24,13,18,3,21,10,11,26,13,21,6,11,12,25,2,28,10,10,3,10,22,0,20,3,1,20,26,0],"SA","dd",30,30,30,0.95,10000,141.8445565701,5000,-1,50,0.05,0.1],[2,465,11.5261796525,-19.4738203475,[21,3,24,13,18,3,21,10,11,26,13,21,6,11,12,25,2,28,10,10,3,10,22,0,20,3,1,20,26,0],"SA","dd",30,30,30,0.95,10000,142.3601248264,5000,-1,50,0.05,0.1],[2,480,11.5261796525,-19.4738203475,[21,3,24,13,18,3,21,10,11,26,13,21,6,11,12,25,2,28,10,10,3,10,22,0,20,3,1,20,26,0],"SA","dd",30,30,30,0.95,10000,142.2457952499,5000,-1,50,0.05,0.1],[2,495,11.5261796525,-19.4738203475,[21,3,24,13,18,3,21,10,11,26,13,21,6,11,12,25,2,28,10,10,3,10,22,0,20,3,1,20,26,0],"SA","dd",30,30,30,0.95,10000,141.996809721,5000,-1,50,0.05,0.1],[2,510,11.5261796525,-19.4738203475,[21,3,24,13,18,3,21,10,11,26,13,21,6,11,12,25,2,28,10,10,3,10,22,0,20,3,1,20,26,0],"SA","dd",30,30,30,0.95,10000,141.8053812981,5000,-1,50,0.05,0.1],[2,525,11.5261796525,-19.4738203475,[21,3,24,13,18,3,21,10,11,26,13,21,6,11,12,25,2,28,10,10,3,10,22,0,20,3,1,20,26,0],"SA","dd",30,30,30,0.95,10000,142.028482914,5000,-1,50,0.05,0.1],[2,540,11.5261796525,-19.4738203475,[21,3,24,13,18,3,21,10,11,26,13,21,6,11,12,25,2,28,10,10,3,10,22,0,20,3,1,20,26,0],"SA","dd",30,30,30,0.95,10000,141.9009516239,5000,-1,50,0.05,0.1],[2,555,11.5261796525,-19.4738203475,[21,3,24,13,18,3,21,10,11,26,13,21,6,11,12,25,2,28,10,10,3,10,22,0,20,3,1,20,26,0],"SA","dd",30,30,30,0.95,10000,141.8664448261,5000,-1,50,0.05,0.1],[2,570,11.5261796525,-19.4738203475,[21,3,24,13,18,3,21,10,11,26,13,21,6,11,12,25,2,28,10,10,3,10,22,0,20,3,1,20,26,0],"SA","dd",30,30,30,0.95,10000,142.2096652985,5000,-1,50,0.05,0.1],[2,585,11.5261796525,-19.4738203475,[21,3,24,13,18,3,21,10,11,26,13,21,6,11,12,25,2,28,10,10,3,10,22,0,20,3,1,20,26,0],"SA","dd",30,30,30,0.95,10000,141.6572377682,5000,-1,50,0.05,0.1],[2,600,11.5261796525,-19.4738203475,[21,3,24,13,18,3,21,10,11,26,13,21,6,11,12,25,2,28,10,10,3,10,22,0,20,3,1,20,26,0],"SA","dd",30,30,30,0.95,10000,141.8682191372,5000,-1,50,0.05,0.1],[2,615,11.5261796525,-19.4738203475,[21,3,24,13,18,3,21,10,11,26,13,21,6,11,12,25,2,28,10,10,3,10,22,0,20,3,1,20,26,0],