{"columns":["ite","time","q","scaled_eu","z","solver","attacker","|Q|","|X|","|T|","rho","k","utility_time","RS_iters","mcts_iters","sa_iters","eps","lr"],"index":[0,1,2,3,4,5,6,7,8,9,10,11,12,13,14,15,16,17,18,19,20,21,22,23,24,25,26,27,28,29,30,31,32,33,34,35,36,37,38,39,40,41,42,43,44,45,46,47,48,49,50,51,52,53,54,55,56,57,58,59,60,61,62,63,64,65,66,67,68,69,70,71,72,73,74,75,76,77,78,79],"data":[[4,15,5.5982516629,-25.4017483371,[27,13,17,26,24,7,20,28,3,22,4,21,7,25,24,23,14,20,11,5,20,29,14,14,3,23,1,25,6,21],"SA","dd",30,30,30,0.95,10000,144.2556035519,5000,-1,50,0.05,0.1],[4,30,10.3428980814,-20.6571019186,[28,28,22,0,3,20,11,10,0,29,3,1,27,7,27,24,22,29,21,28,0,23,22,7,17,2,23,8,9,19],"SA","dd",30,30,30,0.95,10000,130.669626236,5000,-1,50,0.05,0.1],[4,45,10.3428980814,-20.6571019186,[28,28,22,0,3,20,11,10,0,29,3,1,27,7,27,24,22,29,21,28,0,23,22,7,17,2,23,8,9,19],"SA","dd",30,30,30,0.95,10000,130.6482622623,5000,-1,50,0.05,0.1],[4,60,10.3428980814,-20.6571019186,[28,28,22,0,3,20,11,10,0,29,3,1,27,7,27,24,22,29,21,28,0,23,22,7,17,2,23,8,9,19],"SA","dd",30,30,30,0.95,10000,130.8213994503,5000,-1,50,0.05,0.1],[4,75,10.3428980814,-20.6571019186,[15,2,20,29,5,29,13,9,27,9,23,1,26,2,27,14,23,20,11,4,22,21,22,12,1,23,21,20,12,19],"SA","dd",30,30,30,0.95,10000,130.7658085823,5000,-1,50,0.05,0.1],[4,90,10.3428980814,-20.6571019186,[15,2,20,29,5,29,13,9,27,9,23,1,26,2,27,14,23,20,11,4,22,21,22,12,1,23,21,20,12,19],"SA","dd",30,30,30,0.95,10000,130.8898396492,5000,-1,50,0.05,0.1],[4,105,10.3428980814,-20.6571019186,[15,2,20,29,5,29,13,9,27,9,23,1,26,2,27,14,23,20,11,4,22,21,22,12,1,23,21,20,12,19],"SA","dd",30,30,30,0.95,10000,130.3632378578,5000,-1,50,0.05,0.1],[4,120,10.4126636787,-20.5873363213,[2,27,22,9,21,12,29,0,15,11,2,29,26,27,26,18,9,27,20,4,10,26,22,21,26,21,7,20,21,0],"SA","dd",30,30,30,0.95,10000,130.5591981411,5000,-1,50,0.05,0.1],[4,135,10.4126636787,-20.5873363213,[2,27,22,9,21,12,29,0,15,11,2,29,26,27,26,18,9,27,20,4,10,26,22,21,26,21,7,20,21,0],"SA","dd",30,30,30,0.95,10000,130.8473665714,5000,-1,50,0.05,0.1],[4,150,10.5296667224,-20.4703332776,[22,28,23,20,5,2,13,22,21,11,11,8,27,8,6,17,10,0,26,4,20,29,22,7,12,23,5,2,14,19],"SA","dd",30,30,30,0.95,10000,130.6985042095,5000,-1,50,0.05,0.1],[4,165,10.5296667224,-20.4703332776,[22,28,23,20,5,2,13,22,21,11,11,8,27,8,6,17,10,0,26,4,20,29,22,7,12,23,5,2,14,19],"SA","dd",30,30,30,0.95,10000,129.9562277794,5000,-1,50,0.05,0.1],[4,180,10.5296667224,-20.4703332776,[22,28,23,20,5,2,13,22,21,11,11,8,27,8,6,17,10,0,26,4,20,29,22,7,12,23,5,2,14,19],"SA","dd",30,30,30,0.95,10000,130.31782341,5000,-1,50,0.05,0.1],[4,195,10.5296667224,-20.4703332776,[22,28,23,20,5,2,13,22,21,11,11,8,27,8,6,17,10,0,26,4,20,29,22,7,12,23,5,2,14,19],"SA","dd",30,30,30,0.95,10000,130.5014138222,5000,-1,50,0.05,0.1],[4,210,10.5296667224,-20.4703332776,[22,28,23,20,5,2,13,22,21,11,11,8,27,8,6,17,10,0,26,4,20,29,22,7,12,23,5,2,14,19],"SA","dd",30,30,30,0.95,10000,130.7869002819,5000,-1,50,0.05,0.1],[4,225,10.5296667224,-20.4703332776,[22,28,23,20,5,2,13,22,21,11,11,8,27,8,6,17,10,0,26,4,20,29,22,7,12,23,5,2,14,19],"SA","dd",30,30,30,0.95,10000,130.8815505505,5000,-1,50,0.05,0.1],[4,240,10.5296667224,-20.4703332776,[22,28,23,20,5,2,13,22,21,11,11,8,27,8,6,17,10,0,26,4,20,29,22,7,12,23,5,2,14,19],"SA","dd",30,30,30,0.95,10000,131.0056192875,5000,-1,50,0.05,0.1],[4,255,10.5296667224,-20.4703332776,[22,28,23,20,5,2,13,22,21,11,11,8,27,8,6,17,10,0,26,4,20,29,22,7,12,23,5,2,14,19],"SA","dd",30,30,30,0.95,10000,130.7031636238,5000,-1,50,0.05,0.1],[4,270,10.5296667224,-20.4703332776,[22,28,23,20,5,2,13,22,21,11,11,8,27,8,6,17,10,0,26,4,20,29,22,7,12,23,5,2,14,19],"SA","dd",30,30,30,0.95,10000,130.3642644882,5000,-1,50,0.05,0.1],[4,285,10.5296667224,-20.4703332776,[22,28,23,20,5,2,13,22,21,11,11,8,27,8,6,17,10,0,26,4,20,29,22,7,12,23,5,2,14,19],"SA","dd",30,30,30,0.95,10000,130.6317112446,5000,-1,50,0.05,0.1],[4,300,10.5296667224,-20.4703332776,[22,28,23,20,5,2,13,22,21,11,11,8,27,8,6,17,10,0,26,4,20,29,22,7,12,23,5,2,14,19],"SA","dd",30,30,30,0.95,10000,130.570912838,5000,-1,50,0.05,0.1],[4,315,10.5296667224,-20.4703332776,[22,28,23,20,5,2,13,22,21,11,11,8,27,8,6,17,10,0,26,4,20,29,22,7,12,23,5,2,14,19],"SA","dd",30,30,30,0.95,10000,130.6044633389,5000,-1,50,0.05,0.1],[4,330,10.5296667224,-20.4703332776,[22,28,23,20,5,2,13,22,21,11,11,8,27,8,6,17,10,0,26,4,20,29,22,7,12,23,5,2,14,19],"SA","dd",30,30,30,0.95,10000,130.5445783138,5000,-1,50,0.05,0.1],[4,345,10.5296667224,-20.4703332776,[22,28,23,20,5,2,13,22,21,11,11,8,27,8,6,17,10,0,26,4,20,29,22,7,12,23,5,2,14,19],"SA","dd",30,30,30,0.95,10000,130.755751133,5000,-1,50,0.05,0.1],[4,360,10.5296667224,-20.4703332776,[22,28,23,20,5,2,13,22,21,11,11,8,27,8,6,17,10,0,26,4,20,29,22,7,12,23,5,2,14,19],"SA","dd",30,30,30,0.95,10000,130.6171646118,5000,-1,50,0.05,0.1],[4,375,10.5296667224,-20.4703332776,[22,28,23,20,5,2,13,22,21,11,11,8,27,8,6,17,10,0,26,4,20,29,22,7,12,23,5,2,14,19],"SA","dd",30,30,30,0.95,10000,130.6944024563,5000,-1,50,0.05,0.1],[4,390,10.5296667224,-20.4703332776,[22,28,23,20,5,2,13,22,21,11,11,8,27,8,6,17,10,0,26,4,20,29,22,7,12,23,5,2,14,19],"SA","dd",30,30,30,0.95,10000,130.894453764,5000,-1,50,0.05,0.1],[4,405,10.5296667224,-20.4703332776,[22,28,23,20,5,2,13,22,21,11,11,8,27,8,6,17,10,0,26,4,20,29,22,7,12,23,5,2,14,19],"SA","dd",30,30,30,0.95,10000,130.619022131,5000,-1,50,0.05,0.1],[4,420,10.5296667224,-20.4703332776,[22,28,23,20,5,2,13,22,21,11,11,8,27,8,6,17,10,0,26,4,20,29,22,7,12,23,5,2,14,19],"SA","dd",30,30,30,0.95,10000,130.6334047318,5000,-1,50,0.05,0.1],[4,435,10.5296667224,-20.4703332776,[22,28,23,20,5,2,13,22,21,11,11,8,27,8,6,17,10,0,26,4,20,29,22,7,12,23,5,2,14,19],"SA","dd",30,30,30,0.95,10000,130.629837513,5000,-1,50,0.05,0.1],[4,450,10.5296667224,-20.4703332776,[22,28,23,20,5,2,13,22,21,11,11,8,27,8,6,17,10,0,26,4,20,29,22,7,12,23,5,2,14,19],"SA","dd",30,30,30,0.95,10000,134.2427518368,5000,-1,50,0.05,0.1],[4,465,10.5296667224,-20.4703332776,[22,28,23,20,5,2,13,22,21,11,11,8,27,8,6,17,10,0,26,4,20,29,22,7,12,23,5,2,14,19],"SA","dd",30,30,30,0.95,10000,141.9562382698,5000,-1,50,0.05,0.1],[4,480,10.5296667224,-20.4703332776,[22,28,23,20,5,2,13,22,21,11,11,8,27,8,6,17,10,0,26,4,20,29,22,7,12,23,5,2,14,19],"SA","dd",30,30,30,0.95,10000,141.5258917809,5000,-1,50,0.05,0.1],[4,495,10.5296667224,-20.4703332776,[22,28,23,20,5,2,13,22,21,11,11,8,27,8,6,17,10,0,26,4,20,29,22,7,12,23,5,2,14,19],"SA","dd",30,30,30,0.95,10000,141.7553882599,5000,-1,50,0.05,0.1],[4,510,10.5296667224,-20.4703332776,[22,28,23,20,5,2,13,22,21,11,11,8,27,8,6,17,10,0,26,4,20,29,22,7,12,23,5,2,14,19],"SA","dd",30,30,30,0.95,10000,142.0383372307,5000,-1,50,0.05,0.1],[4,525,10.5296667224,-20.4703332776,[22,28,23,20,5,2,13,22,21,11,11,8,27,8,6,17,10,0,26,4,20,29,22,7,12,23,5,2,14,19],"SA","dd",30,30,30,0.95,10000,142.0342001915,5000,-1,50,0.05,0.1],[4,540,10.5296667224,-20.4703332776,[22,28,23,20,5,2,13,22,21,11,11,8,27,8,6,17,10,0,26,4,20,29,22,7,12,23,5,2,14,19],"SA","dd",30,30,30,0.95,10000,141.8394255638,5000,-1,50,0.05,0.1],[4,555,10.5296667224,-20.4703332776,[22,28,23,20,5,2,13,22,21,11,11,8,27,8,6,17,10,0,26,4,20,29,22,7,12,23,5,2,14,19],"SA","dd",30,30,30,0.95,10000,141.9419083595,5000,-1,50,0.05,0.1],[4,570,10.5296667224,-20.4703332776,[22,28,23,20,5,2,13,22,21,11,11,8,27,8,6,17,10,0,26,4,20,29,22,7,12,23,5,2,14,19],"SA","dd",30,30,30,0.95,10000,142.1180269718,5000,-1,50,0.05,0.1],[4,585,10.5296667224,-20.4703332776,[22,28,23,20,5,2,13,22,21,11,11,8,27,8,6,17,10,0,26,4,20,29,22,7,12,23,5,2,14,19],"SA","dd",30,30,30,0.95,10000,141.8892505169,5000,-1,50,0.05,0.1],[4,600,10.5296667224,-20.4703332776,[22,28,23,20,5,2,13,22,21,11,11,8,27,8,6,17,10,0,26,4,20,29,22,7,12,23,5,2,14,19],"SA","dd",30,30,30,0.95,10000,142.046957016,5000,-1,50,0.05,0.1],[4,615,10.5296667224,-20.4703332776,[22,28,23,20,5,2,13,22,21,11,11,8,27,8,6,17,10,0,26,4,20,29,22,7,12,23,5,2,14,19],