{"columns":["ite","time","q","scaled_eu","z","solver","attacker","|Q|","|X|","|T|","rho","k","utility_time","RS_iters","mcts_iters","sa_iters","eps","lr"],"index":[0,1,2,3,4,5,6,7,8,9,10,11,12,13,14,15,16,17,18,19,20,21,22,23,24,25,26,27,28,29,30,31,32,33,34,35,36,37,38,39,40,41,42,43,44,45,46,47,48,49,50,51,52,53,54,55,56,57,58,59,60,61,62,63,64,65,66,67,68,69,70,71,72,73,74,75,76,77,78,79],"data":[[6,15,6.0773457821,-24.9226542179,[6,18,8,10,12,21,29,18,8,21,28,7,3,22,22,6,21,27,23,28,24,24,6,16,28,10,16,28,1,7],"SA","dd",30,30,30,0.95,10000,142.4220995903,5000,-1,50,0.05,0.1],[6,30,8.4557570215,-22.5442429785,[20,18,21,29,3,7,28,7,19,12,20,23,16,3,18,19,26,21,19,10,24,5,11,28,2,23,19,17,1,4],"SA","dd",30,30,30,0.95,10000,142.3702867031,5000,-1,50,0.05,0.1],[6,45,8.4557570215,-22.5442429785,[20,18,21,29,3,7,28,7,19,12,20,23,16,3,18,19,26,21,19,10,24,5,11,28,2,23,19,17,1,4],"SA","dd",30,30,30,0.95,10000,142.6563644409,5000,-1,50,0.05,0.1],[6,60,8.4557570215,-22.5442429785,[20,18,21,29,3,7,28,7,19,12,20,23,16,3,18,19,26,21,19,10,24,5,11,28,2,23,19,17,1,4],"SA","dd",30,30,30,0.95,10000,142.5729808807,5000,-1,50,0.05,0.1],[6,75,8.71795962,-22.28204038,[14,17,22,13,6,26,13,2,14,14,4,20,8,9,24,16,1,29,14,12,25,10,12,17,16,7,28,9,20,0],"SA","dd",30,30,30,0.95,10000,142.5294260979,5000,-1,50,0.05,0.1],[6,90,8.71795962,-22.28204038,[14,17,22,13,6,26,13,2,14,14,4,20,8,9,24,16,1,29,14,12,25,10,12,17,16,7,28,9,20,0],"SA","dd",30,30,30,0.95,10000,142.4478049278,5000,-1,50,0.05,0.1],[6,105,8.71795962,-22.28204038,[14,17,22,13,6,26,13,2,14,14,4,20,8,9,24,16,1,29,14,12,25,10,12,17,16,7,28,9,20,0],"SA","dd",30,30,30,0.95,10000,142.397560358,5000,-1,50,0.05,0.1],[6,120,8.71795962,-22.28204038,[14,17,22,13,6,26,13,2,14,14,4,20,8,9,24,16,1,29,14,12,25,10,12,17,16,7,28,9,20,0],"SA","dd",30,30,30,0.95,10000,142.5676305294,5000,-1,50,0.05,0.1],[6,135,8.71795962,-22.28204038,[17,14,27,29,13,6,20,0,10,27,5,10,5,20,17,25,16,25,27,15,21,12,22,22,26,2,8,14,13,18],"SA","dd",30,30,30,0.95,10000,142.5495810509,5000,-1,50,0.05,0.1],[6,150,8.71795962,-22.28204038,[17,14,27,29,13,6,20,0,10,27,5,10,5,20,17,25,16,25,27,15,21,12,22,22,26,2,8,14,13,18],"SA","dd",30,30,30,0.95,10000,142.4473099709,5000,-1,50,0.05,0.1],[6,165,8.71795962,-22.28204038,[17,14,27,29,13,6,20,0,10,27,5,10,5,20,17,25,16,25,27,15,21,12,22,22,26,2,8,14,13,18],"SA","dd",30,30,30,0.95,10000,142.533500433,5000,-1,50,0.05,0.1],[6,180,8.71795962,-22.28204038,[17,14,27,29,13,6,20,0,10,27,5,10,5,20,17,25,16,25,27,15,21,12,22,22,26,2,8,14,13,18],"SA","dd",30,30,30,0.95,10000,142.4094259739,5000,-1,50,0.05,0.1],[6,195,8.71795962,-22.28204038,[17,14,27,29,13,6,20,0,10,27,5,10,5,20,17,25,16,25,27,15,21,12,22,22,26,2,8,14,13,18],"SA","dd",30,30,30,0.95,10000,142.6427958012,5000,-1,50,0.05,0.1],[6,210,8.71795962,-22.28204038,[17,14,27,29,13,6,20,0,10,27,5,10,5,20,17,25,16,25,27,15,21,12,22,22,26,2,8,14,13,18],"SA","dd",30,30,30,0.95,10000,142.7480921745,5000,-1,50,0.05,0.1],[6,225,8.71795962,-22.28204038,[17,14,27,29,13,6,20,0,10,27,5,10,5,20,17,25,16,25,27,15,21,12,22,22,26,2,8,14,13,18],"SA","dd",30,30,30,0.95,10000,142.6242189407,5000,-1,50,0.05,0.1],[6,240,8.71795962,-22.28204038,[17,14,27,29,13,6,20,0,10,27,5,10,5,20,17,25,16,25,27,15,21,12,22,22,26,2,8,14,13,18],"SA","dd",30,30,30,0.95,10000,142.6095998287,5000,-1,50,0.05,0.1],[6,255,8.71795962,-22.28204038,[17,14,27,29,13,6,20,0,10,27,5,10,5,20,17,25,16,25,27,15,21,12,22,22,26,2,8,14,13,18],"SA","dd",30,30,30,0.95,10000,142.4859080315,5000,-1,50,0.05,0.1],[6,270,8.71795962,-22.28204038,[17,14,27,29,13,6,20,0,10,27,5,10,5,20,17,25,16,25,27,15,21,12,22,22,26,2,8,14,13,18],"SA","dd",30,30,30,0.95,10000,142.3038225174,5000,-1,50,0.05,0.1],[6,285,8.71795962,-22.28204038,[17,14,27,29,13,6,20,0,10,27,5,10,5,20,17,25,16,25,27,15,21,12,22,22,26,2,8,14,13,18],"SA","dd",30,30,30,0.95,10000,141.7424414158,5000,-1,50,0.05,0.1],[6,300,8.71795962,-22.28204038,[17,14,27,29,13,6,20,0,10,27,5,10,5,20,17,25,16,25,27,15,21,12,22,22,26,2,8,14,13,18],"SA","dd",30,30,30,0.95,10000,141.7243461609,5000,-1,50,0.05,0.1],[6,315,8.71795962,-22.28204038,[17,14,27,29,13,6,20,0,10,27,5,10,5,20,17,25,16,25,27,15,21,12,22,22,26,2,8,14,13,18],"SA","dd",30,30,30,0.95,10000,141.4393877983,5000,-1,50,0.05,0.1],[6,330,8.71795962,-22.28204038,[17,14,27,29,13,6,20,0,10,27,5,10,5,20,17,25,16,25,27,15,21,12,22,22,26,2,8,14,13,18],"SA","dd",30,30,30,0.95,10000,141.6160075665,5000,-1,50,0.05,0.1],[6,345,8.71795962,-22.28204038,[17,14,27,29,13,6,20,0,10,27,5,10,5,20,17,25,16,25,27,15,21,12,22,22,26,2,8,14,13,18],"SA","dd",30,30,30,0.95,10000,141.8478944302,5000,-1,50,0.05,0.1],[6,360,8.71795962,-22.28204038,[17,14,27,29,13,6,20,0,10,27,5,10,5,20,17,25,16,25,27,15,21,12,22,22,26,2,8,14,13,18],"SA","dd",30,30,30,0.95,10000,141.86738801,5000,-1,50,0.05,0.1],[6,375,8.71795962,-22.28204038,[17,14,27,29,13,6,20,0,10,27,5,10,5,20,17,25,16,25,27,15,21,12,22,22,26,2,8,14,13,18],"SA","dd",30,30,30,0.95,10000,141.8030266762,5000,-1,50,0.05,0.1],[6,390,8.71795962,-22.28204038,[17,14,27,29,13,6,20,0,10,27,5,10,5,20,17,25,16,25,27,15,21,12,22,22,26,2,8,14,13,18],"SA","dd",30,30,30,0.95,10000,141.9503552914,5000,-1,50,0.05,0.1],[6,405,8.71795962,-22.28204038,[17,14,27,29,13,6,20,0,10,27,5,10,5,20,17,25,16,25,27,15,21,12,22,22,26,2,8,14,13,18],"SA","dd",30,30,30,0.95,10000,141.4944722652,5000,-1,50,0.05,0.1],[6,420,8.71795962,-22.28204038,[17,14,27,29,13,6,20,0,10,27,5,10,5,20,17,25,16,25,27,15,21,12,22,22,26,2,8,14,13,18],"SA","dd",30,30,30,0.95,10000,143.5568132401,5000,-1,50,0.05,0.1],[6,435,8.71795962,-22.28204038,[17,14,27,29,13,6,20,0,10,27,5,10,5,20,17,25,16,25,27,15,21,12,22,22,26,2,8,14,13,18],"SA","dd",30,30,30,0.95,10000,141.1731834412,5000,-1,50,0.05,0.1],[6,450,8.71795962,-22.28204038,[17,14,27,29,13,6,20,0,10,27,5,10,5,20,17,25,16,25,27,15,21,12,22,22,26,2,8,14,13,18],"SA","dd",30,30,30,0.95,10000,141.5476639271,5000,-1,50,0.05,0.1],[6,465,8.71795962,-22.28204038,[17,14,27,29,13,6,20,0,10,27,5,10,5,20,17,25,16,25,27,15,21,12,22,22,26,2,8,14,13,18],"SA","dd",30,30,30,0.95,10000,141.3904497623,5000,-1,50,0.05,0.1],[6,480,8.71795962,-22.28204038,[17,14,27,29,13,6,20,0,10,27,5,10,5,20,17,25,16,25,27,15,21,12,22,22,26,2,8,14,13,18],"SA","dd",30,30,30,0.95,10000,141.4363298416,5000,-1,50,0.05,0.1],[6,495,8.71795962,-22.28204038,[17,14,27,29,13,6,20,0,10,27,5,10,5,20,17,25,16,25,27,15,21,12,22,22,26,2,8,14,13,18],"SA","dd",30,30,30,0.95,10000,141.1131956577,5000,-1,50,0.05,0.1],[6,510,8.71795962,-22.28204038,[17,14,27,29,13,6,20,0,10,27,5,10,5,20,17,25,16,25,27,15,21,12,22,22,26,2,8,14,13,18],"SA","dd",30,30,30,0.95,10000,141.2778408527,5000,-1,50,0.05,0.1],[6,525,8.71795962,-22.28204038,[17,14,27,29,13,6,20,0,10,27,5,10,5,20,17,25,16,25,27,15,21,12,22,22,26,2,8,14,13,18],"SA","dd",30,30,30,0.95,10000,141.2427532673,5000,-1,50,0.05,0.1],[6,540,8.71795962,-22.28204038,[17,14,27,29,13,6,20,0,10,27,5,10,5,20,17,25,16,25,27,15,21,12,22,22,26,2,8,14,13,18],"SA","dd",30,30,30,0.95,10000,141.4129874706,5000,-1,50,0.05,0.1],[6,555,8.71795962,-22.28204038,[17,14,27,29,13,6,20,0,10,27,5,10,5,20,17,25,16,25,27,15,21,12,22,22,26,2,8,14,13,18],"SA","dd",30,30,30,0.95,10000,141.4128189087,5000,-1,50,0.05,0.1],[6,570,8.71795962,-22.28204038,[17,14,27,29,13,6,20,0,10,27,5,10,5,20,17,25,16,25,27,15,21,12,22,22,26,2,8,14,13,18],"SA","dd",30,30,30,0.95,10000,145.774600029,5000,-1,50,0.05,0.1],[6,585,8.71795962,-22.28204038,[17,14,27,29,13,6,20,0,10,27,5,10,5,20,17,25,16,25,27,15,21,12,22,22,26,2,8,14,13,18],"SA","dd",30,30,30,0.95,10000,141.3909492493,5000,-1,50,0.05,0.1],[6,600,8.71795962,-22.28204038,[17,14,27,29,13,6,20,0,10,27,5,10,5,20,17,25,16,25,27,15,21,12,22,22,26,2,8,14,13,18],"SA","dd",30,30,30,0.95,10000,140.9541172981,5000,-1,50,0.05,0.1],[6,615,8.71795962,-22.28204038,[17,14,27,29,13,6,20,0,10,27,5,10,5,20,17,25,16,25,27,15,21,12,22,22,26,2,8,14,13,18],