{"columns":["ite","time","q","scaled_eu","z","solver","attacker","|Q|","|X|","|T|","rho","k","utility_time","RS_iters","mcts_iters","sa_iters","eps","lr"],"index":[0,1,2,3,4,5,6,7,8,9,10,11,12,13,14,15,16,17,18,19,20,21,22,23,24,25,26,27,28,29,30,31,32,33,34,35,36,37,38,39,40,41,42,43,44,45,46,47,48,49,50,51,52,53,54,55,56,57,58,59,60,61,62,63,64,65,66,67,68,69,70,71,72,73,74,75,76,77,78,79],"data":[[6,15,18.5578168746,-27.4421831254,[2,8,8,5,2,7,7,5,2,6,8,7,9,8,4,5,0,7,3,0,8,0,0,1,8,9,6,2,0,8],"SA","rep",10,10,30,0.95,10000,35.0178217888,5000,-1,50,0.05,0.1],[6,30,20.2466711328,-25.7533288672,[9,8,5,4,2,6,8,8,8,9,0,5,9,4,0,7,9,4,3,0,7,5,7,1,6,6,6,4,5,2],"SA","rep",10,10,30,0.95,10000,34.9915518761,5000,-1,50,0.05,0.1],[6,45,26.5180584596,-19.4819415404,[9,1,2,4,6,6,0,8,1,1,9,9,5,3,3,5,6,4,0,8,9,5,8,4,9,3,8,4,0,4],"SA","rep",10,10,30,0.95,10000,34.98904562,5000,-1,50,0.05,0.1],[6,60,36.4694802277,-9.5305197723,[9,2,2,4,6,5,4,6,5,7,0,0,5,9,3,5,2,2,3,3,8,0,8,4,8,1,5,0,0,7],"SA","rep",10,10,30,0.95,10000,35.0869886875,5000,-1,50,0.05,0.1],[6,75,39.4102150976,-6.5897849024,[9,2,2,4,6,1,0,2,8,2,0,0,5,9,3,5,2,2,3,4,8,0,8,4,0,1,7,0,6,7],"SA","rep",10,10,30,0.95,10000,35.0506653786,5000,-1,50,0.05,0.1],[6,90,39.4102150976,-6.5897849024,[8,2,3,4,6,7,0,9,0,4,0,7,5,6,1,3,2,2,6,3,4,0,1,8,8,3,1,4,6,7],"SA","rep",10,10,30,0.95,10000,35.0445113182,5000,-1,50,0.05,0.1],[6,105,41.5441824827,-4.4558175173,[9,2,2,4,6,2,0,3,8,5,0,0,5,9,3,5,0,2,3,3,4,0,8,4,9,1,1,0,0,7],"SA","rep",10,10,30,0.95,10000,35.0449504852,5000,-1,50,0.05,0.1],[6,120,43.3020632482,-2.6979367518,[9,2,2,4,6,1,0,3,8,5,0,0,5,9,3,5,0,2,3,3,4,0,8,4,9,1,7,0,5,7],"SA","rep",10,10,30,0.95,10000,35.0008740425,5000,-1,50,0.05,0.1],[6,135,43.3424644921,-2.6575355079,[9,2,2,4,6,1,0,3,8,5,0,0,5,9,3,5,0,2,3,3,4,0,8,4,9,1,7,0,5,7],"SA","rep",10,10,30,0.95,10000,35.085716486,5000,-1,50,0.05,0.1],[6,150,43.5053461498,-2.4946538502,[9,2,2,4,6,4,0,3,8,5,0,0,5,9,3,5,2,2,3,3,4,0,8,4,9,1,7,0,0,7],"SA","rep",10,10,30,0.95,10000,35.0483653545,5000,-1,50,0.05,0.1],[6,165,44.4579811695,-1.5420188305,[9,2,2,4,6,1,0,3,8,5,0,0,5,9,3,5,2,2,3,3,4,0,8,4,9,1,7,0,6,7],"SA","rep",10,10,30,0.95,10000,35.0726764202,5000,-1,50,0.05,0.1],[6,180,44.4579811695,-1.5420188305,[6,2,5,3,6,1,8,3,7,3,0,4,5,9,3,5,0,2,3,3,5,6,8,5,8,7,7,0,6,7],"SA","rep",10,10,30,0.95,10000,34.9645943642,5000,-1,50,0.05,0.1],[6,195,44.4579811695,-1.5420188305,[6,2,5,3,6,1,8,3,7,3,0,4,5,9,3,5,0,2,3,3,5,6,8,5,8,7,7,0,6,7],"SA","rep",10,10,30,0.95,10000,35.0120644569,5000,-1,50,0.05,0.1],[6,210,44.4579811695,-1.5420188305,[6,2,5,3,6,1,8,3,7,3,0,4,5,9,3,5,0,2,3,3,5,6,8,5,8,7,7,0,6,7],"SA","rep",10,10,30,0.95,10000,35.1118061543,5000,-1,50,0.05,0.1],[6,225,44.4579811695,-1.5420188305,[6,2,5,3,6,1,8,3,7,3,0,4,5,9,3,5,0,2,3,3,5,6,8,5,8,7,7,0,6,7],"SA","rep",10,10,30,0.95,10000,35.0178472996,5000,-1,50,0.05,0.1],[6,240,44.4579811695,-1.5420188305,[6,2,5,3,6,1,8,3,7,3,0,4,5,9,3,5,0,2,3,3,5,6,8,5,8,7,7,0,6,7],"SA","rep",10,10,30,0.95,10000,35.1002116203,5000,-1,50,0.05,0.1],[6,255,44.4579811695,-1.5420188305,[6,2,5,3,6,1,8,3,7,3,0,4,5,9,3,5,0,2,3,3,5,6,8,5,8,7,7,0,6,7],"SA","rep",10,10,30,0.95,10000,35.1210429668,5000,-1,50,0.05,0.1],[6,270,44.4579811695,-1.5420188305,[6,2,5,3,6,1,8,3,7,3,0,4,5,9,3,5,0,2,3,3,5,6,8,5,8,7,7,0,6,7],"SA","rep",10,10,30,0.95,10000,35.0086047649,5000,-1,50,0.05,0.1],[6,285,44.4579811695,-1.5420188305,[6,2,5,3,6,1,8,3,7,3,0,4,5,9,3,5,0,2,3,3,5,6,8,5,8,7,7,0,6,7],"SA","rep",10,10,30,0.95,10000,35.039018631,5000,-1,50,0.05,0.1],[6,300,44.4579811695,-1.5420188305,[6,2,5,3,6,1,8,3,7,3,0,4,5,9,3,5,0,2,3,3,5,6,8,5,8,7,7,0,6,7],"SA","rep",10,10,30,0.95,10000,35.0048513412,5000,-1,50,0.05,0.1],[6,315,44.4579811695,-1.5420188305,[6,2,5,3,6,1,8,3,7,3,0,4,5,9,3,5,0,2,3,3,5,6,8,5,8,7,7,0,6,7],"SA","rep",10,10,30,0.95,10000,35.0442759991,5000,-1,50,0.05,0.1],[6,330,44.4579811695,-1.5420188305,[6,2,5,3,6,1,8,3,7,3,0,4,5,9,3,5,0,2,3,3,5,6,8,5,8,7,7,0,6,7],"SA","rep",10,10,30,0.95,10000,35.0090043545,5000,-1,50,0.05,0.1],[6,345,44.4579811695,-1.5420188305,[6,2,5,3,6,1,8,3,7,3,0,4,5,9,3,5,0,2,3,3,5,6,8,5,8,7,7,0,6,7],"SA","rep",10,10,30,0.95,10000,35.0933935642,5000,-1,50,0.05,0.1],[6,360,44.4579811695,-1.5420188305,[6,2,5,3,6,1,8,3,7,3,0,4,5,9,3,5,0,2,3,3,5,6,8,5,8,7,7,0,6,7],"SA","rep",10,10,30,0.95,10000,35.0508561134,5000,-1,50,0.05,0.1],[6,375,44.4579811695,-1.5420188305,[6,2,5,3,6,1,8,3,7,3,0,4,5,9,3,5,0,2,3,3,5,6,8,5,8,7,7,0,6,7],"SA","rep",10,10,30,0.95,10000,35.0292708874,5000,-1,50,0.05,0.1],[6,390,44.4579811695,-1.5420188305,[6,2,5,3,6,1,8,3,7,3,0,4,5,9,3,5,0,2,3,3,5,6,8,5,8,7,7,0,6,7],"SA","rep",10,10,30,0.95,10000,34.9833571911,5000,-1,50,0.05,0.1],[6,405,44.4579811695,-1.5420188305,[6,2,5,3,6,1,8,3,7,3,0,4,5,9,3,5,0,2,3,3,5,6,8,5,8,7,7,0,6,7],"SA","rep",10,10,30,0.95,10000,35.0816717148,5000,-1,50,0.05,0.1],[6,420,44.4579811695,-1.5420188305,[6,2,5,3,6,1,8,3,7,3,0,4,5,9,3,5,0,2,3,3,5,6,8,5,8,7,7,0,6,7],"SA","rep",10,10,30,0.95,10000,35.0202035904,5000,-1,50,0.05,0.1],[6,435,44.4579811695,-1.5420188305,[6,2,5,3,6,1,8,3,7,3,0,4,5,9,3,5,0,2,3,3,5,6,8,5,8,7,7,0,6,7],"SA","rep",10,10,30,0.95,10000,34.9820022583,5000,-1,50,0.05,0.1],[6,450,44.4579811695,-1.5420188305,[6,2,5,3,6,1,8,3,7,3,0,4,5,9,3,5,0,2,3,3,5,6,8,5,8,7,7,0,6,7],"SA","rep",10,10,30,0.95,10000,34.9815485477,5000,-1,50,0.05,0.1],[6,465,44.4579811695,-1.5420188305,[6,2,5,3,6,1,8,3,7,3,0,4,5,9,3,5,0,2,3,3,5,6,8,5,8,7,7,0,6,7],"SA","rep",10,10,30,0.95,10000,34.9861347675,5000,-1,50,0.05,0.1],[6,480,44.4579811695,-1.5420188305,[6,2,5,3,6,1,8,3,7,3,0,4,5,9,3,5,0,2,3,3,5,6,8,5,8,7,7,0,6,7],"SA","rep",10,10,30,0.95,10000,34.9879136086,5000,-1,50,0.05,0.1],[6,495,44.4579811695,-1.5420188305,[6,2,5,3,6,1,8,3,7,3,0,4,5,9,3,5,0,2,3,3,5,6,8,5,8,7,7,0,6,7],"SA","rep",10,10,30,0.95,10000,35.0564534664,5000,-1,50,0.05,0.1],[6,510,44.4579811695,-1.5420188305,[6,2,5,3,6,1,8,3,7,3,0,4,5,9,3,5,0,2,3,3,5,6,8,5,8,7,7,0,6,7],"SA","rep",10,10,30,0.95,10000,34.9906864166,5000,-1,50,0.05,0.1],[6,525,44.4579811695,-1.5420188305,[6,2,5,3,6,1,8,3,7,3,0,4,5,9,3,5,0,2,3,3,5,6,8,5,8,7,7,0,6,7],"SA","rep",10,10,30,0.95,10000,35.034080267,5000,-1,50,0.05,0.1],[6,540,44.4579811695,-1.5420188305,[6,2,5,3,6,1,8,3,7,3,0,4,5,9,3,5,0,2,3,3,5,6,8,5,8,7,7,0,6,7],"SA","rep",10,10,30,0.95,10000,35.0482845306,5000,-1,50,0.05,0.1],[6,555,44.4579811695,-1.5420188305,[6,2,5,3,6,1,8,3,7,3,0,4,5,9,3,5,0,2,3,3,5,6,8,5,8,7,7,0,6,7],"SA","rep",10,10,30,0.95,10000,35.0269999504,5000,-1,50,0.05,0.1],[6,570,44.4579811695,-1.5420188305,[6,2,5,3,6,1,8,3,7,3,0,4,5,9,3,5,0,2,3,3,5,6,8,5,8,7,7,0,6,7],"SA","rep",10,10,30,0.95,10000,35.1182029247,5000,-1,50,0.05,0.1],[6,585,44.4579811695,-1.5420188305,[6,2,5,3,6,1,8,3,7,3,0,4,5,9,3,5,0,2,3,3,5,6,8,5,8,7,7,0,6,7],"SA","rep",10,10,30,0.95,10000,35.0147547722,5000,-1,50,0.05,0.1],[6,600,44.4579811695,-1.5420188305,[6,2,5,3,6,1,8,3,7,3,0,4,5,9,3,5,0,2,3,3,5,6,8,5,8,7,7,0,6,7],"SA","rep",10,10,30,0.95,10000,35.0793380737,5000,-1,50,0.05,0.1],[6,615,44.4579811695,-1.5420188305,[6,2,5,3,6,1,8,3,7,3,0,4,5,9,3,5,0,2,3,3,5,6,8,5,8,7,7,0,6,7],"SA","rep",10,10,30,0.95,10000,35.068482399,5000,-1,50,0.05,0.1],[6,630,44.4579811695,-1.5420188305,[6,2,5,3,6,1,8,3,7,3,0,4,5,9,3,5,0,2,3,3,5,6,8,5,8,7,7,0,6,7],"SA","rep",10,10,30,0.95,10000,35.0452690125,5000,-1,50,0.05,0.1],[6,645,44.4579811695,-1.5420188305,[6,2,5,3,6,1,8,3,7,3,0,4,5,9,3,5,0,2,3,3,5,6,8,5,8,7,7,0,6,7],"SA","rep",10,10,30,0.95,10000,35.135831356,5000,-1,50,0.05,0.1],[6,660,44.4579811695,-1.5420188305,[6,2,5,3,6,1,8,3,7,3,0,4,5,9,3,5,0,2,3,3,5,6,8,5,8,7,7,0,6,7],"SA","rep",10,10,30,0.95,10000,35.1210796833,5000,-1,50,0.05,0.1],[6,675,44.4579811695,-1.5420188305,[6,2,5,3,6,1,8,3,7,3,0,4,5,9,3,5,0,2,3,3,5,6,8,5,8,7,7,0,6,7],"SA","rep",10,10,30,0.95,10000,35.0668025017,5000,-1,50,0.05,0.1],[6,690,44.4579811695,-1.5420188305,[6,2,5,3,6,1,8,3,7,3,0,4,5,9,3,5,0,2,3,3,5,6,8,5,8,7,7,0,6,7],"SA","rep",10,10,30,0.95,10000,35.0262880325,5000,-1,50,0.05,0.1],[6,705,44.4579811695,-1.5420188305,[6,2,5,3,6,1,8,3,7,3,0,4,5,9,3,5,0,2,3,3,5,6,8,5,8,7,7,0,6,7],