{"columns":["ite","time","q","scaled_eu","z","solver","attacker","|Q|","|X|","|T|","rho","k","utility_time","RS_iters","mcts_iters","sa_iters","eps","lr"],"index":[0,1,2,3,4,5,6,7,8,9,10,11,12,13,14,15,16,17,18,19,20,21,22,23,24,25,26,27,28,29,30,31,32,33,34,35,36,37,38,39,40,41,42,43,44,45,46,47,48,49,50,51,52,53,54,55,56,57,58,59,60,61,62,63,64,65,66,67,68,69,70,71,72,73,74,75,76,77,78,79],"data":[[8,15,21.4204949254,-24.5795050746,[6,1,7,6,6,9,4,5,5,0,0,5,3,5,4,4,4,2,1,6,0,0,8,6,9,2,3,6,6,6],"SA","rep",10,10,30,0.95,10000,35.5483829975,5000,-1,50,0.05,0.1],[8,30,27.5160793597,-18.4839206403,[1,2,2,4,5,8,7,3,2,9,0,1,7,8,3,4,5,3,0,7,4,0,8,6,7,5,7,0,0,7],"SA","rep",10,10,30,0.95,10000,35.5698010921,5000,-1,50,0.05,0.1],[8,45,27.5160793597,-18.4839206403,[1,2,2,4,5,8,7,3,2,9,0,1,7,8,3,4,5,3,0,7,4,0,8,6,7,5,7,0,0,7],"SA","rep",10,10,30,0.95,10000,35.4715671539,5000,-1,50,0.05,0.1],[8,60,33.4607973449,-12.5392026551,[4,2,2,4,6,1,4,5,5,1,0,0,0,9,3,5,8,6,3,8,4,0,8,3,9,2,7,0,6,7],"SA","rep",10,10,30,0.95,10000,35.4063055515,5000,-1,50,0.05,0.1],[8,75,33.4607973449,-12.5392026551,[8,4,6,4,3,1,9,6,5,8,6,2,0,9,3,7,2,2,5,3,4,3,8,6,9,1,3,7,6,9],"SA","rep",10,10,30,0.95,10000,35.4317097664,5000,-1,50,0.05,0.1],[8,90,35.336566869,-10.663433131,[9,2,4,4,7,1,4,2,2,1,0,0,5,9,3,5,2,7,3,3,4,0,8,4,9,4,5,0,5,7],"SA","rep",10,10,30,0.95,10000,35.4779729843,5000,-1,50,0.05,0.1],[8,105,35.336566869,-10.663433131,[9,2,2,6,6,3,0,3,1,1,0,9,6,9,3,5,2,1,5,2,6,5,6,9,9,2,3,0,5,0],"SA","rep",10,10,30,0.95,10000,35.5039229393,5000,-1,50,0.05,0.1],[8,120,35.336566869,-10.663433131,[9,2,2,6,6,3,0,3,1,1,0,9,6,9,3,5,2,1,5,2,6,5,6,9,9,2,3,0,5,0],"SA","rep",10,10,30,0.95,10000,35.5572474003,5000,-1,50,0.05,0.1],[8,135,35.336566869,-10.663433131,[9,2,2,6,6,3,0,3,1,1,0,9,6,9,3,5,2,1,5,2,6,5,6,9,9,2,3,0,5,0],"SA","rep",10,10,30,0.95,10000,35.5781164169,5000,-1,50,0.05,0.1],[8,150,35.336566869,-10.663433131,[9,2,2,6,6,3,0,3,1,1,0,9,6,9,3,5,2,1,5,2,6,5,6,9,9,2,3,0,5,0],"SA","rep",10,10,30,0.95,10000,35.4504642487,5000,-1,50,0.05,0.1],[8,165,35.336566869,-10.663433131,[9,2,2,6,6,3,0,3,1,1,0,9,6,9,3,5,2,1,5,2,6,5,6,9,9,2,3,0,5,0],"SA","rep",10,10,30,0.95,10000,35.4008247852,5000,-1,50,0.05,0.1],[8,180,35.336566869,-10.663433131,[9,2,2,6,6,3,0,3,1,1,0,9,6,9,3,5,2,1,5,2,6,5,6,9,9,2,3,0,5,0],"SA","rep",10,10,30,0.95,10000,35.4515008926,5000,-1,50,0.05,0.1],[8,195,35.336566869,-10.663433131,[9,2,2,6,6,3,0,3,1,1,0,9,6,9,3,5,2,1,5,2,6,5,6,9,9,2,3,0,5,0],"SA","rep",10,10,30,0.95,10000,35.4387288094,5000,-1,50,0.05,0.1],[8,210,35.336566869,-10.663433131,[9,2,2,6,6,3,0,3,1,1,0,9,6,9,3,5,2,1,5,2,6,5,6,9,9,2,3,0,5,0],"SA","rep",10,10,30,0.95,10000,35.5133309364,5000,-1,50,0.05,0.1],[8,225,35.336566869,-10.663433131,[9,2,2,6,6,3,0,3,1,1,0,9,6,9,3,5,2,1,5,2,6,5,6,9,9,2,3,0,5,0],"SA","rep",10,10,30,0.95,10000,35.4865427017,5000,-1,50,0.05,0.1],[8,240,35.336566869,-10.663433131,[9,2,2,6,6,3,0,3,1,1,0,9,6,9,3,5,2,1,5,2,6,5,6,9,9,2,3,0,5,0],"SA","rep",10,10,30,0.95,10000,35.5039060116,5000,-1,50,0.05,0.1],[8,255,35.336566869,-10.663433131,[9,2,2,6,6,3,0,3,1,1,0,9,6,9,3,5,2,1,5,2,6,5,6,9,9,2,3,0,5,0],"SA","rep",10,10,30,0.95,10000,35.5909948349,5000,-1,50,0.05,0.1],[8,270,35.336566869,-10.663433131,[9,2,2,6,6,3,0,3,1,1,0,9,6,9,3,5,2,1,5,2,6,5,6,9,9,2,3,0,5,0],"SA","rep",10,10,30,0.95,10000,35.5372834206,5000,-1,50,0.05,0.1],[8,285,35.336566869,-10.663433131,[9,2,2,6,6,3,0,3,1,1,0,9,6,9,3,5,2,1,5,2,6,5,6,9,9,2,3,0,5,0],"SA","rep",10,10,30,0.95,10000,35.4340541363,5000,-1,50,0.05,0.1],[8,300,35.336566869,-10.663433131,[9,2,2,6,6,3,0,3,1,1,0,9,6,9,3,5,2,1,5,2,6,5,6,9,9,2,3,0,5,0],"SA","rep",10,10,30,0.95,10000,35.5212609768,5000,-1,50,0.05,0.1],[8,315,35.336566869,-10.663433131,[9,2,2,6,6,3,0,3,1,1,0,9,6,9,3,5,2,1,5,2,6,5,6,9,9,2,3,0,5,0],"SA","rep",10,10,30,0.95,10000,35.5466947556,5000,-1,50,0.05,0.1],[8,330,35.336566869,-10.663433131,[9,2,2,6,6,3,0,3,1,1,0,9,6,9,3,5,2,1,5,2,6,5,6,9,9,2,3,0,5,0],"SA","rep",10,10,30,0.95,10000,35.500007391,5000,-1,50,0.05,0.1],[8,345,35.336566869,-10.663433131,[9,2,2,6,6,3,0,3,1,1,0,9,6,9,3,5,2,1,5,2,6,5,6,9,9,2,3,0,5,0],"SA","rep",10,10,30,0.95,10000,35.4016993046,5000,-1,50,0.05,0.1],[8,360,35.336566869,-10.663433131,[9,2,2,6,6,3,0,3,1,1,0,9,6,9,3,5,2,1,5,2,6,5,6,9,9,2,3,0,5,0],"SA","rep",10,10,30,0.95,10000,35.4254302979,5000,-1,50,0.05,0.1],[8,375,35.336566869,-10.663433131,[9,2,2,6,6,3,0,3,1,1,0,9,6,9,3,5,2,1,5,2,6,5,6,9,9,2,3,0,5,0],"SA","rep",10,10,30,0.95,10000,35.4112613201,5000,-1,50,0.05,0.1],[8,390,35.336566869,-10.663433131,[9,2,2,6,6,3,0,3,1,1,0,9,6,9,3,5,2,1,5,2,6,5,6,9,9,2,3,0,5,0],"SA","rep",10,10,30,0.95,10000,35.4924683571,5000,-1,50,0.05,0.1],[8,405,35.336566869,-10.663433131,[9,2,2,6,6,3,0,3,1,1,0,9,6,9,3,5,2,1,5,2,6,5,6,9,9,2,3,0,5,0],"SA","rep",10,10,30,0.95,10000,35.5758368969,5000,-1,50,0.05,0.1],[8,420,35.336566869,-10.663433131,[9,2,2,6,6,3,0,3,1,1,0,9,6,9,3,5,2,1,5,2,6,5,6,9,9,2,3,0,5,0],"SA","rep",10,10,30,0.95,10000,35.4579362869,5000,-1,50,0.05,0.1],[8,435,35.336566869,-10.663433131,[9,2,2,6,6,3,0,3,1,1,0,9,6,9,3,5,2,1,5,2,6,5,6,9,9,2,3,0,5,0],"SA","rep",10,10,30,0.95,10000,35.4627420902,5000,-1,50,0.05,0.1],[8,450,35.336566869,-10.663433131,[9,2,2,6,6,3,0,3,1,1,0,9,6,9,3,5,2,1,5,2,6,5,6,9,9,2,3,0,5,0],"SA","rep",10,10,30,0.95,10000,35.5291852951,5000,-1,50,0.05,0.1],[8,465,35.336566869,-10.663433131,[9,2,2,6,6,3,0,3,1,1,0,9,6,9,3,5,2,1,5,2,6,5,6,9,9,2,3,0,5,0],"SA","rep",10,10,30,0.95,10000,35.5475919247,5000,-1,50,0.05,0.1],[8,480,35.336566869,-10.663433131,[9,2,2,6,6,3,0,3,1,1,0,9,6,9,3,5,2,1,5,2,6,5,6,9,9,2,3,0,5,0],"SA","rep",10,10,30,0.95,10000,35.445025444,5000,-1,50,0.05,0.1],[8,495,35.336566869,-10.663433131,[9,2,2,6,6,3,0,3,1,1,0,9,6,9,3,5,2,1,5,2,6,5,6,9,9,2,3,0,5,0],"SA","rep",10,10,30,0.95,10000,35.5395667553,5000,-1,50,0.05,0.1],[8,510,35.336566869,-10.663433131,[9,2,2,6,6,3,0,3,1,1,0,9,6,9,3,5,2,1,5,2,6,5,6,9,9,2,3,0,5,0],"SA","rep",10,10,30,0.95,10000,35.5307278633,5000,-1,50,0.05,0.1],[8,525,35.336566869,-10.663433131,[9,2,2,6,6,3,0,3,1,1,0,9,6,9,3,5,2,1,5,2,6,5,6,9,9,2,3,0,5,0],"SA","rep",10,10,30,0.95,10000,35.4839088917,5000,-1,50,0.05,0.1],[8,540,35.336566869,-10.663433131,[9,2,2,6,6,3,0,3,1,1,0,9,6,9,3,5,2,1,5,2,6,5,6,9,9,2,3,0,5,0],"SA","rep",10,10,30,0.95,10000,35.5158517361,5000,-1,50,0.05,0.1],[8,555,35.336566869,-10.663433131,[9,2,2,6,6,3,0,3,1,1,0,9,6,9,3,5,2,1,5,2,6,5,6,9,9,2,3,0,5,0],"SA","rep",10,10,30,0.95,10000,35.373704195,5000,-1,50,0.05,0.1],[8,570,35.336566869,-10.663433131,[9,2,2,6,6,3,0,3,1,1,0,9,6,9,3,5,2,1,5,2,6,5,6,9,9,2,3,0,5,0],"SA","rep",10,10,30,0.95,10000,35.5043394566,5000,-1,50,0.05,0.1],[8,585,35.336566869,-10.663433131,[9,2,2,6,6,3,0,3,1,1,0,9,6,9,3,5,2,1,5,2,6,5,6,9,9,2,3,0,5,0],"SA","rep",10,10,30,0.95,10000,35.456615448,5000,-1,50,0.05,0.1],[8,600,35.336566869,-10.663433131,[9,2,2,6,6,3,0,3,1,1,0,9,6,9,3,5,2,1,5,2,6,5,6,9,9,2,3,0,5,0],"SA","rep",10,10,30,0.95,10000,35.5918745995,5000,-1,50,0.05,0.1],[8,615,35.336566869,-10.663433131,[9,2,2,6,6,3,0,3,1,1,0,9,6,9,3,5,2,1,5,2,6,5,6,9,9,2,3,0,5,0],"SA","rep",10,10,30,0.95,10000,35.5402057171,5000,-1,50,0.05,0.1],[8,630,35.336566869,-10.663433131,[9,2,2,6,6,3,0,3,1,1,0,9,6,9,3,5,2,1,5,2,6,5,6,9,9,2,3,0,5,0],"SA","rep",10,10,30,0.95,10000,35.4453818798,5000,-1,50,0.05,0.1],[8,645,35.336566869,-10.663433131,[9,2,2,6,6,3,0,3,1,1,0,9,6,9,3,5,2,1,5,2,6,5,6,9,9,2,3,0,5,0],"SA","rep",10,10,30,0.95,10000,35.4851362705,5000,-1,50,0.05,0.1],[8,660,35.336566869,-10.663433131,[9,2,2,6,6,3,0,3,1,1,0,9,6,9,3,5,2,1,5,2,6,5,6,9,9,2,3,0,5,0],"SA","rep",10,10,30,0.95,10000,35.4461212158,5000,-1,50,0.05,0.1],[8,675,35.336566869,-10.663433131,[9,2,2,6,6,3,0,3,1,1,0,9,6,9,3,5,2,1,5,2,6,5,6,9,9,2,3,0,5,0],"SA","rep",10,10,30,0.95,10000,35.4501650333,5000,-1,50,0.05,0.1],[8,690,35.336566869,-10.663433131,[9,2,2,6,6,3,0,3,1,1,0,9,6,9,3,5,2,1,5,2,6,5,6,9,9,2,3,0,5,0],"SA","rep",10,10,30,0.95,10000,35.4241826534,5000,-1,50,0.05,0.1],[8,705,35.336566869,-10.663433131,[9,2,2,6,6,3,0,3,1,1,0,9,6,9,3,5,2,1,5,2,6,5,6,9,9,2,3,0,5,0],