{"columns":["ite","time","q","scaled_eu","z","solver","attacker","|Q|","|X|","|T|","rho","k","utility_time","RS_iters","mcts_iters","sa_iters","eps","lr"],"index":[0,1,2,3,4,5,6,7,8,9,10,11,12,13,14,15,16,17,18,19,20,21,22,23,24,25,26,27,28,29,30,31,32,33,34,35,36,37,38,39,40,41,42,43,44,45,46,47,48,49,50,51,52,53,54,55,56,57,58,59,60,61,62,63,64,65,66,67,68,69,70,71,72,73,74,75,76,77,78,79],"data":[[5,15,25.5169701725,-20.4830298275,[9,6,7,9,9,8,0,6,9,5,1,4,5,9,3,4,1,0,9,8,3,3,8,4,7,1,7,9,8,7],"SA","rep",10,10,30,0.95,10000,31.7335891724,5000,-1,50,0.05,0.1],[5,30,25.5169701725,-20.4830298275,[9,2,2,8,6,3,1,6,9,5,6,0,8,1,2,5,1,4,0,2,4,7,6,3,3,1,7,7,6,8],"SA","rep",10,10,30,0.95,10000,31.6781821251,5000,-1,50,0.05,0.1],[5,45,25.5169701725,-20.4830298275,[9,2,2,8,6,3,1,6,9,5,6,0,8,1,2,5,1,4,0,2,4,7,6,3,3,1,7,7,6,8],"SA","rep",10,10,30,0.95,10000,31.6517553329,5000,-1,50,0.05,0.1],[5,60,29.5768205442,-16.4231794558,[9,3,6,6,6,9,0,3,6,5,0,7,5,9,2,0,2,2,7,3,4,9,4,2,9,6,2,0,0,4],"SA","rep",10,10,30,0.95,10000,31.638478756,5000,-1,50,0.05,0.1],[5,75,33.3163320134,-12.6836679866,[9,2,2,4,6,3,0,3,6,5,0,0,7,9,2,3,8,2,8,3,4,0,8,1,3,5,2,0,5,7],"SA","rep",10,10,30,0.95,10000,31.6628131866,5000,-1,50,0.05,0.1],[5,90,33.3163320134,-12.6836679866,[9,2,2,4,6,3,0,3,6,5,0,0,7,9,2,3,8,2,8,3,4,0,8,1,3,5,2,0,5,7],"SA","rep",10,10,30,0.95,10000,31.7131726742,5000,-1,50,0.05,0.1],[5,105,33.3163320134,-12.6836679866,[9,2,2,4,6,3,0,3,6,5,0,0,7,9,2,3,8,2,8,3,4,0,8,1,3,5,2,0,5,7],"SA","rep",10,10,30,0.95,10000,31.688324213,5000,-1,50,0.05,0.1],[5,120,33.3163320134,-12.6836679866,[9,2,2,4,6,3,0,3,6,5,0,0,7,9,2,3,8,2,8,3,4,0,8,1,3,5,2,0,5,7],"SA","rep",10,10,30,0.95,10000,31.6493270397,5000,-1,50,0.05,0.1],[5,135,33.3163320134,-12.6836679866,[9,2,2,4,6,3,0,3,6,5,0,0,7,9,2,3,8,2,8,3,4,0,8,1,3,5,2,0,5,7],"SA","rep",10,10,30,0.95,10000,31.7126250267,5000,-1,50,0.05,0.1],[5,150,33.3163320134,-12.6836679866,[9,2,2,4,6,3,0,3,6,5,0,0,7,9,2,3,8,2,8,3,4,0,8,1,3,5,2,0,5,7],"SA","rep",10,10,30,0.95,10000,31.6779191494,5000,-1,50,0.05,0.1],[5,165,33.3163320134,-12.6836679866,[9,2,2,4,6,3,0,3,6,5,0,0,7,9,2,3,8,2,8,3,4,0,8,1,3,5,2,0,5,7],"SA","rep",10,10,30,0.95,10000,31.7279715538,5000,-1,50,0.05,0.1],[5,180,33.3163320134,-12.6836679866,[9,2,2,4,6,3,0,3,6,5,0,0,7,9,2,3,8,2,8,3,4,0,8,1,3,5,2,0,5,7],"SA","rep",10,10,30,0.95,10000,31.6738836765,5000,-1,50,0.05,0.1],[5,195,33.3163320134,-12.6836679866,[9,2,2,4,6,3,0,3,6,5,0,0,7,9,2,3,8,2,8,3,4,0,8,1,3,5,2,0,5,7],"SA","rep",10,10,30,0.95,10000,31.6410179138,5000,-1,50,0.05,0.1],[5,210,33.3163320134,-12.6836679866,[9,2,2,4,6,3,0,3,6,5,0,0,7,9,2,3,8,2,8,3,4,0,8,1,3,5,2,0,5,7],"SA","rep",10,10,30,0.95,10000,31.6997299194,5000,-1,50,0.05,0.1],[5,225,33.3163320134,-12.6836679866,[9,2,2,4,6,3,0,3,6,5,0,0,7,9,2,3,8,2,8,3,4,0,8,1,3,5,2,0,5,7],"SA","rep",10,10,30,0.95,10000,31.6234004498,5000,-1,50,0.05,0.1],[5,240,33.3163320134,-12.6836679866,[9,2,2,4,6,3,0,3,6,5,0,0,7,9,2,3,8,2,8,3,4,0,8,1,3,5,2,0,5,7],"SA","rep",10,10,30,0.95,10000,31.7741725445,5000,-1,50,0.05,0.1],[5,255,33.3163320134,-12.6836679866,[9,2,2,4,6,3,0,3,6,5,0,0,7,9,2,3,8,2,8,3,4,0,8,1,3,5,2,0,5,7],"SA","rep",10,10,30,0.95,10000,31.7145223618,5000,-1,50,0.05,0.1],[5,270,33.3163320134,-12.6836679866,[9,2,2,4,6,3,0,3,6,5,0,0,7,9,2,3,8,2,8,3,4,0,8,1,3,5,2,0,5,7],"SA","rep",10,10,30,0.95,10000,31.6734483242,5000,-1,50,0.05,0.1],[5,285,33.3163320134,-12.6836679866,[9,2,2,4,6,3,0,3,6,5,0,0,7,9,2,3,8,2,8,3,4,0,8,1,3,5,2,0,5,7],"SA","rep",10,10,30,0.95,10000,31.6770730019,5000,-1,50,0.05,0.1],[5,300,33.3163320134,-12.6836679866,[9,2,2,4,6,3,0,3,6,5,0,0,7,9,2,3,8,2,8,3,4,0,8,1,3,5,2,0,5,7],"SA","rep",10,10,30,0.95,10000,31.5846743584,5000,-1,50,0.05,0.1],[5,315,33.3163320134,-12.6836679866,[9,2,2,4,6,3,0,3,6,5,0,0,7,9,2,3,8,2,8,3,4,0,8,1,3,5,2,0,5,7],"SA","rep",10,10,30,0.95,10000,31.764570713,5000,-1,50,0.05,0.1],[5,330,33.3163320134,-12.6836679866,[9,2,2,4,6,3,0,3,6,5,0,0,7,9,2,3,8,2,8,3,4,0,8,1,3,5,2,0,5,7],"SA","rep",10,10,30,0.95,10000,31.7277078629,5000,-1,50,0.05,0.1],[5,345,33.3163320134,-12.6836679866,[9,2,2,4,6,3,0,3,6,5,0,0,7,9,2,3,8,2,8,3,4,0,8,1,3,5,2,0,5,7],"SA","rep",10,10,30,0.95,10000,31.6467220783,5000,-1,50,0.05,0.1],[5,360,33.3163320134,-12.6836679866,[9,2,2,4,6,3,0,3,6,5,0,0,7,9,2,3,8,2,8,3,4,0,8,1,3,5,2,0,5,7],"SA","rep",10,10,30,0.95,10000,31.6976091862,5000,-1,50,0.05,0.1],[5,375,33.3163320134,-12.6836679866,[9,2,2,4,6,3,0,3,6,5,0,0,7,9,2,3,8,2,8,3,4,0,8,1,3,5,2,0,5,7],"SA","rep",10,10,30,0.95,10000,31.6517467499,5000,-1,50,0.05,0.1],[5,390,33.3163320134,-12.6836679866,[9,2,2,4,6,3,0,3,6,5,0,0,7,9,2,3,8,2,8,3,4,0,8,1,3,5,2,0,5,7],"SA","rep",10,10,30,0.95,10000,31.7538123131,5000,-1,50,0.05,0.1],[5,405,33.3163320134,-12.6836679866,[9,2,2,4,6,3,0,3,6,5,0,0,7,9,2,3,8,2,8,3,4,0,8,1,3,5,2,0,5,7],"SA","rep",10,10,30,0.95,10000,31.757106781,5000,-1,50,0.05,0.1],[5,420,33.3163320134,-12.6836679866,[9,2,2,4,6,3,0,3,6,5,0,0,7,9,2,3,8,2,8,3,4,0,8,1,3,5,2,0,5,7],"SA","rep",10,10,30,0.95,10000,31.7281570435,5000,-1,50,0.05,0.1],[5,435,33.3163320134,-12.6836679866,[9,2,2,4,6,3,0,3,6,5,0,0,7,9,2,3,8,2,8,3,4,0,8,1,3,5,2,0,5,7],"SA","rep",10,10,30,0.95,10000,31.6731202602,5000,-1,50,0.05,0.1],[5,450,33.3163320134,-12.6836679866,[9,2,2,4,6,3,0,3,6,5,0,0,7,9,2,3,8,2,8,3,4,0,8,1,3,5,2,0,5,7],"SA","rep",10,10,30,0.95,10000,31.7108192444,5000,-1,50,0.05,0.1],[5,465,33.3163320134,-12.6836679866,[9,2,2,4,6,3,0,3,6,5,0,0,7,9,2,3,8,2,8,3,4,0,8,1,3,5,2,0,5,7],"SA","rep",10,10,30,0.95,10000,31.6531770229,5000,-1,50,0.05,0.1],[5,480,33.3163320134,-12.6836679866,[9,2,2,4,6,3,0,3,6,5,0,0,7,9,2,3,8,2,8,3,4,0,8,1,3,5,2,0,5,7],"SA","rep",10,10,30,0.95,10000,31.5951149464,5000,-1,50,0.05,0.1],[5,495,33.3163320134,-12.6836679866,[9,2,2,4,6,3,0,3,6,5,0,0,7,9,2,3,8,2,8,3,4,0,8,1,3,5,2,0,5,7],"SA","rep",10,10,30,0.95,10000,31.7374897003,5000,-1,50,0.05,0.1],[5,510,33.3163320134,-12.6836679866,[9,2,2,4,6,3,0,3,6,5,0,0,7,9,2,3,8,2,8,3,4,0,8,1,3,5,2,0,5,7],"SA","rep",10,10,30,0.95,10000,31.7226085663,5000,-1,50,0.05,0.1],[5,525,33.3163320134,-12.6836679866,[9,2,2,4,6,3,0,3,6,5,0,0,7,9,2,3,8,2,8,3,4,0,8,1,3,5,2,0,5,7],"SA","rep",10,10,30,0.95,10000,31.7093501091,5000,-1,50,0.05,0.1],[5,540,33.3163320134,-12.6836679866,[9,2,2,4,6,3,0,3,6,5,0,0,7,9,2,3,8,2,8,3,4,0,8,1,3,5,2,0,5,7],"SA","rep",10,10,30,0.95,10000,31.7175216675,5000,-1,50,0.05,0.1],[5,555,33.3163320134,-12.6836679866,[9,2,2,4,6,3,0,3,6,5,0,0,7,9,2,3,8,2,8,3,4,0,8,1,3,5,2,0,5,7],"SA","rep",10,10,30,0.95,10000,31.6927304268,5000,-1,50,0.05,0.1],[5,570,33.3163320134,-12.6836679866,[9,2,2,4,6,3,0,3,6,5,0,0,7,9,2,3,8,2,8,3,4,0,8,1,3,5,2,0,5,7],"SA","rep",10,10,30,0.95,10000,31.7345495224,5000,-1,50,0.05,0.1],[5,585,33.3163320134,-12.6836679866,[9,2,2,4,6,3,0,3,6,5,0,0,7,9,2,3,8,2,8,3,4,0,8,1,3,5,2,0,5,7],"SA","rep",10,10,30,0.95,10000,31.7559866905,5000,-1,50,0.05,0.1],[5,600,33.3163320134,-12.6836679866,[9,2,2,4,6,3,0,3,6,5,0,0,7,9,2,3,8,2,8,3,4,0,8,1,3,5,2,0,5,7],"SA","rep",10,10,30,0.95,10000,31.767115593,5000,-1,50,0.05,0.1],[5,615,33.3163320134,-12.6836679866,[9,2,2,4,6,3,0,3,6,5,0,0,7,9,2,3,8,2,8,3,4,0,8,1,3,5,2,0,5,7],"SA","rep",10,10,30,0.95,10000,31.7179934978,5000,-1,50,0.05,0.1],[5,630,33.3163320134,-12.6836679866,[9,2,2,4,6,3,0,3,6,5,0,0,7,9,2,3,8,2,8,3,4,0,8,1,3,5,2,0,5,7],"SA","rep",10,10,30,0.95,10000,31.7100937366,5000,-1,50,0.05,0.1],[5,645,33.3163320134,-12.6836679866,[9,2,2,4,6,3,0,3,6,5,0,0,7,9,2,3,8,2,8,3,4,0,8,1,3,5,2,0,5,7],"SA","rep",10,10,30,0.95,10000,31.735158205,5000,-1,50,0.05,0.1],[5,660,33.3163320134,-12.6836679866,[9,2,2,4,6,3,0,3,6,5,0,0,7,9,2,3,8,2,8,3,4,0,8,1,3,5,2,0,5,7],"SA","rep",10,10,30,0.95,10000,31.7381606102,5000,-1,50,0.05,0.1],[5,675,33.3163320134,-12.6836679866,[9,2,2,4,6,3,0,3,6,5,0,0,7,9,2,3,8,2,8,3,4,0,8,1,3,5,2,0,5,7],"SA","rep",10,10,30,0.95,10000,31.6954863071,5000,-1,50,0.05,0.1],[5,690,33.3163320134,-12.6836679866,[9,2,2,4,6,3,0,3,6,5,0,0,7,9,2,3,8,2,8,3,4,0,8,1,3,5,2,0,5,7],