{"columns":["ite","time","q","scaled_eu","z","solver","attacker","|Q|","|X|","|T|","rho","k","utility_time","RS_iters","mcts_iters","sa_iters","eps","lr"],"index":[0,1,2,3,4,5,6,7,8,9,10,11,12,13,14,15,16,17,18,19,20,21,22,23,24,25,26,27,28,29,30,31,32,33,34,35,36,37,38,39,40,41,42,43,44,45,46,47,48,49,50,51,52,53,54,55,56,57,58,59,60,61,62,63,64,65,66,67,68,69,70,71,72,73,74,75,76,77,78,79],"data":[[7,15,22.4317202933,-23.5682797067,[1,5,0,7,6,7,9,3,6,9,4,5,1,9,7,9,2,6,5,0,9,0,8,6,5,3,7,2,5,2],"SA","rep",10,10,30,0.95,10000,34.8873107433,5000,-1,50,0.05,0.1],[7,30,22.4317202933,-23.5682797067,[0,5,2,4,7,2,9,1,7,5,1,3,8,9,0,7,6,0,7,5,8,0,8,0,0,1,7,5,5,4],"SA","rep",10,10,30,0.95,10000,34.9212899208,5000,-1,50,0.05,0.1],[7,45,27.4010614628,-18.5989385372,[8,8,2,4,6,7,9,5,8,5,4,5,8,9,0,9,2,2,0,9,9,0,8,0,9,6,1,4,6,7],"SA","rep",10,10,30,0.95,10000,34.9096353054,5000,-1,50,0.05,0.1],[7,60,32.5330957191,-13.4669042809,[9,8,2,4,6,6,9,9,8,5,0,0,9,9,3,5,2,0,7,0,9,0,8,9,9,8,7,1,6,7],"SA","rep",10,10,30,0.95,10000,34.9776158333,5000,-1,50,0.05,0.1],[7,75,33.5965005208,-12.4034994792,[9,2,2,4,6,6,6,9,8,5,0,0,9,9,3,5,2,0,5,3,9,0,8,9,9,0,4,1,0,7],"SA","rep",10,10,30,0.95,10000,34.9252793789,5000,-1,50,0.05,0.1],[7,90,38.5824293437,-7.4175706563,[2,2,2,4,6,8,9,0,8,5,0,0,5,9,3,5,2,6,3,3,4,0,8,4,9,1,7,1,0,7],"SA","rep",10,10,30,0.95,10000,34.9772620201,5000,-1,50,0.05,0.1],[7,105,42.5028200801,-3.4971799199,[9,2,2,4,6,1,8,3,8,5,0,0,5,9,3,5,2,9,3,3,4,0,8,4,9,1,7,0,0,7],"SA","rep",10,10,30,0.95,10000,34.9631617069,5000,-1,50,0.05,0.1],[7,120,44.4472303811,-1.5527696189,[9,2,2,4,6,1,0,3,8,5,0,0,5,9,3,5,2,2,3,3,4,0,8,4,9,1,7,0,6,7],"SA","rep",10,10,30,0.95,10000,34.9782152176,5000,-1,50,0.05,0.1],[7,135,44.4472303811,-1.5527696189,[1,2,3,5,6,1,8,2,8,1,0,6,5,0,4,7,2,5,4,3,4,1,8,4,9,2,7,1,5,0],"SA","rep",10,10,30,0.95,10000,34.9071421623,5000,-1,50,0.05,0.1],[7,150,44.4472303811,-1.5527696189,[1,2,3,5,6,1,8,2,8,1,0,6,5,0,4,7,2,5,4,3,4,1,8,4,9,2,7,1,5,0],"SA","rep",10,10,30,0.95,10000,35.0459849834,5000,-1,50,0.05,0.1],[7,165,44.4472303811,-1.5527696189,[1,2,3,5,6,1,8,2,8,1,0,6,5,0,4,7,2,5,4,3,4,1,8,4,9,2,7,1,5,0],"SA","rep",10,10,30,0.95,10000,34.9167044163,5000,-1,50,0.05,0.1],[7,180,44.4472303811,-1.5527696189,[1,2,3,5,6,1,8,2,8,1,0,6,5,0,4,7,2,5,4,3,4,1,8,4,9,2,7,1,5,0],"SA","rep",10,10,30,0.95,10000,35.0075571537,5000,-1,50,0.05,0.1],[7,195,44.4472303811,-1.5527696189,[1,2,3,5,6,1,8,2,8,1,0,6,5,0,4,7,2,5,4,3,4,1,8,4,9,2,7,1,5,0],"SA","rep",10,10,30,0.95,10000,34.8869087696,5000,-1,50,0.05,0.1],[7,210,44.4472303811,-1.5527696189,[1,2,3,5,6,1,8,2,8,1,0,6,5,0,4,7,2,5,4,3,4,1,8,4,9,2,7,1,5,0],"SA","rep",10,10,30,0.95,10000,34.9870929718,5000,-1,50,0.05,0.1],[7,225,44.4472303811,-1.5527696189,[1,2,3,5,6,1,8,2,8,1,0,6,5,0,4,7,2,5,4,3,4,1,8,4,9,2,7,1,5,0],"SA","rep",10,10,30,0.95,10000,34.9987347126,5000,-1,50,0.05,0.1],[7,240,44.4472303811,-1.5527696189,[1,2,3,5,6,1,8,2,8,1,0,6,5,0,4,7,2,5,4,3,4,1,8,4,9,2,7,1,5,0],"SA","rep",10,10,30,0.95,10000,34.9353125095,5000,-1,50,0.05,0.1],[7,255,44.4472303811,-1.5527696189,[1,2,3,5,6,1,8,2,8,1,0,6,5,0,4,7,2,5,4,3,4,1,8,4,9,2,7,1,5,0],"SA","rep",10,10,30,0.95,10000,35.0972816944,5000,-1,50,0.05,0.1],[7,270,44.4472303811,-1.5527696189,[1,2,3,5,6,1,8,2,8,1,0,6,5,0,4,7,2,5,4,3,4,1,8,4,9,2,7,1,5,0],"SA","rep",10,10,30,0.95,10000,34.9697129726,5000,-1,50,0.05,0.1],[7,285,44.4472303811,-1.5527696189,[1,2,3,5,6,1,8,2,8,1,0,6,5,0,4,7,2,5,4,3,4,1,8,4,9,2,7,1,5,0],"SA","rep",10,10,30,0.95,10000,35.0073173046,5000,-1,50,0.05,0.1],[7,300,44.4472303811,-1.5527696189,[1,2,3,5,6,1,8,2,8,1,0,6,5,0,4,7,2,5,4,3,4,1,8,4,9,2,7,1,5,0],"SA","rep",10,10,30,0.95,10000,34.9806334972,5000,-1,50,0.05,0.1],[7,315,44.4472303811,-1.5527696189,[1,2,3,5,6,1,8,2,8,1,0,6,5,0,4,7,2,5,4,3,4,1,8,4,9,2,7,1,5,0],"SA","rep",10,10,30,0.95,10000,34.9495294094,5000,-1,50,0.05,0.1],[7,330,44.4472303811,-1.5527696189,[1,2,3,5,6,1,8,2,8,1,0,6,5,0,4,7,2,5,4,3,4,1,8,4,9,2,7,1,5,0],"SA","rep",10,10,30,0.95,10000,34.95002985,5000,-1,50,0.05,0.1],[7,345,44.4472303811,-1.5527696189,[1,2,3,5,6,1,8,2,8,1,0,6,5,0,4,7,2,5,4,3,4,1,8,4,9,2,7,1,5,0],"SA","rep",10,10,30,0.95,10000,35.0243756771,5000,-1,50,0.05,0.1],[7,360,44.4472303811,-1.5527696189,[1,2,3,5,6,1,8,2,8,1,0,6,5,0,4,7,2,5,4,3,4,1,8,4,9,2,7,1,5,0],"SA","rep",10,10,30,0.95,10000,34.8758440018,5000,-1,50,0.05,0.1],[7,375,44.4472303811,-1.5527696189,[1,2,3,5,6,1,8,2,8,1,0,6,5,0,4,7,2,5,4,3,4,1,8,4,9,2,7,1,5,0],"SA","rep",10,10,30,0.95,10000,34.8865325451,5000,-1,50,0.05,0.1],[7,390,44.4472303811,-1.5527696189,[1,2,3,5,6,1,8,2,8,1,0,6,5,0,4,7,2,5,4,3,4,1,8,4,9,2,7,1,5,0],"SA","rep",10,10,30,0.95,10000,34.9974551201,5000,-1,50,0.05,0.1],[7,405,44.4472303811,-1.5527696189,[1,2,3,5,6,1,8,2,8,1,0,6,5,0,4,7,2,5,4,3,4,1,8,4,9,2,7,1,5,0],"SA","rep",10,10,30,0.95,10000,34.9582483768,5000,-1,50,0.05,0.1],[7,420,44.4472303811,-1.5527696189,[1,2,3,5,6,1,8,2,8,1,0,6,5,0,4,7,2,5,4,3,4,1,8,4,9,2,7,1,5,0],"SA","rep",10,10,30,0.95,10000,35.0211668015,5000,-1,50,0.05,0.1],[7,435,44.4472303811,-1.5527696189,[1,2,3,5,6,1,8,2,8,1,0,6,5,0,4,7,2,5,4,3,4,1,8,4,9,2,7,1,5,0],"SA","rep",10,10,30,0.95,10000,35.0416796207,5000,-1,50,0.05,0.1],[7,450,44.4472303811,-1.5527696189,[1,2,3,5,6,1,8,2,8,1,0,6,5,0,4,7,2,5,4,3,4,1,8,4,9,2,7,1,5,0],"SA","rep",10,10,30,0.95,10000,34.9221901894,5000,-1,50,0.05,0.1],[7,465,44.4472303811,-1.5527696189,[1,2,3,5,6,1,8,2,8,1,0,6,5,0,4,7,2,5,4,3,4,1,8,4,9,2,7,1,5,0],"SA","rep",10,10,30,0.95,10000,34.9646186829,5000,-1,50,0.05,0.1],[7,480,44.4472303811,-1.5527696189,[1,2,3,5,6,1,8,2,8,1,0,6,5,0,4,7,2,5,4,3,4,1,8,4,9,2,7,1,5,0],"SA","rep",10,10,30,0.95,10000,34.9484431744,5000,-1,50,0.05,0.1],[7,495,44.4472303811,-1.5527696189,[1,2,3,5,6,1,8,2,8,1,0,6,5,0,4,7,2,5,4,3,4,1,8,4,9,2,7,1,5,0],"SA","rep",10,10,30,0.95,10000,34.9708194733,5000,-1,50,0.05,0.1],[7,510,44.4472303811,-1.5527696189,[1,2,3,5,6,1,8,2,8,1,0,6,5,0,4,7,2,5,4,3,4,1,8,4,9,2,7,1,5,0],"SA","rep",10,10,30,0.95,10000,35.0384123325,5000,-1,50,0.05,0.1],[7,525,44.4472303811,-1.5527696189,[1,2,3,5,6,1,8,2,8,1,0,6,5,0,4,7,2,5,4,3,4,1,8,4,9,2,7,1,5,0],"SA","rep",10,10,30,0.95,10000,34.9121284485,5000,-1,50,0.05,0.1],[7,540,44.4472303811,-1.5527696189,[1,2,3,5,6,1,8,2,8,1,0,6,5,0,4,7,2,5,4,3,4,1,8,4,9,2,7,1,5,0],"SA","rep",10,10,30,0.95,10000,34.9973909855,5000,-1,50,0.05,0.1],[7,555,44.4472303811,-1.5527696189,[1,2,3,5,6,1,8,2,8,1,0,6,5,0,4,7,2,5,4,3,4,1,8,4,9,2,7,1,5,0],"SA","rep",10,10,30,0.95,10000,34.9349617958,5000,-1,50,0.05,0.1],[7,570,44.4472303811,-1.5527696189,[1,2,3,5,6,1,8,2,8,1,0,6,5,0,4,7,2,5,4,3,4,1,8,4,9,2,7,1,5,0],"SA","rep",10,10,30,0.95,10000,35.0489127636,5000,-1,50,0.05,0.1],[7,585,44.4472303811,-1.5527696189,[1,2,3,5,6,1,8,2,8,1,0,6,5,0,4,7,2,5,4,3,4,1,8,4,9,2,7,1,5,0],"SA","rep",10,10,30,0.95,10000,35.0202395916,5000,-1,50,0.05,0.1],[7,600,44.4472303811,-1.5527696189,[1,2,3,5,6,1,8,2,8,1,0,6,5,0,4,7,2,5,4,3,4,1,8,4,9,2,7,1,5,0],"SA","rep",10,10,30,0.95,10000,35.0130376816,5000,-1,50,0.05,0.1],[7,615,44.4472303811,-1.5527696189,[1,2,3,5,6,1,8,2,8,1,0,6,5,0,4,7,2,5,4,3,4,1,8,4,9,2,7,1,5,0],"SA","rep",10,10,30,0.95,10000,34.9321510792,5000,-1,50,0.05,0.1],[7,630,44.4472303811,-1.5527696189,[1,2,3,5,6,1,8,2,8,1,0,6,5,0,4,7,2,5,4,3,4,1,8,4,9,2,7,1,5,0],"SA","rep",10,10,30,0.95,10000,34.9382603168,5000,-1,50,0.05,0.1],[7,645,44.4472303811,-1.5527696189,[1,2,3,5,6,1,8,2,8,1,0,6,5,0,4,7,2,5,4,3,4,1,8,4,9,2,7,1,5,0],"SA","rep",10,10,30,0.95,10000,34.9547729492,5000,-1,50,0.05,0.1],[7,660,44.4472303811,-1.5527696189,[1,2,3,5,6,1,8,2,8,1,0,6,5,0,4,7,2,5,4,3,4,1,8,4,9,2,7,1,5,0],"SA","rep",10,10,30,0.95,10000,34.9775102139,5000,-1,50,0.05,0.1],[7,675,44.4472303811,-1.5527696189,[1,2,3,5,6,1,8,2,8,1,0,6,5,0,4,7,2,5,4,3,4,1,8,4,9,2,7,1,5,0],"SA","rep",10,10,30,0.95,10000,34.9033734798,5000,-1,50,0.05,0.1],[7,690,44.4472303811,-1.5527696189,[1,2,3,5,6,1,8,2,8,1,0,6,5,0,4,7,2,5,4,3,4,1,8,4,9,2,7,1,5,0],"SA","rep",10,10,30,0.95,10000,35.0290176868,5000,-1,50,0.05,0.1],[7,705,44.4472303811,-1.5527696189,[1,2,3,5,6,1,8,2,8,1,0,6,5,0,4,7,2,5,4,3,4,1,8,4,9,2,7,1,5,0],