{"columns":["ite","time","q","scaled_eu","z","solver","attacker","|Q|","|X|","|T|","rho","k","utility_time","RS_iters","mcts_iters","sa_iters","eps","lr"],"index":[0,1,2,3,4,5,6,7,8,9,10,11,12,13,14,15,16,17,18,19,20,21,22,23,24,25,26,27,28,29,30,31,32,33,34,35,36,37,38,39,40,41,42,43,44,45,46,47,48,49,50,51,52,53,54,55,56,57,58,59,60,61,62,63,64,65,66,67,68,69,70,71,72,73,74,75,76,77,78,79],"data":[[9,15,18.491472243,-27.508527757,[8,2,9,1,4,5,1,5,0,0,9,4,8,0,5,5,3,4,6,1,7,2,4,3,4,1,1,7,0,8],"SA","rep",10,10,30,0.95,10000,35.2824850082,5000,-1,50,0.05,0.1],[9,30,24.5206419249,-21.4793580751,[5,2,5,2,6,4,4,3,9,1,0,3,3,4,5,4,3,2,7,3,4,3,0,1,5,1,6,7,0,7],"SA","rep",10,10,30,0.95,10000,35.272176981,5000,-1,50,0.05,0.1],[9,45,26.5020495733,-19.4979504267,[9,2,5,2,4,0,2,8,9,0,0,4,5,9,3,4,8,2,6,4,4,0,8,1,8,0,2,7,0,7],"SA","rep",10,10,30,0.95,10000,35.2967944145,5000,-1,50,0.05,0.1],[9,60,26.5020495733,-19.4979504267,[2,2,2,4,6,3,2,2,0,0,1,7,5,4,5,5,1,2,3,7,4,5,8,8,8,5,8,1,8,7],"SA","rep",10,10,30,0.95,10000,35.304012537,5000,-1,50,0.05,0.1],[9,75,26.5020495733,-19.4979504267,[2,2,2,4,6,3,2,2,0,0,1,7,5,4,5,5,1,2,3,7,4,5,8,8,8,5,8,1,8,7],"SA","rep",10,10,30,0.95,10000,35.2347009182,5000,-1,50,0.05,0.1],[9,90,26.5020495733,-19.4979504267,[2,2,2,4,6,3,2,2,0,0,1,7,5,4,5,5,1,2,3,7,4,5,8,8,8,5,8,1,8,7],"SA","rep",10,10,30,0.95,10000,35.2381474972,5000,-1,50,0.05,0.1],[9,105,26.5020495733,-19.4979504267,[2,2,2,4,6,3,2,2,0,0,1,7,5,4,5,5,1,2,3,7,4,5,8,8,8,5,8,1,8,7],"SA","rep",10,10,30,0.95,10000,35.2596600056,5000,-1,50,0.05,0.1],[9,120,26.5020495733,-19.4979504267,[2,2,2,4,6,3,2,2,0,0,1,7,5,4,5,5,1,2,3,7,4,5,8,8,8,5,8,1,8,7],"SA","rep",10,10,30,0.95,10000,35.3490347862,5000,-1,50,0.05,0.1],[9,135,26.5020495733,-19.4979504267,[2,2,2,4,6,3,2,2,0,0,1,7,5,4,5,5,1,2,3,7,4,5,8,8,8,5,8,1,8,7],"SA","rep",10,10,30,0.95,10000,35.3080263138,5000,-1,50,0.05,0.1],[9,150,26.5020495733,-19.4979504267,[2,2,2,4,6,3,2,2,0,0,1,7,5,4,5,5,1,2,3,7,4,5,8,8,8,5,8,1,8,7],"SA","rep",10,10,30,0.95,10000,35.2685592175,5000,-1,50,0.05,0.1],[9,165,26.5020495733,-19.4979504267,[2,2,2,4,6,3,2,2,0,0,1,7,5,4,5,5,1,2,3,7,4,5,8,8,8,5,8,1,8,7],"SA","rep",10,10,30,0.95,10000,35.1617958546,5000,-1,50,0.05,0.1],[9,180,26.5020495733,-19.4979504267,[2,2,2,4,6,3,2,2,0,0,1,7,5,4,5,5,1,2,3,7,4,5,8,8,8,5,8,1,8,7],"SA","rep",10,10,30,0.95,10000,35.274356842,5000,-1,50,0.05,0.1],[9,195,26.5020495733,-19.4979504267,[2,2,2,4,6,3,2,2,0,0,1,7,5,4,5,5,1,2,3,7,4,5,8,8,8,5,8,1,8,7],"SA","rep",10,10,30,0.95,10000,35.1942019463,5000,-1,50,0.05,0.1],[9,210,26.5020495733,-19.4979504267,[2,2,2,4,6,3,2,2,0,0,1,7,5,4,5,5,1,2,3,7,4,5,8,8,8,5,8,1,8,7],"SA","rep",10,10,30,0.95,10000,35.2464454174,5000,-1,50,0.05,0.1],[9,225,26.5020495733,-19.4979504267,[2,2,2,4,6,3,2,2,0,0,1,7,5,4,5,5,1,2,3,7,4,5,8,8,8,5,8,1,8,7],"SA","rep",10,10,30,0.95,10000,35.2698378563,5000,-1,50,0.05,0.1],[9,240,26.5020495733,-19.4979504267,[2,2,2,4,6,3,2,2,0,0,1,7,5,4,5,5,1,2,3,7,4,5,8,8,8,5,8,1,8,7],"SA","rep",10,10,30,0.95,10000,35.3426115513,5000,-1,50,0.05,0.1],[9,255,26.5020495733,-19.4979504267,[2,2,2,4,6,3,2,2,0,0,1,7,5,4,5,5,1,2,3,7,4,5,8,8,8,5,8,1,8,7],"SA","rep",10,10,30,0.95,10000,35.3027427197,5000,-1,50,0.05,0.1],[9,270,26.5020495733,-19.4979504267,[2,2,2,4,6,3,2,2,0,0,1,7,5,4,5,5,1,2,3,7,4,5,8,8,8,5,8,1,8,7],"SA","rep",10,10,30,0.95,10000,35.3113729954,5000,-1,50,0.05,0.1],[9,285,26.5020495733,-19.4979504267,[2,2,2,4,6,3,2,2,0,0,1,7,5,4,5,5,1,2,3,7,4,5,8,8,8,5,8,1,8,7],"SA","rep",10,10,30,0.95,10000,35.3809261322,5000,-1,50,0.05,0.1],[9,300,26.5020495733,-19.4979504267,[2,2,2,4,6,3,2,2,0,0,1,7,5,4,5,5,1,2,3,7,4,5,8,8,8,5,8,1,8,7],"SA","rep",10,10,30,0.95,10000,35.3918299675,5000,-1,50,0.05,0.1],[9,315,26.5020495733,-19.4979504267,[2,2,2,4,6,3,2,2,0,0,1,7,5,4,5,5,1,2,3,7,4,5,8,8,8,5,8,1,8,7],"SA","rep",10,10,30,0.95,10000,35.2998359203,5000,-1,50,0.05,0.1],[9,330,26.5020495733,-19.4979504267,[2,2,2,4,6,3,2,2,0,0,1,7,5,4,5,5,1,2,3,7,4,5,8,8,8,5,8,1,8,7],"SA","rep",10,10,30,0.95,10000,35.2928271294,5000,-1,50,0.05,0.1],[9,345,26.5020495733,-19.4979504267,[2,2,2,4,6,3,2,2,0,0,1,7,5,4,5,5,1,2,3,7,4,5,8,8,8,5,8,1,8,7],"SA","rep",10,10,30,0.95,10000,35.3010435104,5000,-1,50,0.05,0.1],[9,360,26.5020495733,-19.4979504267,[2,2,2,4,6,3,2,2,0,0,1,7,5,4,5,5,1,2,3,7,4,5,8,8,8,5,8,1,8,7],"SA","rep",10,10,30,0.95,10000,35.233423233,5000,-1,50,0.05,0.1],[9,375,26.5020495733,-19.4979504267,[2,2,2,4,6,3,2,2,0,0,1,7,5,4,5,5,1,2,3,7,4,5,8,8,8,5,8,1,8,7],"SA","rep",10,10,30,0.95,10000,35.2311825752,5000,-1,50,0.05,0.1],[9,390,26.5020495733,-19.4979504267,[2,2,2,4,6,3,2,2,0,0,1,7,5,4,5,5,1,2,3,7,4,5,8,8,8,5,8,1,8,7],"SA","rep",10,10,30,0.95,10000,35.2755568027,5000,-1,50,0.05,0.1],[9,405,26.5020495733,-19.4979504267,[2,2,2,4,6,3,2,2,0,0,1,7,5,4,5,5,1,2,3,7,4,5,8,8,8,5,8,1,8,7],"SA","rep",10,10,30,0.95,10000,35.2616732121,5000,-1,50,0.05,0.1],[9,420,26.5020495733,-19.4979504267,[2,2,2,4,6,3,2,2,0,0,1,7,5,4,5,5,1,2,3,7,4,5,8,8,8,5,8,1,8,7],"SA","rep",10,10,30,0.95,10000,35.3076395988,5000,-1,50,0.05,0.1],[9,435,26.5020495733,-19.4979504267,[2,2,2,4,6,3,2,2,0,0,1,7,5,4,5,5,1,2,3,7,4,5,8,8,8,5,8,1,8,7],"SA","rep",10,10,30,0.95,10000,35.2262544632,5000,-1,50,0.05,0.1],[9,450,26.5020495733,-19.4979504267,[2,2,2,4,6,3,2,2,0,0,1,7,5,4,5,5,1,2,3,7,4,5,8,8,8,5,8,1,8,7],"SA","rep",10,10,30,0.95,10000,35.2131252289,5000,-1,50,0.05,0.1],[9,465,26.5020495733,-19.4979504267,[2,2,2,4,6,3,2,2,0,0,1,7,5,4,5,5,1,2,3,7,4,5,8,8,8,5,8,1,8,7],"SA","rep",10,10,30,0.95,10000,35.3356087208,5000,-1,50,0.05,0.1],[9,480,26.5020495733,-19.4979504267,[2,2,2,4,6,3,2,2,0,0,1,7,5,4,5,5,1,2,3,7,4,5,8,8,8,5,8,1,8,7],"SA","rep",10,10,30,0.95,10000,35.2700970173,5000,-1,50,0.05,0.1],[9,495,26.5020495733,-19.4979504267,[2,2,2,4,6,3,2,2,0,0,1,7,5,4,5,5,1,2,3,7,4,5,8,8,8,5,8,1,8,7],"SA","rep",10,10,30,0.95,10000,35.3049190044,5000,-1,50,0.05,0.1],[9,510,26.5020495733,-19.4979504267,[2,2,2,4,6,3,2,2,0,0,1,7,5,4,5,5,1,2,3,7,4,5,8,8,8,5,8,1,8,7],"SA","rep",10,10,30,0.95,10000,35.2546086311,5000,-1,50,0.05,0.1],[9,525,26.5020495733,-19.4979504267,[2,2,2,4,6,3,2,2,0,0,1,7,5,4,5,5,1,2,3,7,4,5,8,8,8,5,8,1,8,7],"SA","rep",10,10,30,0.95,10000,35.3361291885,5000,-1,50,0.05,0.1],[9,540,26.5020495733,-19.4979504267,[2,2,2,4,6,3,2,2,0,0,1,7,5,4,5,5,1,2,3,7,4,5,8,8,8,5,8,1,8,7],"SA","rep",10,10,30,0.95,10000,35.2501261234,5000,-1,50,0.05,0.1],[9,555,26.5020495733,-19.4979504267,[2,2,2,4,6,3,2,2,0,0,1,7,5,4,5,5,1,2,3,7,4,5,8,8,8,5,8,1,8,7],"SA","rep",10,10,30,0.95,10000,35.3573596478,5000,-1,50,0.05,0.1],[9,570,26.5020495733,-19.4979504267,[2,2,2,4,6,3,2,2,0,0,1,7,5,4,5,5,1,2,3,7,4,5,8,8,8,5,8,1,8,7],"SA","rep",10,10,30,0.95,10000,35.2992601395,5000,-1,50,0.05,0.1],[9,585,26.5020495733,-19.4979504267,[2,2,2,4,6,3,2,2,0,0,1,7,5,4,5,5,1,2,3,7,4,5,8,8,8,5,8,1,8,7],"SA","rep",10,10,30,0.95,10000,35.3069438934,5000,-1,50,0.05,0.1],[9,600,26.5020495733,-19.4979504267,[2,2,2,4,6,3,2,2,0,0,1,7,5,4,5,5,1,2,3,7,4,5,8,8,8,5,8,1,8,7],"SA","rep",10,10,30,0.95,10000,35.3265082836,5000,-1,50,0.05,0.1],[9,615,26.5020495733,-19.4979504267,[2,2,2,4,6,3,2,2,0,0,1,7,5,4,5,5,1,2,3,7,4,5,8,8,8,5,8,1,8,7],"SA","rep",10,10,30,0.95,10000,35.2805924416,5000,-1,50,0.05,0.1],[9,630,26.5020495733,-19.4979504267,[2,2,2,4,6,3,2,2,0,0,1,7,5,4,5,5,1,2,3,7,4,5,8,8,8,5,8,1,8,7],"SA","rep",10,10,30,0.95,10000,35.2623729706,5000,-1,50,0.05,0.1],[9,645,26.5020495733,-19.4979504267,[2,2,2,4,6,3,2,2,0,0,1,7,5,4,5,5,1,2,3,7,4,5,8,8,8,5,8,1,8,7],"SA","rep",10,10,30,0.95,10000,35.273337841,5000,-1,50,0.05,0.1],[9,660,26.5020495733,-19.4979504267,[2,2,2,4,6,3,2,2,0,0,1,7,5,4,5,5,1,2,3,7,4,5,8,8,8,5,8,1,8,7],"SA","rep",10,10,30,0.95,10000,35.3052647114,5000,-1,50,0.05,0.1],[9,675,26.5020495733,-19.4979504267,[2,2,2,4,6,3,2,2,0,0,1,7,5,4,5,5,1,2,3,7,4,5,8,8,8,5,8,1,8,7],"SA","rep",10,10,30,0.95,10000,35.2478516102,5000,-1,50,0.05,0.1],[9,690,26.5020495733,-19.4979504267,[2,2,2,4,6,3,2,2,0,0,1,7,5,4,5,5,1,2,3,7,4,5,8,8,8,5,8,1,8,7],