{"columns":["ite","time","q","scaled_eu","z","solver","attacker","|Q|","|X|","|T|","rho","k","utility_time","RS_iters","mcts_iters","sa_iters","eps","lr"],"index":[0,1,2,3,4,5,6,7,8,9,10,11,12,13,14,15,16,17,18,19,20,21,22,23,24,25,26,27,28,29,30,31,32,33,34,35,36,37,38,39,40,41,42,43,44,45,46,47,48,49,50,51,52,53,54,55,56,57,58,59,60,61,62,63,64,65,66,67,68,69,70,71,72,73,74,75,76,77,78,79],"data":[[0,15,20.5037746839,-25.4962253161,[8,2,3,9,4,6,5,1,4,6,1,2,6,0,3,2,5,6,3,8,4,7,3,5,6,1,5,1,5,6],"SA","rep",10,10,30,0.95,10000,35.0549149513,5000,-1,50,0.05,0.1],[0,30,21.5677658314,-24.4322341686,[9,2,3,7,4,7,4,5,9,7,6,1,6,8,4,5,5,2,3,8,4,7,7,5,0,5,1,7,0,4],"SA","rep",10,10,30,0.95,10000,35.1041829586,5000,-1,50,0.05,0.1],[0,45,21.5677658314,-24.4322341686,[9,2,3,7,4,7,4,5,9,7,6,1,6,8,4,5,5,2,3,8,4,7,7,5,0,5,1,7,0,4],"SA","rep",10,10,30,0.95,10000,35.1017971039,5000,-1,50,0.05,0.1],[0,60,25.6051182456,-20.3948817544,[9,2,1,4,6,4,5,1,3,6,9,9,4,8,0,3,2,2,3,5,4,7,8,7,3,8,1,1,0,7],"SA","rep",10,10,30,0.95,10000,35.0109393597,5000,-1,50,0.05,0.1],[0,75,29.5807758234,-16.4192241766,[9,2,1,4,6,3,0,0,3,5,7,1,5,9,3,8,2,9,3,5,9,7,8,4,3,1,1,1,0,9],"SA","rep",10,10,30,0.95,10000,35.0933783054,5000,-1,50,0.05,0.1],[0,90,38.5278715116,-7.4721284884,[9,2,2,4,6,8,0,3,3,5,0,0,5,9,3,8,2,9,3,0,4,7,8,4,9,1,7,0,0,7],"SA","rep",10,10,30,0.95,10000,35.1517050266,5000,-1,50,0.05,0.1],[0,105,41.453060335,-4.546939665,[9,2,2,4,6,1,0,3,3,5,0,0,5,9,3,3,2,2,3,3,4,0,8,4,9,6,7,0,6,7],"SA","rep",10,10,30,0.95,10000,35.2397954464,5000,-1,50,0.05,0.1],[0,120,43.4942614406,-2.5057385594,[9,2,2,4,6,1,0,3,8,5,0,0,5,9,3,5,2,2,3,3,4,0,8,4,9,4,7,0,0,7],"SA","rep",10,10,30,0.95,10000,35.1864686012,5000,-1,50,0.05,0.1],[0,135,44.5238053113,-1.4761946887,[9,2,2,4,6,1,0,3,8,5,0,0,5,9,3,5,2,2,3,3,4,0,8,4,9,1,7,0,0,7],"SA","rep",10,10,30,0.95,10000,35.0745120049,5000,-1,50,0.05,0.1],[0,150,44.5238053113,-1.4761946887,[0,3,3,4,1,9,0,3,1,1,3,5,1,9,3,5,2,2,9,3,4,0,1,0,9,1,8,0,0,7],"SA","rep",10,10,30,0.95,10000,35.0573356152,5000,-1,50,0.05,0.1],[0,165,44.5238053113,-1.4761946887,[0,3,3,4,1,9,0,3,1,1,3,5,1,9,3,5,2,2,9,3,4,0,1,0,9,1,8,0,0,7],"SA","rep",10,10,30,0.95,10000,34.9606060982,5000,-1,50,0.05,0.1],[0,180,44.5238053113,-1.4761946887,[0,3,3,4,1,9,0,3,1,1,3,5,1,9,3,5,2,2,9,3,4,0,1,0,9,1,8,0,0,7],"SA","rep",10,10,30,0.95,10000,34.9302754402,5000,-1,50,0.05,0.1],[0,195,44.5238053113,-1.4761946887,[0,3,3,4,1,9,0,3,1,1,3,5,1,9,3,5,2,2,9,3,4,0,1,0,9,1,8,0,0,7],"SA","rep",10,10,30,0.95,10000,34.8356773853,5000,-1,50,0.05,0.1],[0,210,44.5238053113,-1.4761946887,[0,3,3,4,1,9,0,3,1,1,3,5,1,9,3,5,2,2,9,3,4,0,1,0,9,1,8,0,0,7],"SA","rep",10,10,30,0.95,10000,35.0548069477,5000,-1,50,0.05,0.1],[0,225,44.5238053113,-1.4761946887,[0,3,3,4,1,9,0,3,1,1,3,5,1,9,3,5,2,2,9,3,4,0,1,0,9,1,8,0,0,7],"SA","rep",10,10,30,0.95,10000,35.0513029099,5000,-1,50,0.05,0.1],[0,240,44.5238053113,-1.4761946887,[0,3,3,4,1,9,0,3,1,1,3,5,1,9,3,5,2,2,9,3,4,0,1,0,9,1,8,0,0,7],"SA","rep",10,10,30,0.95,10000,34.9033508301,5000,-1,50,0.05,0.1],[0,255,44.5238053113,-1.4761946887,[0,3,3,4,1,9,0,3,1,1,3,5,1,9,3,5,2,2,9,3,4,0,1,0,9,1,8,0,0,7],"SA","rep",10,10,30,0.95,10000,35.024928093,5000,-1,50,0.05,0.1],[0,270,44.5238053113,-1.4761946887,[0,3,3,4,1,9,0,3,1,1,3,5,1,9,3,5,2,2,9,3,4,0,1,0,9,1,8,0,0,7],"SA","rep",10,10,30,0.95,10000,35.0172204971,5000,-1,50,0.05,0.1],[0,285,44.5238053113,-1.4761946887,[0,3,3,4,1,9,0,3,1,1,3,5,1,9,3,5,2,2,9,3,4,0,1,0,9,1,8,0,0,7],"SA","rep",10,10,30,0.95,10000,35.1353633404,5000,-1,50,0.05,0.1],[0,300,44.5238053113,-1.4761946887,[0,3,3,4,1,9,0,3,1,1,3,5,1,9,3,5,2,2,9,3,4,0,1,0,9,1,8,0,0,7],"SA","rep",10,10,30,0.95,10000,35.1904902458,5000,-1,50,0.05,0.1],[0,315,44.5238053113,-1.4761946887,[0,3,3,4,1,9,0,3,1,1,3,5,1,9,3,5,2,2,9,3,4,0,1,0,9,1,8,0,0,7],"SA","rep",10,10,30,0.95,10000,35.1050224304,5000,-1,50,0.05,0.1],[0,330,44.5238053113,-1.4761946887,[0,3,3,4,1,9,0,3,1,1,3,5,1,9,3,5,2,2,9,3,4,0,1,0,9,1,8,0,0,7],"SA","rep",10,10,30,0.95,10000,34.9808340073,5000,-1,50,0.05,0.1],[0,345,44.5238053113,-1.4761946887,[0,3,3,4,1,9,0,3,1,1,3,5,1,9,3,5,2,2,9,3,4,0,1,0,9,1,8,0,0,7],"SA","rep",10,10,30,0.95,10000,35.086329937,5000,-1,50,0.05,0.1],[0,360,44.5238053113,-1.4761946887,[0,3,3,4,1,9,0,3,1,1,3,5,1,9,3,5,2,2,9,3,4,0,1,0,9,1,8,0,0,7],"SA","rep",10,10,30,0.95,10000,35.0476338863,5000,-1,50,0.05,0.1],[0,375,44.5238053113,-1.4761946887,[0,3,3,4,1,9,0,3,1,1,3,5,1,9,3,5,2,2,9,3,4,0,1,0,9,1,8,0,0,7],"SA","rep",10,10,30,0.95,10000,34.9308767319,5000,-1,50,0.05,0.1],[0,390,44.5238053113,-1.4761946887,[0,3,3,4,1,9,0,3,1,1,3,5,1,9,3,5,2,2,9,3,4,0,1,0,9,1,8,0,0,7],"SA","rep",10,10,30,0.95,10000,35.0400147438,5000,-1,50,0.05,0.1],[0,405,44.5238053113,-1.4761946887,[0,3,3,4,1,9,0,3,1,1,3,5,1,9,3,5,2,2,9,3,4,0,1,0,9,1,8,0,0,7],"SA","rep",10,10,30,0.95,10000,35.0724835396,5000,-1,50,0.05,0.1],[0,420,44.5238053113,-1.4761946887,[0,3,3,4,1,9,0,3,1,1,3,5,1,9,3,5,2,2,9,3,4,0,1,0,9,1,8,0,0,7],"SA","rep",10,10,30,0.95,10000,35.057700634,5000,-1,50,0.05,0.1],[0,435,44.5238053113,-1.4761946887,[0,3,3,4,1,9,0,3,1,1,3,5,1,9,3,5,2,2,9,3,4,0,1,0,9,1,8,0,0,7],"SA","rep",10,10,30,0.95,10000,35.0083172321,5000,-1,50,0.05,0.1],[0,450,44.5238053113,-1.4761946887,[0,3,3,4,1,9,0,3,1,1,3,5,1,9,3,5,2,2,9,3,4,0,1,0,9,1,8,0,0,7],"SA","rep",10,10,30,0.95,10000,35.0552947521,5000,-1,50,0.05,0.1],[0,465,44.5238053113,-1.4761946887,[0,3,3,4,1,9,0,3,1,1,3,5,1,9,3,5,2,2,9,3,4,0,1,0,9,1,8,0,0,7],"SA","rep",10,10,30,0.95,10000,35.0159788132,5000,-1,50,0.05,0.1],[0,480,44.5238053113,-1.4761946887,[0,3,3,4,1,9,0,3,1,1,3,5,1,9,3,5,2,2,9,3,4,0,1,0,9,1,8,0,0,7],"SA","rep",10,10,30,0.95,10000,34.9772758484,5000,-1,50,0.05,0.1],[0,495,44.5238053113,-1.4761946887,[0,3,3,4,1,9,0,3,1,1,3,5,1,9,3,5,2,2,9,3,4,0,1,0,9,1,8,0,0,7],"SA","rep",10,10,30,0.95,10000,35.0597515106,5000,-1,50,0.05,0.1],[0,510,44.5238053113,-1.4761946887,[0,3,3,4,1,9,0,3,1,1,3,5,1,9,3,5,2,2,9,3,4,0,1,0,9,1,8,0,0,7],"SA","rep",10,10,30,0.95,10000,35.0828330517,5000,-1,50,0.05,0.1],[0,525,44.5238053113,-1.4761946887,[0,3,3,4,1,9,0,3,1,1,3,5,1,9,3,5,2,2,9,3,4,0,1,0,9,1,8,0,0,7],"SA","rep",10,10,30,0.95,10000,35.0583791733,5000,-1,50,0.05,0.1],[0,540,44.5238053113,-1.4761946887,[0,3,3,4,1,9,0,3,1,1,3,5,1,9,3,5,2,2,9,3,4,0,1,0,9,1,8,0,0,7],"SA","rep",10,10,30,0.95,10000,35.0680716038,5000,-1,50,0.05,0.1],[0,555,44.5238053113,-1.4761946887,[0,3,3,4,1,9,0,3,1,1,3,5,1,9,3,5,2,2,9,3,4,0,1,0,9,1,8,0,0,7],"SA","rep",10,10,30,0.95,10000,35.1148109436,5000,-1,50,0.05,0.1],[0,570,44.5238053113,-1.4761946887,[0,3,3,4,1,9,0,3,1,1,3,5,1,9,3,5,2,2,9,3,4,0,1,0,9,1,8,0,0,7],"SA","rep",10,10,30,0.95,10000,35.0697910786,5000,-1,50,0.05,0.1],[0,585,44.5238053113,-1.4761946887,[0,3,3,4,1,9,0,3,1,1,3,5,1,9,3,5,2,2,9,3,4,0,1,0,9,1,8,0,0,7],"SA","rep",10,10,30,0.95,10000,35.12190938,5000,-1,50,0.05,0.1],[0,600,44.5238053113,-1.4761946887,[0,3,3,4,1,9,0,3,1,1,3,5,1,9,3,5,2,2,9,3,4,0,1,0,9,1,8,0,0,7],"SA","rep",10,10,30,0.95,10000,35.1276683807,5000,-1,50,0.05,0.1],[0,615,44.5238053113,-1.4761946887,[0,3,3,4,1,9,0,3,1,1,3,5,1,9,3,5,2,2,9,3,4,0,1,0,9,1,8,0,0,7],"SA","rep",10,10,30,0.95,10000,35.0974183083,5000,-1,50,0.05,0.1],[0,630,44.5238053113,-1.4761946887,[0,3,3,4,1,9,0,3,1,1,3,5,1,9,3,5,2,2,9,3,4,0,1,0,9,1,8,0,0,7],"SA","rep",10,10,30,0.95,10000,35.1517193317,5000,-1,50,0.05,0.1],[0,645,44.5238053113,-1.4761946887,[0,3,3,4,1,9,0,3,1,1,3,5,1,9,3,5,2,2,9,3,4,0,1,0,9,1,8,0,0,7],"SA","rep",10,10,30,0.95,10000,35.0871162415,5000,-1,50,0.05,0.1],[0,660,44.5238053113,-1.4761946887,[0,3,3,4,1,9,0,3,1,1,3,5,1,9,3,5,2,2,9,3,4,0,1,0,9,1,8,0,0,7],"SA","rep",10,10,30,0.95,10000,34.9841871262,5000,-1,50,0.05,0.1],[0,675,44.5238053113,-1.4761946887,[0,3,3,4,1,9,0,3,1,1,3,5,1,9,3,5,2,2,9,3,4,0,1,0,9,1,8,0,0,7],"SA","rep",10,10,30,0.95,10000,34.9965894222,5000,-1,50,0.05,0.1],[0,690,44.5238053113,-1.4761946887,[0,3,3,4,1,9,0,3,1,1,3,5,1,9,3,5,2,2,9,3,4,0,1,0,9,1,8,0,0,7],"SA","rep",10,10,30,0.95,10000,34.9837725163,5000,-1,50,0.05,0.1],[0,705,44.5238053113,-1.4761946887,[0,3,3,4,1,9,0,3,1,1,3,5,1,9,3,5,2,2,9,3,4,0,1,0,9,1,8,0,0,7],