{"columns":["ite","time","q","scaled_eu","z","solver","attacker","|Q|","|X|","|T|","rho","k","utility_time","RS_iters","mcts_iters","sa_iters","eps","lr"],"index":[0,1,2,3,4,5,6,7,8,9,10,11,12,13,14,15,16,17,18,19,20,21,22,23,24,25,26,27,28,29,30,31,32,33,34,35,36,37,38,39,40,41,42,43,44,45,46,47,48,49,50,51,52,53,54,55,56,57,58,59,60,61,62,63,64,65,66,67,68,69,70,71,72,73,74,75,76,77,78,79],"data":[[1,15,21.2792817042,-24.7207182958,[5,3,7,5,6,6,2,8,8,2,1,3,8,4,5,6,2,1,2,6,8,4,2,9,9,1,5,0,6,3],"SA","rep",10,10,30,0.95,10000,34.8355591297,5000,-1,50,0.05,0.1],[1,30,24.4678241539,-21.5321758461,[5,9,2,7,2,9,9,2,6,5,7,3,3,3,4,5,1,2,1,8,9,0,9,4,9,1,7,4,0,2],"SA","rep",10,10,30,0.95,10000,34.8940927982,5000,-1,50,0.05,0.1],[1,45,33.4742429863,-12.5257570137,[0,9,2,4,6,9,7,3,8,7,0,0,5,3,4,5,2,2,3,3,2,6,5,4,3,1,7,0,0,7],"SA","rep",10,10,30,0.95,10000,34.7905681133,5000,-1,50,0.05,0.1],[1,60,35.5244660613,-10.4755339387,[9,9,2,4,6,1,6,3,6,6,0,0,9,9,9,5,2,2,0,3,4,0,5,4,9,1,7,9,0,7],"SA","rep",10,10,30,0.95,10000,34.797604084,5000,-1,50,0.05,0.1],[1,75,41.3160449615,-4.6839550385,[9,2,9,4,6,1,9,3,8,5,0,0,5,9,3,5,2,2,3,3,4,0,8,5,9,1,7,0,5,7],"SA","rep",10,10,30,0.95,10000,34.7635326385,5000,-1,50,0.05,0.1],[1,90,43.2813567227,-2.7186432773,[9,2,2,4,6,1,9,3,8,5,0,0,5,9,3,5,2,2,3,3,4,0,8,4,9,1,7,0,5,7],"SA","rep",10,10,30,0.95,10000,34.8468639851,5000,-1,50,0.05,0.1],[1,105,43.2813567227,-2.7186432773,[9,2,2,4,6,1,9,3,8,5,0,0,5,9,3,5,2,2,3,3,4,0,8,4,9,1,7,0,5,7],"SA","rep",10,10,30,0.95,10000,34.8404014111,5000,-1,50,0.05,0.1],[1,120,43.2813567227,-2.7186432773,[9,2,2,4,6,1,9,3,8,5,0,0,5,9,3,5,2,2,3,3,4,0,8,4,9,1,7,0,5,7],"SA","rep",10,10,30,0.95,10000,34.8980567455,5000,-1,50,0.05,0.1],[1,135,43.2813567227,-2.7186432773,[7,0,2,4,6,0,0,0,8,5,0,0,8,4,2,3,8,4,3,2,4,1,9,4,9,1,0,2,5,7],"SA","rep",10,10,30,0.95,10000,34.9284031391,5000,-1,50,0.05,0.1],[1,150,43.2813567227,-2.7186432773,[7,0,2,4,6,0,0,0,8,5,0,0,8,4,2,3,8,4,3,2,4,1,9,4,9,1,0,2,5,7],"SA","rep",10,10,30,0.95,10000,34.8114383221,5000,-1,50,0.05,0.1],[1,165,43.327365488,-2.672634512,[9,2,2,4,6,1,0,3,8,5,0,0,0,9,3,5,2,2,3,3,4,0,8,4,9,1,7,0,5,7],"SA","rep",10,10,30,0.95,10000,34.8148379326,5000,-1,50,0.05,0.1],[1,180,44.3027010293,-1.6972989707,[9,2,2,4,6,1,0,3,8,5,0,0,5,9,3,5,2,2,3,3,4,0,8,4,9,1,7,0,5,7],"SA","rep",10,10,30,0.95,10000,34.821614027,5000,-1,50,0.05,0.1],[1,195,44.469005304,-1.530994696,[9,2,2,4,6,1,0,3,8,5,0,0,5,9,3,5,2,2,3,3,4,0,8,4,9,1,7,0,6,7],"SA","rep",10,10,30,0.95,10000,34.8282699585,5000,-1,50,0.05,0.1],[1,210,44.469005304,-1.530994696,[9,2,2,8,2,3,0,3,8,5,0,8,0,4,6,5,2,2,7,3,0,1,8,1,1,1,5,0,4,1],"SA","rep",10,10,30,0.95,10000,34.854426384,5000,-1,50,0.05,0.1],[1,225,44.469005304,-1.530994696,[9,2,2,8,2,3,0,3,8,5,0,8,0,4,6,5,2,2,7,3,0,1,8,1,1,1,5,0,4,1],"SA","rep",10,10,30,0.95,10000,34.8124513626,5000,-1,50,0.05,0.1],[1,240,44.469005304,-1.530994696,[9,7,2,8,5,1,1,3,6,5,8,0,5,9,3,5,1,1,2,5,4,0,1,4,1,1,9,0,8,1],"SA","rep",10,10,30,0.95,10000,34.8525602818,5000,-1,50,0.05,0.1],[1,255,44.469005304,-1.530994696,[9,7,2,8,5,1,1,3,6,5,8,0,5,9,3,5,1,1,2,5,4,0,1,4,1,1,9,0,8,1],"SA","rep",10,10,30,0.95,10000,34.8192737103,5000,-1,50,0.05,0.1],[1,270,44.5095536482,-1.4904463518,[9,2,2,4,6,1,0,3,8,5,0,0,5,9,3,5,2,2,3,3,4,0,8,4,9,1,7,0,0,7],"SA","rep",10,10,30,0.95,10000,34.7395415306,5000,-1,50,0.05,0.1],[1,285,44.5095536482,-1.4904463518,[0,0,2,6,6,8,6,3,8,5,6,6,5,3,4,8,2,2,3,3,4,0,9,4,9,4,7,2,0,7],"SA","rep",10,10,30,0.95,10000,34.8879179955,5000,-1,50,0.05,0.1],[1,300,44.5095536482,-1.4904463518,[0,0,2,6,6,8,6,3,8,5,6,6,5,3,4,8,2,2,3,3,4,0,9,4,9,4,7,2,0,7],"SA","rep",10,10,30,0.95,10000,34.8167653084,5000,-1,50,0.05,0.1],[1,315,44.5095536482,-1.4904463518,[0,0,2,6,6,8,6,3,8,5,6,6,5,3,4,8,2,2,3,3,4,0,9,4,9,4,7,2,0,7],"SA","rep",10,10,30,0.95,10000,34.8805446625,5000,-1,50,0.05,0.1],[1,330,44.5095536482,-1.4904463518,[0,0,2,6,6,8,6,3,8,5,6,6,5,3,4,8,2,2,3,3,4,0,9,4,9,4,7,2,0,7],"SA","rep",10,10,30,0.95,10000,34.8202204704,5000,-1,50,0.05,0.1],[1,345,44.5095536482,-1.4904463518,[0,0,2,6,6,8,6,3,8,5,6,6,5,3,4,8,2,2,3,3,4,0,9,4,9,4,7,2,0,7],"SA","rep",10,10,30,0.95,10000,34.7629880905,5000,-1,50,0.05,0.1],[1,360,44.5095536482,-1.4904463518,[0,0,2,6,6,8,6,3,8,5,6,6,5,3,4,8,2,2,3,3,4,0,9,4,9,4,7,2,0,7],"SA","rep",10,10,30,0.95,10000,34.8022902012,5000,-1,50,0.05,0.1],[1,375,44.5095536482,-1.4904463518,[0,0,2,6,6,8,6,3,8,5,6,6,5,3,4,8,2,2,3,3,4,0,9,4,9,4,7,2,0,7],"SA","rep",10,10,30,0.95,10000,34.8505353928,5000,-1,50,0.05,0.1],[1,390,44.5095536482,-1.4904463518,[0,0,2,6,6,8,6,3,8,5,6,6,5,3,4,8,2,2,3,3,4,0,9,4,9,4,7,2,0,7],"SA","rep",10,10,30,0.95,10000,34.9143893719,5000,-1,50,0.05,0.1],[1,405,44.5095536482,-1.4904463518,[0,0,2,6,6,8,6,3,8,5,6,6,5,3,4,8,2,2,3,3,4,0,9,4,9,4,7,2,0,7],"SA","rep",10,10,30,0.95,10000,34.7783725262,5000,-1,50,0.05,0.1],[1,420,44.5095536482,-1.4904463518,[0,0,2,6,6,8,6,3,8,5,6,6,5,3,4,8,2,2,3,3,4,0,9,4,9,4,7,2,0,7],"SA","rep",10,10,30,0.95,10000,34.8602643013,5000,-1,50,0.05,0.1],[1,435,44.5095536482,-1.4904463518,[0,0,2,6,6,8,6,3,8,5,6,6,5,3,4,8,2,2,3,3,4,0,9,4,9,4,7,2,0,7],"SA","rep",10,10,30,0.95,10000,34.7635037899,5000,-1,50,0.05,0.1],[1,450,44.5095536482,-1.4904463518,[0,0,2,6,6,8,6,3,8,5,6,6,5,3,4,8,2,2,3,3,4,0,9,4,9,4,7,2,0,7],"SA","rep",10,10,30,0.95,10000,34.8377127647,5000,-1,50,0.05,0.1],[1,465,44.5095536482,-1.4904463518,[0,0,2,6,6,8,6,3,8,5,6,6,5,3,4,8,2,2,3,3,4,0,9,4,9,4,7,2,0,7],"SA","rep",10,10,30,0.95,10000,34.7880513668,5000,-1,50,0.05,0.1],[1,480,44.5095536482,-1.4904463518,[0,0,2,6,6,8,6,3,8,5,6,6,5,3,4,8,2,2,3,3,4,0,9,4,9,4,7,2,0,7],"SA","rep",10,10,30,0.95,10000,34.8374302387,5000,-1,50,0.05,0.1],[1,495,44.5095536482,-1.4904463518,[0,0,2,6,6,8,6,3,8,5,6,6,5,3,4,8,2,2,3,3,4,0,9,4,9,4,7,2,0,7],"SA","rep",10,10,30,0.95,10000,34.8866169453,5000,-1,50,0.05,0.1],[1,510,44.5095536482,-1.4904463518,[0,0,2,6,6,8,6,3,8,5,6,6,5,3,4,8,2,2,3,3,4,0,9,4,9,4,7,2,0,7],"SA","rep",10,10,30,0.95,10000,34.8840694427,5000,-1,50,0.05,0.1],[1,525,44.5095536482,-1.4904463518,[0,0,2,6,6,8,6,3,8,5,6,6,5,3,4,8,2,2,3,3,4,0,9,4,9,4,7,2,0,7],"SA","rep",10,10,30,0.95,10000,34.8684616089,5000,-1,50,0.05,0.1],[1,540,44.5095536482,-1.4904463518,[0,0,2,6,6,8,6,3,8,5,6,6,5,3,4,8,2,2,3,3,4,0,9,4,9,4,7,2,0,7],"SA","rep",10,10,30,0.95,10000,34.867988348,5000,-1,50,0.05,0.1],[1,555,44.5095536482,-1.4904463518,[0,0,2,6,6,8,6,3,8,5,6,6,5,3,4,8,2,2,3,3,4,0,9,4,9,4,7,2,0,7],"SA","rep",10,10,30,0.95,10000,34.8034219742,5000,-1,50,0.05,0.1],[1,570,44.5095536482,-1.4904463518,[0,0,2,6,6,8,6,3,8,5,6,6,5,3,4,8,2,2,3,3,4,0,9,4,9,4,7,2,0,7],"SA","rep",10,10,30,0.95,10000,34.8107454777,5000,-1,50,0.05,0.1],[1,585,44.5095536482,-1.4904463518,[0,0,2,6,6,8,6,3,8,5,6,6,5,3,4,8,2,2,3,3,4,0,9,4,9,4,7,2,0,7],"SA","rep",10,10,30,0.95,10000,34.8721027374,5000,-1,50,0.05,0.1],[1,600,44.5095536482,-1.4904463518,[0,0,2,6,6,8,6,3,8,5,6,6,5,3,4,8,2,2,3,3,4,0,9,4,9,4,7,2,0,7],"SA","rep",10,10,30,0.95,10000,34.9241096973,5000,-1,50,0.05,0.1],[1,615,44.5095536482,-1.4904463518,[0,0,2,6,6,8,6,3,8,5,6,6,5,3,4,8,2,2,3,3,4,0,9,4,9,4,7,2,0,7],"SA","rep",10,10,30,0.95,10000,34.8108234406,5000,-1,50,0.05,0.1],[1,630,44.5095536482,-1.4904463518,[0,0,2,6,6,8,6,3,8,5,6,6,5,3,4,8,2,2,3,3,4,0,9,4,9,4,7,2,0,7],"SA","rep",10,10,30,0.95,10000,34.8919630051,5000,-1,50,0.05,0.1],[1,645,44.5095536482,-1.4904463518,[0,0,2,6,6,8,6,3,8,5,6,6,5,3,4,8,2,2,3,3,4,0,9,4,9,4,7,2,0,7],"SA","rep",10,10,30,0.95,10000,34.8860006332,5000,-1,50,0.05,0.1],[1,660,44.5095536482,-1.4904463518,[0,0,2,6,6,8,6,3,8,5,6,6,5,3,4,8,2,2,3,3,4,0,9,4,9,4,7,2,0,7],"SA","rep",10,10,30,0.95,10000,34.8204627037,5000,-1,50,0.05,0.1],[1,675,44.5095536482,-1.4904463518,[0,0,2,6,6,8,6,3,8,5,6,6,5,3,4,8,2,2,3,3,4,0,9,4,9,4,7,2,0,7],"SA","rep",10,10,30,0.95,10000,34.8597478867,5000,-1,50,0.05,0.1],[1,690,44.5095536482,-1.4904463518,[0,0,2,6,6,8,6,3,8,5,6,6,5,3,4,8,2,2,3,3,4,0,9,4,9,4,7,2,0,7],"SA","rep",10,10,30,0.95,10000,34.8661634922,5000,-1,50,0.05,0.1],[1,705,44.5095536482,-1.4904463518,[0,0,2,6,6,8,6,3,8,5,6,6,5,3,4,8,2,2,3,3,4,0,9,4,9,4,7,2,0,7],