{"columns":["ite","time","q","scaled_eu","z","solver","attacker","|Q|","|X|","|T|","rho","k","utility_time","RS_iters","mcts_iters","sa_iters","eps","lr"],"index":[0,1,2,3,4,5,6,7,8,9,10,11,12,13,14,15,16,17,18,19,20,21,22,23,24,25,26,27,28,29,30,31,32,33,34,35,36,37,38,39,40,41,42,43,44,45,46,47,48,49,50,51,52,53,54,55,56,57,58,59,60,61,62,63,64,65,66,67,68,69,70,71,72,73,74,75,76,77,78,79],"data":[[2,15,24.5308662186,-21.4691337814,[3,7,9,4,8,6,9,8,4,4,0,0,5,1,3,8,2,8,9,2,8,6,8,2,9,1,2,3,0,6],"SA","rep",10,10,30,0.95,10000,35.6549818516,5000,-1,50,0.05,0.1],[2,30,24.5308662186,-21.4691337814,[5,2,5,8,3,4,1,8,0,7,0,7,7,9,3,1,6,8,7,3,6,0,2,4,9,1,4,3,0,5],"SA","rep",10,10,30,0.95,10000,35.6820549965,5000,-1,50,0.05,0.1],[2,45,27.4706696118,-18.5293303882,[3,4,8,4,7,4,0,3,8,1,9,0,5,9,5,0,5,8,3,0,5,0,8,4,7,1,2,2,6,8],"SA","rep",10,10,30,0.95,10000,35.5915744305,5000,-1,50,0.05,0.1],[2,60,28.4381180639,-17.5618819361,[4,4,7,4,1,9,0,9,8,1,8,0,5,9,2,0,4,5,3,8,5,0,8,6,2,1,7,0,6,7],"SA","rep",10,10,30,0.95,10000,35.6257965565,5000,-1,50,0.05,0.1],[2,75,28.4381180639,-17.5618819361,[7,8,9,4,5,9,0,1,8,9,0,0,5,9,2,6,4,8,5,8,5,0,9,6,0,1,7,0,6,2],"SA","rep",10,10,30,0.95,10000,35.5915300846,5000,-1,50,0.05,0.1],[2,90,28.4381180639,-17.5618819361,[7,8,9,4,5,9,0,1,8,9,0,0,5,9,2,6,4,8,5,8,5,0,9,6,0,1,7,0,6,2],"SA","rep",10,10,30,0.95,10000,35.6437680721,5000,-1,50,0.05,0.1],[2,105,28.4381180639,-17.5618819361,[7,8,9,4,5,9,0,1,8,9,0,0,5,9,2,6,4,8,5,8,5,0,9,6,0,1,7,0,6,2],"SA","rep",10,10,30,0.95,10000,35.6754381657,5000,-1,50,0.05,0.1],[2,120,28.4381180639,-17.5618819361,[7,8,9,4,5,9,0,1,8,9,0,0,5,9,2,6,4,8,5,8,5,0,9,6,0,1,7,0,6,2],"SA","rep",10,10,30,0.95,10000,35.628739357,5000,-1,50,0.05,0.1],[2,135,28.4381180639,-17.5618819361,[7,8,9,4,5,9,0,1,8,9,0,0,5,9,2,6,4,8,5,8,5,0,9,6,0,1,7,0,6,2],"SA","rep",10,10,30,0.95,10000,35.5871248245,5000,-1,50,0.05,0.1],[2,150,28.4381180639,-17.5618819361,[7,8,9,4,5,9,0,1,8,9,0,0,5,9,2,6,4,8,5,8,5,0,9,6,0,1,7,0,6,2],"SA","rep",10,10,30,0.95,10000,35.48163414,5000,-1,50,0.05,0.1],[2,165,28.4381180639,-17.5618819361,[7,8,9,4,5,9,0,1,8,9,0,0,5,9,2,6,4,8,5,8,5,0,9,6,0,1,7,0,6,2],"SA","rep",10,10,30,0.95,10000,35.4600841999,5000,-1,50,0.05,0.1],[2,180,28.4381180639,-17.5618819361,[7,8,9,4,5,9,0,1,8,9,0,0,5,9,2,6,4,8,5,8,5,0,9,6,0,1,7,0,6,2],"SA","rep",10,10,30,0.95,10000,35.5814063549,5000,-1,50,0.05,0.1],[2,195,28.4381180639,-17.5618819361,[7,8,9,4,5,9,0,1,8,9,0,0,5,9,2,6,4,8,5,8,5,0,9,6,0,1,7,0,6,2],"SA","rep",10,10,30,0.95,10000,35.5341472626,5000,-1,50,0.05,0.1],[2,210,28.4381180639,-17.5618819361,[7,8,9,4,5,9,0,1,8,9,0,0,5,9,2,6,4,8,5,8,5,0,9,6,0,1,7,0,6,2],"SA","rep",10,10,30,0.95,10000,35.4706647396,5000,-1,50,0.05,0.1],[2,225,28.4381180639,-17.5618819361,[7,8,9,4,5,9,0,1,8,9,0,0,5,9,2,6,4,8,5,8,5,0,9,6,0,1,7,0,6,2],"SA","rep",10,10,30,0.95,10000,35.4818935394,5000,-1,50,0.05,0.1],[2,240,28.4381180639,-17.5618819361,[7,8,9,4,5,9,0,1,8,9,0,0,5,9,2,6,4,8,5,8,5,0,9,6,0,1,7,0,6,2],"SA","rep",10,10,30,0.95,10000,35.6229047775,5000,-1,50,0.05,0.1],[2,255,28.4381180639,-17.5618819361,[7,8,9,4,5,9,0,1,8,9,0,0,5,9,2,6,4,8,5,8,5,0,9,6,0,1,7,0,6,2],"SA","rep",10,10,30,0.95,10000,35.6625671387,5000,-1,50,0.05,0.1],[2,270,28.4381180639,-17.5618819361,[7,8,9,4,5,9,0,1,8,9,0,0,5,9,2,6,4,8,5,8,5,0,9,6,0,1,7,0,6,2],"SA","rep",10,10,30,0.95,10000,35.6155056953,5000,-1,50,0.05,0.1],[2,285,28.4381180639,-17.5618819361,[7,8,9,4,5,9,0,1,8,9,0,0,5,9,2,6,4,8,5,8,5,0,9,6,0,1,7,0,6,2],"SA","rep",10,10,30,0.95,10000,35.5854198933,5000,-1,50,0.05,0.1],[2,300,28.4381180639,-17.5618819361,[7,8,9,4,5,9,0,1,8,9,0,0,5,9,2,6,4,8,5,8,5,0,9,6,0,1,7,0,6,2],"SA","rep",10,10,30,0.95,10000,35.5539119244,5000,-1,50,0.05,0.1],[2,315,28.4381180639,-17.5618819361,[7,8,9,4,5,9,0,1,8,9,0,0,5,9,2,6,4,8,5,8,5,0,9,6,0,1,7,0,6,2],"SA","rep",10,10,30,0.95,10000,35.5176734924,5000,-1,50,0.05,0.1],[2,330,28.4381180639,-17.5618819361,[7,8,9,4,5,9,0,1,8,9,0,0,5,9,2,6,4,8,5,8,5,0,9,6,0,1,7,0,6,2],"SA","rep",10,10,30,0.95,10000,35.5960862637,5000,-1,50,0.05,0.1],[2,345,28.4381180639,-17.5618819361,[7,8,9,4,5,9,0,1,8,9,0,0,5,9,2,6,4,8,5,8,5,0,9,6,0,1,7,0,6,2],"SA","rep",10,10,30,0.95,10000,35.5215787888,5000,-1,50,0.05,0.1],[2,360,28.4381180639,-17.5618819361,[7,8,9,4,5,9,0,1,8,9,0,0,5,9,2,6,4,8,5,8,5,0,9,6,0,1,7,0,6,2],"SA","rep",10,10,30,0.95,10000,35.5895204544,5000,-1,50,0.05,0.1],[2,375,28.4381180639,-17.5618819361,[7,8,9,4,5,9,0,1,8,9,0,0,5,9,2,6,4,8,5,8,5,0,9,6,0,1,7,0,6,2],"SA","rep",10,10,30,0.95,10000,35.5619375706,5000,-1,50,0.05,0.1],[2,390,28.4381180639,-17.5618819361,[7,8,9,4,5,9,0,1,8,9,0,0,5,9,2,6,4,8,5,8,5,0,9,6,0,1,7,0,6,2],"SA","rep",10,10,30,0.95,10000,35.6249146461,5000,-1,50,0.05,0.1],[2,405,28.4381180639,-17.5618819361,[7,8,9,4,5,9,0,1,8,9,0,0,5,9,2,6,4,8,5,8,5,0,9,6,0,1,7,0,6,2],"SA","rep",10,10,30,0.95,10000,35.5734229088,5000,-1,50,0.05,0.1],[2,420,28.4381180639,-17.5618819361,[7,8,9,4,5,9,0,1,8,9,0,0,5,9,2,6,4,8,5,8,5,0,9,6,0,1,7,0,6,2],"SA","rep",10,10,30,0.95,10000,35.5305271149,5000,-1,50,0.05,0.1],[2,435,28.4381180639,-17.5618819361,[7,8,9,4,5,9,0,1,8,9,0,0,5,9,2,6,4,8,5,8,5,0,9,6,0,1,7,0,6,2],"SA","rep",10,10,30,0.95,10000,35.5160272121,5000,-1,50,0.05,0.1],[2,450,28.4381180639,-17.5618819361,[7,8,9,4,5,9,0,1,8,9,0,0,5,9,2,6,4,8,5,8,5,0,9,6,0,1,7,0,6,2],"SA","rep",10,10,30,0.95,10000,35.473805666,5000,-1,50,0.05,0.1],[2,465,28.4381180639,-17.5618819361,[7,8,9,4,5,9,0,1,8,9,0,0,5,9,2,6,4,8,5,8,5,0,9,6,0,1,7,0,6,2],"SA","rep",10,10,30,0.95,10000,35.469963789,5000,-1,50,0.05,0.1],[2,480,28.4381180639,-17.5618819361,[7,8,9,4,5,9,0,1,8,9,0,0,5,9,2,6,4,8,5,8,5,0,9,6,0,1,7,0,6,2],"SA","rep",10,10,30,0.95,10000,35.5761153698,5000,-1,50,0.05,0.1],[2,495,28.4381180639,-17.5618819361,[7,8,9,4,5,9,0,1,8,9,0,0,5,9,2,6,4,8,5,8,5,0,9,6,0,1,7,0,6,2],"SA","rep",10,10,30,0.95,10000,35.6083385944,5000,-1,50,0.05,0.1],[2,510,28.4381180639,-17.5618819361,[7,8,9,4,5,9,0,1,8,9,0,0,5,9,2,6,4,8,5,8,5,0,9,6,0,1,7,0,6,2],"SA","rep",10,10,30,0.95,10000,35.625477314,5000,-1,50,0.05,0.1],[2,525,28.4381180639,-17.5618819361,[7,8,9,4,5,9,0,1,8,9,0,0,5,9,2,6,4,8,5,8,5,0,9,6,0,1,7,0,6,2],"SA","rep",10,10,30,0.95,10000,35.4750449657,5000,-1,50,0.05,0.1],[2,540,28.4381180639,-17.5618819361,[7,8,9,4,5,9,0,1,8,9,0,0,5,9,2,6,4,8,5,8,5,0,9,6,0,1,7,0,6,2],"SA","rep",10,10,30,0.95,10000,35.4671521187,5000,-1,50,0.05,0.1],[2,555,28.4381180639,-17.5618819361,[7,8,9,4,5,9,0,1,8,9,0,0,5,9,2,6,4,8,5,8,5,0,9,6,0,1,7,0,6,2],"SA","rep",10,10,30,0.95,10000,35.5239493847,5000,-1,50,0.05,0.1],[2,570,28.4381180639,-17.5618819361,[7,8,9,4,5,9,0,1,8,9,0,0,5,9,2,6,4,8,5,8,5,0,9,6,0,1,7,0,6,2],"SA","rep",10,10,30,0.95,10000,35.4842152596,5000,-1,50,0.05,0.1],[2,585,28.4381180639,-17.5618819361,[7,8,9,4,5,9,0,1,8,9,0,0,5,9,2,6,4,8,5,8,5,0,9,6,0,1,7,0,6,2],"SA","rep",10,10,30,0.95,10000,35.4452092648,5000,-1,50,0.05,0.1],[2,600,28.4381180639,-17.5618819361,[7,8,9,4,5,9,0,1,8,9,0,0,5,9,2,6,4,8,5,8,5,0,9,6,0,1,7,0,6,2],"SA","rep",10,10,30,0.95,10000,35.484089613,5000,-1,50,0.05,0.1],[2,615,28.4381180639,-17.5618819361,[7,8,9,4,5,9,0,1,8,9,0,0,5,9,2,6,4,8,5,8,5,0,9,6,0,1,7,0,6,2],"SA","rep",10,10,30,0.95,10000,35.3745503426,5000,-1,50,0.05,0.1],[2,630,28.4381180639,-17.5618819361,[7,8,9,4,5,9,0,1,8,9,0,0,5,9,2,6,4,8,5,8,5,0,9,6,0,1,7,0,6,2],"SA","rep",10,10,30,0.95,10000,35.5197618008,5000,-1,50,0.05,0.1],[2,645,28.4381180639,-17.5618819361,[7,8,9,4,5,9,0,1,8,9,0,0,5,9,2,6,4,8,5,8,5,0,9,6,0,1,7,0,6,2],"SA","rep",10,10,30,0.95,10000,35.5261845589,5000,-1,50,0.05,0.1],[2,660,28.4381180639,-17.5618819361,[7,8,9,4,5,9,0,1,8,9,0,0,5,9,2,6,4,8,5,8,5,0,9,6,0,1,7,0,6,2],"SA","rep",10,10,30,0.95,10000,35.3844535351,5000,-1,50,0.05,0.1],[2,675,28.4381180639,-17.5618819361,[7,8,9,4,5,9,0,1,8,9,0,0,5,9,2,6,4,8,5,8,5,0,9,6,0,1,7,0,6,2],"SA","rep",10,10,30,0.95,10000,35.501111269,5000,-1,50,0.05,0.1],[2,690,28.4381180639,-17.5618819361,[7,8,9,4,5,9,0,1,8,9,0,0,5,9,2,6,4,8,5,8,5,0,9,6,0,1,7,0,6,2],