{"columns":["ite","time","q","scaled_eu","z","solver","attacker","|Q|","|X|","|T|","rho","k","utility_time","RS_iters","mcts_iters","sa_iters","eps","lr"],"index":[0,1,2,3,4,5,6,7,8,9,10,11,12,13,14,15,16,17,18,19,20,21,22,23,24,25,26,27,28,29,30,31,32,33,34,35,36,37,38,39,40,41,42,43,44,45,46,47,48,49,50,51,52,53,54,55,56,57,58,59,60,61,62,63,64,65,66,67,68,69,70,71,72,73,74,75,76,77,78,79],"data":[[3,15,17.5705311302,-28.4294688698,[5,5,6,5,3,4,8,0,3,3,3,0,2,4,0,7,3,8,5,2,4,2,9,5,7,5,0,1,0,9],"SA","rep",10,10,30,0.95,10000,35.2720797062,5000,-1,50,0.05,0.1],[3,30,26.5961834583,-19.4038165417,[9,5,2,3,6,1,7,3,3,3,6,0,2,7,1,3,7,0,3,2,4,0,7,4,9,8,2,1,0,6],"SA","rep",10,10,30,0.95,10000,35.3330960274,5000,-1,50,0.05,0.1],[3,45,29.5992044623,-16.4007955377,[9,2,2,3,6,1,0,3,9,3,5,0,5,4,3,3,9,8,6,5,4,5,2,4,9,1,2,1,0,4],"SA","rep",10,10,30,0.95,10000,35.3662383556,5000,-1,50,0.05,0.1],[3,60,32.4695415876,-13.5304584124,[9,2,2,3,6,1,8,3,9,5,6,0,5,4,3,5,7,8,3,6,4,9,4,4,9,1,4,0,6,0],"SA","rep",10,10,30,0.95,10000,35.3305263519,5000,-1,50,0.05,0.1],[3,75,32.4962762378,-13.5037237622,[9,2,2,5,6,1,0,9,9,5,8,0,5,4,3,5,7,8,3,3,5,0,4,4,9,1,3,5,6,4],"SA","rep",10,10,30,0.95,10000,35.3205933571,5000,-1,50,0.05,0.1],[3,90,35.4896582087,-10.5103417913,[9,2,3,5,6,1,0,3,1,5,7,0,5,4,3,5,2,0,3,3,4,0,8,4,9,8,3,0,6,4],"SA","rep",10,10,30,0.95,10000,35.290166378,5000,-1,50,0.05,0.1],[3,105,35.4896582087,-10.5103417913,[9,2,3,5,6,1,0,3,1,5,7,0,5,4,3,5,2,0,3,3,4,0,8,4,9,8,3,0,6,4],"SA","rep",10,10,30,0.95,10000,35.3838136196,5000,-1,50,0.05,0.1],[3,120,35.4896582087,-10.5103417913,[9,2,3,5,6,1,0,3,1,5,7,0,5,4,3,5,2,0,3,3,4,0,8,4,9,8,3,0,6,4],"SA","rep",10,10,30,0.95,10000,35.4174251556,5000,-1,50,0.05,0.1],[3,135,35.5499510108,-10.4500489892,[9,2,2,4,6,1,0,3,1,5,7,9,5,2,3,5,7,8,3,3,4,0,8,4,9,1,4,1,6,0],"SA","rep",10,10,30,0.95,10000,35.3798735142,5000,-1,50,0.05,0.1],[3,150,35.5499510108,-10.4500489892,[9,2,2,4,6,1,0,3,1,5,7,9,5,2,3,5,7,8,3,3,4,0,8,4,9,1,4,1,6,0],"SA","rep",10,10,30,0.95,10000,35.3520245552,5000,-1,50,0.05,0.1],[3,165,40.4351947189,-5.5648052811,[9,2,2,4,6,1,0,3,7,5,7,0,5,4,3,5,2,7,3,3,4,0,8,4,9,1,7,0,6,7],"SA","rep",10,10,30,0.95,10000,35.3657217026,5000,-1,50,0.05,0.1],[3,180,40.4351947189,-5.5648052811,[0,9,2,4,6,1,7,2,4,1,8,0,9,1,3,5,8,2,3,3,9,7,0,2,9,1,6,0,6,7],"SA","rep",10,10,30,0.95,10000,35.3461797237,5000,-1,50,0.05,0.1],[3,195,40.4351947189,-5.5648052811,[0,9,2,4,6,1,7,2,4,1,8,0,9,1,3,5,8,2,3,3,9,7,0,2,9,1,6,0,6,7],"SA","rep",10,10,30,0.95,10000,35.3695421219,5000,-1,50,0.05,0.1],[3,210,40.4351947189,-5.5648052811,[0,9,2,4,6,1,7,2,4,1,8,0,9,1,3,5,8,2,3,3,9,7,0,2,9,1,6,0,6,7],"SA","rep",10,10,30,0.95,10000,35.3481550217,5000,-1,50,0.05,0.1],[3,225,40.4351947189,-5.5648052811,[0,9,2,4,6,1,7,2,4,1,8,0,9,1,3,5,8,2,3,3,9,7,0,2,9,1,6,0,6,7],"SA","rep",10,10,30,0.95,10000,35.2570357323,5000,-1,50,0.05,0.1],[3,240,40.4351947189,-5.5648052811,[0,9,2,4,6,1,7,2,4,1,8,0,9,1,3,5,8,2,3,3,9,7,0,2,9,1,6,0,6,7],"SA","rep",10,10,30,0.95,10000,35.4046533108,5000,-1,50,0.05,0.1],[3,255,40.4351947189,-5.5648052811,[0,9,2,4,6,1,7,2,4,1,8,0,9,1,3,5,8,2,3,3,9,7,0,2,9,1,6,0,6,7],"SA","rep",10,10,30,0.95,10000,35.3446969986,5000,-1,50,0.05,0.1],[3,270,40.4351947189,-5.5648052811,[0,9,2,4,6,1,7,2,4,1,8,0,9,1,3,5,8,2,3,3,9,7,0,2,9,1,6,0,6,7],"SA","rep",10,10,30,0.95,10000,35.3663139343,5000,-1,50,0.05,0.1],[3,285,40.4351947189,-5.5648052811,[0,9,2,4,6,1,7,2,4,1,8,0,9,1,3,5,8,2,3,3,9,7,0,2,9,1,6,0,6,7],"SA","rep",10,10,30,0.95,10000,35.4833006859,5000,-1,50,0.05,0.1],[3,300,40.4351947189,-5.5648052811,[0,9,2,4,6,1,7,2,4,1,8,0,9,1,3,5,8,2,3,3,9,7,0,2,9,1,6,0,6,7],"SA","rep",10,10,30,0.95,10000,35.4337689877,5000,-1,50,0.05,0.1],[3,315,40.4351947189,-5.5648052811,[0,9,2,4,6,1,7,2,4,1,8,0,9,1,3,5,8,2,3,3,9,7,0,2,9,1,6,0,6,7],"SA","rep",10,10,30,0.95,10000,35.3276753426,5000,-1,50,0.05,0.1],[3,330,40.4351947189,-5.5648052811,[0,9,2,4,6,1,7,2,4,1,8,0,9,1,3,5,8,2,3,3,9,7,0,2,9,1,6,0,6,7],"SA","rep",10,10,30,0.95,10000,35.4496412277,5000,-1,50,0.05,0.1],[3,345,40.4351947189,-5.5648052811,[0,9,2,4,6,1,7,2,4,1,8,0,9,1,3,5,8,2,3,3,9,7,0,2,9,1,6,0,6,7],"SA","rep",10,10,30,0.95,10000,35.3921740055,5000,-1,50,0.05,0.1],[3,360,40.4351947189,-5.5648052811,[0,9,2,4,6,1,7,2,4,1,8,0,9,1,3,5,8,2,3,3,9,7,0,2,9,1,6,0,6,7],"SA","rep",10,10,30,0.95,10000,35.2702250481,5000,-1,50,0.05,0.1],[3,375,40.4351947189,-5.5648052811,[0,9,2,4,6,1,7,2,4,1,8,0,9,1,3,5,8,2,3,3,9,7,0,2,9,1,6,0,6,7],"SA","rep",10,10,30,0.95,10000,35.374174118,5000,-1,50,0.05,0.1],[3,390,40.4351947189,-5.5648052811,[0,9,2,4,6,1,7,2,4,1,8,0,9,1,3,5,8,2,3,3,9,7,0,2,9,1,6,0,6,7],"SA","rep",10,10,30,0.95,10000,35.4730565548,5000,-1,50,0.05,0.1],[3,405,40.4351947189,-5.5648052811,[0,9,2,4,6,1,7,2,4,1,8,0,9,1,3,5,8,2,3,3,9,7,0,2,9,1,6,0,6,7],"SA","rep",10,10,30,0.95,10000,35.3964016438,5000,-1,50,0.05,0.1],[3,420,40.4351947189,-5.5648052811,[0,9,2,4,6,1,7,2,4,1,8,0,9,1,3,5,8,2,3,3,9,7,0,2,9,1,6,0,6,7],"SA","rep",10,10,30,0.95,10000,35.3473680019,5000,-1,50,0.05,0.1],[3,435,40.4351947189,-5.5648052811,[0,9,2,4,6,1,7,2,4,1,8,0,9,1,3,5,8,2,3,3,9,7,0,2,9,1,6,0,6,7],"SA","rep",10,10,30,0.95,10000,35.3619785309,5000,-1,50,0.05,0.1],[3,450,40.4351947189,-5.5648052811,[0,9,2,4,6,1,7,2,4,1,8,0,9,1,3,5,8,2,3,3,9,7,0,2,9,1,6,0,6,7],"SA","rep",10,10,30,0.95,10000,35.3024132252,5000,-1,50,0.05,0.1],[3,465,40.4351947189,-5.5648052811,[0,9,2,4,6,1,7,2,4,1,8,0,9,1,3,5,8,2,3,3,9,7,0,2,9,1,6,0,6,7],"SA","rep",10,10,30,0.95,10000,35.2600376606,5000,-1,50,0.05,0.1],[3,480,40.4351947189,-5.5648052811,[0,9,2,4,6,1,7,2,4,1,8,0,9,1,3,5,8,2,3,3,9,7,0,2,9,1,6,0,6,7],"SA","rep",10,10,30,0.95,10000,35.33233428,5000,-1,50,0.05,0.1],[3,495,40.4351947189,-5.5648052811,[0,9,2,4,6,1,7,2,4,1,8,0,9,1,3,5,8,2,3,3,9,7,0,2,9,1,6,0,6,7],"SA","rep",10,10,30,0.95,10000,35.2948482037,5000,-1,50,0.05,0.1],[3,510,40.4351947189,-5.5648052811,[0,9,2,4,6,1,7,2,4,1,8,0,9,1,3,5,8,2,3,3,9,7,0,2,9,1,6,0,6,7],"SA","rep",10,10,30,0.95,10000,35.3430924416,5000,-1,50,0.05,0.1],[3,525,40.4351947189,-5.5648052811,[0,9,2,4,6,1,7,2,4,1,8,0,9,1,3,5,8,2,3,3,9,7,0,2,9,1,6,0,6,7],"SA","rep",10,10,30,0.95,10000,35.3820271492,5000,-1,50,0.05,0.1],[3,540,40.4351947189,-5.5648052811,[0,9,2,4,6,1,7,2,4,1,8,0,9,1,3,5,8,2,3,3,9,7,0,2,9,1,6,0,6,7],"SA","rep",10,10,30,0.95,10000,35.3646278381,5000,-1,50,0.05,0.1],[3,555,40.4351947189,-5.5648052811,[0,9,2,4,6,1,7,2,4,1,8,0,9,1,3,5,8,2,3,3,9,7,0,2,9,1,6,0,6,7],"SA","rep",10,10,30,0.95,10000,35.3900632858,5000,-1,50,0.05,0.1],[3,570,40.4351947189,-5.5648052811,[0,9,2,4,6,1,7,2,4,1,8,0,9,1,3,5,8,2,3,3,9,7,0,2,9,1,6,0,6,7],"SA","rep",10,10,30,0.95,10000,35.4164011478,5000,-1,50,0.05,0.1],[3,585,40.4351947189,-5.5648052811,[0,9,2,4,6,1,7,2,4,1,8,0,9,1,3,5,8,2,3,3,9,7,0,2,9,1,6,0,6,7],"SA","rep",10,10,30,0.95,10000,35.3590331078,5000,-1,50,0.05,0.1],[3,600,40.4351947189,-5.5648052811,[0,9,2,4,6,1,7,2,4,1,8,0,9,1,3,5,8,2,3,3,9,7,0,2,9,1,6,0,6,7],"SA","rep",10,10,30,0.95,10000,35.354626894,5000,-1,50,0.05,0.1],[3,615,40.4351947189,-5.5648052811,[0,9,2,4,6,1,7,2,4,1,8,0,9,1,3,5,8,2,3,3,9,7,0,2,9,1,6,0,6,7],"SA","rep",10,10,30,0.95,10000,35.3484222889,5000,-1,50,0.05,0.1],[3,630,40.4351947189,-5.5648052811,[0,9,2,4,6,1,7,2,4,1,8,0,9,1,3,5,8,2,3,3,9,7,0,2,9,1,6,0,6,7],"SA","rep",10,10,30,0.95,10000,35.3487370014,5000,-1,50,0.05,0.1],[3,645,40.4351947189,-5.5648052811,[0,9,2,4,6,1,7,2,4,1,8,0,9,1,3,5,8,2,3,3,9,7,0,2,9,1,6,0,6,7],"SA","rep",10,10,30,0.95,10000,35.3543651104,5000,-1,50,0.05,0.1],[3,660,40.4351947189,-5.5648052811,[0,9,2,4,6,1,7,2,4,1,8,0,9,1,3,5,8,2,3,3,9,7,0,2,9,1,6,0,6,7],"SA","rep",10,10,30,0.95,10000,35.3796994686,5000,-1,50,0.05,0.1],[3,675,40.4351947189,-5.5648052811,[0,9,2,4,6,1,7,2,4,1,8,0,9,1,3,5,8,2,3,3,9,7,0,2,9,1,6,0,6,7],"SA","rep",10,10,30,0.95,10000,35.3792557716,5000,-1,50,0.05,0.1],[3,690,40.4351947189,-5.5648052811,[0,9,2,4,6,1,7,2,4,1,8,0,9,1,3,5,8,2,3,3,9,7,0,2,9,1,6,0,6,7],"SA","rep",10,10,30,0.95,10000,35.3729946613,5000,-1,50,0.05,0.1],[3,705,40.4351947189,-5.5648052811,[0,9,2,4,6,1,7,2,4,1,8,0,9,1,3,5,8,2,3,3,9,7,0,2,9,1,6,0,6,7],