{"columns":["ite","time","q","scaled_eu","z","solver","attacker","|Q|","|X|","|T|","rho","k","utility_time","RS_iters","mcts_iters","sa_iters","eps","lr"],"index":[0,1,2,3,4,5,6,7,8,9,10,11,12,13,14,15,16,17,18,19,20,21,22,23,24,25,26,27,28,29,30,31,32,33,34,35,36,37,38,39,40,41,42,43,44,45,46,47,48,49,50,51,52,53,54,55,56,57,58,59,60,61,62,63,64,65,66,67,68,69,70,71,72,73,74,75,76,77,78,79],"data":[[4,15,18.6538085079,-27.3461914921,[9,9,0,2,7,4,9,2,4,6,2,6,9,9,0,2,6,7,1,3,5,0,0,4,7,4,1,9,2,5],"SA","rep",10,10,30,0.95,10000,35.9026772976,5000,-1,50,0.05,0.1],[4,30,18.6538085079,-27.3461914921,[9,2,2,6,6,1,7,9,8,9,2,3,8,4,0,3,9,7,0,8,4,0,1,8,4,4,1,3,0,3],"SA","rep",10,10,30,0.95,10000,35.9172313213,5000,-1,50,0.05,0.1],[4,45,22.5345197887,-23.4654802113,[8,3,7,2,7,8,9,2,5,7,5,9,7,9,3,2,9,2,9,3,1,0,5,5,6,7,7,9,0,7],"SA","rep",10,10,30,0.95,10000,36.0214922428,5000,-1,50,0.05,0.1],[4,60,22.5345197887,-23.4654802113,[8,3,7,2,7,8,9,2,5,7,5,9,7,9,3,2,9,2,9,3,1,0,5,5,6,7,7,9,0,7],"SA","rep",10,10,30,0.95,10000,35.8881971836,5000,-1,50,0.05,0.1],[4,75,22.5345197887,-23.4654802113,[8,9,7,1,9,4,6,8,8,8,9,2,9,9,6,2,8,2,3,9,4,6,8,8,9,6,9,0,0,8],"SA","rep",10,10,30,0.95,10000,35.9851467609,5000,-1,50,0.05,0.1],[4,90,22.5345197887,-23.4654802113,[8,9,7,1,9,4,6,8,8,8,9,2,9,9,6,2,8,2,3,9,4,6,8,8,9,6,9,0,0,8],"SA","rep",10,10,30,0.95,10000,35.8849937916,5000,-1,50,0.05,0.1],[4,105,22.5345197887,-23.4654802113,[8,9,7,1,9,4,6,8,8,8,9,2,9,9,6,2,8,2,3,9,4,6,8,8,9,6,9,0,0,8],"SA","rep",10,10,30,0.95,10000,35.9215886593,5000,-1,50,0.05,0.1],[4,120,22.5345197887,-23.4654802113,[8,9,7,1,9,4,6,8,8,8,9,2,9,9,6,2,8,2,3,9,4,6,8,8,9,6,9,0,0,8],"SA","rep",10,10,30,0.95,10000,35.936198473,5000,-1,50,0.05,0.1],[4,135,22.5345197887,-23.4654802113,[8,9,7,1,9,4,6,8,8,8,9,2,9,9,6,2,8,2,3,9,4,6,8,8,9,6,9,0,0,8],"SA","rep",10,10,30,0.95,10000,36.0132787228,5000,-1,50,0.05,0.1],[4,150,22.5345197887,-23.4654802113,[8,9,7,1,9,4,6,8,8,8,9,2,9,9,6,2,8,2,3,9,4,6,8,8,9,6,9,0,0,8],"SA","rep",10,10,30,0.95,10000,35.981128931,5000,-1,50,0.05,0.1],[4,165,22.5345197887,-23.4654802113,[8,9,7,1,9,4,6,8,8,8,9,2,9,9,6,2,8,2,3,9,4,6,8,8,9,6,9,0,0,8],"SA","rep",10,10,30,0.95,10000,36.0018746853,5000,-1,50,0.05,0.1],[4,180,22.5345197887,-23.4654802113,[8,9,7,1,9,4,6,8,8,8,9,2,9,9,6,2,8,2,3,9,4,6,8,8,9,6,9,0,0,8],"SA","rep",10,10,30,0.95,10000,35.8968040943,5000,-1,50,0.05,0.1],[4,195,22.5345197887,-23.4654802113,[8,9,7,1,9,4,6,8,8,8,9,2,9,9,6,2,8,2,3,9,4,6,8,8,9,6,9,0,0,8],"SA","rep",10,10,30,0.95,10000,36.010931015,5000,-1,50,0.05,0.1],[4,210,22.5345197887,-23.4654802113,[8,9,7,1,9,4,6,8,8,8,9,2,9,9,6,2,8,2,3,9,4,6,8,8,9,6,9,0,0,8],"SA","rep",10,10,30,0.95,10000,35.9211945534,5000,-1,50,0.05,0.1],[4,225,22.5345197887,-23.4654802113,[8,9,7,1,9,4,6,8,8,8,9,2,9,9,6,2,8,2,3,9,4,6,8,8,9,6,9,0,0,8],"SA","rep",10,10,30,0.95,10000,35.9482350349,5000,-1,50,0.05,0.1],[4,240,22.5345197887,-23.4654802113,[8,9,7,1,9,4,6,8,8,8,9,2,9,9,6,2,8,2,3,9,4,6,8,8,9,6,9,0,0,8],"SA","rep",10,10,30,0.95,10000,35.9770684242,5000,-1,50,0.05,0.1],[4,255,22.5345197887,-23.4654802113,[8,9,7,1,9,4,6,8,8,8,9,2,9,9,6,2,8,2,3,9,4,6,8,8,9,6,9,0,0,8],"SA","rep",10,10,30,0.95,10000,36.1077766418,5000,-1,50,0.05,0.1],[4,270,22.5345197887,-23.4654802113,[8,9,7,1,9,4,6,8,8,8,9,2,9,9,6,2,8,2,3,9,4,6,8,8,9,6,9,0,0,8],"SA","rep",10,10,30,0.95,10000,35.9765861034,5000,-1,50,0.05,0.1],[4,285,22.5345197887,-23.4654802113,[8,9,7,1,9,4,6,8,8,8,9,2,9,9,6,2,8,2,3,9,4,6,8,8,9,6,9,0,0,8],"SA","rep",10,10,30,0.95,10000,36.0671887398,5000,-1,50,0.05,0.1],[4,300,22.5345197887,-23.4654802113,[8,9,7,1,9,4,6,8,8,8,9,2,9,9,6,2,8,2,3,9,4,6,8,8,9,6,9,0,0,8],"SA","rep",10,10,30,0.95,10000,35.9807391167,5000,-1,50,0.05,0.1],[4,315,22.5345197887,-23.4654802113,[8,9,7,1,9,4,6,8,8,8,9,2,9,9,6,2,8,2,3,9,4,6,8,8,9,6,9,0,0,8],"SA","rep",10,10,30,0.95,10000,36.0692384243,5000,-1,50,0.05,0.1],[4,330,22.5345197887,-23.4654802113,[8,9,7,1,9,4,6,8,8,8,9,2,9,9,6,2,8,2,3,9,4,6,8,8,9,6,9,0,0,8],"SA","rep",10,10,30,0.95,10000,35.9363129139,5000,-1,50,0.05,0.1],[4,345,22.5345197887,-23.4654802113,[8,9,7,1,9,4,6,8,8,8,9,2,9,9,6,2,8,2,3,9,4,6,8,8,9,6,9,0,0,8],"SA","rep",10,10,30,0.95,10000,35.9145517349,5000,-1,50,0.05,0.1],[4,360,22.5345197887,-23.4654802113,[8,9,7,1,9,4,6,8,8,8,9,2,9,9,6,2,8,2,3,9,4,6,8,8,9,6,9,0,0,8],"SA","rep",10,10,30,0.95,10000,35.9499611855,5000,-1,50,0.05,0.1],[4,375,22.5345197887,-23.4654802113,[8,9,7,1,9,4,6,8,8,8,9,2,9,9,6,2,8,2,3,9,4,6,8,8,9,6,9,0,0,8],"SA","rep",10,10,30,0.95,10000,35.980124712,5000,-1,50,0.05,0.1],[4,390,22.5345197887,-23.4654802113,[8,9,7,1,9,4,6,8,8,8,9,2,9,9,6,2,8,2,3,9,4,6,8,8,9,6,9,0,0,8],"SA","rep",10,10,30,0.95,10000,36.0785787106,5000,-1,50,0.05,0.1],[4,405,22.5345197887,-23.4654802113,[8,9,7,1,9,4,6,8,8,8,9,2,9,9,6,2,8,2,3,9,4,6,8,8,9,6,9,0,0,8],"SA","rep",10,10,30,0.95,10000,35.9138212204,5000,-1,50,0.05,0.1],[4,420,22.5345197887,-23.4654802113,[8,9,7,1,9,4,6,8,8,8,9,2,9,9,6,2,8,2,3,9,4,6,8,8,9,6,9,0,0,8],"SA","rep",10,10,30,0.95,10000,35.9692659378,5000,-1,50,0.05,0.1],[4,435,22.5345197887,-23.4654802113,[8,9,7,1,9,4,6,8,8,8,9,2,9,9,6,2,8,2,3,9,4,6,8,8,9,6,9,0,0,8],"SA","rep",10,10,30,0.95,10000,36.0224907398,5000,-1,50,0.05,0.1],[4,450,22.5345197887,-23.4654802113,[8,9,7,1,9,4,6,8,8,8,9,2,9,9,6,2,8,2,3,9,4,6,8,8,9,6,9,0,0,8],"SA","rep",10,10,30,0.95,10000,36.0104618073,5000,-1,50,0.05,0.1],[4,465,22.5345197887,-23.4654802113,[9,3,0,3,7,6,5,8,4,5,6,5,8,0,2,5,5,2,4,7,4,1,8,4,2,0,7,6,6,7],"SA","rep",10,10,30,0.95,10000,35.9902672768,5000,-1,50,0.05,0.1],[4,480,22.5345197887,-23.4654802113,[9,3,0,3,7,6,5,8,4,5,6,5,8,0,2,5,5,2,4,7,4,1,8,4,2,0,7,6,6,7],"SA","rep",10,10,30,0.95,10000,36.0104217529,5000,-1,50,0.05,0.1],[4,495,22.5345197887,-23.4654802113,[9,3,0,3,7,6,5,8,4,5,6,5,8,0,2,5,5,2,4,7,4,1,8,4,2,0,7,6,6,7],"SA","rep",10,10,30,0.95,10000,35.943934679,5000,-1,50,0.05,0.1],[4,510,22.5345197887,-23.4654802113,[9,3,0,3,7,6,5,8,4,5,6,5,8,0,2,5,5,2,4,7,4,1,8,4,2,0,7,6,6,7],"SA","rep",10,10,30,0.95,10000,35.905714035,5000,-1,50,0.05,0.1],[4,525,22.5345197887,-23.4654802113,[9,3,0,3,7,6,5,8,4,5,6,5,8,0,2,5,5,2,4,7,4,1,8,4,2,0,7,6,6,7],"SA","rep",10,10,30,0.95,10000,35.9395189285,5000,-1,50,0.05,0.1],[4,540,22.5345197887,-23.4654802113,[9,3,0,3,7,6,5,8,4,5,6,5,8,0,2,5,5,2,4,7,4,1,8,4,2,0,7,6,6,7],"SA","rep",10,10,30,0.95,10000,35.9578781128,5000,-1,50,0.05,0.1],[4,555,22.5345197887,-23.4654802113,[9,3,0,3,7,6,5,8,4,5,6,5,8,0,2,5,5,2,4,7,4,1,8,4,2,0,7,6,6,7],"SA","rep",10,10,30,0.95,10000,35.9217278957,5000,-1,50,0.05,0.1],[4,570,22.5345197887,-23.4654802113,[9,3,0,3,7,6,5,8,4,5,6,5,8,0,2,5,5,2,4,7,4,1,8,4,2,0,7,6,6,7],"SA","rep",10,10,30,0.95,10000,35.9400980473,5000,-1,50,0.05,0.1],[4,585,22.5345197887,-23.4654802113,[9,3,0,3,7,6,5,8,4,5,6,5,8,0,2,5,5,2,4,7,4,1,8,4,2,0,7,6,6,7],"SA","rep",10,10,30,0.95,10000,35.9079663754,5000,-1,50,0.05,0.1],[4,600,22.5345197887,-23.4654802113,[9,3,0,3,7,6,5,8,4,5,6,5,8,0,2,5,5,2,4,7,4,1,8,4,2,0,7,6,6,7],"SA","rep",10,10,30,0.95,10000,35.9935326576,5000,-1,50,0.05,0.1],[4,615,22.5345197887,-23.4654802113,[9,3,0,3,7,6,5,8,4,5,6,5,8,0,2,5,5,2,4,7,4,1,8,4,2,0,7,6,6,7],"SA","rep",10,10,30,0.95,10000,36.0364758968,5000,-1,50,0.05,0.1],[4,630,22.5345197887,-23.4654802113,[9,3,0,3,7,6,5,8,4,5,6,5,8,0,2,5,5,2,4,7,4,1,8,4,2,0,7,6,6,7],"SA","rep",10,10,30,0.95,10000,35.9216713905,5000,-1,50,0.05,0.1],[4,645,22.5345197887,-23.4654802113,[9,3,0,3,7,6,5,8,4,5,6,5,8,0,2,5,5,2,4,7,4,1,8,4,2,0,7,6,6,7],"SA","rep",10,10,30,0.95,10000,35.909774065,5000,-1,50,0.05,0.1],[4,660,22.5345197887,-23.4654802113,[9,3,0,3,7,6,5,8,4,5,6,5,8,0,2,5,5,2,4,7,4,1,8,4,2,0,7,6,6,7],"SA","rep",10,10,30,0.95,10000,35.9058878422,5000,-1,50,0.05,0.1],[4,675,22.5345197887,-23.4654802113,[9,3,0,3,7,6,5,8,4,5,6,5,8,0,2,5,5,2,4,7,4,1,8,4,2,0,7,6,6,7],"SA","rep",10,10,30,0.95,10000,35.9594304562,5000,-1,50,0.05,0.1],[4,690,22.5345197887,-23.4654802113,[9,3,0,3,7,6,5,8,4,5,6,5,8,0,2,5,5,2,4,7,4,1,8,4,2,0,7,6,6,7],