{"columns":["ite","time","q","scaled_eu","z","solver","attacker","|Q|","|X|","|T|","rho","k","utility_time","RS_iters","mcts_iters","sa_iters","eps","lr"],"index":[0,1,2,3,4,5,6,7,8,9,10,11,12,13,14,15,16,17,18,19,20,21,22,23,24,25,26,27,28,29,30,31,32,33,34,35,36,37,38,39,40,41,42,43,44,45,46,47,48,49,50,51,52,53,54,55,56,57,58,59,60,61,62,63,64,65,66,67,68,69,70,71,72,73,74,75,76,77,78,79],"data":[[7,15,7.4610939489,-3.5389060511,[7,4,2,0,7,7,3,4,6,0],"SA","dd",30,10,10,0.95,10000,68.7637434006,5000,-1,50,0.05,0.1],[7,30,7.4610939489,-3.5389060511,[7,8,0,1,2,9,5,2,3,6],"SA","dd",30,10,10,0.95,10000,68.9252746105,5000,-1,50,0.05,0.1],[7,45,7.4610939489,-3.5389060511,[7,8,0,1,2,9,5,2,3,6],"SA","dd",30,10,10,0.95,10000,68.805555582,5000,-1,50,0.05,0.1],[7,60,7.4610939489,-3.5389060511,[7,8,0,1,2,9,5,2,3,6],"SA","dd",30,10,10,0.95,10000,68.8236370087,5000,-1,50,0.05,0.1],[7,75,7.4610939489,-3.5389060511,[7,8,0,1,2,9,5,2,3,6],"SA","dd",30,10,10,0.95,10000,68.5587148666,5000,-1,50,0.05,0.1],[7,90,7.4610939489,-3.5389060511,[7,8,0,1,2,9,5,2,3,6],"SA","dd",30,10,10,0.95,10000,68.8539865017,5000,-1,50,0.05,0.1],[7,105,7.4610939489,-3.5389060511,[7,8,0,1,2,9,5,2,3,6],"SA","dd",30,10,10,0.95,10000,68.8632590771,5000,-1,50,0.05,0.1],[7,120,7.4610939489,-3.5389060511,[7,8,0,1,2,9,5,2,3,6],"SA","dd",30,10,10,0.95,10000,68.7216739655,5000,-1,50,0.05,0.1],[7,135,7.4610939489,-3.5389060511,[7,8,0,1,2,9,5,2,3,6],"SA","dd",30,10,10,0.95,10000,68.7718484402,5000,-1,50,0.05,0.1],[7,150,7.4610939489,-3.5389060511,[7,8,0,1,2,9,5,2,3,6],"SA","dd",30,10,10,0.95,10000,68.8129489422,5000,-1,50,0.05,0.1],[7,165,7.4610939489,-3.5389060511,[7,8,0,1,2,9,5,2,3,6],"SA","dd",30,10,10,0.95,10000,68.9536790848,5000,-1,50,0.05,0.1],[7,180,7.4610939489,-3.5389060511,[7,8,0,1,2,9,5,2,3,6],"SA","dd",30,10,10,0.95,10000,69.0258636475,5000,-1,50,0.05,0.1],[7,195,7.4610939489,-3.5389060511,[7,8,0,1,2,9,5,2,3,6],"SA","dd",30,10,10,0.95,10000,68.9398899078,5000,-1,50,0.05,0.1],[7,210,7.4610939489,-3.5389060511,[7,8,0,1,2,9,5,2,3,6],"SA","dd",30,10,10,0.95,10000,68.8974606991,5000,-1,50,0.05,0.1],[7,225,7.4610939489,-3.5389060511,[7,8,0,1,2,9,5,2,3,6],"SA","dd",30,10,10,0.95,10000,68.9966487885,5000,-1,50,0.05,0.1],[7,240,7.4610939489,-3.5389060511,[7,8,0,1,2,9,5,2,3,6],"SA","dd",30,10,10,0.95,10000,68.7735040188,5000,-1,50,0.05,0.1],[7,255,7.4610939489,-3.5389060511,[7,8,0,1,2,9,5,2,3,6],"SA","dd",30,10,10,0.95,10000,68.8496003151,5000,-1,50,0.05,0.1],[7,270,7.4610939489,-3.5389060511,[7,8,0,1,2,9,5,2,3,6],"SA","dd",30,10,10,0.95,10000,68.8102302551,5000,-1,50,0.05,0.1],[7,285,7.4610939489,-3.5389060511,[7,8,0,1,2,9,5,2,3,6],"SA","dd",30,10,10,0.95,10000,68.7896783352,5000,-1,50,0.05,0.1],[7,300,7.4610939489,-3.5389060511,[7,8,0,1,2,9,5,2,3,6],"SA","dd",30,10,10,0.95,10000,68.6745064259,5000,-1,50,0.05,0.1],[7,315,7.4610939489,-3.5389060511,[7,8,0,1,2,9,5,2,3,6],"SA","dd",30,10,10,0.95,10000,68.7389068604,5000,-1,50,0.05,0.1],[7,330,7.4610939489,-3.5389060511,[7,8,0,1,2,9,5,2,3,6],"SA","dd",30,10,10,0.95,10000,68.8271811008,5000,-1,50,0.05,0.1],[7,345,7.4610939489,-3.5389060511,[7,8,0,1,2,9,5,2,3,6],"SA","dd",30,10,10,0.95,10000,68.7886695862,5000,-1,50,0.05,0.1],[7,360,7.4610939489,-3.5389060511,[7,8,0,1,2,9,5,2,3,6],"SA","dd",30,10,10,0.95,10000,68.7790157795,5000,-1,50,0.05,0.1],[7,375,7.4610939489,-3.5389060511,[7,8,0,1,2,9,5,2,3,6],"SA","dd",30,10,10,0.95,10000,68.8406341076,5000,-1,50,0.05,0.1],[7,390,7.4610939489,-3.5389060511,[7,8,0,1,2,9,5,2,3,6],"SA","dd",30,10,10,0.95,10000,68.7356050014,5000,-1,50,0.05,0.1],[7,405,7.4610939489,-3.5389060511,[7,8,0,1,2,9,5,2,3,6],"SA","dd",30,10,10,0.95,10000,68.7916038036,5000,-1,50,0.05,0.1],[7,420,7.4610939489,-3.5389060511,[7,8,0,1,2,9,5,2,3,6],"SA","dd",30,10,10,0.95,10000,68.8404633999,5000,-1,50,0.05,0.1],[7,435,7.4610939489,-3.5389060511,[7,8,0,1,2,9,5,2,3,6],"SA","dd",30,10,10,0.95,10000,68.7452194691,5000,-1,50,0.05,0.1],[7,450,7.4610939489,-3.5389060511,[7,8,0,1,2,9,5,2,3,6],"SA","dd",30,10,10,0.95,10000,68.8666038513,5000,-1,50,0.05,0.1],[7,465,7.4610939489,-3.5389060511,[7,8,0,1,2,9,5,2,3,6],"SA","dd",30,10,10,0.95,10000,68.8118793964,5000,-1,50,0.05,0.1],[7,480,7.4610939489,-3.5389060511,[7,8,0,1,2,9,5,2,3,6],"SA","dd",30,10,10,0.95,10000,68.7413249016,5000,-1,50,0.05,0.1],[7,495,7.4610939489,-3.5389060511,[7,8,0,1,2,9,5,2,3,6],"SA","dd",30,10,10,0.95,10000,68.7865669727,5000,-1,50,0.05,0.1],[7,510,7.4610939489,-3.5389060511,[7,8,0,1,2,9,5,2,3,6],"SA","dd",30,10,10,0.95,10000,68.7856564522,5000,-1,50,0.05,0.1],[7,525,7.4610939489,-3.5389060511,[7,8,0,1,2,9,5,2,3,6],"SA","dd",30,10,10,0.95,10000,68.9268612862,5000,-1,50,0.05,0.1],[7,540,7.4610939489,-3.5389060511,[7,8,0,1,2,9,5,2,3,6],"SA","dd",30,10,10,0.95,10000,68.8526010513,5000,-1,50,0.05,0.1],[7,555,7.4610939489,-3.5389060511,[7,8,0,1,2,9,5,2,3,6],"SA","dd",30,10,10,0.95,10000,68.7724709511,5000,-1,50,0.05,0.1],[7,570,7.4610939489,-3.5389060511,[7,8,0,1,2,9,5,2,3,6],"SA","dd",30,10,10,0.95,10000,68.7283539772,5000,-1,50,0.05,0.1],[7,585,7.4610939489,-3.5389060511,[7,8,0,1,2,9,5,2,3,6],"SA","dd",30,10,10,0.95,10000,68.7693254948,5000,-1,50,0.05,0.1],[7,600,7.4610939489,-3.5389060511,[7,8,0,1,2,9,5,2,3,6],"SA","dd",30,10,10,0.95,10000,68.6360526085,5000,-1,50,0.05,0.1],[7,615,8.4157918072,-2.5842081928,[2,8,4,0,0,9,5,1,6,6],"SA","dd",30,10,10,0.95,10000,68.6891543865,5000,-1,50,0.05,0.1],[7,630,8.4157918072,-2.5842081928,[2,8,4,0,0,9,5,1,6,6],"SA","dd",30,10,10,0.95,10000,68.6506237984,5000,-1,50,0.05,0.1],[7,645,8.4157918072,-2.5842081928,[2,8,4,0,0,9,5,1,6,6],"SA","dd",30,10,10,0.95,10000,68.7774972916,5000,-1,50,0.05,0.1],[7,660,8.4157918072,-2.5842081928,[2,8,4,0,0,9,5,1,6,6],"SA","dd",30,10,10,0.95,10000,68.7094697952,5000,-1,50,0.05,0.1],[7,675,8.4157918072,-2.5842081928,[2,8,4,0,0,9,5,1,6,6],"SA","dd",30,10,10,0.95,10000,68.7331223488,5000,-1,50,0.05,0.1],[7,690,8.4157918072,-2.5842081928,[2,8,4,0,0,9,5,1,6,6],"SA","dd",30,10,10,0.95,10000,68.7235076427,5000,-1,50,0.05,0.1],[7,705,8.4157918072,-2.5842081928,[2,8,4,0,0,9,5,1,6,6],"SA","dd",30,10,10,0.95,10000,68.8182995319,5000,-1,50,0.05,0.1],[7,720,8.4157918072,-2.5842081928,[2,8,4,0,0,9,5,1,6,6],"SA","dd",30,10,10,0.95,10000,68.8233728409,5000,-1,50,0.05,0.1],[7,735,8.4157918072,-2.5842081928,[2,8,4,0,0,9,5,1,6,6],"SA","dd",30,10,10,0.95,10000,68.7789413929,5000,-1,50,0.05,0.1],[7,750,8.4157918072,-2.5842081928,[2,8,4,0,0,9,5,1,6,6],"SA","dd",30,10,10,0.95,10000,68.7275395393,5000,-1,50,0.05,0.1],[7,765,8.4157918072,-2.5842081928,[2,8,4,0,0,9,5,1,6,6],"SA","dd",30,10,10,0.95,10000,68.7412290573,5000,-1,50,0.05,0.1],[7,780,8.4157918072,-2.5842081928,[2,8,4,0,0,9,5,1,6,6],"SA","dd",30,10,10,0.95,10000,68.7270801067,5000,-1,50,0.05,0.1],[7,795,8.4157918072,-2.5842081928,[2,8,4,0,0,9,5,1,6,6],"SA","dd",30,10,10,0.95,10000,68.9505047798,5000,-1,50,0.05,0.1],[7,810,8.4157918072,-2.5842081928,[2,8,4,0,0,9,5,1,6,6],"SA","dd",30,10,10,0.95,10000,68.9567978382,5000,-1,50,0.05,0.1],[7,825,8.4157918072,-2.5842081928,[2,8,4,0,0,9,5,1,6,6],"SA","dd",30,10,10,0.95,10000,69.0219299793,5000,-1,50,0.05,0.1],[7,840,8.4157918072,-2.5842081928,[2,8,4,0,0,9,5,1,6,6],"SA","dd",30,10,10,0.95,10000,69.1075394154,5000,-1,50,0.05,0.1],[7,855,8.4157918072,-2.5842081928,[2,8,4,0,0,9,5,1,6,6],"SA","dd",30,10,10,0.95,10000,69.0414717197,5000,-1,50,0.05,0.1],[7,870,8.4157918072,-2.5842081928,[2,8,4,0,0,9,5,1,6,6],"SA","dd",30,10,10,0.95,10000,69.0810580254,5000,-1,50,0.05,0.1],[7,885,8.4157918072,-2.5842081928,[2,8,4,0,0,9,5,1,6,6],"SA","dd",30,10,10,0.95,10000,69.0086762905,5000,-1,50,0.05,0.1],[7,900,8.4157918072,-2.5842081928,[2,8,4,0,0,9,5,1,6,6],"SA","dd",30,10,10,0.95,10000,69.0478572845,5000,-1,50,0.05,0.1],[7,915,8.4157918072,-2.5842081928,[2,8,4,0,0,9,5,1,6,6],"SA","dd",30,10,10,0.95,10000,69.067034483,5000,-1,50,0.05,0.1],[7,930,8.4157918072,-2.5842081928,[2,8,4,0,0,9,5,1,6,6],"SA","dd",30,10,10,0.95,10000,68.9845340252,5000,-1,50,0.05,0.1],[7,945,8.4157918072,-2.5842081928,[2,8,4,0,0,9,5,1,6,6],