{"columns":["ite","time","q","scaled_eu","z","solver","attacker","|Q|","|X|","|T|","rho","k","utility_time","RS_iters","mcts_iters","sa_iters","eps","lr"],"index":[0,1,2,3,4,5,6,7,8,9,10,11,12,13,14,15,16,17,18,19,20,21,22,23,24,25,26,27,28,29,30,31,32,33,34,35,36,37,38,39,40,41,42,43,44,45,46,47,48,49,50,51,52,53,54,55,56,57,58,59,60,61,62,63,64,65,66,67,68,69,70,71,72,73,74,75,76,77,78,79],"data":[[3,15,8.5300678103,-2.4699321897,[7,3,0,5,1,4,5,8,6,1],"SA","dd",30,10,10,0.95,10000,69.6390287876,5000,-1,50,0.05,0.1],[3,30,8.9917283153,-2.0082716847,[7,2,2,5,7,9,9,5,3,8],"SA","dd",30,10,10,0.95,10000,69.8130605221,5000,-1,50,0.05,0.1],[3,45,8.9917283153,-2.0082716847,[7,3,2,4,7,9,5,5,6,6],"SA","dd",30,10,10,0.95,10000,69.6683175564,5000,-1,50,0.05,0.1],[3,60,11.5905445687,0.5905445687,[7,3,2,4,7,9,0,0,6,6],"SA","dd",30,10,10,0.95,10000,69.8521432877,5000,-1,50,0.05,0.1],[3,75,11.5905445687,0.5905445687,[7,3,2,4,7,9,0,0,6,6],"SA","dd",30,10,10,0.95,10000,69.3496127129,5000,-1,50,0.05,0.1],[3,90,11.5905445687,0.5905445687,[7,3,2,4,7,9,0,0,6,6],"SA","dd",30,10,10,0.95,10000,69.7057011127,5000,-1,50,0.05,0.1],[3,105,11.5905445687,0.5905445687,[7,3,2,4,7,9,0,0,6,6],"SA","dd",30,10,10,0.95,10000,69.8059632778,5000,-1,50,0.05,0.1],[3,120,11.5905445687,0.5905445687,[7,3,2,4,7,9,0,0,6,6],"SA","dd",30,10,10,0.95,10000,69.8460247517,5000,-1,50,0.05,0.1],[3,135,11.5905445687,0.5905445687,[7,3,2,4,7,9,0,0,6,6],"SA","dd",30,10,10,0.95,10000,69.5750057697,5000,-1,50,0.05,0.1],[3,150,11.5905445687,0.5905445687,[7,3,2,4,7,9,0,0,6,6],"SA","dd",30,10,10,0.95,10000,69.754406929,5000,-1,50,0.05,0.1],[3,165,11.5905445687,0.5905445687,[7,3,2,4,7,9,0,0,6,6],"SA","dd",30,10,10,0.95,10000,69.5856463909,5000,-1,50,0.05,0.1],[3,180,11.5905445687,0.5905445687,[7,3,2,4,7,9,0,0,6,6],"SA","dd",30,10,10,0.95,10000,69.7414741516,5000,-1,50,0.05,0.1],[3,195,11.5905445687,0.5905445687,[7,3,2,4,7,9,0,0,6,6],"SA","dd",30,10,10,0.95,10000,69.7652926445,5000,-1,50,0.05,0.1],[3,210,11.5905445687,0.5905445687,[7,3,2,4,7,9,0,0,6,6],"SA","dd",30,10,10,0.95,10000,69.8790311813,5000,-1,50,0.05,0.1],[3,225,11.5905445687,0.5905445687,[7,3,2,4,7,9,0,0,6,6],"SA","dd",30,10,10,0.95,10000,69.974776268,5000,-1,50,0.05,0.1],[3,240,11.5905445687,0.5905445687,[7,3,2,4,7,9,0,0,6,6],"SA","dd",30,10,10,0.95,10000,69.8901984692,5000,-1,50,0.05,0.1],[3,255,11.5905445687,0.5905445687,[7,3,2,4,7,9,0,0,6,6],"SA","dd",30,10,10,0.95,10000,69.7844192982,5000,-1,50,0.05,0.1],[3,270,11.5905445687,0.5905445687,[7,3,2,4,7,9,0,0,6,6],"SA","dd",30,10,10,0.95,10000,69.786819458,5000,-1,50,0.05,0.1],[3,285,11.5905445687,0.5905445687,[7,3,2,4,7,9,0,0,6,6],"SA","dd",30,10,10,0.95,10000,69.8174202442,5000,-1,50,0.05,0.1],[3,300,11.5905445687,0.5905445687,[7,3,2,4,7,9,0,0,6,6],"SA","dd",30,10,10,0.95,10000,69.8147745132,5000,-1,50,0.05,0.1],[3,315,11.5905445687,0.5905445687,[7,3,2,4,7,9,0,0,6,6],"SA","dd",30,10,10,0.95,10000,69.7638266087,5000,-1,50,0.05,0.1],[3,330,11.5905445687,0.5905445687,[7,3,2,4,7,9,0,0,6,6],"SA","dd",30,10,10,0.95,10000,69.7556502819,5000,-1,50,0.05,0.1],[3,345,11.5905445687,0.5905445687,[7,3,2,4,7,9,0,0,6,6],"SA","dd",30,10,10,0.95,10000,69.8955476284,5000,-1,50,0.05,0.1],[3,360,11.5905445687,0.5905445687,[7,3,2,4,7,9,0,0,6,6],"SA","dd",30,10,10,0.95,10000,69.7201662064,5000,-1,50,0.05,0.1],[3,375,11.5905445687,0.5905445687,[7,3,2,4,7,9,0,0,6,6],"SA","dd",30,10,10,0.95,10000,69.6909153461,5000,-1,50,0.05,0.1],[3,390,11.5905445687,0.5905445687,[7,3,2,4,7,9,0,0,6,6],"SA","dd",30,10,10,0.95,10000,69.8982419968,5000,-1,50,0.05,0.1],[3,405,11.5905445687,0.5905445687,[7,3,2,4,7,9,0,0,6,6],"SA","dd",30,10,10,0.95,10000,69.6962440014,5000,-1,50,0.05,0.1],[3,420,11.5905445687,0.5905445687,[7,3,2,4,7,9,0,0,6,6],"SA","dd",30,10,10,0.95,10000,69.8138492107,5000,-1,50,0.05,0.1],[3,435,11.5905445687,0.5905445687,[7,3,2,4,7,9,0,0,6,6],"SA","dd",30,10,10,0.95,10000,69.712954998,5000,-1,50,0.05,0.1],[3,450,11.5905445687,0.5905445687,[7,3,2,4,7,9,0,0,6,6],"SA","dd",30,10,10,0.95,10000,69.6380395889,5000,-1,50,0.05,0.1],[3,465,11.5905445687,0.5905445687,[7,3,2,4,7,9,0,0,6,6],"SA","dd",30,10,10,0.95,10000,69.6064691544,5000,-1,50,0.05,0.1],[3,480,11.5905445687,0.5905445687,[7,3,2,4,7,9,0,0,6,6],"SA","dd",30,10,10,0.95,10000,69.8144478798,5000,-1,50,0.05,0.1],[3,495,11.5905445687,0.5905445687,[7,3,2,4,7,9,0,0,6,6],"SA","dd",30,10,10,0.95,10000,69.8383336067,5000,-1,50,0.05,0.1],[3,510,11.5905445687,0.5905445687,[7,3,2,4,7,9,0,0,6,6],"SA","dd",30,10,10,0.95,10000,69.8199591637,5000,-1,50,0.05,0.1],[3,525,11.5905445687,0.5905445687,[7,3,2,4,7,9,0,0,6,6],"SA","dd",30,10,10,0.95,10000,69.8338813782,5000,-1,50,0.05,0.1],[3,540,11.5905445687,0.5905445687,[7,3,2,4,7,9,0,0,6,6],"SA","dd",30,10,10,0.95,10000,69.7292752266,5000,-1,50,0.05,0.1],[3,555,11.5905445687,0.5905445687,[7,3,2,4,7,9,0,0,6,6],"SA","dd",30,10,10,0.95,10000,69.8245048523,5000,-1,50,0.05,0.1],[3,570,11.5905445687,0.5905445687,[7,3,2,4,7,9,0,0,6,6],"SA","dd",30,10,10,0.95,10000,69.7839074135,5000,-1,50,0.05,0.1],[3,585,11.5905445687,0.5905445687,[7,3,2,4,7,9,0,0,6,6],"SA","dd",30,10,10,0.95,10000,69.7019438744,5000,-1,50,0.05,0.1],[3,600,11.5905445687,0.5905445687,[7,3,2,4,7,9,0,0,6,6],"SA","dd",30,10,10,0.95,10000,69.6107854843,5000,-1,50,0.05,0.1],[3,615,11.5905445687,0.5905445687,[7,3,2,4,7,9,0,0,6,6],"SA","dd",30,10,10,0.95,10000,69.7775754929,5000,-1,50,0.05,0.1],[3,630,11.5905445687,0.5905445687,[7,3,2,4,7,9,0,0,6,6],"SA","dd",30,10,10,0.95,10000,69.8143815994,5000,-1,50,0.05,0.1],[3,645,11.5905445687,0.5905445687,[7,3,2,4,7,9,0,0,6,6],"SA","dd",30,10,10,0.95,10000,69.8447949886,5000,-1,50,0.05,0.1],[3,660,11.5905445687,0.5905445687,[7,3,2,4,7,9,0,0,6,6],"SA","dd",30,10,10,0.95,10000,69.8408164978,5000,-1,50,0.05,0.1],[3,675,11.5905445687,0.5905445687,[7,3,2,4,7,9,0,0,6,6],"SA","dd",30,10,10,0.95,10000,69.6718325615,5000,-1,50,0.05,0.1],[3,690,11.5905445687,0.5905445687,[7,3,2,4,7,9,0,0,6,6],"SA","dd",30,10,10,0.95,10000,69.6735970974,5000,-1,50,0.05,0.1],[3,705,11.5905445687,0.5905445687,[7,3,2,4,7,9,0,0,6,6],"SA","dd",30,10,10,0.95,10000,69.7702434063,5000,-1,50,0.05,0.1],[3,720,11.5905445687,0.5905445687,[7,3,2,4,7,9,0,0,6,6],"SA","dd",30,10,10,0.95,10000,69.8211519718,5000,-1,50,0.05,0.1],[3,735,11.5905445687,0.5905445687,[7,3,2,4,7,9,0,0,6,6],"SA","dd",30,10,10,0.95,10000,69.6366024017,5000,-1,50,0.05,0.1],[3,750,11.5905445687,0.5905445687,[7,3,2,4,7,9,0,0,6,6],"SA","dd",30,10,10,0.95,10000,69.6903042793,5000,-1,50,0.05,0.1],[3,765,11.5905445687,0.5905445687,[7,3,2,4,7,9,0,0,6,6],"SA","dd",30,10,10,0.95,10000,69.8570287228,5000,-1,50,0.05,0.1],[3,780,11.5905445687,0.5905445687,[7,3,2,4,7,9,0,0,6,6],"SA","dd",30,10,10,0.95,10000,69.8535649776,5000,-1,50,0.05,0.1],[3,795,11.5905445687,0.5905445687,[7,3,2,4,7,9,0,0,6,6],"SA","dd",30,10,10,0.95,10000,69.9838111401,5000,-1,50,0.05,0.1],[3,810,11.5905445687,0.5905445687,[7,3,2,4,7,9,0,0,6,6],"SA","dd",30,10,10,0.95,10000,70.1248333454,5000,-1,50,0.05,0.1],[3,825,11.5905445687,0.5905445687,[7,3,2,4,7,9,0,0,6,6],"SA","dd",30,10,10,0.95,10000,70.19749856,5000,-1,50,0.05,0.1],[3,840,11.5905445687,0.5905445687,[7,3,2,4,7,9,0,0,6,6],"SA","dd",30,10,10,0.95,10000,70.0782051086,5000,-1,50,0.05,0.1],[3,855,11.5905445687,0.5905445687,[7,3,2,4,7,9,0,0,6,6],"SA","dd",30,10,10,0.95,10000,70.1512699127,5000,-1,50,0.05,0.1],[3,870,11.5905445687,0.5905445687,[7,3,2,4,7,9,0,0,6,6],"SA","dd",30,10,10,0.95,10000,69.9973371029,5000,-1,50,0.05,0.1],[3,885,11.5905445687,0.5905445687,[7,3,2,4,7,9,0,0,6,6],"SA","dd",30,10,10,0.95,10000,69.8762896061,5000,-1,50,0.05,0.1],[3,900,11.5905445687,0.5905445687,[7,3,2,4,7,9,0,0,6,6],"SA","dd",30,10,10,0.95,10000,69.9768249989,5000,-1,50,0.05,0.1],[3,915,11.5905445687,0.5905445687,[7,3,2,4,7,9,0,0,6,6],"SA","dd",30,10,10,0.95,10000,69.967556715,5000,-1,50,0.05,0.1],[3,930,11.5905445687,0.5905445687,[7,3,2,4,7,9,0,0,6,6],"SA","dd",30,10,10,0.95,10000,69.8842103481,5000,-1,50,0.05,0.1],[3,945,11.5905445687,0.5905445687,[7,3,2,4,7,9,0,0,6,6],