{"columns":["ite","time","q","scaled_eu","z","solver","attacker","|Q|","|X|","|T|","rho","k","utility_time","RS_iters","mcts_iters","sa_iters","eps","lr"],"index":[0,1,2,3,4,5,6,7,8,9,10,11,12,13,14,15,16,17,18,19,20,21,22,23,24,25,26,27,28,29,30,31,32,33,34,35,36,37,38,39,40,41,42,43,44,45,46,47,48,49,50,51,52,53,54,55,56,57,58,59,60,61,62,63,64,65,66,67,68,69,70,71,72,73,74,75,76,77,78,79],"data":[[2,15,6.5044756607,-4.4955243393,[1,3,1,4,7,9,5,3,8,8],"SA","dd",30,10,10,0.95,10000,67.8462672234,5000,-1,50,0.05,0.1],[2,30,6.5677799677,-4.4322200323,[9,8,4,2,4,7,6,0,6,0],"SA","dd",30,10,10,0.95,10000,67.8060410023,5000,-1,50,0.05,0.1],[2,45,6.5677799677,-4.4322200323,[9,8,4,2,4,7,6,0,6,0],"SA","dd",30,10,10,0.95,10000,67.8647594452,5000,-1,50,0.05,0.1],[2,60,6.5677799677,-4.4322200323,[9,3,6,1,6,6,1,0,3,4],"SA","dd",30,10,10,0.95,10000,67.983420372,5000,-1,50,0.05,0.1],[2,75,6.5677799677,-4.4322200323,[6,2,5,1,9,9,0,6,6,7],"SA","dd",30,10,10,0.95,10000,67.5013558865,5000,-1,50,0.05,0.1],[2,90,6.5677799677,-4.4322200323,[7,8,9,3,3,9,4,0,6,8],"SA","dd",30,10,10,0.95,10000,67.8776330948,5000,-1,50,0.05,0.1],[2,105,6.5677799677,-4.4322200323,[8,0,2,5,8,9,6,0,3,6],"SA","dd",30,10,10,0.95,10000,67.908156395,5000,-1,50,0.05,0.1],[2,120,6.5677799677,-4.4322200323,[8,0,2,5,8,9,6,0,3,6],"SA","dd",30,10,10,0.95,10000,67.6974794865,5000,-1,50,0.05,0.1],[2,135,6.5677799677,-4.4322200323,[5,7,2,1,9,4,8,1,6,6],"SA","dd",30,10,10,0.95,10000,67.8574748039,5000,-1,50,0.05,0.1],[2,150,6.5677799677,-4.4322200323,[5,7,2,1,9,4,8,1,6,6],"SA","dd",30,10,10,0.95,10000,67.8358998299,5000,-1,50,0.05,0.1],[2,165,6.9066963788,-4.0933036212,[7,1,2,7,2,8,7,1,4,8],"SA","dd",30,10,10,0.95,10000,67.770560503,5000,-1,50,0.05,0.1],[2,180,6.9066963788,-4.0933036212,[7,1,2,7,2,8,7,1,4,8],"SA","dd",30,10,10,0.95,10000,67.9598140717,5000,-1,50,0.05,0.1],[2,195,6.9066963788,-4.0933036212,[7,1,2,7,2,8,7,1,4,8],"SA","dd",30,10,10,0.95,10000,68.0071194172,5000,-1,50,0.05,0.1],[2,210,6.9066963788,-4.0933036212,[7,1,2,7,2,8,7,1,4,8],"SA","dd",30,10,10,0.95,10000,68.0186445713,5000,-1,50,0.05,0.1],[2,225,6.9066963788,-4.0933036212,[7,1,2,7,2,8,7,1,4,8],"SA","dd",30,10,10,0.95,10000,68.0090315342,5000,-1,50,0.05,0.1],[2,240,6.9066963788,-4.0933036212,[7,1,2,7,2,8,7,1,4,8],"SA","dd",30,10,10,0.95,10000,67.8110063076,5000,-1,50,0.05,0.1],[2,255,7.3028403472,-3.6971596528,[0,7,2,7,6,9,7,1,6,7],"SA","dd",30,10,10,0.95,10000,67.7371404171,5000,-1,50,0.05,0.1],[2,270,7.3028403472,-3.6971596528,[0,7,2,7,6,9,7,1,6,7],"SA","dd",30,10,10,0.95,10000,67.9986114502,5000,-1,50,0.05,0.1],[2,285,7.3028403472,-3.6971596528,[0,7,2,7,6,9,7,1,6,7],"SA","dd",30,10,10,0.95,10000,67.9085726738,5000,-1,50,0.05,0.1],[2,300,7.3028403472,-3.6971596528,[0,7,2,7,6,9,7,1,6,7],"SA","dd",30,10,10,0.95,10000,67.92436409,5000,-1,50,0.05,0.1],[2,315,7.3028403472,-3.6971596528,[0,7,2,7,6,9,7,1,6,7],"SA","dd",30,10,10,0.95,10000,67.833081007,5000,-1,50,0.05,0.1],[2,330,7.4209997285,-3.5790002715,[0,1,6,1,2,7,6,0,6,2],"SA","dd",30,10,10,0.95,10000,67.8548882008,5000,-1,50,0.05,0.1],[2,345,7.4209997285,-3.5790002715,[0,1,6,1,2,7,6,0,6,2],"SA","dd",30,10,10,0.95,10000,67.7629864216,5000,-1,50,0.05,0.1],[2,360,7.4209997285,-3.5790002715,[0,1,6,1,2,7,6,0,6,2],"SA","dd",30,10,10,0.95,10000,67.881888628,5000,-1,50,0.05,0.1],[2,375,7.4209997285,-3.5790002715,[0,1,6,1,2,7,6,0,6,2],"SA","dd",30,10,10,0.95,10000,67.975869894,5000,-1,50,0.05,0.1],[2,390,7.8993030776,-3.1006969224,[9,9,4,3,9,3,2,0,3,4],"SA","dd",30,10,10,0.95,10000,67.9170136452,5000,-1,50,0.05,0.1],[2,405,7.8993030776,-3.1006969224,[9,9,4,3,9,3,2,0,3,4],"SA","dd",30,10,10,0.95,10000,67.8237655163,5000,-1,50,0.05,0.1],[2,420,7.8993030776,-3.1006969224,[9,9,4,3,9,3,2,0,3,4],"SA","dd",30,10,10,0.95,10000,67.8661575317,5000,-1,50,0.05,0.1],[2,435,7.8993030776,-3.1006969224,[9,9,4,3,9,3,2,0,3,4],"SA","dd",30,10,10,0.95,10000,67.7463083267,5000,-1,50,0.05,0.1],[2,450,7.8993030776,-3.1006969224,[9,9,4,3,9,3,2,0,3,4],"SA","dd",30,10,10,0.95,10000,67.8895797729,5000,-1,50,0.05,0.1],[2,465,7.8993030776,-3.1006969224,[9,9,4,3,9,3,2,0,3,4],"SA","dd",30,10,10,0.95,10000,67.98883605,5000,-1,50,0.05,0.1],[2,480,7.8993030776,-3.1006969224,[9,9,4,3,9,3,2,0,3,4],"SA","dd",30,10,10,0.95,10000,67.8874442577,5000,-1,50,0.05,0.1],[2,495,7.8993030776,-3.1006969224,[9,9,4,3,9,3,2,0,3,4],"SA","dd",30,10,10,0.95,10000,67.8826692104,5000,-1,50,0.05,0.1],[2,510,7.8993030776,-3.1006969224,[9,9,4,3,9,3,2,0,3,4],"SA","dd",30,10,10,0.95,10000,67.9083628654,5000,-1,50,0.05,0.1],[2,525,7.8993030776,-3.1006969224,[9,9,4,3,9,3,2,0,3,4],"SA","dd",30,10,10,0.95,10000,68.015638113,5000,-1,50,0.05,0.1],[2,540,7.8993030776,-3.1006969224,[9,9,4,3,9,3,2,0,3,4],"SA","dd",30,10,10,0.95,10000,67.7745943069,5000,-1,50,0.05,0.1],[2,555,7.8993030776,-3.1006969224,[9,9,4,3,9,3,2,0,3,4],"SA","dd",30,10,10,0.95,10000,67.8651690483,5000,-1,50,0.05,0.1],[2,570,7.8993030776,-3.1006969224,[9,9,4,3,9,3,2,0,3,4],"SA","dd",30,10,10,0.95,10000,67.9270575047,5000,-1,50,0.05,0.1],[2,585,7.8993030776,-3.1006969224,[9,9,4,3,9,3,2,0,3,4],"SA","dd",30,10,10,0.95,10000,67.8627552986,5000,-1,50,0.05,0.1],[2,600,7.8993030776,-3.1006969224,[9,9,4,3,9,3,2,0,3,4],"SA","dd",30,10,10,0.95,10000,67.9912319183,5000,-1,50,0.05,0.1],[2,615,7.8993030776,-3.1006969224,[9,9,4,3,9,3,2,0,3,4],"SA","dd",30,10,10,0.95,10000,67.9158635139,5000,-1,50,0.05,0.1],[2,630,7.8993030776,-3.1006969224,[9,9,4,3,9,3,2,0,3,4],"SA","dd",30,10,10,0.95,10000,67.7105021477,5000,-1,50,0.05,0.1],[2,645,7.8993030776,-3.1006969224,[9,9,4,3,9,3,2,0,3,4],"SA","dd",30,10,10,0.95,10000,67.7433068752,5000,-1,50,0.05,0.1],[2,660,7.8993030776,-3.1006969224,[9,9,4,3,9,3,2,0,3,4],"SA","dd",30,10,10,0.95,10000,67.7469775677,5000,-1,50,0.05,0.1],[2,675,7.8993030776,-3.1006969224,[9,9,4,3,9,3,2,0,3,4],"SA","dd",30,10,10,0.95,10000,67.9431529045,5000,-1,50,0.05,0.1],[2,690,7.8993030776,-3.1006969224,[9,9,4,3,9,3,2,0,3,4],"SA","dd",30,10,10,0.95,10000,67.7092978954,5000,-1,50,0.05,0.1],[2,705,7.8993030776,-3.1006969224,[9,9,4,3,9,3,2,0,3,4],"SA","dd",30,10,10,0.95,10000,67.8254692554,5000,-1,50,0.05,0.1],[2,720,7.8993030776,-3.1006969224,[9,9,4,3,9,3,2,0,3,4],"SA","dd",30,10,10,0.95,10000,67.7970089912,5000,-1,50,0.05,0.1],[2,735,7.8993030776,-3.1006969224,[9,9,4,3,9,3,2,0,3,4],"SA","dd",30,10,10,0.95,10000,67.6524474621,5000,-1,50,0.05,0.1],[2,750,7.8993030776,-3.1006969224,[9,9,4,3,9,3,2,0,3,4],"SA","dd",30,10,10,0.95,10000,67.8058810234,5000,-1,50,0.05,0.1],[2,765,7.8993030776,-3.1006969224,[2,3,2,5,4,2,5,7,6,6],"SA","dd",30,10,10,0.95,10000,68.0701744556,5000,-1,50,0.05,0.1],[2,780,7.8993030776,-3.1006969224,[2,3,2,5,4,2,5,7,6,6],"SA","dd",30,10,10,0.95,10000,67.8734254837,5000,-1,50,0.05,0.1],[2,795,7.8993030776,-3.1006969224,[2,3,2,5,4,2,5,7,6,6],"SA","dd",30,10,10,0.95,10000,67.9958746433,5000,-1,50,0.05,0.1],[2,810,7.8993030776,-3.1006969224,[2,3,2,5,4,2,5,7,6,6],"SA","dd",30,10,10,0.95,10000,68.1960761547,5000,-1,50,0.05,0.1],[2,825,7.8993030776,-3.1006969224,[2,3,2,5,4,2,5,7,6,6],"SA","dd",30,10,10,0.95,10000,68.1353530884,5000,-1,50,0.05,0.1],[2,840,7.8993030776,-3.1006969224,[2,3,2,5,4,2,5,7,6,6],"SA","dd",30,10,10,0.95,10000,68.1641871929,5000,-1,50,0.05,0.1],[2,855,7.8993030776,-3.1006969224,[2,3,2,5,4,2,5,7,6,6],"SA","dd",30,10,10,0.95,10000,68.13808918,5000,-1,50,0.05,0.1],[2,870,7.8993030776,-3.1006969224,[2,3,2,5,4,2,5,7,6,6],"SA","dd",30,10,10,0.95,10000,68.3600285053,5000,-1,50,0.05,0.1],[2,885,7.8993030776,-3.1006969224,[2,3,2,5,4,2,5,7,6,6],"SA","dd",30,10,10,0.95,10000,68.1320841312,5000,-1,50,0.05,0.1],[2,900,7.8993030776,-3.1006969224,[2,3,2,5,4,2,5,7,6,6],"SA","dd",30,10,10,0.95,10000,68.2068591118,5000,-1,50,0.05,0.1],[2,915,7.8993030776,-3.1006969224,[2,3,2,5,4,2,5,7,6,6],"SA","dd",30,10,10,0.95,10000,68.1832129955,5000,-1,50,0.05,0.1],[2,930,7.8993030776,-3.1006969224,[2,3,2,5,4,2,5,7,6,6],"SA","dd",30,10,10,0.95,10000,68.2894949913,5000,-1,50,0.05,0.1],[2,945,7.8993030776,-3.1006969224,[2,3,2,5,4,2,5,7,6,6],