{"columns":["ite","time","q","scaled_eu","z","solver","attacker","|Q|","|X|","|T|","rho","k","utility_time","RS_iters","mcts_iters","sa_iters","eps","lr"],"index":[0,1,2,3,4,5,6,7,8,9,10,11,12,13,14,15,16,17,18,19,20,21,22,23,24,25,26,27,28,29,30,31,32,33,34,35,36,37,38,39,40,41,42,43,44,45,46,47,48,49,50,51,52,53,54,55,56,57,58,59,60,61,62,63,64,65,66,67,68,69,70,71,72,73,74,75,76,77,78,79],"data":[[8,15,4.1450283662,-6.8549716338,[7,4,8,0,6,2,2,1,7,9],"SA","dd",30,10,10,0.95,10000,70.1738536358,5000,-1,50,0.05,0.1],[8,30,4.2855971988,-6.7144028012,[9,3,1,7,4,8,6,7,8,2],"SA","dd",30,10,10,0.95,10000,70.1172046661,5000,-1,50,0.05,0.1],[8,45,4.2855971988,-6.7144028012,[9,3,1,7,4,8,6,7,8,2],"SA","dd",30,10,10,0.95,10000,70.299200058,5000,-1,50,0.05,0.1],[8,60,4.2855971988,-6.7144028012,[9,3,1,7,4,8,6,7,8,2],"SA","dd",30,10,10,0.95,10000,70.1021945477,5000,-1,50,0.05,0.1],[8,75,4.2855971988,-6.7144028012,[9,3,1,7,4,8,6,7,8,2],"SA","dd",30,10,10,0.95,10000,69.8395495415,5000,-1,50,0.05,0.1],[8,90,4.2855971988,-6.7144028012,[9,3,1,7,4,8,6,7,8,2],"SA","dd",30,10,10,0.95,10000,70.0377187729,5000,-1,50,0.05,0.1],[8,105,6.2600734693,-4.7399265307,[1,7,9,2,9,3,3,1,6,1],"SA","dd",30,10,10,0.95,10000,70.2895491123,5000,-1,50,0.05,0.1],[8,120,6.2600734693,-4.7399265307,[2,3,0,1,9,9,8,3,6,9],"SA","dd",30,10,10,0.95,10000,70.1087977886,5000,-1,50,0.05,0.1],[8,135,6.2600734693,-4.7399265307,[2,3,0,1,9,9,8,3,6,9],"SA","dd",30,10,10,0.95,10000,70.1890075207,5000,-1,50,0.05,0.1],[8,150,6.2600734693,-4.7399265307,[2,3,0,1,9,9,8,3,6,9],"SA","dd",30,10,10,0.95,10000,70.0283608437,5000,-1,50,0.05,0.1],[8,165,6.2600734693,-4.7399265307,[2,3,0,1,9,9,8,3,6,9],"SA","dd",30,10,10,0.95,10000,70.221581459,5000,-1,50,0.05,0.1],[8,180,6.2600734693,-4.7399265307,[2,3,0,1,9,9,8,3,6,9],"SA","dd",30,10,10,0.95,10000,69.8306925297,5000,-1,50,0.05,0.1],[8,195,6.2600734693,-4.7399265307,[2,3,0,1,9,9,8,3,6,9],"SA","dd",30,10,10,0.95,10000,70.2381429672,5000,-1,50,0.05,0.1],[8,210,6.8961804851,-4.1038195149,[3,3,8,3,9,9,3,0,7,5],"SA","dd",30,10,10,0.95,10000,70.2668645382,5000,-1,50,0.05,0.1],[8,225,6.8961804851,-4.1038195149,[3,3,8,3,9,9,3,0,7,5],"SA","dd",30,10,10,0.95,10000,70.1145262718,5000,-1,50,0.05,0.1],[8,240,6.8961804851,-4.1038195149,[3,3,8,3,9,9,3,0,7,5],"SA","dd",30,10,10,0.95,10000,70.3292968273,5000,-1,50,0.05,0.1],[8,255,7.5519458209,-3.4480541791,[7,3,4,5,1,8,0,6,3,0],"SA","dd",30,10,10,0.95,10000,70.2021737099,5000,-1,50,0.05,0.1],[8,270,7.5519458209,-3.4480541791,[7,3,4,5,1,8,0,6,3,0],"SA","dd",30,10,10,0.95,10000,70.1246919632,5000,-1,50,0.05,0.1],[8,285,7.5519458209,-3.4480541791,[7,3,4,5,1,8,0,6,3,0],"SA","dd",30,10,10,0.95,10000,70.1097793579,5000,-1,50,0.05,0.1],[8,300,7.5519458209,-3.4480541791,[7,3,4,5,1,8,0,6,3,0],"SA","dd",30,10,10,0.95,10000,70.1713254452,5000,-1,50,0.05,0.1],[8,315,7.5519458209,-3.4480541791,[7,3,4,5,1,8,0,6,3,0],"SA","dd",30,10,10,0.95,10000,69.9445660114,5000,-1,50,0.05,0.1],[8,330,7.5519458209,-3.4480541791,[7,3,4,5,1,8,0,6,3,0],"SA","dd",30,10,10,0.95,10000,70.1469266415,5000,-1,50,0.05,0.1],[8,345,7.5519458209,-3.4480541791,[7,3,4,5,1,8,0,6,3,0],"SA","dd",30,10,10,0.95,10000,70.0546190739,5000,-1,50,0.05,0.1],[8,360,7.5519458209,-3.4480541791,[7,3,4,5,1,8,0,6,3,0],"SA","dd",30,10,10,0.95,10000,70.2593810558,5000,-1,50,0.05,0.1],[8,375,7.5519458209,-3.4480541791,[7,3,4,5,1,8,0,6,3,0],"SA","dd",30,10,10,0.95,10000,70.1936478615,5000,-1,50,0.05,0.1],[8,390,7.5519458209,-3.4480541791,[7,3,4,5,1,8,0,6,3,0],"SA","dd",30,10,10,0.95,10000,70.2536473274,5000,-1,50,0.05,0.1],[8,405,7.5519458209,-3.4480541791,[7,3,4,5,1,8,0,6,3,0],"SA","dd",30,10,10,0.95,10000,70.2150614262,5000,-1,50,0.05,0.1],[8,420,7.5519458209,-3.4480541791,[7,3,4,5,1,8,0,6,3,0],"SA","dd",30,10,10,0.95,10000,70.0869793892,5000,-1,50,0.05,0.1],[8,435,7.5519458209,-3.4480541791,[7,3,4,5,1,8,0,6,3,0],"SA","dd",30,10,10,0.95,10000,70.070748806,5000,-1,50,0.05,0.1],[8,450,7.5519458209,-3.4480541791,[7,3,4,5,1,8,0,6,3,0],"SA","dd",30,10,10,0.95,10000,70.2014143467,5000,-1,50,0.05,0.1],[8,465,7.5519458209,-3.4480541791,[7,3,4,5,1,8,0,6,3,0],"SA","dd",30,10,10,0.95,10000,70.1370713711,5000,-1,50,0.05,0.1],[8,480,7.5519458209,-3.4480541791,[7,3,4,5,1,8,0,6,3,0],"SA","dd",30,10,10,0.95,10000,70.1268546581,5000,-1,50,0.05,0.1],[8,495,7.5519458209,-3.4480541791,[7,3,4,5,1,8,0,6,3,0],"SA","dd",30,10,10,0.95,10000,70.2033581734,5000,-1,50,0.05,0.1],[8,510,7.5519458209,-3.4480541791,[7,3,4,5,1,8,0,6,3,0],"SA","dd",30,10,10,0.95,10000,70.2735910416,5000,-1,50,0.05,0.1],[8,525,7.5519458209,-3.4480541791,[7,3,4,5,1,8,0,6,3,0],"SA","dd",30,10,10,0.95,10000,70.2504618168,5000,-1,50,0.05,0.1],[8,540,7.5519458209,-3.4480541791,[7,3,4,5,1,8,0,6,3,0],"SA","dd",30,10,10,0.95,10000,70.0813980103,5000,-1,50,0.05,0.1],[8,555,7.5519458209,-3.4480541791,[7,3,4,5,1,8,0,6,3,0],"SA","dd",30,10,10,0.95,10000,70.1820416451,5000,-1,50,0.05,0.1],[8,570,7.5519458209,-3.4480541791,[7,3,4,5,1,8,0,6,3,0],"SA","dd",30,10,10,0.95,10000,70.2074079514,5000,-1,50,0.05,0.1],[8,585,7.5519458209,-3.4480541791,[7,3,4,5,1,8,0,6,3,0],"SA","dd",30,10,10,0.95,10000,70.1232330799,5000,-1,50,0.05,0.1],[8,600,7.5519458209,-3.4480541791,[7,3,4,5,1,8,0,6,3,0],"SA","dd",30,10,10,0.95,10000,70.0201535225,5000,-1,50,0.05,0.1],[8,615,7.5519458209,-3.4480541791,[7,3,4,5,1,8,0,6,3,0],"SA","dd",30,10,10,0.95,10000,70.0876817703,5000,-1,50,0.05,0.1],[8,630,7.5519458209,-3.4480541791,[7,3,4,5,1,8,0,6,3,0],"SA","dd",30,10,10,0.95,10000,70.009953022,5000,-1,50,0.05,0.1],[8,645,7.5519458209,-3.4480541791,[7,3,4,5,1,8,0,6,3,0],"SA","dd",30,10,10,0.95,10000,70.0933141708,5000,-1,50,0.05,0.1],[8,660,7.5519458209,-3.4480541791,[7,3,4,5,1,8,0,6,3,0],"SA","dd",30,10,10,0.95,10000,69.9595007896,5000,-1,50,0.05,0.1],[8,675,7.5519458209,-3.4480541791,[7,3,4,5,1,8,0,6,3,0],"SA","dd",30,10,10,0.95,10000,70.0710082054,5000,-1,50,0.05,0.1],[8,690,7.5519458209,-3.4480541791,[7,3,4,5,1,8,0,6,3,0],"SA","dd",30,10,10,0.95,10000,70.0057020187,5000,-1,50,0.05,0.1],[8,705,7.5519458209,-3.4480541791,[7,3,4,5,1,8,0,6,3,0],"SA","dd",30,10,10,0.95,10000,70.0050845146,5000,-1,50,0.05,0.1],[8,720,7.5519458209,-3.4480541791,[7,3,4,5,1,8,0,6,3,0],"SA","dd",30,10,10,0.95,10000,70.0602538586,5000,-1,50,0.05,0.1],[8,735,7.5519458209,-3.4480541791,[7,3,4,5,1,8,0,6,3,0],"SA","dd",30,10,10,0.95,10000,70.0130422115,5000,-1,50,0.05,0.1],[8,750,7.5519458209,-3.4480541791,[7,3,4,5,1,8,0,6,3,0],"SA","dd",30,10,10,0.95,10000,69.9120187759,5000,-1,50,0.05,0.1],[8,765,7.5519458209,-3.4480541791,[7,3,4,5,1,8,0,6,3,0],"SA","dd",30,10,10,0.95,10000,69.7062723637,5000,-1,50,0.05,0.1],[8,780,7.5519458209,-3.4480541791,[7,3,4,5,1,8,0,6,3,0],"SA","dd",30,10,10,0.95,10000,70.1855733395,5000,-1,50,0.05,0.1],[8,795,7.5519458209,-3.4480541791,[7,3,4,5,1,8,0,6,3,0],"SA","dd",30,10,10,0.95,10000,70.3088495731,5000,-1,50,0.05,0.1],[8,810,7.5519458209,-3.4480541791,[7,3,4,5,1,8,0,6,3,0],"SA","dd",30,10,10,0.95,10000,70.311917305,5000,-1,50,0.05,0.1],[8,825,7.5519458209,-3.4480541791,[7,3,4,5,1,8,0,6,3,0],"SA","dd",30,10,10,0.95,10000,70.431189537,5000,-1,50,0.05,0.1],[8,840,7.5519458209,-3.4480541791,[7,3,4,5,1,8,0,6,3,0],"SA","dd",30,10,10,0.95,10000,70.3820645809,5000,-1,50,0.05,0.1],[8,855,7.5519458209,-3.4480541791,[7,7,8,6,9,9,5,8,6,7],"SA","dd",30,10,10,0.95,10000,70.3637440205,5000,-1,50,0.05,0.1],[8,870,7.5519458209,-3.4480541791,[7,3,5,9,2,9,5,5,3,1],"SA","dd",30,10,10,0.95,10000,70.2330656052,5000,-1,50,0.05,0.1],[8,885,7.5519458209,-3.4480541791,[7,3,5,9,2,9,5,5,3,1],"SA","dd",30,10,10,0.95,10000,70.3226122856,5000,-1,50,0.05,0.1],[8,900,7.5519458209,-3.4480541791,[7,3,5,9,2,9,5,5,3,1],"SA","dd",30,10,10,0.95,10000,70.312076807,5000,-1,50,0.05,0.1],[8,915,7.5519458209,-3.4480541791,[7,3,5,9,2,9,5,5,3,1],"SA","dd",30,10,10,0.95,10000,70.2745895386,5000,-1,50,0.05,0.1],[8,930,7.5519458209,-3.4480541791,[7,3,5,9,2,9,5,5,3,1],"SA","dd",30,10,10,0.95,10000,70.2332079411,5000,-1,50,0.05,0.1],[8,945,7.5519458209,-3.4480541791,[7,3,5,9,2,9,5,5,3,1],