{"columns":["ite","time","q","scaled_eu","z","solver","attacker","|Q|","|X|","|T|","rho","k","utility_time","RS_iters","mcts_iters","sa_iters","eps","lr"],"index":[0,1,2,3,4,5,6,7,8,9,10,11,12,13,14,15,16,17,18,19,20,21,22,23,24,25,26,27,28,29,30,31,32,33,34,35,36,37,38,39,40,41,42,43,44,45,46,47,48,49,50,51,52,53,54,55,56,57,58,59,60,61,62,63,64,65,66,67,68,69,70,71,72,73,74,75,76,77,78,79],"data":[[9,15,7.4042660148,-3.5957339852,[7,3,8,1,8,2,1,8,2,9],"SA","dd",30,10,10,0.95,10000,68.430118084,5000,-1,50,0.05,0.1],[9,30,7.4042660148,-3.5957339852,[7,3,5,1,8,0,0,0,6,0],"SA","dd",30,10,10,0.95,10000,68.547576189,5000,-1,50,0.05,0.1],[9,45,7.4042660148,-3.5957339852,[7,3,5,1,8,0,0,0,6,0],"SA","dd",30,10,10,0.95,10000,68.5524713993,5000,-1,50,0.05,0.1],[9,60,7.4042660148,-3.5957339852,[7,3,5,1,8,0,0,0,6,0],"SA","dd",30,10,10,0.95,10000,68.5793783665,5000,-1,50,0.05,0.1],[9,75,7.4042660148,-3.5957339852,[7,3,5,1,8,0,0,0,6,0],"SA","dd",30,10,10,0.95,10000,86.4589347839,5000,-1,50,0.05,0.1],[9,90,7.4042660148,-3.5957339852,[7,3,5,1,8,0,0,0,6,0],"SA","dd",30,10,10,0.95,10000,68.4689233303,5000,-1,50,0.05,0.1],[9,105,7.4042660148,-3.5957339852,[7,3,5,1,8,0,0,0,6,0],"SA","dd",30,10,10,0.95,10000,68.3312952518,5000,-1,50,0.05,0.1],[9,120,7.4042660148,-3.5957339852,[7,3,5,1,8,0,0,0,6,0],"SA","dd",30,10,10,0.95,10000,68.4946012497,5000,-1,50,0.05,0.1],[9,135,7.4042660148,-3.5957339852,[7,3,5,1,8,0,0,0,6,0],"SA","dd",30,10,10,0.95,10000,68.2844669819,5000,-1,50,0.05,0.1],[9,150,7.4042660148,-3.5957339852,[7,3,5,1,8,0,0,0,6,0],"SA","dd",30,10,10,0.95,10000,68.4595584869,5000,-1,50,0.05,0.1],[9,165,7.4042660148,-3.5957339852,[7,3,5,1,8,0,0,0,6,0],"SA","dd",30,10,10,0.95,10000,68.3570449352,5000,-1,50,0.05,0.1],[9,180,7.4042660148,-3.5957339852,[7,3,5,1,8,0,0,0,6,0],"SA","dd",30,10,10,0.95,10000,68.3931982517,5000,-1,50,0.05,0.1],[9,195,7.4042660148,-3.5957339852,[7,3,5,1,8,0,0,0,6,0],"SA","dd",30,10,10,0.95,10000,68.5489766598,5000,-1,50,0.05,0.1],[9,210,7.4042660148,-3.5957339852,[7,3,5,1,8,0,0,0,6,0],"SA","dd",30,10,10,0.95,10000,68.6044542789,5000,-1,50,0.05,0.1],[9,225,7.4042660148,-3.5957339852,[7,3,5,1,8,0,0,0,6,0],"SA","dd",30,10,10,0.95,10000,68.4381227493,5000,-1,50,0.05,0.1],[9,240,7.4042660148,-3.5957339852,[7,3,5,1,8,0,0,0,6,0],"SA","dd",30,10,10,0.95,10000,68.3149476051,5000,-1,50,0.05,0.1],[9,255,7.4042660148,-3.5957339852,[7,3,5,1,8,0,0,0,6,0],"SA","dd",30,10,10,0.95,10000,68.2202157974,5000,-1,50,0.05,0.1],[9,270,7.4042660148,-3.5957339852,[6,3,9,8,3,9,5,8,3,6],"SA","dd",30,10,10,0.95,10000,68.3902394772,5000,-1,50,0.05,0.1],[9,285,7.4042660148,-3.5957339852,[6,3,9,8,3,9,5,8,3,6],"SA","dd",30,10,10,0.95,10000,68.4408950806,5000,-1,50,0.05,0.1],[9,300,7.4042660148,-3.5957339852,[6,3,9,8,3,9,5,8,3,6],"SA","dd",30,10,10,0.95,10000,68.459414959,5000,-1,50,0.05,0.1],[9,315,7.8228586376,-3.1771413624,[0,1,8,0,3,9,5,5,3,7],"SA","dd",30,10,10,0.95,10000,68.3690097332,5000,-1,50,0.05,0.1],[9,330,7.8228586376,-3.1771413624,[0,1,8,0,3,9,5,5,3,7],"SA","dd",30,10,10,0.95,10000,68.2742402554,5000,-1,50,0.05,0.1],[9,345,7.8228586376,-3.1771413624,[0,1,8,0,3,9,5,5,3,7],"SA","dd",30,10,10,0.95,10000,68.4222614765,5000,-1,50,0.05,0.1],[9,360,7.8228586376,-3.1771413624,[0,1,8,0,3,9,5,5,3,7],"SA","dd",30,10,10,0.95,10000,68.2281424999,5000,-1,50,0.05,0.1],[9,375,7.8228586376,-3.1771413624,[0,1,8,0,3,9,5,5,3,7],"SA","dd",30,10,10,0.95,10000,68.2450194359,5000,-1,50,0.05,0.1],[9,390,7.8228586376,-3.1771413624,[0,1,8,0,3,9,5,5,3,7],"SA","dd",30,10,10,0.95,10000,68.3240907192,5000,-1,50,0.05,0.1],[9,405,7.8228586376,-3.1771413624,[0,1,8,0,3,9,5,5,3,7],"SA","dd",30,10,10,0.95,10000,68.3424892426,5000,-1,50,0.05,0.1],[9,420,7.8228586376,-3.1771413624,[0,1,8,0,3,9,5,5,3,7],"SA","dd",30,10,10,0.95,10000,68.1762158871,5000,-1,50,0.05,0.1],[9,435,7.8228586376,-3.1771413624,[0,1,8,0,3,9,5,5,3,7],"SA","dd",30,10,10,0.95,10000,68.1877388954,5000,-1,50,0.05,0.1],[9,450,7.8228586376,-3.1771413624,[0,1,8,0,3,9,5,5,3,7],"SA","dd",30,10,10,0.95,10000,68.4072833061,5000,-1,50,0.05,0.1],[9,465,7.8228586376,-3.1771413624,[0,1,8,0,3,9,5,5,3,7],"SA","dd",30,10,10,0.95,10000,68.2415504456,5000,-1,50,0.05,0.1],[9,480,7.8228586376,-3.1771413624,[0,1,8,0,3,9,5,5,3,7],"SA","dd",30,10,10,0.95,10000,68.399064064,5000,-1,50,0.05,0.1],[9,495,7.8228586376,-3.1771413624,[0,1,8,0,3,9,5,5,3,7],"SA","dd",30,10,10,0.95,10000,68.4567427635,5000,-1,50,0.05,0.1],[9,510,7.8228586376,-3.1771413624,[0,1,8,0,3,9,5,5,3,7],"SA","dd",30,10,10,0.95,10000,68.4770493507,5000,-1,50,0.05,0.1],[9,525,7.8228586376,-3.1771413624,[0,1,8,0,3,9,5,5,3,7],"SA","dd",30,10,10,0.95,10000,68.398182869,5000,-1,50,0.05,0.1],[9,540,7.8228586376,-3.1771413624,[0,1,8,0,3,9,5,5,3,7],"SA","dd",30,10,10,0.95,10000,68.3612196445,5000,-1,50,0.05,0.1],[9,555,7.8228586376,-3.1771413624,[0,1,8,0,3,9,5,5,3,7],"SA","dd",30,10,10,0.95,10000,68.3537783623,5000,-1,50,0.05,0.1],[9,570,7.8228586376,-3.1771413624,[0,1,8,0,3,9,5,5,3,7],"SA","dd",30,10,10,0.95,10000,68.2284219265,5000,-1,50,0.05,0.1],[9,585,7.8228586376,-3.1771413624,[0,1,8,0,3,9,5,5,3,7],"SA","dd",30,10,10,0.95,10000,68.2695980072,5000,-1,50,0.05,0.1],[9,600,7.8228586376,-3.1771413624,[0,1,8,0,3,9,5,5,3,7],"SA","dd",30,10,10,0.95,10000,68.3028204441,5000,-1,50,0.05,0.1],[9,615,7.8228586376,-3.1771413624,[0,1,8,0,3,9,5,5,3,7],"SA","dd",30,10,10,0.95,10000,68.1759364605,5000,-1,50,0.05,0.1],[9,630,7.8228586376,-3.1771413624,[0,1,8,0,3,9,5,5,3,7],"SA","dd",30,10,10,0.95,10000,68.2665588856,5000,-1,50,0.05,0.1],[9,645,7.8228586376,-3.1771413624,[0,1,8,0,3,9,5,5,3,7],"SA","dd",30,10,10,0.95,10000,68.2599771023,5000,-1,50,0.05,0.1],[9,660,7.8228586376,-3.1771413624,[0,1,8,0,3,9,5,5,3,7],"SA","dd",30,10,10,0.95,10000,68.2577712536,5000,-1,50,0.05,0.1],[9,675,7.8228586376,-3.1771413624,[0,1,8,0,3,9,5,5,3,7],"SA","dd",30,10,10,0.95,10000,68.3172113895,5000,-1,50,0.05,0.1],[9,690,7.8228586376,-3.1771413624,[0,1,8,0,3,9,5,5,3,7],"SA","dd",30,10,10,0.95,10000,68.1415057182,5000,-1,50,0.05,0.1],[9,705,7.8228586376,-3.1771413624,[0,1,8,0,3,9,5,5,3,7],"SA","dd",30,10,10,0.95,10000,68.217007637,5000,-1,50,0.05,0.1],[9,720,7.8228586376,-3.1771413624,[0,1,8,0,3,9,5,5,3,7],"SA","dd",30,10,10,0.95,10000,68.3991143703,5000,-1,50,0.05,0.1],[9,735,7.8228586376,-3.1771413624,[0,1,8,0,3,9,5,5,3,7],"SA","dd",30,10,10,0.95,10000,68.1266822815,5000,-1,50,0.05,0.1],[9,750,7.8228586376,-3.1771413624,[0,1,8,0,3,9,5,5,3,7],"SA","dd",30,10,10,0.95,10000,68.3885605335,5000,-1,50,0.05,0.1],[9,765,7.8228586376,-3.1771413624,[0,1,8,0,3,9,5,5,3,7],"SA","dd",30,10,10,0.95,10000,68.4024033546,5000,-1,50,0.05,0.1],[9,780,7.8228586376,-3.1771413624,[0,1,8,0,3,9,5,5,3,7],"SA","dd",30,10,10,0.95,10000,68.3360395432,5000,-1,50,0.05,0.1],[9,795,7.8228586376,-3.1771413624,[0,1,8,0,3,9,5,5,3,7],"SA","dd",30,10,10,0.95,10000,68.858809948,5000,-1,50,0.05,0.1],[9,810,7.8228586376,-3.1771413624,[0,1,8,0,3,9,5,5,3,7],"SA","dd",30,10,10,0.95,10000,68.697961092,5000,-1,50,0.05,0.1],[9,825,7.8228586376,-3.1771413624,[0,1,8,0,3,9,5,5,3,7],"SA","dd",30,10,10,0.95,10000,68.8225529194,5000,-1,50,0.05,0.1],[9,840,7.8228586376,-3.1771413624,[0,1,8,0,3,9,5,5,3,7],"SA","dd",30,10,10,0.95,10000,68.7133321762,5000,-1,50,0.05,0.1],[9,855,7.8228586376,-3.1771413624,[0,1,8,0,3,9,5,5,3,7],"SA","dd",30,10,10,0.95,10000,81.2525610924,5000,-1,50,0.05,0.1],[9,870,7.8228586376,-3.1771413624,[0,1,8,0,3,9,5,5,3,7],"SA","dd",30,10,10,0.95,10000,113.4969992638,5000,-1,50,0.05,0.1],[9,885,7.8228586376,-3.1771413624,[0,1,8,0,3,9,5,5,3,7],"SA","dd",30,10,10,0.95,10000,68.438369751,5000,-1,50,0.05,0.1],[9,900,7.8228586376,-3.1771413624,[0,1,8,0,3,9,5,5,3,7],"SA","dd",30,10,10,0.95,10000,68.5199124813,5000,-1,50,0.05,0.1],[9,915,7.8228586376,-3.1771413624,[0,1,8,0,3,9,5,5,3,7],"SA","dd",30,10,10,0.95,10000,68.5570161343,5000,-1,50,0.05,0.1],[9,930,7.9393834188,-3.0606165812,[7,9,6,6,2,5,5,8,3,5],"SA","dd",30,10,10,0.95,10000,68.3409543037,5000,-1,50,0.05,0.1],[9,945,7.9393834188,-3.0606165812,[7,9,6,6,2,5,5,8,3,5],