{"columns":["ite","time","q","scaled_eu","z","solver","attacker","|Q|","|X|","|T|","rho","k","utility_time","RS_iters","mcts_iters","sa_iters","eps","lr"],"index":[0,1,2,3,4,5,6,7,8,9,10,11,12,13,14,15,16,17,18,19,20,21,22,23,24,25,26,27,28,29,30,31,32,33,34,35,36,37,38,39,40,41,42,43,44,45,46,47,48,49,50,51,52,53,54,55,56,57,58,59,60,61,62,63,64,65,66,67,68,69,70,71,72,73,74,75,76,77,78,79],"data":[[1,15,6.3458549617,-4.6541450383,[4,3,5,7,7,8,6,3,6,8],"SA","dd",30,10,10,0.95,10000,69.2032115459,5000,-1,50,0.05,0.1],[1,30,6.4178883665,-4.5821116335,[2,8,4,5,3,9,6,7,6,2],"SA","dd",30,10,10,0.95,10000,69.2475583553,5000,-1,50,0.05,0.1],[1,45,7.0521217935,-3.9478782065,[6,3,0,2,6,7,4,0,4,3],"SA","dd",30,10,10,0.95,10000,69.2840981483,5000,-1,50,0.05,0.1],[1,60,7.0521217935,-3.9478782065,[7,3,2,1,1,7,2,1,6,6],"SA","dd",30,10,10,0.95,10000,69.5095458031,5000,-1,50,0.05,0.1],[1,75,7.0521217935,-3.9478782065,[7,3,2,1,1,7,2,1,6,6],"SA","dd",30,10,10,0.95,10000,78.0457262993,5000,-1,50,0.05,0.1],[1,90,7.0521217935,-3.9478782065,[7,3,2,1,1,7,2,1,6,6],"SA","dd",30,10,10,0.95,10000,69.1838824749,5000,-1,50,0.05,0.1],[1,105,7.0521217935,-3.9478782065,[7,3,2,1,1,7,2,1,6,6],"SA","dd",30,10,10,0.95,10000,69.190598011,5000,-1,50,0.05,0.1],[1,120,7.0521217935,-3.9478782065,[7,3,2,1,1,7,2,1,6,6],"SA","dd",30,10,10,0.95,10000,68.9896006584,5000,-1,50,0.05,0.1],[1,135,7.8098950861,-3.1901049139,[3,7,6,1,5,3,9,0,3,7],"SA","dd",30,10,10,0.95,10000,69.1613469124,5000,-1,50,0.05,0.1],[1,150,7.8098950861,-3.1901049139,[3,7,6,1,5,3,9,0,3,7],"SA","dd",30,10,10,0.95,10000,69.0385839939,5000,-1,50,0.05,0.1],[1,165,7.8098950861,-3.1901049139,[3,7,6,1,5,3,9,0,3,7],"SA","dd",30,10,10,0.95,10000,69.0447118282,5000,-1,50,0.05,0.1],[1,180,7.8098950861,-3.1901049139,[3,7,6,1,5,3,9,0,3,7],"SA","dd",30,10,10,0.95,10000,69.1927511692,5000,-1,50,0.05,0.1],[1,195,7.8098950861,-3.1901049139,[3,7,6,1,5,3,9,0,3,7],"SA","dd",30,10,10,0.95,10000,69.1371836662,5000,-1,50,0.05,0.1],[1,210,8.5077852648,-2.4922147352,[9,3,2,5,4,0,9,5,3,6],"SA","dd",30,10,10,0.95,10000,69.1544764042,5000,-1,50,0.05,0.1],[1,225,8.5077852648,-2.4922147352,[9,3,2,5,4,0,9,5,3,6],"SA","dd",30,10,10,0.95,10000,69.1145048141,5000,-1,50,0.05,0.1],[1,240,8.5077852648,-2.4922147352,[9,3,2,5,4,0,9,5,3,6],"SA","dd",30,10,10,0.95,10000,69.0837965012,5000,-1,50,0.05,0.1],[1,255,8.5077852648,-2.4922147352,[9,3,2,5,4,0,9,5,3,6],"SA","dd",30,10,10,0.95,10000,68.9520716667,5000,-1,50,0.05,0.1],[1,270,8.5077852648,-2.4922147352,[9,3,2,5,4,0,9,5,3,6],"SA","dd",30,10,10,0.95,10000,69.1079754829,5000,-1,50,0.05,0.1],[1,285,8.5077852648,-2.4922147352,[9,3,2,5,4,0,9,5,3,6],"SA","dd",30,10,10,0.95,10000,69.0480413437,5000,-1,50,0.05,0.1],[1,300,8.5077852648,-2.4922147352,[9,3,2,5,4,0,9,5,3,6],"SA","dd",30,10,10,0.95,10000,68.994137764,5000,-1,50,0.05,0.1],[1,315,8.5077852648,-2.4922147352,[9,3,2,5,4,0,9,5,3,6],"SA","dd",30,10,10,0.95,10000,68.9363486767,5000,-1,50,0.05,0.1],[1,330,8.5077852648,-2.4922147352,[9,3,2,5,4,0,9,5,3,6],"SA","dd",30,10,10,0.95,10000,69.0454831123,5000,-1,50,0.05,0.1],[1,345,8.5077852648,-2.4922147352,[9,3,2,5,4,0,9,5,3,6],"SA","dd",30,10,10,0.95,10000,69.0900263786,5000,-1,50,0.05,0.1],[1,360,8.5077852648,-2.4922147352,[9,3,2,5,4,0,9,5,3,6],"SA","dd",30,10,10,0.95,10000,69.0028064251,5000,-1,50,0.05,0.1],[1,375,8.5077852648,-2.4922147352,[9,3,2,5,4,0,9,5,3,6],"SA","dd",30,10,10,0.95,10000,69.1232228279,5000,-1,50,0.05,0.1],[1,390,8.5077852648,-2.4922147352,[9,3,2,5,4,0,9,5,3,6],"SA","dd",30,10,10,0.95,10000,68.9551661015,5000,-1,50,0.05,0.1],[1,405,8.5077852648,-2.4922147352,[9,3,2,5,4,0,9,5,3,6],"SA","dd",30,10,10,0.95,10000,69.0294401646,5000,-1,50,0.05,0.1],[1,420,8.5077852648,-2.4922147352,[9,3,2,5,4,0,9,5,3,6],"SA","dd",30,10,10,0.95,10000,68.9906451702,5000,-1,50,0.05,0.1],[1,435,8.5077852648,-2.4922147352,[9,3,2,5,4,0,9,5,3,6],"SA","dd",30,10,10,0.95,10000,69.0708503723,5000,-1,50,0.05,0.1],[1,450,8.5077852648,-2.4922147352,[9,3,2,5,4,0,9,5,3,6],"SA","dd",30,10,10,0.95,10000,69.0214037895,5000,-1,50,0.05,0.1],[1,465,8.5077852648,-2.4922147352,[9,3,2,5,4,0,9,5,3,6],"SA","dd",30,10,10,0.95,10000,69.0247097015,5000,-1,50,0.05,0.1],[1,480,8.5077852648,-2.4922147352,[9,3,2,5,4,0,9,5,3,6],"SA","dd",30,10,10,0.95,10000,68.9979367256,5000,-1,50,0.05,0.1],[1,495,8.5077852648,-2.4922147352,[9,3,2,5,4,0,9,5,3,6],"SA","dd",30,10,10,0.95,10000,69.2164449692,5000,-1,50,0.05,0.1],[1,510,8.5077852648,-2.4922147352,[9,3,2,5,4,0,9,5,3,6],"SA","dd",30,10,10,0.95,10000,69.2173805237,5000,-1,50,0.05,0.1],[1,525,8.5077852648,-2.4922147352,[9,3,2,5,4,0,9,5,3,6],"SA","dd",30,10,10,0.95,10000,69.3680136204,5000,-1,50,0.05,0.1],[1,540,8.5077852648,-2.4922147352,[9,3,2,5,4,0,9,5,3,6],"SA","dd",30,10,10,0.95,10000,69.1918811798,5000,-1,50,0.05,0.1],[1,555,8.5077852648,-2.4922147352,[9,3,2,5,4,0,9,5,3,6],"SA","dd",30,10,10,0.95,10000,69.2193176746,5000,-1,50,0.05,0.1],[1,570,8.5077852648,-2.4922147352,[9,3,2,5,4,0,9,5,3,6],"SA","dd",30,10,10,0.95,10000,69.1179070473,5000,-1,50,0.05,0.1],[1,585,8.5077852648,-2.4922147352,[9,3,2,5,4,0,9,5,3,6],"SA","dd",30,10,10,0.95,10000,69.18501091,5000,-1,50,0.05,0.1],[1,600,8.5077852648,-2.4922147352,[9,3,2,5,4,0,9,5,3,6],"SA","dd",30,10,10,0.95,10000,69.110168457,5000,-1,50,0.05,0.1],[1,615,8.5077852648,-2.4922147352,[9,3,2,5,4,0,9,5,3,6],"SA","dd",30,10,10,0.95,10000,69.1578786373,5000,-1,50,0.05,0.1],[1,630,8.5077852648,-2.4922147352,[9,3,2,5,4,0,9,5,3,6],"SA","dd",30,10,10,0.95,10000,68.9900155067,5000,-1,50,0.05,0.1],[1,645,8.5077852648,-2.4922147352,[9,3,2,5,4,0,9,5,3,6],"SA","dd",30,10,10,0.95,10000,69.1256666183,5000,-1,50,0.05,0.1],[1,660,8.5077852648,-2.4922147352,[9,3,2,5,4,0,9,5,3,6],"SA","dd",30,10,10,0.95,10000,69.11200881,5000,-1,50,0.05,0.1],[1,675,8.5077852648,-2.4922147352,[9,3,2,5,4,0,9,5,3,6],"SA","dd",30,10,10,0.95,10000,69.2184486389,5000,-1,50,0.05,0.1],[1,690,8.5077852648,-2.4922147352,[9,3,2,5,4,0,9,5,3,6],"SA","dd",30,10,10,0.95,10000,69.095291853,5000,-1,50,0.05,0.1],[1,705,8.5077852648,-2.4922147352,[9,3,2,5,4,0,9,5,3,6],"SA","dd",30,10,10,0.95,10000,69.0524914265,5000,-1,50,0.05,0.1],[1,720,8.5077852648,-2.4922147352,[9,3,2,5,4,0,9,5,3,6],"SA","dd",30,10,10,0.95,10000,69.1116023064,5000,-1,50,0.05,0.1],[1,735,8.5077852648,-2.4922147352,[9,3,2,5,4,0,9,5,3,6],"SA","dd",30,10,10,0.95,10000,68.9771561623,5000,-1,50,0.05,0.1],[1,750,8.5077852648,-2.4922147352,[9,3,2,5,4,0,9,5,3,6],"SA","dd",30,10,10,0.95,10000,72.8273279667,5000,-1,50,0.05,0.1],[1,765,8.5077852648,-2.4922147352,[9,3,2,5,4,0,9,5,3,6],"SA","dd",30,10,10,0.95,10000,113.4395122528,5000,-1,50,0.05,0.1],[1,780,8.5077852648,-2.4922147352,[9,3,2,5,4,0,9,5,3,6],"SA","dd",30,10,10,0.95,10000,61.5538578033,5000,-1,50,0.05,0.1],[1,795,8.5077852648,-2.4922147352,[9,3,2,5,4,0,9,5,3,6],"SA","dd",30,10,10,0.95,10000,60.1890499592,5000,-1,50,0.05,0.1],[1,810,8.5077852648,-2.4922147352,[9,3,2,5,4,0,9,5,3,6],"SA","dd",30,10,10,0.95,10000,60.2302794456,5000,-1,50,0.05,0.1],[1,825,8.5077852648,-2.4922147352,[9,3,2,5,4,0,9,5,3,6],"SA","dd",30,10,10,0.95,10000,60.0985424519,5000,-1,50,0.05,0.1],[1,840,8.5077852648,-2.4922147352,[9,3,2,5,4,0,9,5,3,6],"SA","dd",30,10,10,0.95,10000,60.1204857826,5000,-1,50,0.05,0.1],[1,855,8.5077852648,-2.4922147352,[9,3,2,5,4,0,9,5,3,6],"SA","dd",30,10,10,0.95,10000,64.1524105072,5000,-1,50,0.05,0.1],[1,870,8.5077852648,-2.4922147352,[9,3,2,5,4,0,9,5,3,6],"SA","dd",30,10,10,0.95,10000,64.5284254551,5000,-1,50,0.05,0.1],[1,885,8.5077852648,-2.4922147352,[9,3,2,5,4,0,9,5,3,6],"SA","dd",30,10,10,0.95,10000,61.29479146,5000,-1,50,0.05,0.1],[1,900,8.5077852648,-2.4922147352,[9,3,2,5,4,0,9,5,3,6],"SA","dd",30,10,10,0.95,10000,60.0912868977,5000,-1,50,0.05,0.1],[1,915,8.5077852648,-2.4922147352,[9,3,2,5,4,0,9,5,3,6],"SA","dd",30,10,10,0.95,10000,60.1221501827,5000,-1,50,0.05,0.1],[1,930,8.5077852648,-2.4922147352,[9,3,2,5,4,0,9,5,3,6],"SA","dd",30,10,10,0.95,10000,60.1915326118,5000,-1,50,0.05,0.1],[1,945,8.5077852648,-2.4922147352,[9,3,2,5,4,0,9,5,3,6],