{"columns":["ite","time","q","scaled_eu","z","solver","attacker","|Q|","|X|","|T|","rho","k","utility_time","RS_iters","mcts_iters","sa_iters","eps","lr"],"index":[0,1,2,3,4,5,6,7,8,9,10,11,12,13,14,15,16,17,18,19,20,21,22,23,24,25,26,27,28,29,30,31,32,33,34,35,36,37,38,39,40,41,42,43,44,45,46,47,48,49,50,51,52,53,54,55,56,57,58,59,60,61,62,63,64,65,66,67,68,69,70,71,72,73,74,75,76,77,78,79],"data":[[5,15,7.473056352,-3.526943648,[2,2,9,4,9,2,5,0,2,2],"SA","dd",30,10,10,0.95,10000,58.1147890091,5000,-1,50,0.05,0.1],[5,30,7.473056352,-3.526943648,[2,2,9,4,9,2,5,0,2,2],"SA","dd",30,10,10,0.95,10000,58.1563000679,5000,-1,50,0.05,0.1],[5,45,7.473056352,-3.526943648,[2,2,9,4,9,2,5,0,2,2],"SA","dd",30,10,10,0.95,10000,58.339635849,5000,-1,50,0.05,0.1],[5,60,7.473056352,-3.526943648,[2,2,9,4,9,2,5,0,2,2],"SA","dd",30,10,10,0.95,10000,58.2379848957,5000,-1,50,0.05,0.1],[5,75,7.473056352,-3.526943648,[2,2,9,4,9,2,5,0,2,2],"SA","dd",30,10,10,0.95,10000,58.2162942886,5000,-1,50,0.05,0.1],[5,90,7.473056352,-3.526943648,[4,3,2,4,5,8,9,0,3,3],"SA","dd",30,10,10,0.95,10000,57.8606960773,5000,-1,50,0.05,0.1],[5,105,7.473056352,-3.526943648,[4,3,2,4,5,8,9,0,3,3],"SA","dd",30,10,10,0.95,10000,58.0595226288,5000,-1,50,0.05,0.1],[5,120,7.473056352,-3.526943648,[0,3,1,6,9,9,3,3,3,4],"SA","dd",30,10,10,0.95,10000,58.1526405811,5000,-1,50,0.05,0.1],[5,135,7.473056352,-3.526943648,[3,3,2,1,9,9,9,1,5,6],"SA","dd",30,10,10,0.95,10000,58.0483958721,5000,-1,50,0.05,0.1],[5,150,7.473056352,-3.526943648,[3,3,2,1,9,9,9,1,5,6],"SA","dd",30,10,10,0.95,10000,58.1367850304,5000,-1,50,0.05,0.1],[5,165,7.473056352,-3.526943648,[7,3,3,0,0,1,9,0,3,6],"SA","dd",30,10,10,0.95,10000,58.2399222851,5000,-1,50,0.05,0.1],[5,180,7.473056352,-3.526943648,[7,3,3,0,0,1,9,0,3,6],"SA","dd",30,10,10,0.95,10000,58.2300753593,5000,-1,50,0.05,0.1],[5,195,7.473056352,-3.526943648,[7,3,3,0,0,1,9,0,3,6],"SA","dd",30,10,10,0.95,10000,58.0940887928,5000,-1,50,0.05,0.1],[5,210,7.473056352,-3.526943648,[7,3,3,0,0,1,9,0,3,6],"SA","dd",30,10,10,0.95,10000,58.2100996971,5000,-1,50,0.05,0.1],[5,225,7.473056352,-3.526943648,[7,3,3,0,0,1,9,0,3,6],"SA","dd",30,10,10,0.95,10000,58.1893486977,5000,-1,50,0.05,0.1],[5,240,7.473056352,-3.526943648,[7,3,3,0,0,1,9,0,3,6],"SA","dd",30,10,10,0.95,10000,58.1143362522,5000,-1,50,0.05,0.1],[5,255,7.473056352,-3.526943648,[7,3,3,0,0,1,9,0,3,6],"SA","dd",30,10,10,0.95,10000,58.068240881,5000,-1,50,0.05,0.1],[5,270,7.473056352,-3.526943648,[7,3,3,0,0,1,9,0,3,6],"SA","dd",30,10,10,0.95,10000,58.0871653557,5000,-1,50,0.05,0.1],[5,285,7.473056352,-3.526943648,[7,3,3,0,0,1,9,0,3,6],"SA","dd",30,10,10,0.95,10000,58.1658258438,5000,-1,50,0.05,0.1],[5,300,7.473056352,-3.526943648,[8,3,0,8,9,9,1,0,4,6],"SA","dd",30,10,10,0.95,10000,58.1794290543,5000,-1,50,0.05,0.1],[5,315,7.473056352,-3.526943648,[8,3,0,8,9,9,1,0,4,6],"SA","dd",30,10,10,0.95,10000,58.1559691429,5000,-1,50,0.05,0.1],[5,330,7.473056352,-3.526943648,[8,3,0,8,9,9,1,0,4,6],"SA","dd",30,10,10,0.95,10000,58.0519943237,5000,-1,50,0.05,0.1],[5,345,7.473056352,-3.526943648,[8,3,0,8,9,9,1,0,4,6],"SA","dd",30,10,10,0.95,10000,58.1472990513,5000,-1,50,0.05,0.1],[5,360,7.473056352,-3.526943648,[1,3,2,1,2,8,5,8,3,3],"SA","dd",30,10,10,0.95,10000,57.9935348034,5000,-1,50,0.05,0.1],[5,375,7.473056352,-3.526943648,[1,3,2,1,2,8,5,8,3,3],"SA","dd",30,10,10,0.95,10000,58.1467764378,5000,-1,50,0.05,0.1],[5,390,7.473056352,-3.526943648,[1,3,2,1,2,8,5,8,3,3],"SA","dd",30,10,10,0.95,10000,58.1710562706,5000,-1,50,0.05,0.1],[5,405,7.473056352,-3.526943648,[1,3,2,1,2,8,5,8,3,3],"SA","dd",30,10,10,0.95,10000,58.1691398621,5000,-1,50,0.05,0.1],[5,420,7.473056352,-3.526943648,[4,5,2,1,9,3,5,0,6,3],"SA","dd",30,10,10,0.95,10000,58.1440885067,5000,-1,50,0.05,0.1],[5,435,7.473056352,-3.526943648,[4,5,2,1,9,3,5,0,6,3],"SA","dd",30,10,10,0.95,10000,58.1396434307,5000,-1,50,0.05,0.1],[5,450,7.473056352,-3.526943648,[4,5,2,1,9,3,5,0,6,3],"SA","dd",30,10,10,0.95,10000,58.0969829559,5000,-1,50,0.05,0.1],[5,465,7.473056352,-3.526943648,[4,5,2,1,9,3,5,0,6,3],"SA","dd",30,10,10,0.95,10000,58.0944471359,5000,-1,50,0.05,0.1],[5,480,7.473056352,-3.526943648,[4,5,2,1,9,3,5,0,6,3],"SA","dd",30,10,10,0.95,10000,58.0685639381,5000,-1,50,0.05,0.1],[5,495,7.473056352,-3.526943648,[4,5,2,1,9,3,5,0,6,3],"SA","dd",30,10,10,0.95,10000,58.090657711,5000,-1,50,0.05,0.1],[5,510,7.473056352,-3.526943648,[4,5,2,1,9,3,5,0,6,3],"SA","dd",30,10,10,0.95,10000,58.1948604584,5000,-1,50,0.05,0.1],[5,525,7.473056352,-3.526943648,[4,5,2,1,9,3,5,0,6,3],"SA","dd",30,10,10,0.95,10000,58.1750326157,5000,-1,50,0.05,0.1],[5,540,7.473056352,-3.526943648,[4,5,2,1,9,3,5,0,6,3],"SA","dd",30,10,10,0.95,10000,58.2364263535,5000,-1,50,0.05,0.1],[5,555,7.473056352,-3.526943648,[4,5,2,1,9,3,5,0,6,3],"SA","dd",30,10,10,0.95,10000,58.0895056725,5000,-1,50,0.05,0.1],[5,570,7.5721220409,-3.4278779591,[6,5,2,3,2,1,9,9,6,6],"SA","dd",30,10,10,0.95,10000,58.1042969227,5000,-1,50,0.05,0.1],[5,585,7.5721220409,-3.4278779591,[6,5,2,3,2,1,9,9,6,6],"SA","dd",30,10,10,0.95,10000,58.1602597237,5000,-1,50,0.05,0.1],[5,600,7.5721220409,-3.4278779591,[6,5,2,3,2,1,9,9,6,6],"SA","dd",30,10,10,0.95,10000,58.0758554935,5000,-1,50,0.05,0.1],[5,615,7.5721220409,-3.4278779591,[6,5,2,3,2,1,9,9,6,6],"SA","dd",30,10,10,0.95,10000,58.1662487984,5000,-1,50,0.05,0.1],[5,630,7.5721220409,-3.4278779591,[6,5,2,3,2,1,9,9,6,6],"SA","dd",30,10,10,0.95,10000,58.1666333675,5000,-1,50,0.05,0.1],[5,645,7.5721220409,-3.4278779591,[6,5,2,3,2,1,9,9,6,6],"SA","dd",30,10,10,0.95,10000,58.022569418,5000,-1,50,0.05,0.1],[5,660,7.5721220409,-3.4278779591,[6,5,2,3,2,1,9,9,6,6],"SA","dd",30,10,10,0.95,10000,58.1121180058,5000,-1,50,0.05,0.1],[5,675,7.5721220409,-3.4278779591,[6,5,2,3,2,1,9,9,6,6],"SA","dd",30,10,10,0.95,10000,58.1459152699,5000,-1,50,0.05,0.1],[5,690,7.5721220409,-3.4278779591,[6,5,2,3,2,1,9,9,6,6],"SA","dd",30,10,10,0.95,10000,58.1532518864,5000,-1,50,0.05,0.1],[5,705,7.5721220409,-3.4278779591,[6,5,2,3,2,1,9,9,6,6],"SA","dd",30,10,10,0.95,10000,58.1467766762,5000,-1,50,0.05,0.1],[5,720,7.5721220409,-3.4278779591,[6,5,2,3,2,1,9,9,6,6],"SA","dd",30,10,10,0.95,10000,57.9875347614,5000,-1,50,0.05,0.1],[5,735,7.5721220409,-3.4278779591,[6,5,2,3,2,1,9,9,6,6],"SA","dd",30,10,10,0.95,10000,58.0950455666,5000,-1,50,0.05,0.1],[5,750,7.5721220409,-3.4278779591,[6,5,2,3,2,1,9,9,6,6],"SA","dd",30,10,10,0.95,10000,58.1645848751,5000,-1,50,0.05,0.1],[5,765,7.5721220409,-3.4278779591,[6,5,2,3,2,1,9,9,6,6],"SA","dd",30,10,10,0.95,10000,58.1485133171,5000,-1,50,0.05,0.1],[5,780,7.5721220409,-3.4278779591,[6,5,2,3,2,1,9,9,6,6],"SA","dd",30,10,10,0.95,10000,58.143560648,5000,-1,50,0.05,0.1],[5,795,7.5721220409,-3.4278779591,[6,5,2,3,2,1,9,9,6,6],"SA","dd",30,10,10,0.95,10000,58.1993157864,5000,-1,50,0.05,0.1],[5,810,7.5721220409,-3.4278779591,[6,5,2,3,2,1,9,9,6,6],"SA","dd",30,10,10,0.95,10000,58.254565239,5000,-1,50,0.05,0.1],[5,825,7.5721220409,-3.4278779591,[6,5,2,3,2,1,9,9,6,6],"SA","dd",30,10,10,0.95,10000,58.1674890518,5000,-1,50,0.05,0.1],[5,840,7.5721220409,-3.4278779591,[6,5,2,3,2,1,9,9,6,6],"SA","dd",30,10,10,0.95,10000,58.1429095268,5000,-1,50,0.05,0.1],[5,855,7.5721220409,-3.4278779591,[6,5,2,3,2,1,9,9,6,6],"SA","dd",30,10,10,0.95,10000,58.2120065689,5000,-1,50,0.05,0.1],[5,870,7.5721220409,-3.4278779591,[6,5,2,3,2,1,9,9,6,6],"SA","dd",30,10,10,0.95,10000,58.1411838531,5000,-1,50,0.05,0.1],[5,885,7.5721220409,-3.4278779591,[6,5,2,3,2,1,9,9,6,6],"SA","dd",30,10,10,0.95,10000,58.1714508533,5000,-1,50,0.05,0.1],[5,900,7.5721220409,-3.4278779591,[6,5,2,3,2,1,9,9,6,6],"SA","dd",30,10,10,0.95,10000,57.9236950874,5000,-1,50,0.05,0.1],[5,915,7.5721220409,-3.4278779591,[6,5,2,3,2,1,9,9,6,6],"SA","dd",30,10,10,0.95,10000,57.73944664,5000,-1,50,0.05,0.1],[5,930,7.5721220409,-3.4278779591,[6,5,2,3,2,1,9,9,6,6],"SA","dd",30,10,10,0.95,10000,60.5186076164,5000,-1,50,0.05,0.1],[5,945,7.5721220409,-3.4278779591,[6,5,2,3,2,1,9,9,6,6],"SA","dd",30,10,10,0.95,10000,62.921444416,5000,-1,50,0.05,0.1],[5,960,7.5721220409,-3.4278779591,[6,5,2,3,2,1,9,9,6,6],