{"columns":["ite","time","q","scaled_eu","z","solver","attacker","|Q|","|X|","|T|","rho","k","utility_time","RS_iters","mcts_iters","sa_iters","eps","lr"],"index":[0,1,2,3,4,5,6,7,8,9,10,11,12,13,14,15,16,17,18,19,20,21,22,23,24,25,26,27,28,29,30,31,32,33,34,35,36,37,38,39,40,41,42,43,44,45,46,47,48,49,50,51,52,53,54,55,56,57,58,59,60,61,62,63,64,65,66,67,68,69,70,71,72,73,74,75,76,77,78,79],"data":[[0,15,8.3739565835,-2.6260434165,[5,2,4,1,9,6,5,3,6,8],"SA","dd",30,10,10,0.95,10000,67.6579267979,5000,-1,50,0.05,0.1],[0,30,8.3739565835,-2.6260434165,[5,2,4,1,9,6,5,3,6,8],"SA","dd",30,10,10,0.95,10000,67.7831852436,5000,-1,50,0.05,0.1],[0,45,8.3739565835,-2.6260434165,[5,2,4,1,9,6,5,3,6,8],"SA","dd",30,10,10,0.95,10000,67.7644865513,5000,-1,50,0.05,0.1],[0,60,8.3739565835,-2.6260434165,[5,2,4,1,9,6,5,3,6,8],"SA","dd",30,10,10,0.95,10000,67.7086744308,5000,-1,50,0.05,0.1],[0,75,8.3739565835,-2.6260434165,[5,2,4,1,9,6,5,3,6,8],"SA","dd",30,10,10,0.95,10000,67.3638396263,5000,-1,50,0.05,0.1],[0,90,8.3739565835,-2.6260434165,[5,2,4,1,9,6,5,3,6,8],"SA","dd",30,10,10,0.95,10000,67.5994472504,5000,-1,50,0.05,0.1],[0,105,8.3739565835,-2.6260434165,[5,2,4,1,9,6,5,3,6,8],"SA","dd",30,10,10,0.95,10000,67.5571501255,5000,-1,50,0.05,0.1],[0,120,8.3739565835,-2.6260434165,[5,2,4,1,9,6,5,3,6,8],"SA","dd",30,10,10,0.95,10000,67.5541017056,5000,-1,50,0.05,0.1],[0,135,8.3739565835,-2.6260434165,[5,2,4,1,9,6,5,3,6,8],"SA","dd",30,10,10,0.95,10000,67.5882468224,5000,-1,50,0.05,0.1],[0,150,8.3739565835,-2.6260434165,[5,2,4,1,9,6,5,3,6,8],"SA","dd",30,10,10,0.95,10000,67.5110461712,5000,-1,50,0.05,0.1],[0,165,8.3739565835,-2.6260434165,[5,2,4,1,9,6,5,3,6,8],"SA","dd",30,10,10,0.95,10000,67.7308285236,5000,-1,50,0.05,0.1],[0,180,8.3739565835,-2.6260434165,[5,2,4,1,9,6,5,3,6,8],"SA","dd",30,10,10,0.95,10000,67.7254083157,5000,-1,50,0.05,0.1],[0,195,8.3739565835,-2.6260434165,[5,2,4,1,9,6,5,3,6,8],"SA","dd",30,10,10,0.95,10000,67.7191407681,5000,-1,50,0.05,0.1],[0,210,8.3739565835,-2.6260434165,[5,2,4,1,9,6,5,3,6,8],"SA","dd",30,10,10,0.95,10000,67.7991399765,5000,-1,50,0.05,0.1],[0,225,8.3739565835,-2.6260434165,[5,2,4,1,9,6,5,3,6,8],"SA","dd",30,10,10,0.95,10000,67.8616437912,5000,-1,50,0.05,0.1],[0,240,8.3739565835,-2.6260434165,[5,2,4,1,9,6,5,3,6,8],"SA","dd",30,10,10,0.95,10000,67.7650289536,5000,-1,50,0.05,0.1],[0,255,8.3739565835,-2.6260434165,[5,2,4,1,9,6,5,3,6,8],"SA","dd",30,10,10,0.95,10000,67.6766448021,5000,-1,50,0.05,0.1],[0,270,8.3739565835,-2.6260434165,[5,2,4,1,9,6,5,3,6,8],"SA","dd",30,10,10,0.95,10000,67.7994756699,5000,-1,50,0.05,0.1],[0,285,8.3739565835,-2.6260434165,[5,2,4,1,9,6,5,3,6,8],"SA","dd",30,10,10,0.95,10000,67.6582653522,5000,-1,50,0.05,0.1],[0,300,8.3739565835,-2.6260434165,[5,2,4,1,9,6,5,3,6,8],"SA","dd",30,10,10,0.95,10000,67.7490668297,5000,-1,50,0.05,0.1],[0,315,8.3739565835,-2.6260434165,[5,2,4,1,9,6,5,3,6,8],"SA","dd",30,10,10,0.95,10000,67.7887055874,5000,-1,50,0.05,0.1],[0,330,8.3739565835,-2.6260434165,[5,2,4,1,9,6,5,3,6,8],"SA","dd",30,10,10,0.95,10000,67.7827935219,5000,-1,50,0.05,0.1],[0,345,8.3739565835,-2.6260434165,[5,2,4,1,9,6,5,3,6,8],"SA","dd",30,10,10,0.95,10000,67.8226397038,5000,-1,50,0.05,0.1],[0,360,8.3739565835,-2.6260434165,[5,2,4,1,9,6,5,3,6,8],"SA","dd",30,10,10,0.95,10000,67.6205301285,5000,-1,50,0.05,0.1],[0,375,8.3739565835,-2.6260434165,[5,2,4,1,9,6,5,3,6,8],"SA","dd",30,10,10,0.95,10000,67.7590656281,5000,-1,50,0.05,0.1],[0,390,8.3739565835,-2.6260434165,[5,2,4,1,9,6,5,3,6,8],"SA","dd",30,10,10,0.95,10000,67.6795983315,5000,-1,50,0.05,0.1],[0,405,8.3739565835,-2.6260434165,[5,2,4,1,9,6,5,3,6,8],"SA","dd",30,10,10,0.95,10000,67.6525220871,5000,-1,50,0.05,0.1],[0,420,8.3739565835,-2.6260434165,[5,2,4,1,9,6,5,3,6,8],"SA","dd",30,10,10,0.95,10000,67.7086184025,5000,-1,50,0.05,0.1],[0,435,8.3739565835,-2.6260434165,[5,2,4,1,9,6,5,3,6,8],"SA","dd",30,10,10,0.95,10000,67.7322621346,5000,-1,50,0.05,0.1],[0,450,8.3739565835,-2.6260434165,[5,2,4,1,9,6,5,3,6,8],"SA","dd",30,10,10,0.95,10000,67.5159363747,5000,-1,50,0.05,0.1],[0,465,8.3739565835,-2.6260434165,[5,2,4,1,9,6,5,3,6,8],"SA","dd",30,10,10,0.95,10000,67.5574502945,5000,-1,50,0.05,0.1],[0,480,8.3739565835,-2.6260434165,[5,2,4,1,9,6,5,3,6,8],"SA","dd",30,10,10,0.95,10000,67.5986936092,5000,-1,50,0.05,0.1],[0,495,8.3739565835,-2.6260434165,[5,2,4,1,9,6,5,3,6,8],"SA","dd",30,10,10,0.95,10000,67.7530362606,5000,-1,50,0.05,0.1],[0,510,8.3739565835,-2.6260434165,[5,2,4,1,9,6,5,3,6,8],"SA","dd",30,10,10,0.95,10000,67.7903652191,5000,-1,50,0.05,0.1],[0,525,8.3739565835,-2.6260434165,[5,2,4,1,9,6,5,3,6,8],"SA","dd",30,10,10,0.95,10000,67.818819046,5000,-1,50,0.05,0.1],[0,540,8.3739565835,-2.6260434165,[5,2,4,1,9,6,5,3,6,8],"SA","dd",30,10,10,0.95,10000,67.6326742172,5000,-1,50,0.05,0.1],[0,555,8.3739565835,-2.6260434165,[5,2,4,1,9,6,5,3,6,8],"SA","dd",30,10,10,0.95,10000,67.6880719662,5000,-1,50,0.05,0.1],[0,570,8.3739565835,-2.6260434165,[5,2,4,1,9,6,5,3,6,8],"SA","dd",30,10,10,0.95,10000,67.6533601284,5000,-1,50,0.05,0.1],[0,585,8.3739565835,-2.6260434165,[5,2,4,1,9,6,5,3,6,8],"SA","dd",30,10,10,0.95,10000,67.6997592449,5000,-1,50,0.05,0.1],[0,600,8.3739565835,-2.6260434165,[5,2,4,1,9,6,5,3,6,8],"SA","dd",30,10,10,0.95,10000,67.6275012493,5000,-1,50,0.05,0.1],[0,615,8.3739565835,-2.6260434165,[5,2,4,1,9,6,5,3,6,8],"SA","dd",30,10,10,0.95,10000,67.6974649429,5000,-1,50,0.05,0.1],[0,630,8.3739565835,-2.6260434165,[6,0,2,8,9,1,5,0,6,6],"SA","dd",30,10,10,0.95,10000,67.6499054432,5000,-1,50,0.05,0.1],[0,645,8.3739565835,-2.6260434165,[6,0,2,8,9,1,5,0,6,6],"SA","dd",30,10,10,0.95,10000,67.7332465649,5000,-1,50,0.05,0.1],[0,660,8.3739565835,-2.6260434165,[6,0,2,8,9,1,5,0,6,6],"SA","dd",30,10,10,0.95,10000,67.6441607475,5000,-1,50,0.05,0.1],[0,675,8.3739565835,-2.6260434165,[6,0,2,8,9,1,5,0,6,6],"SA","dd",30,10,10,0.95,10000,67.6499700546,5000,-1,50,0.05,0.1],[0,690,8.3739565835,-2.6260434165,[6,0,2,8,9,1,5,0,6,6],"SA","dd",30,10,10,0.95,10000,67.5826873779,5000,-1,50,0.05,0.1],[0,705,8.3739565835,-2.6260434165,[6,0,2,8,9,1,5,0,6,6],"SA","dd",30,10,10,0.95,10000,67.6722412109,5000,-1,50,0.05,0.1],[0,720,8.3739565835,-2.6260434165,[6,0,2,8,9,1,5,0,6,6],"SA","dd",30,10,10,0.95,10000,67.6394271851,5000,-1,50,0.05,0.1],[0,735,8.3739565835,-2.6260434165,[6,0,2,8,9,1,5,0,6,6],"SA","dd",30,10,10,0.95,10000,67.7631297112,5000,-1,50,0.05,0.1],[0,750,8.3739565835,-2.6260434165,[6,0,2,8,9,1,5,0,6,6],"SA","dd",30,10,10,0.95,10000,67.6638777256,5000,-1,50,0.05,0.1],[0,765,8.3739565835,-2.6260434165,[6,0,2,8,9,1,5,0,6,6],"SA","dd",30,10,10,0.95,10000,67.7023518085,5000,-1,50,0.05,0.1],[0,780,8.3739565835,-2.6260434165,[6,0,2,8,9,1,5,0,6,6],"SA","dd",30,10,10,0.95,10000,67.6543040276,5000,-1,50,0.05,0.1],[0,795,8.3739565835,-2.6260434165,[6,0,2,8,9,1,5,0,6,6],"SA","dd",30,10,10,0.95,10000,67.9186770916,5000,-1,50,0.05,0.1],[0,810,8.3739565835,-2.6260434165,[6,0,2,8,9,1,5,0,6,6],"SA","dd",30,10,10,0.95,10000,67.9501373768,5000,-1,50,0.05,0.1],[0,825,8.3739565835,-2.6260434165,[6,0,2,8,9,1,5,0,6,6],"SA","dd",30,10,10,0.95,10000,68.2038776875,5000,-1,50,0.05,0.1],[0,840,8.3739565835,-2.6260434165,[6,0,2,8,9,1,5,0,6,6],"SA","dd",30,10,10,0.95,10000,68.0388460159,5000,-1,50,0.05,0.1],[0,855,8.3739565835,-2.6260434165,[6,0,2,8,9,1,5,0,6,6],"SA","dd",30,10,10,0.95,10000,68.0994105339,5000,-1,50,0.05,0.1],[0,870,8.3739565835,-2.6260434165,[6,0,2,8,9,1,5,0,6,6],"SA","dd",30,10,10,0.95,10000,89.951795578,5000,-1,50,0.05,0.1],[0,885,8.3739565835,-2.6260434165,[6,0,2,8,9,1,5,0,6,6],"SA","dd",30,10,10,0.95,10000,103.7480661869,5000,-1,50,0.05,0.1],[0,900,8.3739565835,-2.6260434165,[6,0,2,8,9,1,5,0,6,6],"SA","dd",30,10,10,0.95,10000,67.8476397991,5000,-1,50,0.05,0.1],[0,915,8.3739565835,-2.6260434165,[6,0,2,8,9,1,5,0,6,6],"SA","dd",30,10,10,0.95,10000,67.9233763218,5000,-1,50,0.05,0.1],[0,930,8.3739565835,-2.6260434165,[6,0,2,8,9,1,5,0,6,6],"SA","dd",30,10,10,0.95,10000,67.7500948906,5000,-1,50,0.05,0.1],[0,945,8.3739565835,-2.6260434165,[6,0,2,8,9,1,5,0,6,6],