{"columns":["ite","time","q","scaled_eu","z","solver","attacker","|Q|","|X|","|T|","rho","k","utility_time","RS_iters","mcts_iters","sa_iters","eps","lr"],"index":[0,1,2,3,4,5,6,7,8,9,10,11,12,13,14,15,16,17,18,19,20,21,22,23,24,25,26,27,28,29,30,31,32,33,34,35,36,37,38,39,40,41,42,43,44,45,46,47,48,49,50,51,52,53,54,55,56,57,58,59,60,61,62,63,64,65,66,67,68,69,70,71,72,73,74,75,76,77,78,79],"data":[[6,15,9.5826762925,-1.4173237075,[7,1,4,1,7,7,5,7,3,6],"SA","dd",30,10,10,0.95,10000,63.7266962528,5000,-1,50,0.05,0.1],[6,30,12.266212745,1.266212745,[7,3,2,1,8,9,5,8,3,8],"SA","dd",30,10,10,0.95,10000,64.0206921101,5000,-1,50,0.05,0.1],[6,45,14.2888696514,3.2888696514,[7,3,2,1,9,9,5,0,3,6],"SA","dd",30,10,10,0.95,10000,64.0429441929,5000,-1,50,0.05,0.1],[6,60,14.2888696514,3.2888696514,[7,3,2,1,9,9,5,0,3,6],"SA","dd",30,10,10,0.95,10000,64.0169858932,5000,-1,50,0.05,0.1],[6,75,14.2888696514,3.2888696514,[7,3,2,1,9,9,5,0,3,6],"SA","dd",30,10,10,0.95,10000,84.3253040314,5000,-1,50,0.05,0.1],[6,90,14.2888696514,3.2888696514,[7,3,2,1,9,9,5,0,3,6],"SA","dd",30,10,10,0.95,10000,63.9560277462,5000,-1,50,0.05,0.1],[6,105,14.5426134591,3.5426134591,[7,3,2,1,9,9,5,0,6,6],"SA","dd",30,10,10,0.95,10000,64.1485316753,5000,-1,50,0.05,0.1],[6,120,14.561233511,3.561233511,[7,3,2,1,9,9,5,0,6,6],"SA","dd",30,10,10,0.95,10000,63.9243443012,5000,-1,50,0.05,0.1],[6,135,14.561233511,3.561233511,[7,3,2,1,9,9,5,0,6,6],"SA","dd",30,10,10,0.95,10000,64.048340559,5000,-1,50,0.05,0.1],[6,150,14.561233511,3.561233511,[7,3,2,1,9,9,5,0,6,6],"SA","dd",30,10,10,0.95,10000,63.9849963188,5000,-1,50,0.05,0.1],[6,165,14.561233511,3.561233511,[7,3,2,1,9,9,5,0,6,6],"SA","dd",30,10,10,0.95,10000,64.0207755566,5000,-1,50,0.05,0.1],[6,180,14.5618330973,3.5618330973,[7,3,2,1,9,9,5,0,6,6],"SA","dd",30,10,10,0.95,10000,64.05002141,5000,-1,50,0.05,0.1],[6,195,14.5618330973,3.5618330973,[7,3,2,1,9,9,5,0,6,6],"SA","dd",30,10,10,0.95,10000,64.1300973892,5000,-1,50,0.05,0.1],[6,210,14.5618330973,3.5618330973,[7,3,2,1,9,9,5,0,6,6],"SA","dd",30,10,10,0.95,10000,64.0932190418,5000,-1,50,0.05,0.1],[6,225,14.5618330973,3.5618330973,[7,3,2,1,9,9,5,0,6,6],"SA","dd",30,10,10,0.95,10000,64.0033192635,5000,-1,50,0.05,0.1],[6,240,14.5618330973,3.5618330973,[7,3,2,1,9,9,5,0,6,6],"SA","dd",30,10,10,0.95,10000,63.9338190556,5000,-1,50,0.05,0.1],[6,255,14.5618330973,3.5618330973,[7,3,2,1,9,9,5,0,6,6],"SA","dd",30,10,10,0.95,10000,64.03403759,5000,-1,50,0.05,0.1],[6,270,14.5618330973,3.5618330973,[7,3,2,1,9,9,5,0,6,6],"SA","dd",30,10,10,0.95,10000,63.9905979633,5000,-1,50,0.05,0.1],[6,285,14.5618330973,3.5618330973,[7,3,2,1,9,9,5,0,6,6],"SA","dd",30,10,10,0.95,10000,64.0043237209,5000,-1,50,0.05,0.1],[6,300,14.5618330973,3.5618330973,[7,3,2,1,9,9,5,0,6,6],"SA","dd",30,10,10,0.95,10000,63.889746666,5000,-1,50,0.05,0.1],[6,315,14.5618330973,3.5618330973,[7,3,2,1,9,9,5,0,6,6],"SA","dd",30,10,10,0.95,10000,63.9461917877,5000,-1,50,0.05,0.1],[6,330,14.5618330973,3.5618330973,[7,3,2,1,9,9,5,0,6,6],"SA","dd",30,10,10,0.95,10000,63.9722816944,5000,-1,50,0.05,0.1],[6,345,14.5618330973,3.5618330973,[7,3,2,1,9,9,5,0,6,6],"SA","dd",30,10,10,0.95,10000,63.9546346664,5000,-1,50,0.05,0.1],[6,360,14.5618330973,3.5618330973,[7,3,2,1,9,9,5,0,6,6],"SA","dd",30,10,10,0.95,10000,63.9579164982,5000,-1,50,0.05,0.1],[6,375,14.5618330973,3.5618330973,[7,3,2,1,9,9,5,0,6,6],"SA","dd",30,10,10,0.95,10000,63.9515485764,5000,-1,50,0.05,0.1],[6,390,14.5618330973,3.5618330973,[7,3,2,1,9,9,5,0,6,6],"SA","dd",30,10,10,0.95,10000,63.8328723907,5000,-1,50,0.05,0.1],[6,405,14.5618330973,3.5618330973,[7,3,2,1,9,9,5,0,6,6],"SA","dd",30,10,10,0.95,10000,63.8112773895,5000,-1,50,0.05,0.1],[6,420,14.5618330973,3.5618330973,[7,3,2,1,9,9,5,0,6,6],"SA","dd",30,10,10,0.95,10000,63.9510660172,5000,-1,50,0.05,0.1],[6,435,14.5618330973,3.5618330973,[7,3,2,1,9,9,5,0,6,6],"SA","dd",30,10,10,0.95,10000,63.8179984093,5000,-1,50,0.05,0.1],[6,450,14.5618330973,3.5618330973,[7,3,2,1,9,9,5,0,6,6],"SA","dd",30,10,10,0.95,10000,63.9697659016,5000,-1,50,0.05,0.1],[6,465,14.5618330973,3.5618330973,[7,3,2,1,9,9,5,0,6,6],"SA","dd",30,10,10,0.95,10000,63.837656498,5000,-1,50,0.05,0.1],[6,480,14.5618330973,3.5618330973,[7,3,2,1,9,9,5,0,6,6],"SA","dd",30,10,10,0.95,10000,63.9863703251,5000,-1,50,0.05,0.1],[6,495,14.5618330973,3.5618330973,[7,3,2,1,9,9,5,0,6,6],"SA","dd",30,10,10,0.95,10000,64.06366992,5000,-1,50,0.05,0.1],[6,510,14.5618330973,3.5618330973,[7,3,2,1,9,9,5,0,6,6],"SA","dd",30,10,10,0.95,10000,64.0196397305,5000,-1,50,0.05,0.1],[6,525,14.5618330973,3.5618330973,[7,3,2,1,9,9,5,0,6,6],"SA","dd",30,10,10,0.95,10000,63.9237601757,5000,-1,50,0.05,0.1],[6,540,14.5618330973,3.5618330973,[7,3,2,1,9,9,5,0,6,6],"SA","dd",30,10,10,0.95,10000,63.9537959099,5000,-1,50,0.05,0.1],[6,555,14.5618330973,3.5618330973,[7,3,2,1,9,9,5,0,6,6],"SA","dd",30,10,10,0.95,10000,63.8360593319,5000,-1,50,0.05,0.1],[6,570,14.5618330973,3.5618330973,[7,3,2,1,9,9,5,0,6,6],"SA","dd",30,10,10,0.95,10000,63.9074707031,5000,-1,50,0.05,0.1],[6,585,14.5618330973,3.5618330973,[7,3,2,1,9,9,5,0,6,6],"SA","dd",30,10,10,0.95,10000,63.9086685181,5000,-1,50,0.05,0.1],[6,600,14.5618330973,3.5618330973,[7,3,2,1,9,9,5,0,6,6],"SA","dd",30,10,10,0.95,10000,63.8515517712,5000,-1,50,0.05,0.1],[6,615,14.5618330973,3.5618330973,[7,3,2,1,9,9,5,0,6,6],"SA","dd",30,10,10,0.95,10000,63.972247839,5000,-1,50,0.05,0.1],[6,630,14.5618330973,3.5618330973,[7,3,2,1,9,9,5,0,6,6],"SA","dd",30,10,10,0.95,10000,64.098120451,5000,-1,50,0.05,0.1],[6,645,14.5618330973,3.5618330973,[7,3,2,1,9,9,5,0,6,6],"SA","dd",30,10,10,0.95,10000,63.8601768017,5000,-1,50,0.05,0.1],[6,660,14.5618330973,3.5618330973,[7,3,2,1,9,9,5,0,6,6],"SA","dd",30,10,10,0.95,10000,63.841091156,5000,-1,50,0.05,0.1],[6,675,14.5618330973,3.5618330973,[7,3,2,1,9,9,5,0,6,6],"SA","dd",30,10,10,0.95,10000,63.8679788113,5000,-1,50,0.05,0.1],[6,690,14.5618330973,3.5618330973,[7,3,2,1,9,9,5,0,6,6],"SA","dd",30,10,10,0.95,10000,64.0196375847,5000,-1,50,0.05,0.1],[6,705,14.5618330973,3.5618330973,[7,3,2,1,9,9,5,0,6,6],"SA","dd",30,10,10,0.95,10000,64.0245184898,5000,-1,50,0.05,0.1],[6,720,14.5618330973,3.5618330973,[7,3,2,1,9,9,5,0,6,6],"SA","dd",30,10,10,0.95,10000,63.9247295856,5000,-1,50,0.05,0.1],[6,735,14.5618330973,3.5618330973,[7,3,2,1,9,9,5,0,6,6],"SA","dd",30,10,10,0.95,10000,63.9519078732,5000,-1,50,0.05,0.1],[6,750,14.5618330973,3.5618330973,[7,3,2,1,9,9,5,0,6,6],"SA","dd",30,10,10,0.95,10000,63.8496582508,5000,-1,50,0.05,0.1],[6,765,14.5618330973,3.5618330973,[7,3,2,1,9,9,5,0,6,6],"SA","dd",30,10,10,0.95,10000,63.9268507957,5000,-1,50,0.05,0.1],[6,780,14.5618330973,3.5618330973,[7,3,2,1,9,9,5,0,6,6],"SA","dd",30,10,10,0.95,10000,63.9565010071,5000,-1,50,0.05,0.1],[6,795,14.5618330973,3.5618330973,[7,3,2,1,9,9,5,0,6,6],"SA","dd",30,10,10,0.95,10000,63.982878685,5000,-1,50,0.05,0.1],[6,810,14.5618330973,3.5618330973,[7,3,2,1,9,9,5,0,6,6],"SA","dd",30,10,10,0.95,10000,77.9394230843,5000,-1,50,0.05,0.1],[6,825,14.5618330973,3.5618330973,[7,3,2,1,9,9,5,0,6,6],"SA","dd",30,10,10,0.95,10000,103.8612492085,5000,-1,50,0.05,0.1],[6,840,14.5618330973,3.5618330973,[7,3,2,1,9,9,5,0,6,6],"SA","dd",30,10,10,0.95,10000,68.400437355,5000,-1,50,0.05,0.1],[6,855,14.5618330973,3.5618330973,[7,3,2,1,9,9,5,0,6,6],"SA","dd",30,10,10,0.95,10000,68.7191183567,5000,-1,50,0.05,0.1],[6,870,14.5618330973,3.5618330973,[7,3,2,1,9,9,5,0,6,6],"SA","dd",30,10,10,0.95,10000,68.5437028408,5000,-1,50,0.05,0.1],[6,885,14.5618330973,3.5618330973,[7,3,2,1,9,9,5,0,6,6],"SA","dd",30,10,10,0.95,10000,68.5466668606,5000,-1,50,0.05,0.1],[6,900,14.5618330973,3.5618330973,[7,3,2,1,9,9,5,0,6,6],"SA","dd",30,10,10,0.95,10000,68.6768307686,5000,-1,50,0.05,0.1],[6,915,14.5618330973,3.5618330973,[7,3,2,1,9,9,5,0,6,6],"SA","dd",30,10,10,0.95,10000,68.6286480427,5000,-1,50,0.05,0.1],[6,930,14.5618330973,3.5618330973,[7,3,2,1,9,9,5,0,6,6],"SA","dd",30,10,10,0.95,10000,68.5106539726,5000,-1,50,0.05,0.1],[6,945,14.5618330973,3.5618330973,[7,3,2,1,9,9,5,0,6,6],