{"columns":["ite","time","q","scaled_eu","z","solver","attacker","|Q|","|X|","|T|","rho","k","utility_time","RS_iters","mcts_iters","sa_iters","eps","lr"],"index":[0,1,2,3,4,5,6,7,8,9,10,11,12,13,14,15,16,17,18,19,20,21,22,23,24,25,26,27,28,29,30,31,32,33,34,35,36,37,38,39,40,41,42,43,44,45,46,47,48,49,50,51,52,53,54,55,56,57,58,59,60,61,62,63,64,65,66,67,68,69,70,71,72,73,74,75,76,77,78,79],"data":[[4,15,7.5435408146,-3.4564591854,[3,1,2,7,0,9,0,2,6,8],"SA","dd",30,10,10,0.95,10000,68.3207576275,5000,-1,50,0.05,0.1],[4,30,10.5903533438,-0.4096466562,[7,7,2,1,4,2,5,9,6,6],"SA","dd",30,10,10,0.95,10000,68.2469136715,5000,-1,50,0.05,0.1],[4,45,13.6792325734,2.6792325734,[7,3,2,1,9,9,5,8,6,6],"SA","dd",30,10,10,0.95,10000,68.2789289951,5000,-1,50,0.05,0.1],[4,60,13.6792325734,2.6792325734,[7,3,2,1,9,9,5,8,6,6],"SA","dd",30,10,10,0.95,10000,68.3193147182,5000,-1,50,0.05,0.1],[4,75,13.6792325734,2.6792325734,[7,3,2,1,9,9,5,8,6,6],"SA","dd",30,10,10,0.95,10000,67.9665491581,5000,-1,50,0.05,0.1],[4,90,13.6792325734,2.6792325734,[7,3,2,1,9,9,5,8,6,6],"SA","dd",30,10,10,0.95,10000,68.1549010277,5000,-1,50,0.05,0.1],[4,105,13.6792325734,2.6792325734,[7,3,2,1,9,9,5,8,6,6],"SA","dd",30,10,10,0.95,10000,68.1712415218,5000,-1,50,0.05,0.1],[4,120,13.6792325734,2.6792325734,[7,3,2,1,9,9,5,8,6,6],"SA","dd",30,10,10,0.95,10000,68.3112447262,5000,-1,50,0.05,0.1],[4,135,13.6792325734,2.6792325734,[7,3,2,1,9,9,5,8,6,6],"SA","dd",30,10,10,0.95,10000,68.2944719791,5000,-1,50,0.05,0.1],[4,150,13.6792325734,2.6792325734,[7,3,2,1,9,9,5,8,6,6],"SA","dd",30,10,10,0.95,10000,68.3999998569,5000,-1,50,0.05,0.1],[4,165,13.6792325734,2.6792325734,[7,3,2,1,9,9,5,8,6,6],"SA","dd",30,10,10,0.95,10000,68.2581367493,5000,-1,50,0.05,0.1],[4,180,13.6792325734,2.6792325734,[7,3,2,1,9,9,5,8,6,6],"SA","dd",30,10,10,0.95,10000,68.2259235382,5000,-1,50,0.05,0.1],[4,195,13.6792325734,2.6792325734,[7,3,2,1,9,9,5,8,6,6],"SA","dd",30,10,10,0.95,10000,68.5110952854,5000,-1,50,0.05,0.1],[4,210,13.6792325734,2.6792325734,[7,3,2,1,9,9,5,8,6,6],"SA","dd",30,10,10,0.95,10000,68.3663110733,5000,-1,50,0.05,0.1],[4,225,13.6792325734,2.6792325734,[7,3,2,1,9,9,5,8,6,6],"SA","dd",30,10,10,0.95,10000,68.3904457092,5000,-1,50,0.05,0.1],[4,240,13.6792325734,2.6792325734,[7,3,2,1,9,9,5,8,6,6],"SA","dd",30,10,10,0.95,10000,68.3549940586,5000,-1,50,0.05,0.1],[4,255,13.6792325734,2.6792325734,[7,3,2,1,9,9,5,8,6,6],"SA","dd",30,10,10,0.95,10000,68.1404423714,5000,-1,50,0.05,0.1],[4,270,13.6792325734,2.6792325734,[7,3,2,1,9,9,5,8,6,6],"SA","dd",30,10,10,0.95,10000,68.1943900585,5000,-1,50,0.05,0.1],[4,285,13.6792325734,2.6792325734,[7,3,2,1,9,9,5,8,6,6],"SA","dd",30,10,10,0.95,10000,68.2340781689,5000,-1,50,0.05,0.1],[4,300,13.6792325734,2.6792325734,[7,3,2,1,9,9,5,8,6,6],"SA","dd",30,10,10,0.95,10000,68.3514237404,5000,-1,50,0.05,0.1],[4,315,13.6792325734,2.6792325734,[7,3,2,1,9,9,5,8,6,6],"SA","dd",30,10,10,0.95,10000,68.2807228565,5000,-1,50,0.05,0.1],[4,330,13.6792325734,2.6792325734,[7,3,2,1,9,9,5,8,6,6],"SA","dd",30,10,10,0.95,10000,68.2220535278,5000,-1,50,0.05,0.1],[4,345,13.6792325734,2.6792325734,[7,3,2,1,9,9,5,8,6,6],"SA","dd",30,10,10,0.95,10000,68.2641482353,5000,-1,50,0.05,0.1],[4,360,13.6792325734,2.6792325734,[7,3,2,1,9,9,5,8,6,6],"SA","dd",30,10,10,0.95,10000,68.245506525,5000,-1,50,0.05,0.1],[4,375,13.6792325734,2.6792325734,[7,3,2,1,9,9,5,8,6,6],"SA","dd",30,10,10,0.95,10000,68.3067853451,5000,-1,50,0.05,0.1],[4,390,13.6792325734,2.6792325734,[7,3,2,1,9,9,5,8,6,6],"SA","dd",30,10,10,0.95,10000,68.2022747993,5000,-1,50,0.05,0.1],[4,405,13.6792325734,2.6792325734,[7,3,2,1,9,9,5,8,6,6],"SA","dd",30,10,10,0.95,10000,68.2005732059,5000,-1,50,0.05,0.1],[4,420,13.6792325734,2.6792325734,[7,3,2,1,9,9,5,8,6,6],"SA","dd",30,10,10,0.95,10000,68.2519757748,5000,-1,50,0.05,0.1],[4,435,13.6792325734,2.6792325734,[7,3,2,1,9,9,5,8,6,6],"SA","dd",30,10,10,0.95,10000,68.3627345562,5000,-1,50,0.05,0.1],[4,450,13.6792325734,2.6792325734,[7,3,2,1,9,9,5,8,6,6],"SA","dd",30,10,10,0.95,10000,68.3006510735,5000,-1,50,0.05,0.1],[4,465,13.6792325734,2.6792325734,[7,3,2,1,9,9,5,8,6,6],"SA","dd",30,10,10,0.95,10000,68.2557756901,5000,-1,50,0.05,0.1],[4,480,13.6792325734,2.6792325734,[7,3,2,1,9,9,5,8,6,6],"SA","dd",30,10,10,0.95,10000,68.288244009,5000,-1,50,0.05,0.1],[4,495,13.6792325734,2.6792325734,[7,3,2,1,9,9,5,8,6,6],"SA","dd",30,10,10,0.95,10000,68.302428484,5000,-1,50,0.05,0.1],[4,510,13.6792325734,2.6792325734,[7,3,2,1,9,9,5,8,6,6],"SA","dd",30,10,10,0.95,10000,68.2618703842,5000,-1,50,0.05,0.1],[4,525,13.6792325734,2.6792325734,[7,3,2,1,9,9,5,8,6,6],"SA","dd",30,10,10,0.95,10000,68.2310729027,5000,-1,50,0.05,0.1],[4,540,13.6792325734,2.6792325734,[7,3,2,1,9,9,5,8,6,6],"SA","dd",30,10,10,0.95,10000,68.256739378,5000,-1,50,0.05,0.1],[4,555,13.6792325734,2.6792325734,[7,3,2,1,9,9,5,8,6,6],"SA","dd",30,10,10,0.95,10000,68.2350518703,5000,-1,50,0.05,0.1],[4,570,13.6792325734,2.6792325734,[7,3,2,1,9,9,5,8,6,6],"SA","dd",30,10,10,0.95,10000,68.3503453732,5000,-1,50,0.05,0.1],[4,585,13.6792325734,2.6792325734,[7,3,2,1,9,9,5,8,6,6],"SA","dd",30,10,10,0.95,10000,68.2105209827,5000,-1,50,0.05,0.1],[4,600,13.6792325734,2.6792325734,[7,3,2,1,9,9,5,8,6,6],"SA","dd",30,10,10,0.95,10000,68.2288753986,5000,-1,50,0.05,0.1],[4,615,13.6792325734,2.6792325734,[7,3,2,1,9,9,5,8,6,6],"SA","dd",30,10,10,0.95,10000,68.4146294594,5000,-1,50,0.05,0.1],[4,630,13.6792325734,2.6792325734,[7,3,2,1,9,9,5,8,6,6],"SA","dd",30,10,10,0.95,10000,68.333173275,5000,-1,50,0.05,0.1],[4,645,13.6792325734,2.6792325734,[7,3,2,1,9,9,5,8,6,6],"SA","dd",30,10,10,0.95,10000,68.1490941048,5000,-1,50,0.05,0.1],[4,660,13.6792325734,2.6792325734,[7,3,2,1,9,9,5,8,6,6],"SA","dd",30,10,10,0.95,10000,68.3077735901,5000,-1,50,0.05,0.1],[4,675,13.6792325734,2.6792325734,[7,3,2,1,9,9,5,8,6,6],"SA","dd",30,10,10,0.95,10000,68.3906831741,5000,-1,50,0.05,0.1],[4,690,13.6792325734,2.6792325734,[7,3,2,1,9,9,5,8,6,6],"SA","dd",30,10,10,0.95,10000,68.3485395908,5000,-1,50,0.05,0.1],[4,705,13.6792325734,2.6792325734,[7,3,2,1,9,9,5,8,6,6],"SA","dd",30,10,10,0.95,10000,68.1947715282,5000,-1,50,0.05,0.1],[4,720,13.6792325734,2.6792325734,[7,3,2,1,9,9,5,8,6,6],"SA","dd",30,10,10,0.95,10000,68.3463258743,5000,-1,50,0.05,0.1],[4,735,13.6792325734,2.6792325734,[7,3,2,1,9,9,5,8,6,6],"SA","dd",30,10,10,0.95,10000,68.3570621014,5000,-1,50,0.05,0.1],[4,750,13.6792325734,2.6792325734,[7,3,2,1,9,9,5,8,6,6],"SA","dd",30,10,10,0.95,10000,68.2212576866,5000,-1,50,0.05,0.1],[4,765,13.6792325734,2.6792325734,[7,3,2,1,9,9,5,8,6,6],"SA","dd",30,10,10,0.95,10000,68.2586419582,5000,-1,50,0.05,0.1],[4,780,13.6792325734,2.6792325734,[7,3,2,1,9,9,5,8,6,6],"SA","dd",30,10,10,0.95,10000,68.3525521755,5000,-1,50,0.05,0.1],[4,795,13.6792325734,2.6792325734,[7,3,2,1,9,9,5,8,6,6],"SA","dd",30,10,10,0.95,10000,68.4064950943,5000,-1,50,0.05,0.1],[4,810,13.6792325734,2.6792325734,[7,3,2,1,9,9,5,8,6,6],"SA","dd",30,10,10,0.95,10000,68.6511585712,5000,-1,50,0.05,0.1],[4,825,13.6792325734,2.6792325734,[7,3,2,1,9,9,5,8,6,6],"SA","dd",30,10,10,0.95,10000,68.6734821796,5000,-1,50,0.05,0.1],[4,840,13.6792325734,2.6792325734,[7,3,2,1,9,9,5,8,6,6],"SA","dd",30,10,10,0.95,10000,68.6644961834,5000,-1,50,0.05,0.1],[4,855,13.6792325734,2.6792325734,[7,3,2,1,9,9,5,8,6,6],"SA","dd",30,10,10,0.95,10000,68.6144471169,5000,-1,50,0.05,0.1],[4,870,13.6792325734,2.6792325734,[7,3,2,1,9,9,5,8,6,6],"SA","dd",30,10,10,0.95,10000,68.4137568474,5000,-1,50,0.05,0.1],[4,885,13.6792325734,2.6792325734,[7,3,2,1,9,9,5,8,6,6],"SA","dd",30,10,10,0.95,10000,68.3232598305,5000,-1,50,0.05,0.1],[4,900,13.6792325734,2.6792325734,[7,3,2,1,9,9,5,8,6,6],"SA","dd",30,10,10,0.95,10000,68.3254349232,5000,-1,50,0.05,0.1],[4,915,13.6792325734,2.6792325734,[7,3,2,1,9,9,5,8,6,6],"SA","dd",30,10,10,0.95,10000,68.5015153885,5000,-1,50,0.05,0.1],[4,930,13.6792325734,2.6792325734,[7,3,2,1,9,9,5,8,6,6],"SA","dd",30,10,10,0.95,10000,68.453430891,5000,-1,50,0.05,0.1],[4,945,13.6792325734,2.6792325734,[7,3,2,1,9,9,5,8,6,6],