{"columns":["ite","time","q","scaled_eu","z","solver","attacker","|Q|","|X|","|T|","rho","k","utility_time","RS_iters","mcts_iters","sa_iters","eps","lr"],"index":[0,1,2,3,4,5,6,7,8,9,10,11,12,13,14,15,16,17,18,19,20,21,22,23,24,25,26,27,28,29,30,31,32,33,34,35,36,37,38,39,40,41,42,43,44,45,46,47,48,49,50,51,52,53,54,55,56,57,58,59,60,61,62,63,64,65,66,67,68,69,70,71,72,73,74,75,76,77,78,79],"data":[[4,15,28.7585038548,-22.2414961452,[6,7,6,0,1,8,0,4,9,0,4,4,2,3,1,5,3,2,0,9,1,0,4,4,9,1,8,4,6,9],"SA","att",10,10,30,0.95,10000,41.2089176178,5000,-1,50,0.05,0.1],[4,30,29.2957670178,-21.7042329822,[3,7,1,7,7,1,6,4,2,4,4,2,0,8,4,3,2,2,5,6,1,7,8,4,9,2,8,0,6,3],"SA","att",10,10,30,0.95,10000,41.254389286,5000,-1,50,0.05,0.1],[4,45,29.2957670178,-21.7042329822,[9,3,6,7,0,0,0,6,2,5,2,0,9,9,8,1,2,5,7,2,0,7,8,4,0,2,5,3,7,4],"SA","att",10,10,30,0.95,10000,41.4558472633,5000,-1,50,0.05,0.1],[4,60,33.6864898044,-17.3135101956,[3,5,2,7,6,7,0,3,2,1,7,5,9,9,3,9,2,6,0,9,9,4,8,9,1,1,7,0,3,8],"SA","att",10,10,30,0.95,10000,41.4800240993,5000,-1,50,0.05,0.1],[4,75,33.6864898044,-17.3135101956,[3,5,2,7,6,7,0,3,2,1,7,5,9,9,3,9,2,6,0,9,9,4,8,9,1,1,7,0,3,8],"SA","att",10,10,30,0.95,10000,41.4928257465,5000,-1,50,0.05,0.1],[4,90,39.6657983152,-11.3342016848,[9,8,2,4,6,1,0,3,8,5,7,0,7,9,3,3,2,3,3,7,8,7,8,4,6,5,7,8,1,8],"SA","att",10,10,30,0.95,10000,41.389015913,5000,-1,50,0.05,0.1],[4,105,39.6657983152,-11.3342016848,[9,8,2,4,6,1,0,3,8,5,7,0,7,9,3,3,2,3,3,7,8,7,8,4,6,5,7,8,1,8],"SA","att",10,10,30,0.95,10000,41.5158376694,5000,-1,50,0.05,0.1],[4,120,39.6657983152,-11.3342016848,[9,8,2,4,6,1,0,3,8,5,7,0,7,9,3,3,2,3,3,7,8,7,8,4,6,5,7,8,1,8],"SA","att",10,10,30,0.95,10000,41.4195580482,5000,-1,50,0.05,0.1],[4,135,39.6657983152,-11.3342016848,[9,8,2,4,6,1,0,3,8,5,7,0,7,9,3,3,2,3,3,7,8,7,8,4,6,5,7,8,1,8],"SA","att",10,10,30,0.95,10000,41.4276390076,5000,-1,50,0.05,0.1],[4,150,39.6657983152,-11.3342016848,[9,8,2,4,6,1,0,3,8,5,7,0,7,9,3,3,2,3,3,7,8,7,8,4,6,5,7,8,1,8],"SA","att",10,10,30,0.95,10000,41.415050745,5000,-1,50,0.05,0.1],[4,165,43.9031397911,-7.0968602089,[8,2,2,4,2,1,1,3,8,5,0,0,5,9,3,5,2,9,3,7,3,7,4,4,9,1,7,0,1,7],"SA","att",10,10,30,0.95,10000,41.268045187,5000,-1,50,0.05,0.1],[4,180,45.8566249256,-5.1433750744,[9,2,2,2,6,1,0,3,8,5,0,0,5,0,3,9,2,2,3,7,9,0,6,4,9,1,7,0,1,7],"SA","att",10,10,30,0.95,10000,41.3330512047,5000,-1,50,0.05,0.1],[4,195,45.8566249256,-5.1433750744,[9,2,2,2,6,1,0,3,8,5,0,0,5,0,3,9,2,2,3,7,9,0,6,4,9,1,7,0,1,7],"SA","att",10,10,30,0.95,10000,41.230701685,5000,-1,50,0.05,0.1],[4,210,45.8566249256,-5.1433750744,[9,2,2,2,6,1,0,3,8,5,0,0,5,0,3,9,2,2,3,7,9,0,6,4,9,1,7,0,1,7],"SA","att",10,10,30,0.95,10000,41.3552598953,5000,-1,50,0.05,0.1],[4,225,45.8566249256,-5.1433750744,[9,2,2,6,2,1,0,3,8,4,0,7,9,4,2,3,7,2,7,4,4,0,2,4,6,1,0,1,1,8],"SA","att",10,10,30,0.95,10000,41.2183699608,5000,-1,50,0.05,0.1],[4,240,47.6629997588,-3.3370002412,[9,2,2,4,6,1,2,3,8,5,0,0,5,9,3,5,2,2,3,3,9,3,3,4,9,1,7,1,1,7],"SA","att",10,10,30,0.95,10000,41.2705862522,5000,-1,50,0.05,0.1],[4,255,49.6667894917,-1.3332105083,[9,2,2,4,6,1,0,3,8,5,0,0,5,9,3,5,2,2,3,3,9,3,3,4,9,1,7,0,1,7],"SA","att",10,10,30,0.95,10000,41.3493378162,5000,-1,50,0.05,0.1],[4,270,49.6667894917,-1.3332105083,[9,2,2,1,6,7,1,3,8,2,0,8,5,7,8,5,2,7,8,5,9,3,4,4,6,4,3,5,1,6],"SA","att",10,10,30,0.95,10000,41.3043620586,5000,-1,50,0.05,0.1],[4,285,49.6667894917,-1.3332105083,[9,2,2,1,6,7,1,3,8,2,0,8,5,7,8,5,2,7,8,5,9,3,4,4,6,4,3,5,1,6],"SA","att",10,10,30,0.95,10000,41.3315913677,5000,-1,50,0.05,0.1],[4,300,49.6667894917,-1.3332105083,[9,2,2,1,6,7,1,3,8,2,0,8,5,7,8,5,2,7,8,5,9,3,4,4,6,4,3,5,1,6],"SA","att",10,10,30,0.95,10000,41.4063410759,5000,-1,50,0.05,0.1],[4,315,49.6667894917,-1.3332105083,[9,2,2,1,6,7,1,3,8,2,0,8,5,7,8,5,2,7,8,5,9,3,4,4,6,4,3,5,1,6],"SA","att",10,10,30,0.95,10000,41.336796999,5000,-1,50,0.05,0.1],[4,330,49.6667894917,-1.3332105083,[9,2,2,1,6,7,1,3,8,2,0,8,5,7,8,5,2,7,8,5,9,3,4,4,6,4,3,5,1,6],"SA","att",10,10,30,0.95,10000,41.4089748859,5000,-1,50,0.05,0.1],[4,345,49.6667894917,-1.3332105083,[9,2,2,1,6,7,1,3,8,2,0,8,5,7,8,5,2,7,8,5,9,3,4,4,6,4,3,5,1,6],"SA","att",10,10,30,0.95,10000,41.3959882259,5000,-1,50,0.05,0.1],[4,360,49.6667894917,-1.3332105083,[9,2,2,1,6,7,1,3,8,2,0,8,5,7,8,5,2,7,8,5,9,3,4,4,6,4,3,5,1,6],"SA","att",10,10,30,0.95,10000,41.2603902817,5000,-1,50,0.05,0.1],[4,375,49.6667894917,-1.3332105083,[9,2,2,1,6,7,1,3,8,2,0,8,5,7,8,5,2,7,8,5,9,3,4,4,6,4,3,5,1,6],"SA","att",10,10,30,0.95,10000,41.3612787724,5000,-1,50,0.05,0.1],[4,390,49.6667894917,-1.3332105083,[9,2,2,1,6,7,1,3,8,2,0,8,5,7,8,5,2,7,8,5,9,3,4,4,6,4,3,5,1,6],"SA","att",10,10,30,0.95,10000,41.4285657406,5000,-1,50,0.05,0.1],[4,405,49.6667894917,-1.3332105083,[9,2,2,1,6,7,1,3,8,2,0,8,5,7,8,5,2,7,8,5,9,3,4,4,6,4,3,5,1,6],"SA","att",10,10,30,0.95,10000,41.3725209236,5000,-1,50,0.05,0.1],[4,420,49.6667894917,-1.3332105083,[9,2,2,1,6,7,1,3,8,2,0,8,5,7,8,5,2,7,8,5,9,3,4,4,6,4,3,5,1,6],"SA","att",10,10,30,0.95,10000,41.351568222,5000,-1,50,0.05,0.1],[4,435,49.6667894917,-1.3332105083,[9,2,2,1,6,7,1,3,8,2,0,8,5,7,8,5,2,7,8,5,9,3,4,4,6,4,3,5,1,6],"SA","att",10,10,30,0.95,10000,42.4462621212,5000,-1,50,0.05,0.1],[4,450,49.6667894917,-1.3332105083,[9,2,2,1,6,7,1,3,8,2,0,8,5,7,8,5,2,7,8,5,9,3,4,4,6,4,3,5,1,6],"SA","att",10,10,30,0.95,10000,41.3820681572,5000,-1,50,0.05,0.1],[4,465,49.6667894917,-1.3332105083,[9,2,2,1,6,7,1,3,8,2,0,8,5,7,8,5,2,7,8,5,9,3,4,4,6,4,3,5,1,6],"SA","att",10,10,30,0.95,10000,41.355522871,5000,-1,50,0.05,0.1],[4,480,49.6667894917,-1.3332105083,[9,2,2,1,6,7,1,3,8,2,0,8,5,7,8,5,2,7,8,5,9,3,4,4,6,4,3,5,1,6],"SA","att",10,10,30,0.95,10000,41.3017265797,5000,-1,50,0.05,0.1],[4,495,49.6667894917,-1.3332105083,[9,2,2,1,6,7,1,3,8,2,0,8,5,7,8,5,2,7,8,5,9,3,4,4,6,4,3,5,1,6],"SA","att",10,10,30,0.95,10000,41.3411695957,5000,-1,50,0.05,0.1],[4,510,49.6667894917,-1.3332105083,[9,2,2,1,6,7,1,3,8,2,0,8,5,7,8,5,2,7,8,5,9,3,4,4,6,4,3,5,1,6],"SA","att",10,10,30,0.95,10000,41.2247896194,5000,-1,50,0.05,0.1],[4,525,49.6667894917,-1.3332105083,[9,2,2,1,6,7,1,3,8,2,0,8,5,7,8,5,2,7,8,5,9,3,4,4,6,4,3,5,1,6],"SA","att",10,10,30,0.95,10000,41.2083611488,5000,-1,50,0.05,0.1],[4,540,49.6667894917,-1.3332105083,[9,2,2,1,6,7,1,3,8,2,0,8,5,7,8,5,2,7,8,5,9,3,4,4,6,4,3,5,1,6],"SA","att",10,10,30,0.95,10000,41.1932907104,5000,-1,50,0.05,0.1],[4,555,49.6667894917,-1.3332105083,[9,2,2,1,6,7,1,3,8,2,0,8,5,7,8,5,2,7,8,5,9,3,4,4,6,4,3,5,1,6],"SA","att",10,10,30,0.95,10000,41.3148460388,5000,-1,50,0.05,0.1],[4,570,49.6667894917,-1.3332105083,[9,2,2,1,6,7,1,3,8,2,0,8,5,7,8,5,2,7,8,5,9,3,4,4,6,4,3,5,1,6],"SA","att",10,10,30,0.95,10000,41.4251656532,5000,-1,50,0.05,0.1],[4,585,49.6667894917,-1.3332105083,[9,2,2,1,6,7,1,3,8,2,0,8,5,7,8,5,2,7,8,5,9,3,4,4,6,4,3,5,1,6],"SA","att",10,10,30,0.95,10000,41.4622499943,5000,-1,50,0.05,0.1],[4,600,49.6667894917,-1.3332105083,[9,2,2,1,6,7,1,3,8,2,0,8,5,7,8,5,2,7,8,5,9,3,4,4,6,4,3,5,1,6],"SA","att",10,10,30,0.95,10000,41.2925269604,5000,-1,50,0.05,0.1],[4,615,49.6667894917,-1.3332105083,[9,2,2,1,6,7,1,3,8,2,0,8,5,7,8,5,2,7,8,5,9,3,4,4,6,4,3,5,1,6],"SA","att",10,10,30,0.95,10000,41.3381204605,5000,-1,50,0.05,0.1],[4,630,49.6667894917,-1.3332105083,[9,2,2,1,6,7,1,3,8,2,0,8,5,7,8,5,2,7,8,5,9,3,4,4,6,4,3,5,1,6],"SA","att",10,10,30,0.95,10000,41.3754031658,5000,-1,50,0.05,0.1],[4,645,49.6667894917,-1.3332105083,[9,2,2,1,6,7,1,3,8,2,0,8,5,7,8,5,2,7,8,5,9,3,4,4,6,4,3,5,1,6],"SA","att",10,10,30,0.95,10000,41.4099144936,5000,-1,50,0.05,0.1],[4,660,49.6667894917,-1.3332105083,[9,2,2,1,6,7,1,3,8,2,0,8,5,7,8,5,2,7,8,5,9,3,4,4,6,4,3,5,1,6],"SA","att",10,10,30,0.95,10000,41.4722652435,5000,-1,50,0.05,0.1],[4,675,49.6667894917,-1.3332105083,[9,2,2,1,6,7,1,3,8,2,0,8,5,7,8,5,2,7,8,5,9,3,4,4,6,4,3,5,1,6],"SA","att",10,10,30,0.95,10000,41.3079428673,5000,-1,50,0.05,0.1],[4,690,49.6667894917,-1.3332105083,[9,2,2,1,6,7,1,3,8,2,0,8,5,7,8,5,2,7,8,5,9,3,4,4,6,4,3,5,1,6],"SA","att",10,10,30,0.95,10000,41.4006578922,5000,-1,50,0.05,0.1],[4,705,49.6667894917,-1.3332105083,[9,2,2,1,6,7,1,3,8,2,0,8,5,7,8,5,2,7,8,5,9,3,4,4,6,4,3,5,1,6],