{"columns":["ite","time","q","scaled_eu","z","solver","attacker","|Q|","|X|","|T|","rho","k","utility_time","RS_iters","mcts_iters","sa_iters","eps","lr"],"index":[0,1,2,3,4,5,6,7,8,9,10,11,12,13,14,15,16,17,18,19,20,21,22,23,24,25,26,27,28,29,30,31,32,33,34,35,36,37,38,39,40,41,42,43,44,45,46,47,48,49,50,51,52,53,54,55,56,57,58,59,60,61,62,63,64,65,66,67,68,69,70,71,72,73,74,75,76,77,78,79],"data":[[3,15,29.2077686887,-21.7922313113,[9,0,2,9,6,7,5,3,5,9,3,9,1,4,5,3,3,2,7,4,0,1,7,4,3,7,0,7,1,3],"SA","att",10,10,30,0.95,10000,41.867358923,5000,-1,50,0.05,0.1],[3,30,29.2077686887,-21.7922313113,[9,2,0,5,6,3,3,9,2,9,0,0,5,2,9,5,8,2,8,8,0,9,2,4,4,2,2,7,1,6],"SA","att",10,10,30,0.95,10000,41.9200482368,5000,-1,50,0.05,0.1],[3,45,30.6514133732,-20.3485866268,[9,9,2,9,6,7,0,4,5,7,7,6,9,2,4,3,9,2,4,3,0,0,5,9,3,0,7,0,7,2],"SA","att",10,10,30,0.95,10000,41.8554332256,5000,-1,50,0.05,0.1],[3,60,30.6514133732,-20.3485866268,[9,9,2,9,6,7,0,4,5,7,7,6,9,2,4,3,9,2,4,3,0,0,5,9,3,0,7,0,7,2],"SA","att",10,10,30,0.95,10000,41.9283151627,5000,-1,50,0.05,0.1],[3,75,35.994868336,-15.005131664,[9,0,2,4,2,4,5,3,8,9,2,5,7,2,5,4,5,2,9,3,9,0,8,4,9,6,3,0,1,7],"SA","att",10,10,30,0.95,10000,41.8641886711,5000,-1,50,0.05,0.1],[3,90,36.658713682,-14.341286318,[7,2,5,4,6,4,0,9,8,9,0,4,5,2,5,3,9,2,0,5,3,9,8,4,9,1,3,4,1,7],"SA","att",10,10,30,0.95,10000,41.9900896549,5000,-1,50,0.05,0.1],[3,105,39.7694235138,-11.2305764862,[3,2,2,9,3,1,6,3,8,3,5,0,5,4,5,6,2,6,9,3,9,7,8,4,9,1,7,0,1,7],"SA","att",10,10,30,0.95,10000,42.0276551247,5000,-1,50,0.05,0.1],[3,120,39.7694235138,-11.2305764862,[3,2,2,9,3,1,6,3,8,3,5,0,5,4,5,6,2,6,9,3,9,7,8,4,9,1,7,0,1,7],"SA","att",10,10,30,0.95,10000,41.8960089684,5000,-1,50,0.05,0.1],[3,135,41.0170325183,-9.9829674817,[9,2,2,4,6,7,4,3,7,0,1,0,5,2,3,4,2,2,4,3,9,0,8,4,9,6,7,0,1,8],"SA","att",10,10,30,0.95,10000,41.9542279243,5000,-1,50,0.05,0.1],[3,150,43.6388940109,-7.3611059891,[9,2,2,4,6,1,1,3,6,6,5,0,5,9,3,3,2,5,0,3,0,0,8,4,9,1,7,0,1,7],"SA","att",10,10,30,0.95,10000,42.0884814262,5000,-1,50,0.05,0.1],[3,165,45.6292769001,-5.3707230999,[9,2,2,4,6,1,6,3,8,3,5,0,5,9,3,5,2,9,0,3,0,0,8,4,9,1,7,0,1,7],"SA","att",10,10,30,0.95,10000,41.9313769341,5000,-1,50,0.05,0.1],[3,180,45.6292769001,-5.3707230999,[9,2,2,4,6,1,6,3,8,3,5,0,5,9,3,5,2,9,0,3,0,0,8,4,9,1,7,0,1,7],"SA","att",10,10,30,0.95,10000,41.8739895821,5000,-1,50,0.05,0.1],[3,195,50.9098587638,-0.0901412362,[9,2,2,4,6,1,0,3,8,5,0,0,5,9,3,5,2,2,3,3,9,0,8,4,9,1,7,0,1,7],"SA","att",10,10,30,0.95,10000,41.9750010967,5000,-1,50,0.05,0.1],[3,210,50.9098587638,-0.0901412362,[9,2,2,4,6,1,0,3,8,5,0,0,5,9,3,5,2,2,3,3,9,0,8,4,9,1,7,0,1,7],"SA","att",10,10,30,0.95,10000,41.8844892979,5000,-1,50,0.05,0.1],[3,225,50.9098587638,-0.0901412362,[9,1,2,4,7,1,3,3,5,0,0,0,3,9,0,5,9,0,9,3,6,0,8,9,9,1,8,6,1,7],"SA","att",10,10,30,0.95,10000,41.9987916946,5000,-1,50,0.05,0.1],[3,240,50.9098587638,-0.0901412362,[9,1,2,4,7,1,3,3,5,0,0,0,3,9,0,5,9,0,9,3,6,0,8,9,9,1,8,6,1,7],"SA","att",10,10,30,0.95,10000,41.9510149956,5000,-1,50,0.05,0.1],[3,255,50.9098587638,-0.0901412362,[9,1,2,4,7,1,3,3,5,0,0,0,3,9,0,5,9,0,9,3,6,0,8,9,9,1,8,6,1,7],"SA","att",10,10,30,0.95,10000,41.9131047726,5000,-1,50,0.05,0.1],[3,270,50.9098587638,-0.0901412362,[9,1,2,4,7,1,3,3,5,0,0,0,3,9,0,5,9,0,9,3,6,0,8,9,9,1,8,6,1,7],"SA","att",10,10,30,0.95,10000,42.0293667316,5000,-1,50,0.05,0.1],[3,285,50.9098587638,-0.0901412362,[9,1,2,4,7,1,3,3,5,0,0,0,3,9,0,5,9,0,9,3,6,0,8,9,9,1,8,6,1,7],"SA","att",10,10,30,0.95,10000,41.9933819771,5000,-1,50,0.05,0.1],[3,300,50.9098587638,-0.0901412362,[9,1,2,4,7,1,3,3,5,0,0,0,3,9,0,5,9,0,9,3,6,0,8,9,9,1,8,6,1,7],"SA","att",10,10,30,0.95,10000,41.9656479359,5000,-1,50,0.05,0.1],[3,315,50.9098587638,-0.0901412362,[9,1,2,4,7,1,3,3,5,0,0,0,3,9,0,5,9,0,9,3,6,0,8,9,9,1,8,6,1,7],"SA","att",10,10,30,0.95,10000,42.0732584,5000,-1,50,0.05,0.1],[3,330,50.9098587638,-0.0901412362,[9,1,2,4,7,1,3,3,5,0,0,0,3,9,0,5,9,0,9,3,6,0,8,9,9,1,8,6,1,7],"SA","att",10,10,30,0.95,10000,42.0392115116,5000,-1,50,0.05,0.1],[3,345,50.9098587638,-0.0901412362,[9,1,2,4,7,1,3,3,5,0,0,0,3,9,0,5,9,0,9,3,6,0,8,9,9,1,8,6,1,7],"SA","att",10,10,30,0.95,10000,41.8521392345,5000,-1,50,0.05,0.1],[3,360,50.9098587638,-0.0901412362,[9,1,2,4,7,1,3,3,5,0,0,0,3,9,0,5,9,0,9,3,6,0,8,9,9,1,8,6,1,7],"SA","att",10,10,30,0.95,10000,41.91457057,5000,-1,50,0.05,0.1],[3,375,50.9098587638,-0.0901412362,[9,1,2,4,7,1,3,3,5,0,0,0,3,9,0,5,9,0,9,3,6,0,8,9,9,1,8,6,1,7],"SA","att",10,10,30,0.95,10000,41.8919143677,5000,-1,50,0.05,0.1],[3,390,50.9098587638,-0.0901412362,[9,1,2,4,7,1,3,3,5,0,0,0,3,9,0,5,9,0,9,3,6,0,8,9,9,1,8,6,1,7],"SA","att",10,10,30,0.95,10000,41.9988839626,5000,-1,50,0.05,0.1],[3,405,50.9098587638,-0.0901412362,[9,1,2,4,7,1,3,3,5,0,0,0,3,9,0,5,9,0,9,3,6,0,8,9,9,1,8,6,1,7],"SA","att",10,10,30,0.95,10000,47.2877640724,5000,-1,50,0.05,0.1],[3,420,50.9098587638,-0.0901412362,[9,1,2,4,7,1,3,3,5,0,0,0,3,9,0,5,9,0,9,3,6,0,8,9,9,1,8,6,1,7],"SA","att",10,10,30,0.95,10000,42.0218257904,5000,-1,50,0.05,0.1],[3,435,50.9098587638,-0.0901412362,[9,1,2,4,7,1,3,3,5,0,0,0,3,9,0,5,9,0,9,3,6,0,8,9,9,1,8,6,1,7],"SA","att",10,10,30,0.95,10000,41.9766311646,5000,-1,50,0.05,0.1],[3,450,50.9098587638,-0.0901412362,[9,1,2,4,7,1,3,3,5,0,0,0,3,9,0,5,9,0,9,3,6,0,8,9,9,1,8,6,1,7],"SA","att",10,10,30,0.95,10000,41.9565763474,5000,-1,50,0.05,0.1],[3,465,50.9098587638,-0.0901412362,[9,1,2,4,7,1,3,3,5,0,0,0,3,9,0,5,9,0,9,3,6,0,8,9,9,1,8,6,1,7],"SA","att",10,10,30,0.95,10000,41.9136757851,5000,-1,50,0.05,0.1],[3,480,50.9098587638,-0.0901412362,[9,1,2,4,7,1,3,3,5,0,0,0,3,9,0,5,9,0,9,3,6,0,8,9,9,1,8,6,1,7],"SA","att",10,10,30,0.95,10000,41.9502630234,5000,-1,50,0.05,0.1],[3,495,50.9098587638,-0.0901412362,[9,1,2,4,7,1,3,3,5,0,0,0,3,9,0,5,9,0,9,3,6,0,8,9,9,1,8,6,1,7],"SA","att",10,10,30,0.95,10000,41.9952554703,5000,-1,50,0.05,0.1],[3,510,50.9098587638,-0.0901412362,[9,1,2,4,7,1,3,3,5,0,0,0,3,9,0,5,9,0,9,3,6,0,8,9,9,1,8,6,1,7],"SA","att",10,10,30,0.95,10000,42.000648737,5000,-1,50,0.05,0.1],[3,525,50.9098587638,-0.0901412362,[9,1,2,4,7,1,3,3,5,0,0,0,3,9,0,5,9,0,9,3,6,0,8,9,9,1,8,6,1,7],"SA","att",10,10,30,0.95,10000,41.9498853683,5000,-1,50,0.05,0.1],[3,540,50.9098587638,-0.0901412362,[9,1,2,4,7,1,3,3,5,0,0,0,3,9,0,5,9,0,9,3,6,0,8,9,9,1,8,6,1,7],"SA","att",10,10,30,0.95,10000,41.9976840019,5000,-1,50,0.05,0.1],[3,555,50.9098587638,-0.0901412362,[9,1,2,4,7,1,3,3,5,0,0,0,3,9,0,5,9,0,9,3,6,0,8,9,9,1,8,6,1,7],"SA","att",10,10,30,0.95,10000,42.0437250137,5000,-1,50,0.05,0.1],[3,570,50.9098587638,-0.0901412362,[9,1,2,4,7,1,3,3,5,0,0,0,3,9,0,5,9,0,9,3,6,0,8,9,9,1,8,6,1,7],"SA","att",10,10,30,0.95,10000,41.9198150635,5000,-1,50,0.05,0.1],[3,585,50.9098587638,-0.0901412362,[9,1,2,4,7,1,3,3,5,0,0,0,3,9,0,5,9,0,9,3,6,0,8,9,9,1,8,6,1,7],"SA","att",10,10,30,0.95,10000,42.0348291397,5000,-1,50,0.05,0.1],[3,600,50.9098587638,-0.0901412362,[9,1,2,4,7,1,3,3,5,0,0,0,3,9,0,5,9,0,9,3,6,0,8,9,9,1,8,6,1,7],"SA","att",10,10,30,0.95,10000,41.8167505264,5000,-1,50,0.05,0.1],[3,615,50.9098587638,-0.0901412362,[9,1,2,4,7,1,3,3,5,0,0,0,3,9,0,5,9,0,9,3,6,0,8,9,9,1,8,6,1,7],"SA","att",10,10,30,0.95,10000,41.8493907452,5000,-1,50,0.05,0.1],[3,630,50.9098587638,-0.0901412362,[9,1,2,4,7,1,3,3,5,0,0,0,3,9,0,5,9,0,9,3,6,0,8,9,9,1,8,6,1,7],"SA","att",10,10,30,0.95,10000,41.8536214828,5000,-1,50,0.05,0.1],[3,645,50.9098587638,-0.0901412362,[9,1,2,4,7,1,3,3,5,0,0,0,3,9,0,5,9,0,9,3,6,0,8,9,9,1,8,6,1,7],"SA","att",10,10,30,0.95,10000,41.8458340168,5000,-1,50,0.05,0.1],[3,660,50.9098587638,-0.0901412362,[9,1,2,4,7,1,3,3,5,0,0,0,3,9,0,5,9,0,9,3,6,0,8,9,9,1,8,6,1,7],"SA","att",10,10,30,0.95,10000,41.8214256763,5000,-1,50,0.05,0.1],[3,675,50.9098587638,-0.0901412362,[9,1,2,4,7,1,3,3,5,0,0,0,3,9,0,5,9,0,9,3,6,0,8,9,9,1,8,6,1,7],"SA","att",10,10,30,0.95,10000,41.8122112751,5000,-1,50,0.05,0.1],[3,690,50.9098587638,-0.0901412362,[9,1,2,4,7,1,3,3,5,0,0,0,3,9,0,5,9,0,9,3,6,0,8,9,9,1,8,6,1,7],"SA","att",10,10,30,0.95,10000,41.7328400612,5000,-1,50,0.05,0.1],[3,705,50.9098587638,-0.0901412362,[9,1,2,4,7,1,3,3,5,0,0,0,3,9,0,5,9,0,9,3,6,0,8,9,9,1,8,6,1,7],