{"columns":["ite","time","q","scaled_eu","z","solver","attacker","|Q|","|X|","|T|","rho","k","utility_time","RS_iters","mcts_iters","sa_iters","eps","lr"],"index":[0,1,2,3,4,5,6,7,8,9,10,11,12,13,14,15,16,17,18,19,20,21,22,23,24,25,26,27,28,29,30,31,32,33,34,35,36,37,38,39,40,41,42,43,44,45,46,47,48,49,50,51,52,53,54,55,56,57,58,59,60,61,62,63,64,65,66,67,68,69,70,71,72,73,74,75,76,77,78,79],"data":[[9,15,25.6633280002,-25.3366719998,[2,5,4,4,0,5,9,2,9,7,9,4,8,0,0,2,5,3,3,7,9,3,9,1,6,0,3,3,1,2],"SA","att",10,10,30,0.95,10000,41.2512485981,5000,-1,50,0.05,0.1],[9,30,31.7166950793,-19.2833049207,[9,1,8,4,7,9,9,2,4,7,9,0,5,5,0,1,5,9,3,7,3,6,6,4,9,2,5,0,1,7],"SA","att",10,10,30,0.95,10000,41.2692184448,5000,-1,50,0.05,0.1],[9,45,36.5050103531,-14.4949896469,[0,7,2,4,6,1,9,9,0,5,0,0,5,1,0,5,4,1,3,3,8,9,6,4,7,2,7,0,0,7],"SA","att",10,10,30,0.95,10000,41.3328425884,5000,-1,50,0.05,0.1],[9,60,36.5050103531,-14.4949896469,[0,7,2,4,6,1,9,9,0,5,0,0,5,1,0,5,4,1,3,3,8,9,6,4,7,2,7,0,0,7],"SA","att",10,10,30,0.95,10000,41.4049701691,5000,-1,50,0.05,0.1],[9,75,39.5611082544,-11.4388917456,[9,4,9,4,6,1,7,8,1,6,0,0,5,1,3,5,2,0,4,3,0,0,2,4,9,5,7,0,1,7],"SA","att",10,10,30,0.95,10000,41.3191936016,5000,-1,50,0.05,0.1],[9,90,39.5611082544,-11.4388917456,[9,4,9,4,6,1,7,8,1,6,0,0,5,1,3,5,2,0,4,3,0,0,2,4,9,5,7,0,1,7],"SA","att",10,10,30,0.95,10000,41.3304378986,5000,-1,50,0.05,0.1],[9,105,40.0333393679,-10.9666606321,[9,2,2,4,6,1,0,3,0,5,2,0,5,7,3,3,3,7,4,3,6,9,7,4,9,3,7,0,4,7],"SA","att",10,10,30,0.95,10000,41.3487036228,5000,-1,50,0.05,0.1],[9,120,41.6744695111,-9.3255304889,[9,2,9,4,6,1,0,6,5,5,0,0,5,9,3,3,2,7,4,3,9,9,7,4,9,7,7,0,1,2],"SA","att",10,10,30,0.95,10000,41.6683092117,5000,-1,50,0.05,0.1],[9,135,41.6744695111,-9.3255304889,[9,2,9,4,6,1,0,6,5,5,0,0,5,9,3,3,2,7,4,3,9,9,7,4,9,7,7,0,1,2],"SA","att",10,10,30,0.95,10000,41.739872694,5000,-1,50,0.05,0.1],[9,150,48.0097513329,-2.9902486671,[9,2,2,4,6,1,0,3,8,2,0,0,5,9,3,5,2,7,3,6,9,9,8,4,9,1,7,0,1,7],"SA","att",10,10,30,0.95,10000,41.6288383007,5000,-1,50,0.05,0.1],[9,165,49.4903117774,-1.5096882226,[9,2,2,4,6,1,0,3,8,5,0,0,5,9,3,5,2,3,3,3,9,9,8,4,9,1,7,0,1,7],"SA","att",10,10,30,0.95,10000,41.554649353,5000,-1,50,0.05,0.1],[9,180,49.9062314647,-1.0937685353,[9,2,2,4,6,1,0,3,8,5,0,0,5,9,3,5,2,2,3,3,9,0,8,4,9,1,9,0,1,7],"SA","att",10,10,30,0.95,10000,41.707878828,5000,-1,50,0.05,0.1],[9,195,49.9062314647,-1.0937685353,[0,0,2,3,6,9,2,9,3,5,1,8,3,9,3,5,2,2,5,3,9,6,8,9,9,1,1,8,5,7],"SA","att",10,10,30,0.95,10000,41.5181651115,5000,-1,50,0.05,0.1],[9,210,49.9062314647,-1.0937685353,[0,0,2,3,6,9,2,9,3,5,1,8,3,9,3,5,2,2,5,3,9,6,8,9,9,1,1,8,5,7],"SA","att",10,10,30,0.95,10000,41.5975601673,5000,-1,50,0.05,0.1],[9,225,49.9062314647,-1.0937685353,[0,0,2,3,6,9,2,9,3,5,1,8,3,9,3,5,2,2,5,3,9,6,8,9,9,1,1,8,5,7],"SA","att",10,10,30,0.95,10000,41.6737093925,5000,-1,50,0.05,0.1],[9,240,49.9062314647,-1.0937685353,[0,0,2,3,6,9,2,9,3,5,1,8,3,9,3,5,2,2,5,3,9,6,8,9,9,1,1,8,5,7],"SA","att",10,10,30,0.95,10000,41.7016625404,5000,-1,50,0.05,0.1],[9,255,49.9062314647,-1.0937685353,[0,0,2,3,6,9,2,9,3,5,1,8,3,9,3,5,2,2,5,3,9,6,8,9,9,1,1,8,5,7],"SA","att",10,10,30,0.95,10000,41.6210331917,5000,-1,50,0.05,0.1],[9,270,49.9062314647,-1.0937685353,[0,0,2,3,6,9,2,9,3,5,1,8,3,9,3,5,2,2,5,3,9,6,8,9,9,1,1,8,5,7],"SA","att",10,10,30,0.95,10000,41.5884010792,5000,-1,50,0.05,0.1],[9,285,49.9062314647,-1.0937685353,[0,0,2,3,6,9,2,9,3,5,1,8,3,9,3,5,2,2,5,3,9,6,8,9,9,1,1,8,5,7],"SA","att",10,10,30,0.95,10000,41.7427406311,5000,-1,50,0.05,0.1],[9,300,49.9062314647,-1.0937685353,[0,0,2,3,6,9,2,9,3,5,1,8,3,9,3,5,2,2,5,3,9,6,8,9,9,1,1,8,5,7],"SA","att",10,10,30,0.95,10000,41.5939164162,5000,-1,50,0.05,0.1],[9,315,49.9062314647,-1.0937685353,[0,0,2,3,6,9,2,9,3,5,1,8,3,9,3,5,2,2,5,3,9,6,8,9,9,1,1,8,5,7],"SA","att",10,10,30,0.95,10000,41.6562070847,5000,-1,50,0.05,0.1],[9,330,49.9062314647,-1.0937685353,[0,0,2,3,6,9,2,9,3,5,1,8,3,9,3,5,2,2,5,3,9,6,8,9,9,1,1,8,5,7],"SA","att",10,10,30,0.95,10000,41.6490097046,5000,-1,50,0.05,0.1],[9,345,49.9062314647,-1.0937685353,[0,0,2,3,6,9,2,9,3,5,1,8,3,9,3,5,2,2,5,3,9,6,8,9,9,1,1,8,5,7],"SA","att",10,10,30,0.95,10000,41.6549632549,5000,-1,50,0.05,0.1],[9,360,49.9062314647,-1.0937685353,[0,0,2,3,6,9,2,9,3,5,1,8,3,9,3,5,2,2,5,3,9,6,8,9,9,1,1,8,5,7],"SA","att",10,10,30,0.95,10000,46.313596487,5000,-1,50,0.05,0.1],[9,375,49.9062314647,-1.0937685353,[0,0,2,3,6,9,2,9,3,5,1,8,3,9,3,5,2,2,5,3,9,6,8,9,9,1,1,8,5,7],"SA","att",10,10,30,0.95,10000,40.4719390869,5000,-1,50,0.05,0.1],[9,390,49.9062314647,-1.0937685353,[0,0,2,3,6,9,2,9,3,5,1,8,3,9,3,5,2,2,5,3,9,6,8,9,9,1,1,8,5,7],"SA","att",10,10,30,0.95,10000,41.4276785851,5000,-1,50,0.05,0.1],[9,405,49.9062314647,-1.0937685353,[0,0,2,3,6,9,2,9,3,5,1,8,3,9,3,5,2,2,5,3,9,6,8,9,9,1,1,8,5,7],"SA","att",10,10,30,0.95,10000,41.3422570229,5000,-1,50,0.05,0.1],[9,420,49.9062314647,-1.0937685353,[0,0,2,3,6,9,2,9,3,5,1,8,3,9,3,5,2,2,5,3,9,6,8,9,9,1,1,8,5,7],"SA","att",10,10,30,0.95,10000,41.3396530151,5000,-1,50,0.05,0.1],[9,435,49.9062314647,-1.0937685353,[0,0,2,3,6,9,2,9,3,5,1,8,3,9,3,5,2,2,5,3,9,6,8,9,9,1,1,8,5,7],"SA","att",10,10,30,0.95,10000,42.8977582455,5000,-1,50,0.05,0.1],[9,450,49.9062314647,-1.0937685353,[0,0,2,3,6,9,2,9,3,5,1,8,3,9,3,5,2,2,5,3,9,6,8,9,9,1,1,8,5,7],"SA","att",10,10,30,0.95,10000,41.3581781387,5000,-1,50,0.05,0.1],[9,465,49.9062314647,-1.0937685353,[0,0,2,3,6,9,2,9,3,5,1,8,3,9,3,5,2,2,5,3,9,6,8,9,9,1,1,8,5,7],"SA","att",10,10,30,0.95,10000,41.3806173801,5000,-1,50,0.05,0.1],[9,480,49.9062314647,-1.0937685353,[0,0,2,3,6,9,2,9,3,5,1,8,3,9,3,5,2,2,5,3,9,6,8,9,9,1,1,8,5,7],"SA","att",10,10,30,0.95,10000,41.4049823284,5000,-1,50,0.05,0.1],[9,495,49.9062314647,-1.0937685353,[0,0,2,3,6,9,2,9,3,5,1,8,3,9,3,5,2,2,5,3,9,6,8,9,9,1,1,8,5,7],"SA","att",10,10,30,0.95,10000,41.327589035,5000,-1,50,0.05,0.1],[9,510,49.9062314647,-1.0937685353,[0,0,2,3,6,9,2,9,3,5,1,8,3,9,3,5,2,2,5,3,9,6,8,9,9,1,1,8,5,7],"SA","att",10,10,30,0.95,10000,41.4125037193,5000,-1,50,0.05,0.1],[9,525,49.9062314647,-1.0937685353,[0,0,2,3,6,9,2,9,3,5,1,8,3,9,3,5,2,2,5,3,9,6,8,9,9,1,1,8,5,7],"SA","att",10,10,30,0.95,10000,41.3480911255,5000,-1,50,0.05,0.1],[9,540,49.9062314647,-1.0937685353,[0,0,2,3,6,9,2,9,3,5,1,8,3,9,3,5,2,2,5,3,9,6,8,9,9,1,1,8,5,7],"SA","att",10,10,30,0.95,10000,41.3908653259,5000,-1,50,0.05,0.1],[9,555,49.9062314647,-1.0937685353,[0,0,2,3,6,9,2,9,3,5,1,8,3,9,3,5,2,2,5,3,9,6,8,9,9,1,1,8,5,7],"SA","att",10,10,30,0.95,10000,41.2736394405,5000,-1,50,0.05,0.1],[9,570,49.9062314647,-1.0937685353,[0,0,2,3,6,9,2,9,3,5,1,8,3,9,3,5,2,2,5,3,9,6,8,9,9,1,1,8,5,7],"SA","att",10,10,30,0.95,10000,41.4208338261,5000,-1,50,0.05,0.1],[9,585,49.9062314647,-1.0937685353,[0,0,2,3,6,9,2,9,3,5,1,8,3,9,3,5,2,2,5,3,9,6,8,9,9,1,1,8,5,7],"SA","att",10,10,30,0.95,10000,41.2767157555,5000,-1,50,0.05,0.1],[9,600,49.9062314647,-1.0937685353,[0,0,2,3,6,9,2,9,3,5,1,8,3,9,3,5,2,2,5,3,9,6,8,9,9,1,1,8,5,7],"SA","att",10,10,30,0.95,10000,41.3808703423,5000,-1,50,0.05,0.1],[9,615,49.9062314647,-1.0937685353,[0,0,2,3,6,9,2,9,3,5,1,8,3,9,3,5,2,2,5,3,9,6,8,9,9,1,1,8,5,7],"SA","att",10,10,30,0.95,10000,41.2927742004,5000,-1,50,0.05,0.1],[9,630,49.9062314647,-1.0937685353,[0,0,2,3,6,9,2,9,3,5,1,8,3,9,3,5,2,2,5,3,9,6,8,9,9,1,1,8,5,7],"SA","att",10,10,30,0.95,10000,41.3754415512,5000,-1,50,0.05,0.1],[9,645,49.9062314647,-1.0937685353,[0,0,2,3,6,9,2,9,3,5,1,8,3,9,3,5,2,2,5,3,9,6,8,9,9,1,1,8,5,7],"SA","att",10,10,30,0.95,10000,41.3078341484,5000,-1,50,0.05,0.1],[9,660,49.9062314647,-1.0937685353,[0,0,2,3,6,9,2,9,3,5,1,8,3,9,3,5,2,2,5,3,9,6,8,9,9,1,1,8,5,7],"SA","att",10,10,30,0.95,10000,41.272974968,5000,-1,50,0.05,0.1],[9,675,49.9062314647,-1.0937685353,[0,0,2,3,6,9,2,9,3,5,1,8,3,9,3,5,2,2,5,3,9,6,8,9,9,1,1,8,5,7],"SA","att",10,10,30,0.95,10000,41.36469841,5000,-1,50,0.05,0.1],[9,690,49.9062314647,-1.0937685353,[0,0,2,3,6,9,2,9,3,5,1,8,3,9,3,5,2,2,5,3,9,6,8,9,9,1,1,8,5,7],"SA","att",10,10,30,0.95,10000,41.3656044006,5000,-1,50,0.05,0.1],[9,705,49.9062314647,-1.0937685353,[0,0,2,3,6,9,2,9,3,5,1,8,3,9,3,5,2,2,5,3,9,6,8,9,9,1,1,8,5,7],