{"columns":["ite","time","q","scaled_eu","z","solver","attacker","|Q|","|X|","|T|","rho","k","utility_time","RS_iters","mcts_iters","sa_iters","eps","lr"],"index":[0,1,2,3,4,5,6,7,8,9,10,11,12,13,14,15,16,17,18,19,20,21,22,23,24,25,26,27,28,29,30,31,32,33,34,35,36,37,38,39,40,41,42,43,44,45,46,47,48,49,50,51,52,53,54,55,56,57,58,59,60,61,62,63,64,65,66,67,68,69,70,71,72,73,74,75,76,77,78,79],"data":[[8,15,31.0497234688,-19.9502765312,[1,2,1,9,9,0,3,0,3,0,9,0,5,0,7,7,8,6,5,1,9,0,8,1,9,1,5,8,1,7],"SA","att",10,10,30,0.95,10000,42.1812889576,5000,-1,50,0.05,0.1],[8,30,31.0497234688,-19.9502765312,[1,2,1,9,9,0,3,0,3,0,9,0,5,0,7,7,8,6,5,1,9,0,8,1,9,1,5,8,1,7],"SA","att",10,10,30,0.95,10000,42.0804860592,5000,-1,50,0.05,0.1],[8,45,31.0497234688,-19.9502765312,[1,2,1,9,9,0,3,0,3,0,9,0,5,0,7,7,8,6,5,1,9,0,8,1,9,1,5,8,1,7],"SA","att",10,10,30,0.95,10000,42.0380866528,5000,-1,50,0.05,0.1],[8,60,32.1849228806,-18.8150771194,[4,2,2,4,5,2,3,8,3,8,9,9,5,9,7,0,3,0,3,2,0,1,0,0,7,1,7,0,6,7],"SA","att",10,10,30,0.95,10000,42.1462750435,5000,-1,50,0.05,0.1],[8,75,36.0385534941,-14.9614465059,[9,2,2,4,5,2,0,6,6,5,0,6,4,9,0,5,3,5,3,4,9,0,5,0,7,1,7,3,6,7],"SA","att",10,10,30,0.95,10000,42.0985326767,5000,-1,50,0.05,0.1],[8,90,36.0385534941,-14.9614465059,[5,2,2,4,6,9,0,8,8,8,6,9,5,9,9,7,6,2,4,4,9,0,5,5,2,4,0,3,7,8],"SA","att",10,10,30,0.95,10000,42.0242004395,5000,-1,50,0.05,0.1],[8,105,36.0385534941,-14.9614465059,[5,2,5,4,7,4,1,3,8,5,2,1,5,2,7,6,0,2,3,7,5,4,8,9,6,1,5,0,7,8],"SA","att",10,10,30,0.95,10000,42.1556975842,5000,-1,50,0.05,0.1],[8,120,36.0385534941,-14.9614465059,[5,2,5,4,7,4,1,3,8,5,2,1,5,2,7,6,0,2,3,7,5,4,8,9,6,1,5,0,7,8],"SA","att",10,10,30,0.95,10000,41.9970252514,5000,-1,50,0.05,0.1],[8,135,36.0385534941,-14.9614465059,[5,2,5,4,7,4,1,3,8,5,2,1,5,2,7,6,0,2,3,7,5,4,8,9,6,1,5,0,7,8],"SA","att",10,10,30,0.95,10000,42.094350338,5000,-1,50,0.05,0.1],[8,150,36.0385534941,-14.9614465059,[5,2,5,4,7,4,1,3,8,5,2,1,5,2,7,6,0,2,3,7,5,4,8,9,6,1,5,0,7,8],"SA","att",10,10,30,0.95,10000,42.1697230339,5000,-1,50,0.05,0.1],[8,165,36.0385534941,-14.9614465059,[5,2,5,4,7,4,1,3,8,5,2,1,5,2,7,6,0,2,3,7,5,4,8,9,6,1,5,0,7,8],"SA","att",10,10,30,0.95,10000,42.1109619141,5000,-1,50,0.05,0.1],[8,180,36.0385534941,-14.9614465059,[5,2,5,4,7,4,1,3,8,5,2,1,5,2,7,6,0,2,3,7,5,4,8,9,6,1,5,0,7,8],"SA","att",10,10,30,0.95,10000,42.2038674355,5000,-1,50,0.05,0.1],[8,195,36.0385534941,-14.9614465059,[5,2,5,4,7,4,1,3,8,5,2,1,5,2,7,6,0,2,3,7,5,4,8,9,6,1,5,0,7,8],"SA","att",10,10,30,0.95,10000,41.96514678,5000,-1,50,0.05,0.1],[8,210,36.0385534941,-14.9614465059,[5,2,5,4,7,4,1,3,8,5,2,1,5,2,7,6,0,2,3,7,5,4,8,9,6,1,5,0,7,8],"SA","att",10,10,30,0.95,10000,41.7902145386,5000,-1,50,0.05,0.1],[8,225,36.0385534941,-14.9614465059,[5,2,5,4,7,4,1,3,8,5,2,1,5,2,7,6,0,2,3,7,5,4,8,9,6,1,5,0,7,8],"SA","att",10,10,30,0.95,10000,41.8282749653,5000,-1,50,0.05,0.1],[8,240,36.0385534941,-14.9614465059,[5,2,5,4,7,4,1,3,8,5,2,1,5,2,7,6,0,2,3,7,5,4,8,9,6,1,5,0,7,8],"SA","att",10,10,30,0.95,10000,41.9765443802,5000,-1,50,0.05,0.1],[8,255,36.0385534941,-14.9614465059,[5,2,5,4,7,4,1,3,8,5,2,1,5,2,7,6,0,2,3,7,5,4,8,9,6,1,5,0,7,8],"SA","att",10,10,30,0.95,10000,41.9654495716,5000,-1,50,0.05,0.1],[8,270,36.0385534941,-14.9614465059,[5,2,5,4,7,4,1,3,8,5,2,1,5,2,7,6,0,2,3,7,5,4,8,9,6,1,5,0,7,8],"SA","att",10,10,30,0.95,10000,41.8827557564,5000,-1,50,0.05,0.1],[8,285,36.0385534941,-14.9614465059,[5,2,5,4,7,4,1,3,8,5,2,1,5,2,7,6,0,2,3,7,5,4,8,9,6,1,5,0,7,8],"SA","att",10,10,30,0.95,10000,41.9880068302,5000,-1,50,0.05,0.1],[8,300,36.0385534941,-14.9614465059,[5,2,5,4,7,4,1,3,8,5,2,1,5,2,7,6,0,2,3,7,5,4,8,9,6,1,5,0,7,8],"SA","att",10,10,30,0.95,10000,41.8961670399,5000,-1,50,0.05,0.1],[8,315,36.0385534941,-14.9614465059,[5,2,5,4,7,4,1,3,8,5,2,1,5,2,7,6,0,2,3,7,5,4,8,9,6,1,5,0,7,8],"SA","att",10,10,30,0.95,10000,41.9249801636,5000,-1,50,0.05,0.1],[8,330,36.0385534941,-14.9614465059,[5,2,5,4,7,4,1,3,8,5,2,1,5,2,7,6,0,2,3,7,5,4,8,9,6,1,5,0,7,8],"SA","att",10,10,30,0.95,10000,42.0140986443,5000,-1,50,0.05,0.1],[8,345,36.0385534941,-14.9614465059,[5,2,5,4,7,4,1,3,8,5,2,1,5,2,7,6,0,2,3,7,5,4,8,9,6,1,5,0,7,8],"SA","att",10,10,30,0.95,10000,41.9690437317,5000,-1,50,0.05,0.1],[8,360,36.0385534941,-14.9614465059,[5,2,5,4,7,4,1,3,8,5,2,1,5,2,7,6,0,2,3,7,5,4,8,9,6,1,5,0,7,8],"SA","att",10,10,30,0.95,10000,42.2072393894,5000,-1,50,0.05,0.1],[8,375,36.0385534941,-14.9614465059,[5,2,5,4,7,4,1,3,8,5,2,1,5,2,7,6,0,2,3,7,5,4,8,9,6,1,5,0,7,8],"SA","att",10,10,30,0.95,10000,42.0534739494,5000,-1,50,0.05,0.1],[8,390,36.0385534941,-14.9614465059,[5,2,5,4,7,4,1,3,8,5,2,1,5,2,7,6,0,2,3,7,5,4,8,9,6,1,5,0,7,8],"SA","att",10,10,30,0.95,10000,42.1690070629,5000,-1,50,0.05,0.1],[8,405,36.0385534941,-14.9614465059,[5,2,5,4,7,4,1,3,8,5,2,1,5,2,7,6,0,2,3,7,5,4,8,9,6,1,5,0,7,8],"SA","att",10,10,30,0.95,10000,42.0501739979,5000,-1,50,0.05,0.1],[8,420,36.0385534941,-14.9614465059,[5,2,5,4,7,4,1,3,8,5,2,1,5,2,7,6,0,2,3,7,5,4,8,9,6,1,5,0,7,8],"SA","att",10,10,30,0.95,10000,42.117333889,5000,-1,50,0.05,0.1],[8,435,36.0385534941,-14.9614465059,[5,2,5,4,7,4,1,3,8,5,2,1,5,2,7,6,0,2,3,7,5,4,8,9,6,1,5,0,7,8],"SA","att",10,10,30,0.95,10000,42.0490233898,5000,-1,50,0.05,0.1],[8,450,36.0385534941,-14.9614465059,[5,2,5,4,7,4,1,3,8,5,2,1,5,2,7,6,0,2,3,7,5,4,8,9,6,1,5,0,7,8],"SA","att",10,10,30,0.95,10000,42.1003494263,5000,-1,50,0.05,0.1],[8,465,36.0385534941,-14.9614465059,[5,2,5,4,7,4,1,3,8,5,2,1,5,2,7,6,0,2,3,7,5,4,8,9,6,1,5,0,7,8],"SA","att",10,10,30,0.95,10000,42.0182638168,5000,-1,50,0.05,0.1],[8,480,36.0385534941,-14.9614465059,[5,2,5,4,7,4,1,3,8,5,2,1,5,2,7,6,0,2,3,7,5,4,8,9,6,1,5,0,7,8],"SA","att",10,10,30,0.95,10000,42.0676617622,5000,-1,50,0.05,0.1],[8,495,36.0385534941,-14.9614465059,[5,2,5,4,7,4,1,3,8,5,2,1,5,2,7,6,0,2,3,7,5,4,8,9,6,1,5,0,7,8],"SA","att",10,10,30,0.95,10000,42.1321849823,5000,-1,50,0.05,0.1],[8,510,36.0385534941,-14.9614465059,[9,4,2,0,6,2,8,7,8,5,6,5,5,7,0,4,2,9,3,2,3,0,8,9,1,1,9,6,1,6],"SA","att",10,10,30,0.95,10000,42.1124792099,5000,-1,50,0.05,0.1],[8,525,36.0385534941,-14.9614465059,[9,4,2,0,6,2,8,7,8,5,6,5,5,7,0,4,2,9,3,2,3,0,8,9,1,1,9,6,1,6],"SA","att",10,10,30,0.95,10000,42.0519297123,5000,-1,50,0.05,0.1],[8,540,36.0385534941,-14.9614465059,[9,4,2,0,6,2,8,7,8,5,6,5,5,7,0,4,2,9,3,2,3,0,8,9,1,1,9,6,1,6],"SA","att",10,10,30,0.95,10000,42.1576318741,5000,-1,50,0.05,0.1],[8,555,36.0385534941,-14.9614465059,[9,4,2,0,6,2,8,7,8,5,6,5,5,7,0,4,2,9,3,2,3,0,8,9,1,1,9,6,1,6],"SA","att",10,10,30,0.95,10000,42.0872106552,5000,-1,50,0.05,0.1],[8,570,36.0385534941,-14.9614465059,[9,4,2,0,6,2,8,7,8,5,6,5,5,7,0,4,2,9,3,2,3,0,8,9,1,1,9,6,1,6],"SA","att",10,10,30,0.95,10000,42.200729847,5000,-1,50,0.05,0.1],[8,585,36.0385534941,-14.9614465059,[9,4,2,0,6,2,8,7,8,5,6,5,5,7,0,4,2,9,3,2,3,0,8,9,1,1,9,6,1,6],"SA","att",10,10,30,0.95,10000,42.0996310711,5000,-1,50,0.05,0.1],[8,600,36.0385534941,-14.9614465059,[9,4,2,0,6,2,8,7,8,5,6,5,5,7,0,4,2,9,3,2,3,0,8,9,1,1,9,6,1,6],"SA","att",10,10,30,0.95,10000,42.1714129448,5000,-1,50,0.05,0.1],[8,615,36.0385534941,-14.9614465059,[9,4,2,0,6,2,8,7,8,5,6,5,5,7,0,4,2,9,3,2,3,0,8,9,1,1,9,6,1,6],"SA","att",10,10,30,0.95,10000,41.9461119175,5000,-1,50,0.05,0.1],[8,630,36.0385534941,-14.9614465059,[9,4,2,0,6,2,8,7,8,5,6,5,5,7,0,4,2,9,3,2,3,0,8,9,1,1,9,6,1,6],"SA","att",10,10,30,0.95,10000,41.9792346954,5000,-1,50,0.05,0.1],[8,645,36.0385534941,-14.9614465059,[9,4,2,0,6,2,8,7,8,5,6,5,5,7,0,4,2,9,3,2,3,0,8,9,1,1,9,6,1,6],"SA","att",10,10,30,0.95,10000,41.9492530823,5000,-1,50,0.05,0.1],[8,660,36.0385534941,-14.9614465059,[9,4,2,0,6,2,8,7,8,5,6,5,5,7,0,4,2,9,3,2,3,0,8,9,1,1,9,6,1,6],"SA","att",10,10,30,0.95,10000,41.8435306549,5000,-1,50,0.05,0.1],[8,675,36.0385534941,-14.9614465059,[9,4,2,0,6,2,8,7,8,5,6,5,5,7,0,4,2,9,3,2,3,0,8,9,1,1,9,6,1,6],"SA","att",10,10,30,0.95,10000,41.9213273525,5000,-1,50,0.05,0.1],[8,690,36.0385534941,-14.9614465059,[9,4,2,0,6,2,8,7,8,5,6,5,5,7,0,4,2,9,3,2,3,0,8,9,1,1,9,6,1,6],