{"columns":["ite","time","q","scaled_eu","z","solver","attacker","|Q|","|X|","|T|","rho","k","utility_time","RS_iters","mcts_iters","sa_iters","eps","lr"],"index":[0,1,2,3,4,5,6,7,8,9,10,11,12,13,14,15,16,17,18,19,20,21,22,23,24,25,26,27,28,29,30,31,32,33,34,35,36,37,38,39,40,41,42,43,44,45,46,47,48,49,50,51,52,53,54,55,56,57,58,59,60,61,62,63,64,65,66,67,68,69,70,71,72,73,74,75,76,77,78,79],"data":[[7,15,25.5893724564,-25.4106275436,[4,0,2,0,1,1,6,2,1,5,7,1,1,3,5,6,6,8,0,9,8,5,5,8,0,4,9,4,1,9],"SA","att",10,10,30,0.95,10000,40.8710522652,5000,-1,50,0.05,0.1],[7,30,25.5893724564,-25.4106275436,[4,0,2,0,1,1,6,2,1,5,7,1,1,3,5,6,6,8,0,9,8,5,5,8,0,4,9,4,1,9],"SA","att",10,10,30,0.95,10000,40.9166176319,5000,-1,50,0.05,0.1],[7,45,27.8092185769,-23.1907814231,[9,0,1,5,9,0,2,0,8,2,0,1,7,1,3,5,9,9,3,7,1,7,9,7,6,5,9,6,0,9],"SA","att",10,10,30,0.95,10000,40.9815423489,5000,-1,50,0.05,0.1],[7,60,29.4772699615,-21.5227300385,[9,2,1,1,0,1,6,0,3,2,0,8,3,9,2,2,7,8,3,6,3,7,9,7,6,5,5,0,2,1],"SA","att",10,10,30,0.95,10000,40.9505569935,5000,-1,50,0.05,0.1],[7,75,35.01959615,-15.98040385,[9,2,1,1,9,1,4,3,3,9,0,0,3,9,3,5,6,8,3,6,4,7,0,1,7,5,8,0,1,7],"SA","att",10,10,30,0.95,10000,41.0061700344,5000,-1,50,0.05,0.1],[7,90,35.01959615,-15.98040385,[6,2,2,8,9,1,9,5,7,2,0,0,2,9,9,5,7,3,5,6,7,0,8,9,7,5,2,0,8,7],"SA","att",10,10,30,0.95,10000,41.0094063282,5000,-1,50,0.05,0.1],[7,105,35.01959615,-15.98040385,[6,2,2,8,9,1,9,5,7,2,0,0,2,9,9,5,7,3,5,6,7,0,8,9,7,5,2,0,8,7],"SA","att",10,10,30,0.95,10000,40.9981536865,5000,-1,50,0.05,0.1],[7,120,35.01959615,-15.98040385,[6,2,2,8,9,1,9,5,7,2,0,0,2,9,9,5,7,3,5,6,7,0,8,9,7,5,2,0,8,7],"SA","att",10,10,30,0.95,10000,41.294605732,5000,-1,50,0.05,0.1],[7,135,35.01959615,-15.98040385,[6,2,2,8,9,1,9,5,7,2,0,0,2,9,9,5,7,3,5,6,7,0,8,9,7,5,2,0,8,7],"SA","att",10,10,30,0.95,10000,41.2113666534,5000,-1,50,0.05,0.1],[7,150,35.4188478056,-15.5811521944,[2,2,2,4,9,1,9,3,8,5,9,2,3,7,8,5,5,2,3,6,0,3,8,4,9,4,1,5,3,3],"SA","att",10,10,30,0.95,10000,41.19475317,5000,-1,50,0.05,0.1],[7,165,38.4161079777,-12.5838920223,[6,8,2,6,1,9,0,3,6,1,0,8,0,9,8,5,5,2,3,6,0,3,8,4,9,1,7,0,1,7],"SA","att",10,10,30,0.95,10000,41.2430720329,5000,-1,50,0.05,0.1],[7,180,41.0186520347,-9.9813479653,[9,9,2,9,6,9,9,3,8,5,9,5,5,9,4,5,2,2,3,6,4,8,8,4,9,1,0,0,1,7],"SA","att",10,10,30,0.95,10000,40.9213078022,5000,-1,50,0.05,0.1],[7,195,41.0186520347,-9.9813479653,[0,1,5,4,2,4,1,3,6,5,0,0,2,9,2,6,9,2,9,0,3,8,6,4,9,1,0,0,1,8],"SA","att",10,10,30,0.95,10000,41.1606469154,5000,-1,50,0.05,0.1],[7,210,44.667096597,-6.332903403,[9,8,2,9,6,0,3,3,8,5,9,0,5,9,3,5,2,2,3,3,9,3,8,4,0,1,7,0,1,7],"SA","att",10,10,30,0.95,10000,41.1430156231,5000,-1,50,0.05,0.1],[7,225,45.6648756172,-5.3351243828,[9,8,2,6,6,1,0,3,8,5,9,0,5,9,3,5,2,2,3,3,9,3,8,4,7,1,7,7,1,7],"SA","att",10,10,30,0.95,10000,41.1193659306,5000,-1,50,0.05,0.1],[7,240,45.6648756172,-5.3351243828,[9,8,2,6,6,1,0,3,8,5,9,0,5,9,3,5,2,2,3,3,9,3,8,4,7,1,7,7,1,7],"SA","att",10,10,30,0.95,10000,41.0803756714,5000,-1,50,0.05,0.1],[7,255,49.6561694705,-1.3438305295,[9,2,2,4,6,1,0,3,8,5,0,0,5,9,3,5,2,2,3,3,9,3,8,4,7,1,7,0,1,7],"SA","att",10,10,30,0.95,10000,41.2064101696,5000,-1,50,0.05,0.1],[7,270,49.9352257884,-1.0647742116,[9,2,2,4,6,1,0,3,8,5,0,0,5,9,3,5,2,2,3,1,9,0,8,4,9,1,7,0,1,7],"SA","att",10,10,30,0.95,10000,41.0559694767,5000,-1,50,0.05,0.1],[7,285,49.9352257884,-1.0647742116,[9,2,2,4,6,1,0,3,8,5,0,0,5,9,3,5,2,2,3,1,9,0,8,4,9,1,7,0,1,7],"SA","att",10,10,30,0.95,10000,41.1850612164,5000,-1,50,0.05,0.1],[7,300,49.9352257884,-1.0647742116,[3,2,5,4,6,1,0,5,3,5,6,0,1,3,3,1,0,2,3,7,9,8,1,8,9,0,7,0,1,1],"SA","att",10,10,30,0.95,10000,41.2728128433,5000,-1,50,0.05,0.1],[7,315,50.9091805495,-0.0908194505,[9,2,2,4,6,1,0,3,8,5,0,0,5,9,3,5,2,2,3,3,9,0,8,4,9,1,7,0,1,7],"SA","att",10,10,30,0.95,10000,41.1836721897,5000,-1,50,0.05,0.1],[7,330,50.9091805495,-0.0908194505,[9,2,2,4,6,1,0,3,8,5,0,0,5,9,3,5,2,2,3,3,9,0,8,4,9,1,7,0,1,7],"SA","att",10,10,30,0.95,10000,41.2181026936,5000,-1,50,0.05,0.1],[7,345,50.9091805495,-0.0908194505,[9,2,2,4,6,1,0,3,8,5,0,0,5,9,3,5,2,2,3,3,9,0,8,4,9,1,7,0,1,7],"SA","att",10,10,30,0.95,10000,41.1656525135,5000,-1,50,0.05,0.1],[7,360,50.9091805495,-0.0908194505,[9,2,2,4,6,1,0,3,8,5,0,0,5,9,3,5,2,2,3,3,9,0,8,4,9,1,7,0,1,7],"SA","att",10,10,30,0.95,10000,41.2121632099,5000,-1,50,0.05,0.1],[7,375,50.9091805495,-0.0908194505,[9,2,2,4,6,1,0,3,8,5,0,0,5,9,3,5,2,2,3,3,9,0,8,4,9,1,7,0,1,7],"SA","att",10,10,30,0.95,10000,41.0737428665,5000,-1,50,0.05,0.1],[7,390,50.9120571532,-0.0879428468,[9,2,2,4,6,1,0,3,8,5,0,0,5,9,3,5,2,2,3,3,9,0,8,4,9,1,7,0,1,7],"SA","att",10,10,30,0.95,10000,41.1363663673,5000,-1,50,0.05,0.1],[7,405,50.9120571532,-0.0879428468,[9,2,2,4,6,1,0,3,8,5,0,0,5,9,3,5,2,2,3,3,9,0,8,4,9,1,7,0,1,7],"SA","att",10,10,30,0.95,10000,41.209395647,5000,-1,50,0.05,0.1],[7,420,50.9120571532,-0.0879428468,[9,2,2,4,6,1,0,3,8,5,0,0,5,9,3,5,2,2,3,3,9,0,8,4,9,1,7,0,1,7],"SA","att",10,10,30,0.95,10000,41.294557333,5000,-1,50,0.05,0.1],[7,435,50.9120571532,-0.0879428468,[9,2,2,4,6,1,0,3,8,5,0,0,5,9,3,5,2,2,3,3,9,0,8,4,9,1,7,0,1,7],"SA","att",10,10,30,0.95,10000,41.1378924847,5000,-1,50,0.05,0.1],[7,450,50.9120571532,-0.0879428468,[9,2,2,4,6,1,0,3,8,5,0,0,5,9,3,5,2,2,3,3,9,0,8,4,9,1,7,0,1,7],"SA","att",10,10,30,0.95,10000,41.1572604179,5000,-1,50,0.05,0.1],[7,465,50.9120571532,-0.0879428468,[2,4,3,4,6,1,6,3,8,6,1,0,1,5,3,2,2,2,4,3,9,0,5,3,9,4,7,0,1,7],"SA","att",10,10,30,0.95,10000,41.1778261662,5000,-1,50,0.05,0.1],[7,480,50.9120571532,-0.0879428468,[2,4,3,4,6,1,6,3,8,6,1,0,1,5,3,2,2,2,4,3,9,0,5,3,9,4,7,0,1,7],"SA","att",10,10,30,0.95,10000,41.1683206558,5000,-1,50,0.05,0.1],[7,495,50.9120571532,-0.0879428468,[2,4,3,4,6,1,6,3,8,6,1,0,1,5,3,2,2,2,4,3,9,0,5,3,9,4,7,0,1,7],"SA","att",10,10,30,0.95,10000,41.0211129189,5000,-1,50,0.05,0.1],[7,510,50.9120571532,-0.0879428468,[2,4,3,4,6,1,6,3,8,6,1,0,1,5,3,2,2,2,4,3,9,0,5,3,9,4,7,0,1,7],"SA","att",10,10,30,0.95,10000,41.0977358818,5000,-1,50,0.05,0.1],[7,525,50.9120571532,-0.0879428468,[2,4,3,4,6,1,6,3,8,6,1,0,1,5,3,2,2,2,4,3,9,0,5,3,9,4,7,0,1,7],"SA","att",10,10,30,0.95,10000,41.0464117527,5000,-1,50,0.05,0.1],[7,540,50.9120571532,-0.0879428468,[2,4,3,4,6,1,6,3,8,6,1,0,1,5,3,2,2,2,4,3,9,0,5,3,9,4,7,0,1,7],"SA","att",10,10,30,0.95,10000,41.0795135498,5000,-1,50,0.05,0.1],[7,555,50.9120571532,-0.0879428468,[2,4,3,4,6,1,6,3,8,6,1,0,1,5,3,2,2,2,4,3,9,0,5,3,9,4,7,0,1,7],"SA","att",10,10,30,0.95,10000,41.1273956299,5000,-1,50,0.05,0.1],[7,570,50.9120571532,-0.0879428468,[2,4,3,4,6,1,6,3,8,6,1,0,1,5,3,2,2,2,4,3,9,0,5,3,9,4,7,0,1,7],"SA","att",10,10,30,0.95,10000,46.1774833202,5000,-1,50,0.05,0.1],[7,585,50.9120571532,-0.0879428468,[2,4,3,4,6,1,6,3,8,6,1,0,1,5,3,2,2,2,4,3,9,0,5,3,9,4,7,0,1,7],"SA","att",10,10,30,0.95,10000,40.8560786247,5000,-1,50,0.05,0.1],[7,600,50.9120571532,-0.0879428468,[2,4,3,4,6,1,6,3,8,6,1,0,1,5,3,2,2,2,4,3,9,0,5,3,9,4,7,0,1,7],"SA","att",10,10,30,0.95,10000,41.0854146481,5000,-1,50,0.05,0.1],[7,615,50.9120571532,-0.0879428468,[2,4,3,4,6,1,6,3,8,6,1,0,1,5,3,2,2,2,4,3,9,0,5,3,9,4,7,0,1,7],"SA","att",10,10,30,0.95,10000,40.9546122551,5000,-1,50,0.05,0.1],[7,630,50.9120571532,-0.0879428468,[2,4,3,4,6,1,6,3,8,6,1,0,1,5,3,2,2,2,4,3,9,0,5,3,9,4,7,0,1,7],"SA","att",10,10,30,0.95,10000,41.1929645538,5000,-1,50,0.05,0.1],[7,645,50.9120571532,-0.0879428468,[2,4,3,4,6,1,6,3,8,6,1,0,1,5,3,2,2,2,4,3,9,0,5,3,9,4,7,0,1,7],"SA","att",10,10,30,0.95,10000,41.1624960899,5000,-1,50,0.05,0.1],[7,660,50.9120571532,-0.0879428468,[9,2,5,4,3,3,4,4,8,5,0,0,6,9,3,5,2,2,3,8,3,7,8,4,9,1,7,0,1,7],"SA","att",10,10,30,0.95,10000,41.1935012341,5000,-1,50,0.05,0.1],[7,675,50.9120571532,-0.0879428468,[9,2,5,4,3,3,4,4,8,5,0,0,6,9,3,5,2,2,3,8,3,7,8,4,9,1,7,0,1,7],"SA","att",10,10,30,0.95,10000,41.2142012119,5000,-1,50,0.05,0.1],[7,690,50.9120571532,-0.0879428468,[9,2,5,4,3,3,4,4,8,5,0,0,6,9,3,5,2,2,3,8,3,7,8,4,9,1,7,0,1,7],"SA","att",10,10,30,0.95,10000,41.1233892441,5000,-1,50,0.05,0.1],[7,705,50.9120571532,-0.0879428468,[9,2,5,4,3,3,4,4,8,5,0,0,6,9,3,5,2,2,3,8,3,7,8,4,9,1,7,0,1,7],