{"columns":["ite","time","q","scaled_eu","z","solver","attacker","|Q|","|X|","|T|","rho","k","utility_time","RS_iters","mcts_iters","sa_iters","eps","lr"],"index":[0,1,2,3,4,5,6,7,8,9,10,11,12,13,14,15,16,17,18,19,20,21,22,23,24,25,26,27,28,29,30,31,32,33,34,35,36,37,38,39,40,41,42,43,44,45,46,47,48,49,50,51,52,53,54,55,56,57,58,59,60,61,62,63,64,65,66,67,68,69,70,71,72,73,74,75,76,77,78,79],"data":[[2,15,28.2216384317,-22.7783615683,[0,3,9,7,2,4,6,5,1,1,5,0,5,9,4,8,2,7,1,8,1,1,8,5,4,1,1,5,6,2],"SA","att",10,10,30,0.95,10000,38.936342001,5000,-1,50,0.05,0.1],[2,30,28.2216384317,-22.7783615683,[0,3,9,7,2,4,6,5,1,1,5,0,5,9,4,8,2,7,1,8,1,1,8,5,4,1,1,5,6,2],"SA","att",10,10,30,0.95,10000,39.0400254726,5000,-1,50,0.05,0.1],[2,45,28.2216384317,-22.7783615683,[0,3,9,7,2,4,6,5,1,1,5,0,5,9,4,8,2,7,1,8,1,1,8,5,4,1,1,5,6,2],"SA","att",10,10,30,0.95,10000,39.0406587124,5000,-1,50,0.05,0.1],[2,60,28.2216384317,-22.7783615683,[0,3,9,7,2,4,6,5,1,1,5,0,5,9,4,8,2,7,1,8,1,1,8,5,4,1,1,5,6,2],"SA","att",10,10,30,0.95,10000,39.1064164639,5000,-1,50,0.05,0.1],[2,75,28.2216384317,-22.7783615683,[0,3,9,7,2,4,6,5,1,1,5,0,5,9,4,8,2,7,1,8,1,1,8,5,4,1,1,5,6,2],"SA","att",10,10,30,0.95,10000,39.0096921921,5000,-1,50,0.05,0.1],[2,90,28.2216384317,-22.7783615683,[0,3,9,7,2,4,6,5,1,1,5,0,5,9,4,8,2,7,1,8,1,1,8,5,4,1,1,5,6,2],"SA","att",10,10,30,0.95,10000,39.0943689346,5000,-1,50,0.05,0.1],[2,105,28.2216384317,-22.7783615683,[0,3,9,7,2,4,6,5,1,1,5,0,5,9,4,8,2,7,1,8,1,1,8,5,4,1,1,5,6,2],"SA","att",10,10,30,0.95,10000,38.9714341164,5000,-1,50,0.05,0.1],[2,120,28.2216384317,-22.7783615683,[0,3,9,7,2,4,6,5,1,1,5,0,5,9,4,8,2,7,1,8,1,1,8,5,4,1,1,5,6,2],"SA","att",10,10,30,0.95,10000,38.9969332218,5000,-1,50,0.05,0.1],[2,135,28.5060822343,-22.4939177657,[5,2,7,3,6,8,7,3,5,0,2,3,2,3,5,2,1,2,3,5,5,0,8,1,0,5,0,3,8,4],"SA","att",10,10,30,0.95,10000,39.0257208347,5000,-1,50,0.05,0.1],[2,150,28.5060822343,-22.4939177657,[5,2,7,3,6,8,7,3,5,0,2,3,2,3,5,2,1,2,3,5,5,0,8,1,0,5,0,3,8,4],"SA","att",10,10,30,0.95,10000,38.9476611614,5000,-1,50,0.05,0.1],[2,165,28.5060822343,-22.4939177657,[5,2,7,3,6,8,7,3,5,0,2,3,2,3,5,2,1,2,3,5,5,0,8,1,0,5,0,3,8,4],"SA","att",10,10,30,0.95,10000,38.8711915016,5000,-1,50,0.05,0.1],[2,180,28.5060822343,-22.4939177657,[5,2,7,3,6,8,7,3,5,0,2,3,2,3,5,2,1,2,3,5,5,0,8,1,0,5,0,3,8,4],"SA","att",10,10,30,0.95,10000,38.8871150017,5000,-1,50,0.05,0.1],[2,195,28.5060822343,-22.4939177657,[5,2,7,3,6,8,7,3,5,0,2,3,2,3,5,2,1,2,3,5,5,0,8,1,0,5,0,3,8,4],"SA","att",10,10,30,0.95,10000,38.8385567665,5000,-1,50,0.05,0.1],[2,210,29.0877760686,-21.9122239314,[5,4,2,2,1,1,0,4,8,5,6,5,0,8,1,0,3,2,2,3,1,9,5,3,3,3,6,7,0,3],"SA","att",10,10,30,0.95,10000,38.9158098698,5000,-1,50,0.05,0.1],[2,225,29.0877760686,-21.9122239314,[5,4,2,2,1,1,0,4,8,5,6,5,0,8,1,0,3,2,2,3,1,9,5,3,3,3,6,7,0,3],"SA","att",10,10,30,0.95,10000,38.9046275616,5000,-1,50,0.05,0.1],[2,240,29.0877760686,-21.9122239314,[5,4,2,2,1,1,0,4,8,5,6,5,0,8,1,0,3,2,2,3,1,9,5,3,3,3,6,7,0,3],"SA","att",10,10,30,0.95,10000,38.9964756966,5000,-1,50,0.05,0.1],[2,255,29.0877760686,-21.9122239314,[5,4,2,2,1,1,0,4,8,5,6,5,0,8,1,0,3,2,2,3,1,9,5,3,3,3,6,7,0,3],"SA","att",10,10,30,0.95,10000,38.8904688358,5000,-1,50,0.05,0.1],[2,270,29.0877760686,-21.9122239314,[5,4,2,2,1,1,0,4,8,5,6,5,0,8,1,0,3,2,2,3,1,9,5,3,3,3,6,7,0,3],"SA","att",10,10,30,0.95,10000,38.9886968136,5000,-1,50,0.05,0.1],[2,285,29.0877760686,-21.9122239314,[5,4,2,2,1,1,0,4,8,5,6,5,0,8,1,0,3,2,2,3,1,9,5,3,3,3,6,7,0,3],"SA","att",10,10,30,0.95,10000,38.9556889534,5000,-1,50,0.05,0.1],[2,300,29.0877760686,-21.9122239314,[5,4,2,2,1,1,0,4,8,5,6,5,0,8,1,0,3,2,2,3,1,9,5,3,3,3,6,7,0,3],"SA","att",10,10,30,0.95,10000,38.9107069969,5000,-1,50,0.05,0.1],[2,315,29.0877760686,-21.9122239314,[5,4,2,2,1,1,0,4,8,5,6,5,0,8,1,0,3,2,2,3,1,9,5,3,3,3,6,7,0,3],"SA","att",10,10,30,0.95,10000,50.4768209457,5000,-1,50,0.05,0.1],[2,330,29.0877760686,-21.9122239314,[5,4,2,2,1,1,0,4,8,5,6,5,0,8,1,0,3,2,2,3,1,9,5,3,3,3,6,7,0,3],"SA","att",10,10,30,0.95,10000,38.8919520378,5000,-1,50,0.05,0.1],[2,345,29.0877760686,-21.9122239314,[5,4,2,2,1,1,0,4,8,5,6,5,0,8,1,0,3,2,2,3,1,9,5,3,3,3,6,7,0,3],"SA","att",10,10,30,0.95,10000,38.9223122597,5000,-1,50,0.05,0.1],[2,360,29.0877760686,-21.9122239314,[5,4,2,2,1,1,0,4,8,5,6,5,0,8,1,0,3,2,2,3,1,9,5,3,3,3,6,7,0,3],"SA","att",10,10,30,0.95,10000,38.9141037464,5000,-1,50,0.05,0.1],[2,375,29.0877760686,-21.9122239314,[5,4,2,2,1,1,0,4,8,5,6,5,0,8,1,0,3,2,2,3,1,9,5,3,3,3,6,7,0,3],"SA","att",10,10,30,0.95,10000,39.0641889572,5000,-1,50,0.05,0.1],[2,390,29.0877760686,-21.9122239314,[5,4,2,2,1,1,0,4,8,5,6,5,0,8,1,0,3,2,2,3,1,9,5,3,3,3,6,7,0,3],"SA","att",10,10,30,0.95,10000,41.3391852379,5000,-1,50,0.05,0.1],[2,405,29.0877760686,-21.9122239314,[5,4,2,2,1,1,0,4,8,5,6,5,0,8,1,0,3,2,2,3,1,9,5,3,3,3,6,7,0,3],"SA","att",10,10,30,0.95,10000,44.6338646412,5000,-1,50,0.05,0.1],[2,420,29.0877760686,-21.9122239314,[5,4,2,2,1,1,0,4,8,5,6,5,0,8,1,0,3,2,2,3,1,9,5,3,3,3,6,7,0,3],"SA","att",10,10,30,0.95,10000,39.0756957531,5000,-1,50,0.05,0.1],[2,435,29.0877760686,-21.9122239314,[5,4,2,2,1,1,0,4,8,5,6,5,0,8,1,0,3,2,2,3,1,9,5,3,3,3,6,7,0,3],"SA","att",10,10,30,0.95,10000,43.4834382534,5000,-1,50,0.05,0.1],[2,450,29.0877760686,-21.9122239314,[5,4,2,2,1,1,0,4,8,5,6,5,0,8,1,0,3,2,2,3,1,9,5,3,3,3,6,7,0,3],"SA","att",10,10,30,0.95,10000,38.9453892708,5000,-1,50,0.05,0.1],[2,465,29.0877760686,-21.9122239314,[5,4,2,2,1,1,0,4,8,5,6,5,0,8,1,0,3,2,2,3,1,9,5,3,3,3,6,7,0,3],"SA","att",10,10,30,0.95,10000,39.103451252,5000,-1,50,0.05,0.1],[2,480,29.0877760686,-21.9122239314,[5,4,2,2,1,1,0,4,8,5,6,5,0,8,1,0,3,2,2,3,1,9,5,3,3,3,6,7,0,3],"SA","att",10,10,30,0.95,10000,39.052308321,5000,-1,50,0.05,0.1],[2,495,29.0877760686,-21.9122239314,[5,4,2,2,1,1,0,4,8,5,6,5,0,8,1,0,3,2,2,3,1,9,5,3,3,3,6,7,0,3],"SA","att",10,10,30,0.95,10000,38.9940443039,5000,-1,50,0.05,0.1],[2,510,29.0877760686,-21.9122239314,[5,4,2,2,1,1,0,4,8,5,6,5,0,8,1,0,3,2,2,3,1,9,5,3,3,3,6,7,0,3],"SA","att",10,10,30,0.95,10000,62.0488240719,5000,-1,50,0.05,0.1],[2,525,29.0877760686,-21.9122239314,[5,4,2,2,1,1,0,4,8,5,6,5,0,8,1,0,3,2,2,3,1,9,5,3,3,3,6,7,0,3],"SA","att",10,10,30,0.95,10000,38.9285373688,5000,-1,50,0.05,0.1],[2,540,29.0877760686,-21.9122239314,[5,4,2,2,1,1,0,4,8,5,6,5,0,8,1,0,3,2,2,3,1,9,5,3,3,3,6,7,0,3],"SA","att",10,10,30,0.95,10000,38.9199206829,5000,-1,50,0.05,0.1],[2,555,29.0877760686,-21.9122239314,[5,4,2,2,1,1,0,4,8,5,6,5,0,8,1,0,3,2,2,3,1,9,5,3,3,3,6,7,0,3],"SA","att",10,10,30,0.95,10000,39.0703384876,5000,-1,50,0.05,0.1],[2,570,29.0877760686,-21.9122239314,[5,4,2,2,1,1,0,4,8,5,6,5,0,8,1,0,3,2,2,3,1,9,5,3,3,3,6,7,0,3],"SA","att",10,10,30,0.95,10000,39.0536413193,5000,-1,50,0.05,0.1],[2,585,29.0877760686,-21.9122239314,[5,4,2,2,1,1,0,4,8,5,6,5,0,8,1,0,3,2,2,3,1,9,5,3,3,3,6,7,0,3],"SA","att",10,10,30,0.95,10000,44.6947672367,5000,-1,50,0.05,0.1],[2,600,29.0877760686,-21.9122239314,[5,4,2,2,1,1,0,4,8,5,6,5,0,8,1,0,3,2,2,3,1,9,5,3,3,3,6,7,0,3],"SA","att",10,10,30,0.95,10000,39.0593116283,5000,-1,50,0.05,0.1],[2,615,29.0877760686,-21.9122239314,[5,4,2,2,1,1,0,4,8,5,6,5,0,8,1,0,3,2,2,3,1,9,5,3,3,3,6,7,0,3],"SA","att",10,10,30,0.95,10000,39.0432024002,5000,-1,50,0.05,0.1],[2,630,29.0877760686,-21.9122239314,[5,4,2,2,1,1,0,4,8,5,6,5,0,8,1,0,3,2,2,3,1,9,5,3,3,3,6,7,0,3],"SA","att",10,10,30,0.95,10000,38.8470404148,5000,-1,50,0.05,0.1],[2,645,29.0877760686,-21.9122239314,[5,4,2,2,1,1,0,4,8,5,6,5,0,8,1,0,3,2,2,3,1,9,5,3,3,3,6,7,0,3],"SA","att",10,10,30,0.95,10000,38.9692766666,5000,-1,50,0.05,0.1],[2,660,29.0877760686,-21.9122239314,[5,4,2,2,1,1,0,4,8,5,6,5,0,8,1,0,3,2,2,3,1,9,5,3,3,3,6,7,0,3],"SA","att",10,10,30,0.95,10000,38.8856835365,5000,-1,50,0.05,0.1],[2,675,29.0877760686,-21.9122239314,[5,4,2,2,1,1,0,4,8,5,6,5,0,8,1,0,3,2,2,3,1,9,5,3,3,3,6,7,0,3],"SA","att",10,10,30,0.95,10000,38.9210855961,5000,-1,50,0.05,0.1],[2,690,29.0877760686,-21.9122239314,[5,4,2,2,1,1,0,4,8,5,6,5,0,8,1,0,3,2,2,3,1,9,5,3,3,3,6,7,0,3],