{"columns":["ite","time","q","scaled_eu","z","solver","attacker","|Q|","|X|","|T|","rho","k","utility_time","RS_iters","mcts_iters","sa_iters","eps","lr"],"index":[0,1,2,3,4,5,6,7,8,9,10,11,12,13,14,15,16,17,18,19,20,21,22,23,24,25,26,27,28,29,30,31,32,33,34,35,36,37,38,39,40,41,42,43,44,45,46,47,48,49,50,51,52,53,54,55,56,57,58,59,60,61,62,63,64,65,66,67,68,69,70,71,72,73,74,75,76,77,78,79],"data":[[1,15,23.6029376021,-27.3970623979,[8,4,3,8,1,0,2,5,3,5,4,9,8,2,6,2,1,4,2,8,9,8,1,5,5,9,0,4,8,0],"SA","att",10,10,30,0.95,10000,57.6886239052,5000,-1,50,0.05,0.1],[1,30,28.0123104249,-22.9876895751,[9,3,3,8,8,9,3,5,8,0,0,6,6,9,4,2,2,9,3,7,3,9,7,3,3,3,0,7,6,5],"SA","att",10,10,30,0.95,10000,42.0401878357,5000,-1,50,0.05,0.1],[1,45,30.2014550193,-20.7985449807,[9,2,4,4,8,9,6,5,8,3,0,7,0,2,1,2,2,6,3,3,0,3,7,5,3,3,4,7,4,5],"SA","att",10,10,30,0.95,10000,41.9825556278,5000,-1,50,0.05,0.1],[1,60,32.963574233,-18.036425767,[1,2,3,3,8,6,0,3,5,3,0,8,0,9,3,2,2,1,3,3,3,1,7,3,4,1,7,3,6,5],"SA","att",10,10,30,0.95,10000,42.0612885952,5000,-1,50,0.05,0.1],[1,75,32.963574233,-18.036425767,[1,2,3,3,8,6,0,3,5,3,0,8,0,9,3,2,2,1,3,3,3,1,7,3,4,1,7,3,6,5],"SA","att",10,10,30,0.95,10000,42.0828051567,5000,-1,50,0.05,0.1],[1,90,33.711458905,-17.288541095,[9,4,3,4,2,8,5,3,1,5,3,2,2,9,3,1,8,0,4,3,9,1,8,3,2,0,7,0,1,2],"SA","att",10,10,30,0.95,10000,42.1838309765,5000,-1,50,0.05,0.1],[1,105,33.711458905,-17.288541095,[9,4,3,4,2,8,5,3,1,5,3,2,2,9,3,1,8,0,4,3,9,1,8,3,2,0,7,0,1,2],"SA","att",10,10,30,0.95,10000,41.9492852688,5000,-1,50,0.05,0.1],[1,120,38.2192988758,-12.7807011242,[2,9,5,4,4,1,0,3,1,5,0,2,3,9,5,5,9,2,2,3,3,1,8,3,8,1,7,0,1,7],"SA","att",10,10,30,0.95,10000,41.9544119835,5000,-1,50,0.05,0.1],[1,135,38.2192988758,-12.7807011242,[2,9,5,4,4,1,0,3,1,5,0,2,3,9,5,5,9,2,2,3,3,1,8,3,8,1,7,0,1,7],"SA","att",10,10,30,0.95,10000,42.027109623,5000,-1,50,0.05,0.1],[1,150,43.1069037385,-7.8930962615,[9,2,1,4,5,1,0,3,8,5,0,5,5,8,3,5,9,2,3,3,9,6,7,3,9,1,7,0,1,7],"SA","att",10,10,30,0.95,10000,42.0038394928,5000,-1,50,0.05,0.1],[1,165,43.1069037385,-7.8930962615,[9,2,1,1,7,1,0,5,8,3,0,1,5,4,7,5,4,9,3,1,0,1,1,4,5,1,7,0,7,5],"SA","att",10,10,30,0.95,10000,41.8942415714,5000,-1,50,0.05,0.1],[1,180,45.1040286943,-5.8959713057,[2,2,2,4,5,1,0,3,8,5,0,0,5,2,3,5,2,2,3,3,9,6,3,4,9,1,7,0,1,9],"SA","att",10,10,30,0.95,10000,41.7655324936,5000,-1,50,0.05,0.1],[1,195,47.4908058806,-3.5091941194,[9,2,2,4,6,1,0,3,8,5,0,0,5,8,3,5,2,2,3,3,9,9,5,4,9,1,7,0,1,4],"SA","att",10,10,30,0.95,10000,41.9705910683,5000,-1,50,0.05,0.1],[1,210,47.4908058806,-3.5091941194,[9,2,2,4,6,1,0,3,8,5,0,0,5,8,3,5,2,2,3,3,9,9,5,4,9,1,7,0,1,4],"SA","att",10,10,30,0.95,10000,41.9765512943,5000,-1,50,0.05,0.1],[1,225,47.4908058806,-3.5091941194,[9,2,2,4,6,1,0,3,8,5,0,0,5,8,3,5,2,2,3,3,9,9,5,4,9,1,7,0,1,4],"SA","att",10,10,30,0.95,10000,41.9797790051,5000,-1,50,0.05,0.1],[1,240,47.4908058806,-3.5091941194,[9,2,2,4,6,1,0,3,8,5,0,0,5,8,3,5,2,2,3,3,9,9,5,4,9,1,7,0,1,4],"SA","att",10,10,30,0.95,10000,42.0261499882,5000,-1,50,0.05,0.1],[1,255,47.4908058806,-3.5091941194,[1,7,2,8,6,1,1,3,4,5,6,0,5,3,3,0,4,4,3,3,3,3,6,3,9,3,0,0,2,7],"SA","att",10,10,30,0.95,10000,42.1086134911,5000,-1,50,0.05,0.1],[1,270,50.9086801137,-0.0913198863,[9,2,2,4,6,1,0,3,8,5,0,0,5,9,3,5,2,2,3,3,9,0,8,4,9,1,7,0,1,7],"SA","att",10,10,30,0.95,10000,42.0656592846,5000,-1,50,0.05,0.1],[1,285,50.9086801137,-0.0913198863,[8,5,2,3,6,2,0,3,5,5,4,1,6,9,3,5,2,8,6,0,3,0,8,4,2,5,7,0,4,1],"SA","att",10,10,30,0.95,10000,41.9476366043,5000,-1,50,0.05,0.1],[1,300,50.9086801137,-0.0913198863,[9,2,2,6,4,1,0,3,4,5,4,0,2,9,2,0,2,6,3,5,0,9,8,3,9,1,1,0,9,4],"SA","att",10,10,30,0.95,10000,42.0546469688,5000,-1,50,0.05,0.1],[1,315,50.9086801137,-0.0913198863,[9,2,2,6,4,1,0,3,4,5,4,0,2,9,2,0,2,6,3,5,0,9,8,3,9,1,1,0,9,4],"SA","att",10,10,30,0.95,10000,42.0790631771,5000,-1,50,0.05,0.1],[1,330,50.9086801137,-0.0913198863,[9,2,2,6,4,1,0,3,4,5,4,0,2,9,2,0,2,6,3,5,0,9,8,3,9,1,1,0,9,4],"SA","att",10,10,30,0.95,10000,42.037021637,5000,-1,50,0.05,0.1],[1,345,50.9086801137,-0.0913198863,[9,2,2,6,4,1,0,3,4,5,4,0,2,9,2,0,2,6,3,5,0,9,8,3,9,1,1,0,9,4],"SA","att",10,10,30,0.95,10000,42.0756390095,5000,-1,50,0.05,0.1],[1,360,50.9086801137,-0.0913198863,[9,2,2,6,4,1,0,3,4,5,4,0,2,9,2,0,2,6,3,5,0,9,8,3,9,1,1,0,9,4],"SA","att",10,10,30,0.95,10000,42.0535387993,5000,-1,50,0.05,0.1],[1,375,50.9086801137,-0.0913198863,[9,2,2,6,4,1,0,3,4,5,4,0,2,9,2,0,2,6,3,5,0,9,8,3,9,1,1,0,9,4],"SA","att",10,10,30,0.95,10000,41.9486548901,5000,-1,50,0.05,0.1],[1,390,50.9086801137,-0.0913198863,[9,2,2,6,4,1,0,3,4,5,4,0,2,9,2,0,2,6,3,5,0,9,8,3,9,1,1,0,9,4],"SA","att",10,10,30,0.95,10000,41.9918110371,5000,-1,50,0.05,0.1],[1,405,50.9086801137,-0.0913198863,[9,2,2,6,4,1,0,3,4,5,4,0,2,9,2,0,2,6,3,5,0,9,8,3,9,1,1,0,9,4],"SA","att",10,10,30,0.95,10000,41.9816009998,5000,-1,50,0.05,0.1],[1,420,50.9105132393,-0.0894867607,[9,2,2,4,6,1,0,3,8,5,0,0,5,9,3,5,2,2,3,3,9,0,8,4,9,1,7,0,1,7],"SA","att",10,10,30,0.95,10000,42.0135762691,5000,-1,50,0.05,0.1],[1,435,50.9105132393,-0.0894867607,[9,2,2,4,6,1,0,3,8,5,0,0,5,9,3,5,2,2,3,3,9,0,8,4,9,1,7,0,1,7],"SA","att",10,10,30,0.95,10000,42.0055587292,5000,-1,50,0.05,0.1],[1,450,50.9105132393,-0.0894867607,[9,2,2,4,6,1,0,3,8,5,0,0,5,9,3,5,2,2,3,3,9,0,8,4,9,1,7,0,1,7],"SA","att",10,10,30,0.95,10000,42.0942437649,5000,-1,50,0.05,0.1],[1,465,50.9105132393,-0.0894867607,[9,2,2,4,6,1,0,3,8,5,0,0,5,9,3,5,2,2,3,3,9,0,8,4,9,1,7,0,1,7],"SA","att",10,10,30,0.95,10000,41.9581711292,5000,-1,50,0.05,0.1],[1,480,50.9105132393,-0.0894867607,[9,2,2,4,6,1,0,3,8,5,0,0,5,9,3,5,2,2,3,3,9,0,8,4,9,1,7,0,1,7],"SA","att",10,10,30,0.95,10000,58.9906237125,5000,-1,50,0.05,0.1],[1,495,50.9105132393,-0.0894867607,[9,2,2,4,6,1,0,3,8,5,0,0,5,9,3,5,2,2,3,3,9,0,8,4,9,1,7,0,1,7],"SA","att",10,10,30,0.95,10000,41.9519300461,5000,-1,50,0.05,0.1],[1,510,50.9105132393,-0.0894867607,[9,2,2,4,6,1,0,3,8,5,0,0,5,9,3,5,2,2,3,3,9,0,8,4,9,1,7,0,1,7],"SA","att",10,10,30,0.95,10000,41.9209280014,5000,-1,50,0.05,0.1],[1,525,50.9105132393,-0.0894867607,[9,8,6,4,0,0,0,3,5,5,4,8,5,9,3,5,2,2,3,2,0,7,5,4,9,1,7,0,1,5],"SA","att",10,10,30,0.95,10000,41.8484437466,5000,-1,50,0.05,0.1],[1,540,50.9105132393,-0.0894867607,[9,8,6,4,0,0,0,3,5,5,4,8,5,9,3,5,2,2,3,2,0,7,5,4,9,1,7,0,1,5],"SA","att",10,10,30,0.95,10000,41.9079778194,5000,-1,50,0.05,0.1],[1,555,50.9105132393,-0.0894867607,[9,8,6,4,0,0,0,3,5,5,4,8,5,9,3,5,2,2,3,2,0,7,5,4,9,1,7,0,1,5],"SA","att",10,10,30,0.95,10000,42.0295157433,5000,-1,50,0.05,0.1],[1,570,50.9105132393,-0.0894867607,[9,8,6,4,0,0,0,3,5,5,4,8,5,9,3,5,2,2,3,2,0,7,5,4,9,1,7,0,1,5],"SA","att",10,10,30,0.95,10000,42.0321154594,5000,-1,50,0.05,0.1],[1,585,50.9105132393,-0.0894867607,[9,8,6,4,0,0,0,3,5,5,4,8,5,9,3,5,2,2,3,2,0,7,5,4,9,1,7,0,1,5],"SA","att",10,10,30,0.95,10000,41.8849856853,5000,-1,50,0.05,0.1],[1,600,50.9105132393,-0.0894867607,[9,8,6,4,0,0,0,3,5,5,4,8,5,9,3,5,2,2,3,2,0,7,5,4,9,1,7,0,1,5],"SA","att",10,10,30,0.95,10000,41.8789098263,5000,-1,50,0.05,0.1],[1,615,50.9105132393,-0.0894867607,[9,8,6,4,0,0,0,3,5,5,4,8,5,9,3,5,2,2,3,2,0,7,5,4,9,1,7,0,1,5],"SA","att",10,10,30,0.95,10000,42.0392799377,5000,-1,50,0.05,0.1],[1,630,50.9105132393,-0.0894867607,[9,8,6,4,0,0,0,3,5,5,4,8,5,9,3,5,2,2,3,2,0,7,5,4,9,1,7,0,1,5],"SA","att",10,10,30,0.95,10000,41.906840086,5000,-1,50,0.05,0.1],[1,645,50.9105132393,-0.0894867607,[9,8,6,4,0,0,0,3,5,5,4,8,5,9,3,5,2,2,3,2,0,7,5,4,9,1,7,0,1,5],"SA","att",10,10,30,0.95,10000,41.873388052,5000,-1,50,0.05,0.1],[1,660,50.9105132393,-0.0894867607,[9,8,6,4,0,0,0,3,5,5,4,8,5,9,3,5,2,2,3,2,0,7,5,4,9,1,7,0,1,5],"SA","att",10,10,30,0.95,10000,41.8883180618,5000,-1,50,0.05,0.1],[1,675,50.9105132393,-0.0894867607,[9,8,6,4,0,0,0,3,5,5,4,8,5,9,3,5,2,2,3,2,0,7,5,4,9,1,7,0,1,5],"SA","att",10,10,30,0.95,10000,41.8903355598,5000,-1,50,0.05,0.1],[1,690,50.9105132393,-0.0894867607,[9,8,6,4,0,0,0,3,5,5,4,8,5,9,3,5,2,2,3,2,0,7,5,4,9,1,7,0,1,5],"SA","att",10,10,30,0.95,10000,41.8556442261,5000,-1,50,0.05,0.1],[1,705,50.9105132393,-0.0894867607,[9,8,6,4,0,0,0,3,5,5,4,8,5,9,3,5,2,2,3,2,0,7,5,4,9,1,7,0,1,5],