{"columns":["ite","time","q","scaled_eu","z","solver","attacker","|Q|","|X|","|T|","rho","k","utility_time","RS_iters","mcts_iters","sa_iters","eps","lr"],"index":[0,1,2,3,4,5,6,7,8,9,10,11,12,13,14,15,16,17,18,19,20,21,22,23,24,25,26,27,28,29,30,31,32,33,34,35,36,37,38,39,40,41,42,43,44,45,46,47,48,49,50,51,52,53,54,55,56,57,58,59,60,61,62,63,64,65,66,67,68,69,70,71,72,73,74,75,76,77,78,79],"data":[[0,15,25.0130365522,-25.9869634478,[4,4,5,3,7,6,2,2,4,4,0,5,6,4,1,6,3,6,2,2,4,5,6,4,2,4,7,7,6,3],"SA","att",10,10,30,0.95,10000,55.5359396935,5000,-1,50,0.05,0.1],[0,30,27.6056813956,-23.3943186044,[9,9,5,5,8,9,7,3,7,7,5,5,5,1,5,4,6,4,5,2,5,2,6,0,9,5,7,7,1,9],"SA","att",10,10,30,0.95,10000,39.1976928711,5000,-1,50,0.05,0.1],[0,45,28.6162033812,-22.3837966188,[9,0,5,7,8,8,0,4,4,7,1,0,8,1,0,9,6,1,3,2,5,9,6,4,9,8,7,4,2,1],"SA","att",10,10,30,0.95,10000,39.1794536114,5000,-1,50,0.05,0.1],[0,60,29.2884848622,-21.7115151378,[9,2,0,7,3,4,2,2,9,5,5,0,0,2,3,6,4,0,7,0,2,9,6,4,9,1,1,9,2,9],"SA","att",10,10,30,0.95,10000,39.1456129551,5000,-1,50,0.05,0.1],[0,75,29.2884848622,-21.7115151378,[3,2,3,3,6,1,5,3,5,5,5,0,7,2,4,5,9,0,0,7,4,4,3,4,2,0,3,1,1,7],"SA","att",10,10,30,0.95,10000,39.1057341099,5000,-1,50,0.05,0.1],[0,90,37.0568957737,-13.9431042263,[9,4,6,6,7,1,8,0,4,5,0,0,9,1,3,5,8,2,3,8,3,3,8,4,9,1,7,6,1,1],"SA","att",10,10,30,0.95,10000,39.1611595154,5000,-1,50,0.05,0.1],[0,105,38.1944508868,-12.8055491132,[9,4,2,3,7,8,0,1,8,6,0,1,9,9,3,7,2,2,3,8,3,1,8,4,9,1,7,6,1,3],"SA","att",10,10,30,0.95,10000,40.2342379093,5000,-1,50,0.05,0.1],[0,120,38.1944508868,-12.8055491132,[9,4,2,3,7,8,0,1,8,6,0,1,9,9,3,7,2,2,3,8,3,1,8,4,9,1,7,6,1,3],"SA","att",10,10,30,0.95,10000,39.2304475307,5000,-1,50,0.05,0.1],[0,135,43.0086634298,-7.9913365702,[2,2,2,6,3,1,0,6,3,8,0,0,9,9,3,5,2,2,3,3,4,0,8,4,9,1,7,0,1,3],"SA","att",10,10,30,0.95,10000,39.2008731365,5000,-1,50,0.05,0.1],[0,150,43.9109464118,-7.0890535882,[2,2,2,4,3,1,0,3,8,5,0,0,2,9,3,1,2,8,3,3,9,0,8,4,6,1,7,6,1,7],"SA","att",10,10,30,0.95,10000,39.1938326359,5000,-1,50,0.05,0.1],[0,165,43.9109464118,-7.0890535882,[2,2,2,4,3,1,0,3,8,5,0,0,2,9,3,1,2,8,3,3,9,0,8,4,6,1,7,6,1,7],"SA","att",10,10,30,0.95,10000,39.0704796314,5000,-1,50,0.05,0.1],[0,180,43.9146777317,-7.0853222683,[9,2,2,4,5,1,0,3,6,5,0,0,2,9,3,7,3,9,3,3,9,0,8,4,3,1,7,0,1,7],"SA","att",10,10,30,0.95,10000,39.0915613174,5000,-1,50,0.05,0.1],[0,195,46.9161246962,-4.0838753038,[9,2,2,4,6,1,0,3,8,5,0,0,5,9,5,0,2,9,3,3,9,0,8,4,3,1,7,0,1,7],"SA","att",10,10,30,0.95,10000,39.177719593,5000,-1,50,0.05,0.1],[0,210,47.9071854124,-3.0928145876,[9,2,2,1,2,1,0,3,8,5,0,0,5,9,5,5,2,2,3,3,9,0,8,4,9,1,7,0,1,7],"SA","att",10,10,30,0.95,10000,39.1832175255,5000,-1,50,0.05,0.1],[0,225,47.9071854124,-3.0928145876,[9,2,2,1,2,1,0,3,8,5,0,0,5,9,5,5,2,2,3,3,9,0,8,4,9,1,7,0,1,7],"SA","att",10,10,30,0.95,10000,39.1235184669,5000,-1,50,0.05,0.1],[0,240,48.5657782728,-2.4342217272,[9,2,2,4,6,1,0,3,8,5,0,0,5,9,3,5,2,3,3,3,0,0,8,4,9,1,7,0,1,0],"SA","att",10,10,30,0.95,10000,39.2060754299,5000,-1,50,0.05,0.1],[0,255,48.5657782728,-2.4342217272,[9,2,2,4,6,1,0,3,8,5,0,0,5,9,3,5,2,3,3,3,0,0,8,4,9,1,7,0,1,0],"SA","att",10,10,30,0.95,10000,39.2293975353,5000,-1,50,0.05,0.1],[0,270,48.5657782728,-2.4342217272,[9,2,2,4,6,1,0,3,8,5,0,0,5,9,3,5,2,3,3,3,0,0,8,4,9,1,7,0,1,0],"SA","att",10,10,30,0.95,10000,39.2735347748,5000,-1,50,0.05,0.1],[0,285,48.5657782728,-2.4342217272,[9,2,2,4,6,1,0,3,8,5,0,0,5,9,3,5,2,3,3,3,0,0,8,4,9,1,7,0,1,0],"SA","att",10,10,30,0.95,10000,39.2779393196,5000,-1,50,0.05,0.1],[0,300,48.9044689336,-2.0955310664,[9,2,2,4,6,1,0,3,3,5,0,0,5,9,5,5,2,2,3,3,9,0,8,4,9,1,7,0,1,7],"SA","att",10,10,30,0.95,10000,39.3575828075,5000,-1,50,0.05,0.1],[0,315,48.9044689336,-2.0955310664,[9,2,2,4,6,1,0,3,3,5,0,0,5,9,5,5,2,2,3,3,9,0,8,4,9,1,7,0,1,7],"SA","att",10,10,30,0.95,10000,39.2030785084,5000,-1,50,0.05,0.1],[0,330,49.9101005234,-1.0898994766,[9,2,2,4,6,1,0,3,5,5,0,0,5,9,3,5,2,2,3,3,9,0,8,4,9,1,7,0,1,7],"SA","att",10,10,30,0.95,10000,39.191542387,5000,-1,50,0.05,0.1],[0,345,50.9064339226,-0.0935660774,[9,2,2,4,6,1,0,3,8,5,0,0,5,9,3,5,2,2,3,3,9,0,8,4,9,1,7,0,1,7],"SA","att",10,10,30,0.95,10000,39.1748793125,5000,-1,50,0.05,0.1],[0,360,50.9069466667,-0.0930533333,[9,2,2,4,6,1,0,3,8,5,0,0,5,9,3,5,2,2,3,3,9,0,8,4,9,1,7,0,1,7],"SA","att",10,10,30,0.95,10000,39.2508015633,5000,-1,50,0.05,0.1],[0,375,50.9081957818,-0.0918042182,[9,2,2,4,6,1,0,3,8,5,0,0,5,9,3,5,2,2,3,3,9,0,8,4,9,1,7,0,1,7],"SA","att",10,10,30,0.95,10000,39.1312308311,5000,-1,50,0.05,0.1],[0,390,50.9104747172,-0.0895252828,[9,2,2,4,6,1,0,3,8,5,0,0,5,9,3,5,2,2,3,3,9,0,8,4,9,1,7,0,1,7],"SA","att",10,10,30,0.95,10000,39.2149848938,5000,-1,50,0.05,0.1],[0,405,50.9104747172,-0.0895252828,[9,2,2,4,6,1,0,3,8,5,0,0,5,9,3,5,2,2,3,3,9,0,8,4,9,1,7,0,1,7],"SA","att",10,10,30,0.95,10000,39.2750349045,5000,-1,50,0.05,0.1],[0,420,50.9104747172,-0.0895252828,[9,2,2,4,6,1,0,3,8,5,0,0,5,9,3,5,2,2,3,3,9,0,8,4,9,1,7,0,1,7],"SA","att",10,10,30,0.95,10000,39.271235466,5000,-1,50,0.05,0.1],[0,435,50.9104747172,-0.0895252828,[9,2,2,4,6,1,0,3,8,5,0,0,5,9,3,5,2,2,3,3,9,0,8,4,9,1,7,0,1,7],"SA","att",10,10,30,0.95,10000,39.2215616703,5000,-1,50,0.05,0.1],[0,450,50.9104747172,-0.0895252828,[9,2,2,4,6,1,0,3,8,5,0,0,5,9,3,5,2,2,3,3,9,0,8,4,9,1,7,0,1,7],"SA","att",10,10,30,0.95,10000,39.1988852024,5000,-1,50,0.05,0.1],[0,465,50.9104747172,-0.0895252828,[9,2,2,4,6,1,0,3,8,5,0,0,5,9,3,5,2,2,3,3,9,0,8,4,9,1,7,0,1,7],"SA","att",10,10,30,0.95,10000,39.2375612259,5000,-1,50,0.05,0.1],[0,480,50.9104747172,-0.0895252828,[9,2,2,4,6,1,0,3,8,5,0,0,5,9,3,5,2,2,3,3,9,0,8,4,9,1,7,0,1,7],"SA","att",10,10,30,0.95,10000,39.2145702839,5000,-1,50,0.05,0.1],[0,495,50.9104747172,-0.0895252828,[9,2,1,2,6,4,6,3,8,5,8,0,5,9,3,4,0,6,3,6,9,2,7,4,9,3,6,0,1,8],"SA","att",10,10,30,0.95,10000,39.1483900547,5000,-1,50,0.05,0.1],[0,510,50.9104747172,-0.0895252828,[5,5,2,5,0,1,0,5,8,5,0,4,6,9,3,7,2,0,3,3,9,2,8,4,8,1,4,5,1,7],"SA","att",10,10,30,0.95,10000,38.965323925,5000,-1,50,0.05,0.1],[0,525,50.9104747172,-0.0895252828,[5,5,2,5,0,1,0,5,8,5,0,4,6,9,3,7,2,0,3,3,9,2,8,4,8,1,4,5,1,7],"SA","att",10,10,30,0.95,10000,39.2224936485,5000,-1,50,0.05,0.1],[0,540,50.9104747172,-0.0895252828,[5,5,2,5,0,1,0,5,8,5,0,4,6,9,3,7,2,0,3,3,9,2,8,4,8,1,4,5,1,7],"SA","att",10,10,30,0.95,10000,39.1995792389,5000,-1,50,0.05,0.1],[0,555,50.9104747172,-0.0895252828,[5,5,2,5,0,1,0,5,8,5,0,4,6,9,3,7,2,0,3,3,9,2,8,4,8,1,4,5,1,7],"SA","att",10,10,30,0.95,10000,39.1866466999,5000,-1,50,0.05,0.1],[0,570,50.9104747172,-0.0895252828,[5,5,2,5,0,1,0,5,8,5,0,4,6,9,3,7,2,0,3,3,9,2,8,4,8,1,4,5,1,7],"SA","att",10,10,30,0.95,10000,39.2407674789,5000,-1,50,0.05,0.1],[0,585,50.9104747172,-0.0895252828,[5,5,2,5,0,1,0,5,8,5,0,4,6,9,3,7,2,0,3,3,9,2,8,4,8,1,4,5,1,7],"SA","att",10,10,30,0.95,10000,39.2230613232,5000,-1,50,0.05,0.1],[0,600,50.9104747172,-0.0895252828,[5,5,2,5,0,1,0,5,8,5,0,4,6,9,3,7,2,0,3,3,9,2,8,4,8,1,4,5,1,7],"SA","att",10,10,30,0.95,10000,39.292627573,5000,-1,50,0.05,0.1],[0,615,50.9104747172,-0.0895252828,[5,5,2,5,0,1,0,5,8,5,0,4,6,9,3,7,2,0,3,3,9,2,8,4,8,1,4,5,1,7],"SA","att",10,10,30,0.95,10000,39.0873739719,5000,-1,50,0.05,0.1],[0,630,50.9114135183,-0.0885864817,[9,2,2,4,6,1,0,3,8,5,0,0,5,9,3,5,2,2,3,3,9,0,8,4,9,1,7,0,1,7],"SA","att",10,10,30,0.95,10000,39.2048649788,5000,-1,50,0.05,0.1],[0,645,50.9114135183,-0.0885864817,[9,2,2,4,6,1,0,3,8,5,0,0,5,9,3,5,2,2,3,3,9,0,8,4,9,1,7,0,1,7],"SA","att",10,10,30,0.95,10000,39.1798458099,5000,-1,50,0.05,0.1],[0,660,50.9114135183,-0.0885864817,[9,2,2,4,6,1,0,3,8,5,0,0,5,9,3,5,2,2,3,3,9,0,8,4,9,1,7,0,1,7],"SA","att",10,10,30,0.95,10000,39.2108943462,5000,-1,50,0.05,0.1],[0,675,50.9114135183,-0.0885864817,[9,2,2,4,6,1,0,3,8,5,0,0,5,9,3,5,2,2,3,3,9,0,8,4,9,1,7,0,1,7],"SA","att",10,10,30,0.95,10000,39.1826827526,5000,-1,50,0.05,0.1],[0,690,50.9114135183,-0.0885864817,[9,2,2,4,6,1,0,3,8,5,0,0,5,9,3,5,2,2,3,3,9,0,8,4,9,1,7,0,1,7],"SA","att",10,10,30,0.95,10000,39.2397654057,5000,-1,50,0.05,0.1],[0,705,50.9114135183,-0.0885864817,[9,2,2,4,6,1,0,3,8,5,0,0,5,9,3,5,2,2,3,3,9,0,8,4,9,1,7,0,1,7],