{"columns":["ite","time","q","scaled_eu","z","solver","attacker","|Q|","|X|","|T|","rho","k","utility_time","RS_iters","mcts_iters","sa_iters","eps","lr"],"index":[0,1,2,3,4,5,6,7,8,9,10,11,12,13,14,15,16,17,18,19,20,21,22,23,24,25,26,27,28,29,30,31,32,33,34,35,36,37,38,39,40,41,42,43,44,45,46,47,48,49,50,51,52,53,54,55,56,57,58,59,60,61,62,63,64,65,66,67,68,69,70,71,72,73,74,75,76,77,78,79],"data":[[5,15,30.1220551097,-20.8779448903,[3,4,4,5,6,4,8,7,3,2,0,9,6,5,3,2,2,2,9,9,6,9,2,0,9,4,7,0,0,2],"SA","att",10,10,30,0.95,10000,41.660378933,5000,-1,50,0.05,0.1],[5,30,30.1220551097,-20.8779448903,[7,5,7,0,8,8,0,7,4,7,5,2,1,9,3,5,2,2,7,5,2,0,8,1,6,7,6,7,2,6],"SA","att",10,10,30,0.95,10000,41.5939793587,5000,-1,50,0.05,0.1],[5,45,31.9115323942,-19.0884676058,[8,2,5,4,0,9,0,3,3,7,0,3,0,9,3,2,5,2,7,1,1,2,2,8,9,6,8,0,3,6],"SA","att",10,10,30,0.95,10000,41.622713089,5000,-1,50,0.05,0.1],[5,60,34.8051705262,-16.1948294738,[8,2,2,4,1,6,0,3,0,6,0,7,5,5,3,5,5,2,7,5,1,0,6,3,9,6,7,5,3,6],"SA","att",10,10,30,0.95,10000,41.658667326,5000,-1,50,0.05,0.1],[5,75,36.8307905083,-14.1692094917,[8,2,2,4,5,9,6,3,9,6,0,8,4,9,3,5,2,2,6,3,6,2,0,4,9,6,7,0,4,1],"SA","att",10,10,30,0.95,10000,41.5410020351,5000,-1,50,0.05,0.1],[5,90,36.8307905083,-14.1692094917,[4,1,2,4,6,9,7,3,0,1,2,1,0,9,3,5,5,2,6,4,6,8,2,4,2,6,7,0,2,7],"SA","att",10,10,30,0.95,10000,41.6266322136,5000,-1,50,0.05,0.1],[5,105,36.8307905083,-14.1692094917,[4,1,2,4,6,9,7,3,0,1,2,1,0,9,3,5,5,2,6,4,6,8,2,4,2,6,7,0,2,7],"SA","att",10,10,30,0.95,10000,41.5867857933,5000,-1,50,0.05,0.1],[5,120,36.8307905083,-14.1692094917,[4,1,2,4,6,9,7,3,0,1,2,1,0,9,3,5,5,2,6,4,6,8,2,4,2,6,7,0,2,7],"SA","att",10,10,30,0.95,10000,41.5956170559,5000,-1,50,0.05,0.1],[5,135,36.8307905083,-14.1692094917,[4,1,2,4,6,9,7,3,0,1,2,1,0,9,3,5,5,2,6,4,6,8,2,4,2,6,7,0,2,7],"SA","att",10,10,30,0.95,10000,41.4751281738,5000,-1,50,0.05,0.1],[5,150,36.9759550708,-14.0240449292,[9,2,0,4,6,0,7,3,2,8,0,1,4,4,3,5,2,2,9,9,3,0,3,4,7,9,7,0,1,5],"SA","att",10,10,30,0.95,10000,41.6531879902,5000,-1,50,0.05,0.1],[5,165,36.9759550708,-14.0240449292,[9,2,0,4,6,0,7,3,2,8,0,1,4,4,3,5,2,2,9,9,3,0,3,4,7,9,7,0,1,5],"SA","att",10,10,30,0.95,10000,41.572013855,5000,-1,50,0.05,0.1],[5,180,36.9759550708,-14.0240449292,[9,2,0,4,6,0,7,3,2,8,0,1,4,4,3,5,2,2,9,9,3,0,3,4,7,9,7,0,1,5],"SA","att",10,10,30,0.95,10000,41.6158390045,5000,-1,50,0.05,0.1],[5,195,36.9759550708,-14.0240449292,[9,2,0,4,6,0,7,3,2,8,0,1,4,4,3,5,2,2,9,9,3,0,3,4,7,9,7,0,1,5],"SA","att",10,10,30,0.95,10000,41.3656656742,5000,-1,50,0.05,0.1],[5,210,36.9759550708,-14.0240449292,[9,2,0,4,6,0,7,3,2,8,0,1,4,4,3,5,2,2,9,9,3,0,3,4,7,9,7,0,1,5],"SA","att",10,10,30,0.95,10000,41.4665617943,5000,-1,50,0.05,0.1],[5,225,36.9759550708,-14.0240449292,[9,2,0,4,6,0,7,3,2,8,0,1,4,4,3,5,2,2,9,9,3,0,3,4,7,9,7,0,1,5],"SA","att",10,10,30,0.95,10000,41.5735149384,5000,-1,50,0.05,0.1],[5,240,36.9759550708,-14.0240449292,[9,2,0,4,6,0,7,3,2,8,0,1,4,4,3,5,2,2,9,9,3,0,3,4,7,9,7,0,1,5],"SA","att",10,10,30,0.95,10000,41.5245475769,5000,-1,50,0.05,0.1],[5,255,36.9759550708,-14.0240449292,[9,2,0,4,6,0,7,3,2,8,0,1,4,4,3,5,2,2,9,9,3,0,3,4,7,9,7,0,1,5],"SA","att",10,10,30,0.95,10000,41.554693222,5000,-1,50,0.05,0.1],[5,270,36.9759550708,-14.0240449292,[9,2,0,4,6,0,7,3,2,8,0,1,4,4,3,5,2,2,9,9,3,0,3,4,7,9,7,0,1,5],"SA","att",10,10,30,0.95,10000,41.4343898296,5000,-1,50,0.05,0.1],[5,285,36.9759550708,-14.0240449292,[9,2,0,4,6,0,7,3,2,8,0,1,4,4,3,5,2,2,9,9,3,0,3,4,7,9,7,0,1,5],"SA","att",10,10,30,0.95,10000,41.5011620522,5000,-1,50,0.05,0.1],[5,300,36.9759550708,-14.0240449292,[9,2,0,4,6,0,7,3,2,8,0,1,4,4,3,5,2,2,9,9,3,0,3,4,7,9,7,0,1,5],"SA","att",10,10,30,0.95,10000,50.4632678032,5000,-1,50,0.05,0.1],[5,315,36.9759550708,-14.0240449292,[9,2,0,4,6,0,7,3,2,8,0,1,4,4,3,5,2,2,9,9,3,0,3,4,7,9,7,0,1,5],"SA","att",10,10,30,0.95,10000,41.3648915291,5000,-1,50,0.05,0.1],[5,330,36.9759550708,-14.0240449292,[9,2,0,4,6,0,7,3,2,8,0,1,4,4,3,5,2,2,9,9,3,0,3,4,7,9,7,0,1,5],"SA","att",10,10,30,0.95,10000,41.3010766506,5000,-1,50,0.05,0.1],[5,345,36.9759550708,-14.0240449292,[9,2,0,4,6,0,7,3,2,8,0,1,4,4,3,5,2,2,9,9,3,0,3,4,7,9,7,0,1,5],"SA","att",10,10,30,0.95,10000,41.3672909737,5000,-1,50,0.05,0.1],[5,360,36.9759550708,-14.0240449292,[9,2,0,4,6,0,7,3,2,8,0,1,4,4,3,5,2,2,9,9,3,0,3,4,7,9,7,0,1,5],"SA","att",10,10,30,0.95,10000,41.4427080154,5000,-1,50,0.05,0.1],[5,375,36.9759550708,-14.0240449292,[9,2,0,4,6,0,7,3,2,8,0,1,4,4,3,5,2,2,9,9,3,0,3,4,7,9,7,0,1,5],"SA","att",10,10,30,0.95,10000,41.3314335346,5000,-1,50,0.05,0.1],[5,390,36.9759550708,-14.0240449292,[9,2,0,4,6,0,7,3,2,8,0,1,4,4,3,5,2,2,9,9,3,0,3,4,7,9,7,0,1,5],"SA","att",10,10,30,0.95,10000,41.338167429,5000,-1,50,0.05,0.1],[5,405,36.9759550708,-14.0240449292,[9,2,0,4,6,0,7,3,2,8,0,1,4,4,3,5,2,2,9,9,3,0,3,4,7,9,7,0,1,5],"SA","att",10,10,30,0.95,10000,41.4063153267,5000,-1,50,0.05,0.1],[5,420,36.9759550708,-14.0240449292,[9,2,0,4,6,0,7,3,2,8,0,1,4,4,3,5,2,2,9,9,3,0,3,4,7,9,7,0,1,5],"SA","att",10,10,30,0.95,10000,41.3888483047,5000,-1,50,0.05,0.1],[5,435,36.9759550708,-14.0240449292,[9,2,0,4,6,0,7,3,2,8,0,1,4,4,3,5,2,2,9,9,3,0,3,4,7,9,7,0,1,5],"SA","att",10,10,30,0.95,10000,41.4553322792,5000,-1,50,0.05,0.1],[5,450,36.9759550708,-14.0240449292,[9,2,0,4,6,0,7,3,2,8,0,1,4,4,3,5,2,2,9,9,3,0,3,4,7,9,7,0,1,5],"SA","att",10,10,30,0.95,10000,41.3047857285,5000,-1,50,0.05,0.1],[5,465,36.9759550708,-14.0240449292,[9,2,0,4,6,0,7,3,2,8,0,1,4,4,3,5,2,2,9,9,3,0,3,4,7,9,7,0,1,5],"SA","att",10,10,30,0.95,10000,41.3787872791,5000,-1,50,0.05,0.1],[5,480,36.9759550708,-14.0240449292,[9,2,0,4,6,0,7,3,2,8,0,1,4,4,3,5,2,2,9,9,3,0,3,4,7,9,7,0,1,5],"SA","att",10,10,30,0.95,10000,41.3804218769,5000,-1,50,0.05,0.1],[5,495,36.9759550708,-14.0240449292,[9,2,0,4,6,0,7,3,2,8,0,1,4,4,3,5,2,2,9,9,3,0,3,4,7,9,7,0,1,5],"SA","att",10,10,30,0.95,10000,41.4062306881,5000,-1,50,0.05,0.1],[5,510,36.9759550708,-14.0240449292,[9,2,0,4,6,0,7,3,2,8,0,1,4,4,3,5,2,2,9,9,3,0,3,4,7,9,7,0,1,5],"SA","att",10,10,30,0.95,10000,41.3456115723,5000,-1,50,0.05,0.1],[5,525,36.9759550708,-14.0240449292,[9,2,0,4,6,0,7,3,2,8,0,1,4,4,3,5,2,2,9,9,3,0,3,4,7,9,7,0,1,5],"SA","att",10,10,30,0.95,10000,41.3357930183,5000,-1,50,0.05,0.1],[5,540,36.9759550708,-14.0240449292,[9,2,0,4,6,0,7,3,2,8,0,1,4,4,3,5,2,2,9,9,3,0,3,4,7,9,7,0,1,5],"SA","att",10,10,30,0.95,10000,41.3945493698,5000,-1,50,0.05,0.1],[5,555,36.9759550708,-14.0240449292,[9,2,0,4,6,0,7,3,2,8,0,1,4,4,3,5,2,2,9,9,3,0,3,4,7,9,7,0,1,5],"SA","att",10,10,30,0.95,10000,41.3384773731,5000,-1,50,0.05,0.1],[5,570,36.9759550708,-14.0240449292,[9,2,0,4,6,0,7,3,2,8,0,1,4,4,3,5,2,2,9,9,3,0,3,4,7,9,7,0,1,5],"SA","att",10,10,30,0.95,10000,41.405919075,5000,-1,50,0.05,0.1],[5,585,36.9759550708,-14.0240449292,[9,2,0,4,6,0,7,3,2,8,0,1,4,4,3,5,2,2,9,9,3,0,3,4,7,9,7,0,1,5],"SA","att",10,10,30,0.95,10000,41.4556369781,5000,-1,50,0.05,0.1],[5,600,36.9759550708,-14.0240449292,[9,2,0,4,6,0,7,3,2,8,0,1,4,4,3,5,2,2,9,9,3,0,3,4,7,9,7,0,1,5],"SA","att",10,10,30,0.95,10000,41.3756446838,5000,-1,50,0.05,0.1],[5,615,36.9759550708,-14.0240449292,[9,2,0,4,6,0,7,3,2,8,0,1,4,4,3,5,2,2,9,9,3,0,3,4,7,9,7,0,1,5],"SA","att",10,10,30,0.95,10000,41.5213007927,5000,-1,50,0.05,0.1],[5,630,36.9759550708,-14.0240449292,[9,2,0,4,6,0,7,3,2,8,0,1,4,4,3,5,2,2,9,9,3,0,3,4,7,9,7,0,1,5],"SA","att",10,10,30,0.95,10000,41.3627460003,5000,-1,50,0.05,0.1],[5,645,36.9759550708,-14.0240449292,[9,2,0,4,6,0,7,3,2,8,0,1,4,4,3,5,2,2,9,9,3,0,3,4,7,9,7,0,1,5],"SA","att",10,10,30,0.95,10000,41.4389827251,5000,-1,50,0.05,0.1],[5,660,36.9759550708,-14.0240449292,[9,2,0,4,6,0,7,3,2,8,0,1,4,4,3,5,2,2,9,9,3,0,3,4,7,9,7,0,1,5],"SA","att",10,10,30,0.95,10000,41.3749699593,5000,-1,50,0.05,0.1],[5,675,36.9759550708,-14.0240449292,[9,2,0,4,6,0,7,3,2,8,0,1,4,4,3,5,2,2,9,9,3,0,3,4,7,9,7,0,1,5],"SA","att",10,10,30,0.95,10000,41.4578578472,5000,-1,50,0.05,0.1],[5,690,36.9759550708,-14.0240449292,[9,2,0,4,6,0,7,3,2,8,0,1,4,4,3,5,2,2,9,9,3,0,3,4,7,9,7,0,1,5],