{"columns":["ite","time","q","scaled_eu","z","solver","attacker","|Q|","|X|","|T|","rho","k","utility_time","RS_iters","mcts_iters","sa_iters","eps","lr"],"index":[0,1,2,3,4,5,6,7,8,9,10,11,12,13,14,15,16,17,18,19,20,21,22,23,24,25,26,27,28,29,30,31,32,33,34,35,36,37,38,39,40,41,42,43,44,45,46,47,48,49,50,51,52,53,54,55,56,57,58,59,60,61,62,63,64,65,66,67,68,69,70,71,72,73,74,75,76,77,78,79],"data":[[6,15,29.210333355,-21.789666645,[0,4,8,4,6,8,1,1,9,7,5,4,3,4,3,5,6,7,0,3,2,6,8,3,5,1,3,3,9,7],"SA","att",10,10,30,0.95,10000,41.7807786465,5000,-1,50,0.05,0.1],[6,30,32.2356894891,-18.7643105109,[9,2,8,4,6,7,8,8,7,5,5,4,5,4,7,4,1,6,5,0,2,4,8,4,9,4,9,0,1,2],"SA","att",10,10,30,0.95,10000,41.7666721344,5000,-1,50,0.05,0.1],[6,45,32.2356894891,-18.7643105109,[9,2,8,4,6,7,8,8,7,5,5,4,5,4,7,4,1,6,5,0,2,4,8,4,9,4,9,0,1,2],"SA","att",10,10,30,0.95,10000,41.8140604496,5000,-1,50,0.05,0.1],[6,60,33.5405037242,-17.4594962758,[9,2,1,4,6,9,4,0,3,5,0,0,3,9,3,1,5,7,2,3,5,4,0,7,9,4,2,0,0,3],"SA","att",10,10,30,0.95,10000,41.7722806931,5000,-1,50,0.05,0.1],[6,75,36.0189446358,-14.9810553642,[8,2,1,4,6,7,4,4,2,5,0,0,5,9,1,5,2,8,0,3,4,3,8,0,5,1,2,0,7,6],"SA","att",10,10,30,0.95,10000,41.8826417923,5000,-1,50,0.05,0.1],[6,90,40.0142145445,-10.9857854555,[9,2,2,4,0,9,4,0,1,5,0,4,5,9,3,5,2,2,0,3,4,1,8,4,9,1,2,0,8,6],"SA","att",10,10,30,0.95,10000,41.8448426723,5000,-1,50,0.05,0.1],[6,105,40.0142145445,-10.9857854555,[4,9,6,1,6,8,5,9,8,5,0,0,5,4,3,5,0,7,2,8,3,7,3,6,9,4,2,0,1,4],"SA","att",10,10,30,0.95,10000,41.8847110271,5000,-1,50,0.05,0.1],[6,120,41.0005807723,-9.9994192277,[2,9,2,9,6,1,5,9,0,6,0,0,5,9,3,5,2,2,0,3,9,0,8,4,9,1,7,3,1,5],"SA","att",10,10,30,0.95,10000,41.7836000919,5000,-1,50,0.05,0.1],[6,135,41.0005807723,-9.9994192277,[9,1,2,2,2,8,0,1,8,5,2,0,9,9,3,5,1,6,3,3,9,3,8,7,4,6,7,3,7,5],"SA","att",10,10,30,0.95,10000,41.7435295582,5000,-1,50,0.05,0.1],[6,150,42.6464108794,-8.3535891206,[2,2,2,4,6,9,5,0,8,8,0,0,5,9,3,5,2,2,3,3,3,0,8,8,9,1,5,7,1,7],"SA","att",10,10,30,0.95,10000,41.7552945614,5000,-1,50,0.05,0.1],[6,165,42.6586984853,-8.3413015147,[0,7,2,4,6,1,0,3,1,2,0,0,5,9,2,5,2,2,3,3,9,3,8,4,9,8,1,8,1,7],"SA","att",10,10,30,0.95,10000,41.8144946098,5000,-1,50,0.05,0.1],[6,180,42.6586984853,-8.3413015147,[0,7,2,4,6,1,0,3,1,2,0,0,5,9,2,5,2,2,3,3,9,3,8,4,9,8,1,8,1,7],"SA","att",10,10,30,0.95,10000,41.625900507,5000,-1,50,0.05,0.1],[6,195,42.6586984853,-8.3413015147,[0,7,2,4,6,1,0,3,1,2,0,0,5,9,2,5,2,2,3,3,9,3,8,4,9,8,1,8,1,7],"SA","att",10,10,30,0.95,10000,41.5810184479,5000,-1,50,0.05,0.1],[6,210,43.9064941462,-7.0935058538,[8,2,2,2,4,1,0,3,4,5,0,0,5,9,2,5,2,2,3,3,9,0,8,4,9,1,2,7,1,7],"SA","att",10,10,30,0.95,10000,41.6854116917,5000,-1,50,0.05,0.1],[6,225,47.9066475774,-3.0933524226,[9,2,2,3,6,1,0,3,8,8,0,0,5,9,3,5,2,2,3,3,9,0,8,4,9,1,2,0,1,7],"SA","att",10,10,30,0.95,10000,41.686239481,5000,-1,50,0.05,0.1],[6,240,49.9052844761,-1.0947155239,[9,2,2,2,6,1,0,3,8,5,0,0,5,9,3,5,2,2,3,3,9,0,8,4,9,1,7,0,1,7],"SA","att",10,10,30,0.95,10000,41.7311580181,5000,-1,50,0.05,0.1],[6,255,49.9052844761,-1.0947155239,[3,1,9,1,6,1,9,5,8,1,8,0,5,4,6,5,9,2,3,3,3,0,8,3,9,1,7,1,1,4],"SA","att",10,10,30,0.95,10000,41.760828495,5000,-1,50,0.05,0.1],[6,270,49.9052844761,-1.0947155239,[3,1,9,1,6,1,9,5,8,1,8,0,5,4,6,5,9,2,3,3,3,0,8,3,9,1,7,1,1,4],"SA","att",10,10,30,0.95,10000,41.8019003868,5000,-1,50,0.05,0.1],[6,285,49.9052844761,-1.0947155239,[3,1,9,1,6,1,9,5,8,1,8,0,5,4,6,5,9,2,3,3,3,0,8,3,9,1,7,1,1,4],"SA","att",10,10,30,0.95,10000,41.6989381313,5000,-1,50,0.05,0.1],[6,300,49.9052844761,-1.0947155239,[3,1,9,1,6,1,9,5,8,1,8,0,5,4,6,5,9,2,3,3,3,0,8,3,9,1,7,1,1,4],"SA","att",10,10,30,0.95,10000,41.6994924545,5000,-1,50,0.05,0.1],[6,315,49.9052844761,-1.0947155239,[3,1,9,1,6,1,9,5,8,1,8,0,5,4,6,5,9,2,3,3,3,0,8,3,9,1,7,1,1,4],"SA","att",10,10,30,0.95,10000,41.7763121128,5000,-1,50,0.05,0.1],[6,330,49.9052844761,-1.0947155239,[3,1,9,1,6,1,9,5,8,1,8,0,5,4,6,5,9,2,3,3,3,0,8,3,9,1,7,1,1,4],"SA","att",10,10,30,0.95,10000,41.7090780735,5000,-1,50,0.05,0.1],[6,345,49.9052844761,-1.0947155239,[3,1,9,1,6,1,9,5,8,1,8,0,5,4,6,5,9,2,3,3,3,0,8,3,9,1,7,1,1,4],"SA","att",10,10,30,0.95,10000,41.6658596992,5000,-1,50,0.05,0.1],[6,360,50.9060067856,-0.0939932144,[9,2,2,4,6,1,0,3,8,5,0,0,5,9,3,5,2,2,3,3,9,0,8,4,9,1,7,0,1,7],"SA","att",10,10,30,0.95,10000,41.6158392429,5000,-1,50,0.05,0.1],[6,375,50.9089315096,-0.0910684904,[9,2,2,4,6,1,0,3,8,5,0,0,5,9,3,5,2,2,3,3,9,0,8,4,9,1,7,0,1,7],"SA","att",10,10,30,0.95,10000,41.7087607384,5000,-1,50,0.05,0.1],[6,390,50.9089315096,-0.0910684904,[9,2,2,4,6,1,0,3,8,5,0,0,5,9,3,5,2,2,3,3,9,0,8,4,9,1,7,0,1,7],"SA","att",10,10,30,0.95,10000,41.6776299477,5000,-1,50,0.05,0.1],[6,405,50.9089315096,-0.0910684904,[9,2,2,4,6,1,0,3,8,5,0,0,5,9,3,5,2,2,3,3,9,0,8,4,9,1,7,0,1,7],"SA","att",10,10,30,0.95,10000,41.859208107,5000,-1,50,0.05,0.1],[6,420,50.9089315096,-0.0910684904,[9,4,2,7,0,1,7,3,8,5,9,0,5,9,2,5,2,2,7,3,1,7,8,8,2,8,5,2,2,7],"SA","att",10,10,30,0.95,10000,41.8264663219,5000,-1,50,0.05,0.1],[6,435,50.9089315096,-0.0910684904,[9,4,2,7,0,1,7,3,8,5,9,0,5,9,2,5,2,2,7,3,1,7,8,8,2,8,5,2,2,7],"SA","att",10,10,30,0.95,10000,41.7371242046,5000,-1,50,0.05,0.1],[6,450,50.9089315096,-0.0910684904,[9,4,2,7,0,1,7,3,8,5,9,0,5,9,2,5,2,2,7,3,1,7,8,8,2,8,5,2,2,7],"SA","att",10,10,30,0.95,10000,41.6645739079,5000,-1,50,0.05,0.1],[6,465,50.9089315096,-0.0910684904,[9,4,2,7,0,1,7,3,8,5,9,0,5,9,2,5,2,2,7,3,1,7,8,8,2,8,5,2,2,7],"SA","att",10,10,30,0.95,10000,41.6780593395,5000,-1,50,0.05,0.1],[6,480,50.9089315096,-0.0910684904,[9,4,2,7,0,1,7,3,8,5,9,0,5,9,2,5,2,2,7,3,1,7,8,8,2,8,5,2,2,7],"SA","att",10,10,30,0.95,10000,41.7711427212,5000,-1,50,0.05,0.1],[6,495,50.9089315096,-0.0910684904,[9,4,2,7,0,1,7,3,8,5,9,0,5,9,2,5,2,2,7,3,1,7,8,8,2,8,5,2,2,7],"SA","att",10,10,30,0.95,10000,41.7414443493,5000,-1,50,0.05,0.1],[6,510,50.9089315096,-0.0910684904,[9,4,2,7,0,1,7,3,8,5,9,0,5,9,2,5,2,2,7,3,1,7,8,8,2,8,5,2,2,7],"SA","att",10,10,30,0.95,10000,41.843603611,5000,-1,50,0.05,0.1],[6,525,50.9099180533,-0.0900819467,[9,2,2,4,6,1,0,3,8,5,0,0,5,9,3,5,2,2,3,3,9,0,8,4,9,1,7,0,1,7],"SA","att",10,10,30,0.95,10000,41.7934157848,5000,-1,50,0.05,0.1],[6,540,50.9099180533,-0.0900819467,[9,2,2,4,6,1,0,3,8,5,0,0,5,9,3,5,2,2,3,3,9,0,8,4,9,1,7,0,1,7],"SA","att",10,10,30,0.95,10000,41.8152966499,5000,-1,50,0.05,0.1],[6,555,50.9102921041,-0.0897078959,[9,2,2,4,6,1,0,3,8,5,0,0,5,9,3,5,2,2,3,3,9,0,8,4,9,1,7,0,1,7],"SA","att",10,10,30,0.95,10000,41.7564837933,5000,-1,50,0.05,0.1],[6,570,50.9102921041,-0.0897078959,[9,2,2,4,6,1,0,3,8,5,0,0,5,9,3,5,2,2,3,3,9,0,8,4,9,1,7,0,1,7],"SA","att",10,10,30,0.95,10000,41.8452792168,5000,-1,50,0.05,0.1],[6,585,50.9102921041,-0.0897078959,[9,2,2,4,0,3,2,3,8,1,0,0,5,9,0,5,2,5,3,3,3,0,8,4,4,2,7,8,2,7],"SA","att",10,10,30,0.95,10000,41.7838692665,5000,-1,50,0.05,0.1],[6,600,50.9102921041,-0.0897078959,[9,2,2,4,0,3,2,3,8,1,0,0,5,9,0,5,2,5,3,3,3,0,8,4,4,2,7,8,2,7],"SA","att",10,10,30,0.95,10000,41.8417317867,5000,-1,50,0.05,0.1],[6,615,50.9102921041,-0.0897078959,[9,2,2,4,0,3,2,3,8,1,0,0,5,9,0,5,2,5,3,3,3,0,8,4,4,2,7,8,2,7],"SA","att",10,10,30,0.95,10000,41.7095122337,5000,-1,50,0.05,0.1],[6,630,50.9102921041,-0.0897078959,[9,2,2,4,0,3,2,3,8,1,0,0,5,9,0,5,2,5,3,3,3,0,8,4,4,2,7,8,2,7],"SA","att",10,10,30,0.95,10000,41.8453872204,5000,-1,50,0.05,0.1],[6,645,50.9102921041,-0.0897078959,[9,2,2,4,0,3,2,3,8,1,0,0,5,9,0,5,2,5,3,3,3,0,8,4,4,2,7,8,2,7],"SA","att",10,10,30,0.95,10000,41.8488898277,5000,-1,50,0.05,0.1],[6,660,50.9102921041,-0.0897078959,[9,2,2,4,0,3,2,3,8,1,0,0,5,9,0,5,2,5,3,3,3,0,8,4,4,2,7,8,2,7],"SA","att",10,10,30,0.95,10000,41.7976577282,5000,-1,50,0.05,0.1],[6,675,50.9102921041,-0.0897078959,[9,2,2,4,0,3,2,3,8,1,0,0,5,9,0,5,2,5,3,3,3,0,8,4,4,2,7,8,2,7],"SA","att",10,10,30,0.95,10000,41.6648106575,5000,-1,50,0.05,0.1],[6,690,50.9102921041,-0.0897078959,[9,2,2,4,0,3,2,3,8,1,0,0,5,9,0,5,2,5,3,3,3,0,8,4,4,2,7,8,2,7],"SA","att",10,10,30,0.95,10000,41.7458503246,5000,-1,50,0.05,0.1],[6,705,50.9102921041,-0.0897078959,[9,2,2,4,0,3,2,3,8,1,0,0,5,9,0,5,2,5,3,3,3,0,8,4,4,2,7,8,2,7],