{"columns":["ite","time","q","scaled_eu","z","solver","attacker","|Q|","|X|","|T|","rho","k","utility_time","RS_iters","mcts_iters","sa_iters","eps","lr"],"index":[0,1,2,3,4,5,6,7,8,9,10,11,12,13,14,15,16,17,18,19,20,21,22,23,24,25,26,27,28,29,30,31,32,33,34,35,36,37,38,39,40,41,42,43,44,45,46,47,48,49,50,51,52,53,54,55,56,57,58,59,60,61,62,63,64,65,66,67,68,69,70,71,72,73,74,75,76,77,78,79],"data":[[6,15,22.1588340216,-28.8411659784,[23,20,3,24,18,25,1,24,11,22,9,11,24,18,5,18,24,19,23,20,10,9,21,15,21,8,15,29,5,0],"SA","att",30,30,30,0.95,10000,99.500967741,5000,-1,50,0.05,0.1],[6,30,22.4099279083,-28.5900720917,[13,3,3,3,10,14,21,23,26,6,4,4,26,24,15,25,29,19,9,8,12,22,10,16,25,24,5,11,10,12],"SA","att",30,30,30,0.95,10000,99.8602564335,5000,-1,50,0.05,0.1],[6,45,23.1557576956,-27.8442423044,[12,28,3,17,3,6,18,11,26,4,24,3,8,29,1,25,7,19,9,17,12,21,16,12,25,15,21,27,2,12],"SA","att",30,30,30,0.95,10000,99.66518116,5000,-1,50,0.05,0.1],[6,60,23.1557576956,-27.8442423044,[12,28,3,17,3,6,18,11,26,4,24,3,8,29,1,25,7,19,9,17,12,21,16,12,25,15,21,27,2,12],"SA","att",30,30,30,0.95,10000,99.8640720844,5000,-1,50,0.05,0.1],[6,75,23.1557576956,-27.8442423044,[12,28,3,17,3,6,18,11,26,4,24,3,8,29,1,25,7,19,9,17,12,21,16,12,25,15,21,27,2,12],"SA","att",30,30,30,0.95,10000,99.9715101719,5000,-1,50,0.05,0.1],[6,90,23.1557576956,-27.8442423044,[12,28,3,17,3,6,18,11,26,4,24,3,8,29,1,25,7,19,9,17,12,21,16,12,25,15,21,27,2,12],"SA","att",30,30,30,0.95,10000,100.008099556,5000,-1,50,0.05,0.1],[6,105,24.4756544827,-26.5243455173,[27,12,29,1,5,17,19,27,11,4,28,3,9,25,16,3,13,18,14,2,23,21,22,18,25,12,3,18,16,8],"SA","att",30,30,30,0.95,10000,99.8008100986,5000,-1,50,0.05,0.1],[6,120,24.4756544827,-26.5243455173,[20,12,13,4,8,29,17,28,12,9,28,0,7,25,17,1,29,18,8,17,24,16,4,7,12,7,15,11,26,8],"SA","att",30,30,30,0.95,10000,99.8605010509,5000,-1,50,0.05,0.1],[6,135,26.270221241,-24.729778759,[25,12,28,2,7,17,7,5,17,5,7,3,14,8,2,19,14,18,13,6,23,21,19,18,5,18,3,13,16,8],"SA","att",30,30,30,0.95,10000,99.8916521072,5000,-1,50,0.05,0.1],[6,150,26.3256594028,-24.6743405972,[27,12,28,0,4,17,7,5,17,27,7,3,14,4,16,19,14,18,13,12,9,3,19,18,5,12,3,13,19,8],"SA","att",30,30,30,0.95,10000,99.78982687,5000,-1,50,0.05,0.1],[6,165,26.3256594028,-24.6743405972,[27,12,28,0,4,17,7,5,17,27,7,3,14,4,16,19,14,18,13,12,9,3,19,18,5,12,3,13,19,8],"SA","att",30,30,30,0.95,10000,99.8280217648,5000,-1,50,0.05,0.1],[6,180,26.3256594028,-24.6743405972,[27,12,28,0,4,17,7,5,17,27,7,3,14,4,16,19,14,18,13,12,9,3,19,18,5,12,3,13,19,8],"SA","att",30,30,30,0.95,10000,100.0105457306,5000,-1,50,0.05,0.1],[6,195,26.3256594028,-24.6743405972,[27,12,28,0,4,17,7,5,17,27,7,3,14,4,16,19,14,18,13,12,9,3,19,18,5,12,3,13,19,8],"SA","att",30,30,30,0.95,10000,99.7458376884,5000,-1,50,0.05,0.1],[6,210,26.3256594028,-24.6743405972,[27,12,28,0,4,17,7,5,17,27,7,3,14,4,16,19,14,18,13,12,9,3,19,18,5,12,3,13,19,8],"SA","att",30,30,30,0.95,10000,99.8902716637,5000,-1,50,0.05,0.1],[6,225,26.9741525541,-24.0258474459,[2,12,7,6,5,24,7,0,5,5,20,14,20,25,16,19,0,18,14,10,6,7,19,9,6,3,0,13,26,6],"SA","att",30,30,30,0.95,10000,99.5446045399,5000,-1,50,0.05,0.1],[6,240,26.9741525541,-24.0258474459,[2,12,7,6,5,24,7,0,5,5,20,14,20,25,16,19,0,18,14,10,6,7,19,9,6,3,0,13,26,6],"SA","att",30,30,30,0.95,10000,99.4813277721,5000,-1,50,0.05,0.1],[6,255,26.9741525541,-24.0258474459,[27,2,3,15,7,7,7,15,14,26,7,1,11,3,27,2,20,5,10,20,24,15,19,20,5,10,29,12,0,16],"SA","att",30,30,30,0.95,10000,99.8225150108,5000,-1,50,0.05,0.1],[6,270,26.9741525541,-24.0258474459,[27,2,3,15,7,7,7,15,14,26,7,1,11,3,27,2,20,5,10,20,24,15,19,20,5,10,29,12,0,16],"SA","att",30,30,30,0.95,10000,99.8609001637,5000,-1,50,0.05,0.1],[6,285,26.9741525541,-24.0258474459,[27,2,3,15,7,7,7,15,14,26,7,1,11,3,27,2,20,5,10,20,24,15,19,20,5,10,29,12,0,16],"SA","att",30,30,30,0.95,10000,99.9065375328,5000,-1,50,0.05,0.1],[6,300,26.9741525541,-24.0258474459,[27,2,3,15,7,7,7,15,14,26,7,1,11,3,27,2,20,5,10,20,24,15,19,20,5,10,29,12,0,16],"SA","att",30,30,30,0.95,10000,100.1233661175,5000,-1,50,0.05,0.1],[6,315,28.9923436055,-22.0076563945,[27,23,14,2,5,19,29,5,17,27,20,14,14,8,16,10,25,19,27,10,6,15,19,9,17,10,16,14,9,20],"SA","att",30,30,30,0.95,10000,100.1712515354,5000,-1,50,0.05,0.1],[6,330,28.9923436055,-22.0076563945,[27,23,14,2,5,19,29,5,17,27,20,14,14,8,16,10,25,19,27,10,6,15,19,9,17,10,16,14,9,20],"SA","att",30,30,30,0.95,10000,100.1608638763,5000,-1,50,0.05,0.1],[6,345,28.9923436055,-22.0076563945,[27,23,14,2,5,19,29,5,17,27,20,14,14,8,16,10,25,19,27,10,6,15,19,9,17,10,16,14,9,20],"SA","att",30,30,30,0.95,10000,100.2660253048,5000,-1,50,0.05,0.1],[6,360,28.9923436055,-22.0076563945,[27,23,14,2,5,19,29,5,17,27,20,14,14,8,16,10,25,19,27,10,6,15,19,9,17,10,16,14,9,20],"SA","att",30,30,30,0.95,10000,100.2087035179,5000,-1,50,0.05,0.1],[6,375,29.0606380887,-21.9393619113,[2,15,14,2,5,0,23,15,17,10,24,14,21,8,16,3,18,1,23,10,23,21,25,9,22,16,6,14,26,20],"SA","att",30,30,30,0.95,10000,100.2100324631,5000,-1,50,0.05,0.1],[6,390,29.0606380887,-21.9393619113,[2,15,14,2,5,0,23,15,17,10,24,14,21,8,16,3,18,1,23,10,23,21,25,9,22,16,6,14,26,20],"SA","att",30,30,30,0.95,10000,99.9573459625,5000,-1,50,0.05,0.1],[6,405,29.0606380887,-21.9393619113,[2,15,14,2,5,0,23,15,17,10,24,14,21,8,16,3,18,1,23,10,23,21,25,9,22,16,6,14,26,20],"SA","att",30,30,30,0.95,10000,100.1999471188,5000,-1,50,0.05,0.1],[6,420,29.0606380887,-21.9393619113,[2,15,14,2,5,0,23,15,17,10,24,14,21,8,16,3,18,1,23,10,23,21,25,9,22,16,6,14,26,20],"SA","att",30,30,30,0.95,10000,99.8929202557,5000,-1,50,0.05,0.1],[6,435,33.9280291105,-17.0719708895,[4,15,3,2,5,0,23,15,17,27,20,8,21,6,2,27,14,19,10,10,24,21,19,9,22,0,6,21,10,20],"SA","att",30,30,30,0.95,10000,99.7521626949,5000,-1,50,0.05,0.1],[6,450,34.1104673165,-16.8895326835,[4,12,14,12,5,0,26,15,14,27,7,14,9,25,2,27,18,18,17,10,24,21,19,9,22,19,21,17,18,20],"SA","att",30,30,30,0.95,10000,100.1971495152,5000,-1,50,0.05,0.1],[6,465,34.1104673165,-16.8895326835,[4,12,14,12,5,0,26,15,14,27,7,14,9,25,2,27,18,18,17,10,24,21,19,9,22,19,21,17,18,20],"SA","att",30,30,30,0.95,10000,100.0250723362,5000,-1,50,0.05,0.1],[6,480,34.1104673165,-16.8895326835,[4,12,14,12,5,0,26,15,14,27,7,14,9,25,2,27,18,18,17,10,24,21,19,9,22,19,21,17,18,20],"SA","att",30,30,30,0.95,10000,100.0870008469,5000,-1,50,0.05,0.1],[6,495,34.1104673165,-16.8895326835,[0,6,14,2,5,29,15,27,24,9,7,16,15,6,28,24,1,22,27,2,15,15,19,27,22,1,12,21,11,8],"SA","att",30,30,30,0.95,10000,99.6614484787,5000,-1,50,0.05,0.1],[6,510,34.1104673165,-16.8895326835,[0,6,14,2,5,29,15,27,24,9,7,16,15,6,28,24,1,22,27,2,15,15,19,27,22,1,12,21,11,8],"SA","att",30,30,30,0.95,10000,100.014893055,5000,-1,50,0.05,0.1],[6,525,34.1104673165,-16.8895326835,[0,6,14,2,5,29,15,27,24,9,7,16,15,6,28,24,1,22,27,2,15,15,19,27,22,1,12,21,11,8],"SA","att",30,30,30,0.95,10000,100.195237875,5000,-1,50,0.05,0.1],[6,540,34.1104673165,-16.8895326835,[0,6,14,2,5,29,15,27,24,9,7,16,15,6,28,24,1,22,27,2,15,15,19,27,22,1,12,21,11,8],"SA","att",30,30,30,0.95,10000,100.0606179237,5000,-1,50,0.05,0.1],[6,555,34.1104673165,-16.8895326835,[0,6,14,2,5,29,15,27,24,9,7,16,15,6,28,24,1,22,27,2,15,15,19,27,22,1,12,21,11,8],"SA","att",30,30,30,0.95,10000,100.0262229443,5000,-1,50,0.05,0.1],[6,570,35.9182060842,-15.0817939158,[4,0,3,13,5,27,17,18,14,27,6,14,21,22,2,15,25,17,10,10,24,3,19,9,22,0,26,24,1,20],"SA","att",30,30,30,0.95,10000,100.2372667789,5000,-1,50,0.05,0.1],[6,585,35.9182060842,-15.0817939158,[4,0,3,13,5,27,17,18,14,27,6,14,21,22,2,15,25,17,10,10,24,3,19,9,22,0,26,24,1,20],"SA","att",30,30,30,0.95,10000,99.8828465939,5000,-1,50,0.05,0.1],[6,600,35.9182060842,-15.0817939158,[4,0,3,13,5,27,17,18,14,27,6,14,21,22,2,15,25,17,10,10,24,3,19,9,22,0,26,24,1,20],"SA","att",30,30,30,0.95,10000,99.9097731113,5000,-1,50,0.05,0.1],[6,615,35.9182060842,-15.0817939158,[4,0,3,13,5,27,17,18,14,27,6,14,21,22,2,15,25,17,10,10,24,3,19,9,22,0,26,24,1,20],