{"columns":["ite","time","q","scaled_eu","z","solver","attacker","|Q|","|X|","|T|","rho","k","utility_time","RS_iters","mcts_iters","sa_iters","eps","lr"],"index":[0,1,2,3,4,5,6,7,8,9,10,11,12,13,14,15,16,17,18,19,20,21,22,23,24,25,26,27,28,29,30,31,32,33,34,35,36,37,38,39,40,41,42,43,44,45,46,47,48,49,50,51,52,53,54,55,56,57,58,59,60,61,62,63,64,65,66,67,68,69,70,71,72,73,74,75,76,77,78,79],"data":[[3,15,24.0924364585,-26.9075635415,[3,29,16,0,22,22,26,4,9,19,26,8,28,24,20,14,3,19,24,2,25,19,20,21,15,6,17,24,18,15],"SA","att",30,30,30,0.95,10000,99.7771785259,5000,-1,50,0.05,0.1],[3,30,24.0924364585,-26.9075635415,[19,21,5,11,5,3,17,6,20,24,10,28,12,16,19,14,3,10,19,9,26,11,7,29,15,20,27,24,29,20],"SA","att",30,30,30,0.95,10000,100.0785491467,5000,-1,50,0.05,0.1],[3,45,24.0924364585,-26.9075635415,[19,21,5,11,5,3,17,6,20,24,10,28,12,16,19,14,3,10,19,9,26,11,7,29,15,20,27,24,29,20],"SA","att",30,30,30,0.95,10000,100.0911893845,5000,-1,50,0.05,0.1],[3,60,24.8240181521,-26.1759818479,[25,10,15,10,0,23,2,26,2,13,26,17,21,18,12,11,29,15,22,11,2,27,25,24,15,21,14,10,21,11],"SA","att",30,30,30,0.95,10000,132.3642272949,5000,-1,50,0.05,0.1],[3,75,24.8240181521,-26.1759818479,[25,10,15,10,0,23,2,26,2,13,26,17,21,18,12,11,29,15,22,11,2,27,25,24,15,21,14,10,21,11],"SA","att",30,30,30,0.95,10000,100.1498084068,5000,-1,50,0.05,0.1],[3,90,24.8240181521,-26.1759818479,[25,10,15,10,0,23,2,26,2,13,26,17,21,18,12,11,29,15,22,11,2,27,25,24,15,21,14,10,21,11],"SA","att",30,30,30,0.95,10000,100.1555900574,5000,-1,50,0.05,0.1],[3,105,24.8240181521,-26.1759818479,[25,10,15,10,0,23,2,26,2,13,26,17,21,18,12,11,29,15,22,11,2,27,25,24,15,21,14,10,21,11],"SA","att",30,30,30,0.95,10000,100.0816767216,5000,-1,50,0.05,0.1],[3,120,24.8240181521,-26.1759818479,[1,28,24,2,14,0,2,16,16,28,12,9,4,22,14,6,23,11,2,10,4,23,17,29,16,4,1,20,11,11],"SA","att",30,30,30,0.95,10000,99.9659309387,5000,-1,50,0.05,0.1],[3,135,25.1030929005,-25.8969070995,[7,10,9,6,20,3,23,26,6,2,18,2,11,22,16,16,27,16,12,15,2,2,0,24,2,22,1,3,20,21],"SA","att",30,30,30,0.95,10000,100.215013504,5000,-1,50,0.05,0.1],[3,150,25.2483949784,-25.7516050216,[10,10,9,20,0,10,29,18,29,28,14,9,11,22,16,11,0,16,13,15,2,27,1,24,5,28,27,22,20,23],"SA","att",30,30,30,0.95,10000,100.2507760525,5000,-1,50,0.05,0.1],[3,165,25.2483949784,-25.7516050216,[10,10,9,20,0,10,29,18,29,28,14,9,11,22,16,11,0,16,13,15,2,27,1,24,5,28,27,22,20,23],"SA","att",30,30,30,0.95,10000,100.4102039337,5000,-1,50,0.05,0.1],[3,180,26.2062038685,-24.7937961315,[20,27,9,24,20,29,29,18,12,9,14,7,0,22,0,7,7,24,2,15,6,3,25,29,19,22,1,23,0,23],"SA","att",30,30,30,0.95,10000,136.5944812298,5000,-1,50,0.05,0.1],[3,195,26.944293483,-24.055706517,[20,27,9,24,20,14,29,0,12,9,14,7,21,22,19,7,17,11,1,22,6,3,15,12,16,25,10,23,20,23],"SA","att",30,30,30,0.95,10000,100.5707876682,5000,-1,50,0.05,0.1],[3,210,26.944293483,-24.055706517,[20,27,9,24,20,14,29,0,12,9,14,7,21,22,19,7,17,11,1,22,6,3,15,12,16,25,10,23,20,23],"SA","att",30,30,30,0.95,10000,100.2516198158,5000,-1,50,0.05,0.1],[3,225,28.1391553507,-22.8608446493,[7,10,1,10,15,10,29,3,29,16,7,9,1,22,12,14,28,16,1,23,6,23,25,12,9,1,5,3,20,23],"SA","att",30,30,30,0.95,10000,100.4712798595,5000,-1,50,0.05,0.1],[3,240,28.1391553507,-22.8608446493,[3,18,28,21,5,26,12,5,29,9,7,7,23,22,25,3,0,21,22,27,24,17,20,23,22,3,12,7,0,16],"SA","att",30,30,30,0.95,10000,100.7531690598,5000,-1,50,0.05,0.1],[3,255,28.1391553507,-22.8608446493,[3,18,28,21,5,26,12,5,29,9,7,7,23,22,25,3,0,21,22,27,24,17,20,23,22,3,12,7,0,16],"SA","att",30,30,30,0.95,10000,100.5950491428,5000,-1,50,0.05,0.1],[3,270,28.1391553507,-22.8608446493,[3,18,28,21,5,26,12,5,29,9,7,7,23,22,25,3,0,21,22,27,24,17,20,23,22,3,12,7,0,16],"SA","att",30,30,30,0.95,10000,100.0763626099,5000,-1,50,0.05,0.1],[3,285,29.769661691,-21.230338309,[7,10,10,10,15,10,29,25,29,9,7,9,21,22,12,16,2,0,11,23,24,22,15,12,9,6,5,21,25,25],"SA","att",30,30,30,0.95,10000,100.5451929569,5000,-1,50,0.05,0.1],[3,300,29.769661691,-21.230338309,[7,10,10,10,15,10,29,25,29,9,7,9,21,22,12,16,2,0,11,23,24,22,15,12,9,6,5,21,25,25],"SA","att",30,30,30,0.95,10000,100.1813983917,5000,-1,50,0.05,0.1],[3,315,29.769661691,-21.230338309,[7,10,10,10,15,10,29,25,29,9,7,9,21,22,12,16,2,0,11,23,24,22,15,12,9,6,5,21,25,25],"SA","att",30,30,30,0.95,10000,100.5288898945,5000,-1,50,0.05,0.1],[3,330,29.769661691,-21.230338309,[7,10,10,10,15,10,29,25,29,9,7,9,21,22,12,16,2,0,11,23,24,22,15,12,9,6,5,21,25,25],"SA","att",30,30,30,0.95,10000,100.3292653561,5000,-1,50,0.05,0.1],[3,345,29.769661691,-21.230338309,[7,10,10,10,15,10,29,25,29,9,7,9,21,22,12,16,2,0,11,23,24,22,15,12,9,6,5,21,25,25],"SA","att",30,30,30,0.95,10000,100.1657195091,5000,-1,50,0.05,0.1],[3,360,32.8653239053,-18.1346760947,[7,5,9,10,24,10,29,25,7,27,9,13,27,22,24,16,29,0,11,23,24,22,1,23,9,6,1,24,11,6],"SA","att",30,30,30,0.95,10000,100.1548941135,5000,-1,50,0.05,0.1],[3,375,33.8436398077,-17.1563601923,[7,12,9,10,24,10,29,3,11,4,24,17,21,22,25,16,29,0,11,23,24,12,15,23,9,6,1,24,23,25],"SA","att",30,30,30,0.95,10000,100.2136633396,5000,-1,50,0.05,0.1],[3,390,33.8436398077,-17.1563601923,[7,12,9,10,24,10,29,3,11,4,24,17,21,22,25,16,29,0,11,23,24,12,15,23,9,6,1,24,23,25],"SA","att",30,30,30,0.95,10000,100.2309029102,5000,-1,50,0.05,0.1],[3,405,33.8436398077,-17.1563601923,[7,12,9,10,24,10,29,3,11,4,24,17,21,22,25,16,29,0,11,23,24,12,15,23,9,6,1,24,23,25],"SA","att",30,30,30,0.95,10000,100.1462914944,5000,-1,50,0.05,0.1],[3,420,35.3559076447,-15.6440923553,[7,29,9,10,5,29,29,3,7,27,24,4,21,22,23,25,2,0,9,6,24,12,24,6,9,3,1,24,14,7],"SA","att",30,30,30,0.95,10000,100.0378718376,5000,-1,50,0.05,0.1],[3,435,35.3559076447,-15.6440923553,[7,29,9,10,5,29,29,3,7,27,24,4,21,22,23,25,2,0,9,6,24,12,24,6,9,3,1,24,14,7],"SA","att",30,30,30,0.95,10000,100.1371197701,5000,-1,50,0.05,0.1],[3,450,35.3559076447,-15.6440923553,[7,29,9,10,5,29,29,3,7,27,24,4,21,22,23,25,2,0,9,6,24,12,24,6,9,3,1,24,14,7],"SA","att",30,30,30,0.95,10000,100.3920526505,5000,-1,50,0.05,0.1],[3,465,35.3559076447,-15.6440923553,[7,29,9,10,5,29,29,3,7,27,24,4,21,22,23,25,2,0,9,6,24,12,24,6,9,3,1,24,14,7],"SA","att",30,30,30,0.95,10000,100.3799023628,5000,-1,50,0.05,0.1],[3,480,35.3559076447,-15.6440923553,[7,29,9,10,5,29,29,3,7,27,24,4,21,22,23,25,2,0,9,6,24,12,24,6,9,3,1,24,14,7],"SA","att",30,30,30,0.95,10000,100.3829705715,5000,-1,50,0.05,0.1],[3,495,35.3559076447,-15.6440923553,[7,29,9,10,5,29,29,3,7,27,24,4,21,22,23,25,2,0,9,6,24,12,24,6,9,3,1,24,14,7],"SA","att",30,30,30,0.95,10000,100.3748085499,5000,-1,50,0.05,0.1],[3,510,35.3559076447,-15.6440923553,[7,29,9,10,5,29,29,3,7,27,24,4,21,22,23,25,2,0,9,6,24,12,24,6,9,3,1,24,14,7],"SA","att",30,30,30,0.95,10000,100.2378013134,5000,-1,50,0.05,0.1],[3,525,35.3559076447,-15.6440923553,[7,29,9,10,5,29,29,3,7,27,24,4,21,22,23,25,2,0,9,6,24,12,24,6,9,3,1,24,14,7],"SA","att",30,30,30,0.95,10000,100.0095593929,5000,-1,50,0.05,0.1],[3,540,36.4993359195,-14.5006640805,[7,21,19,25,24,29,29,12,14,9,7,24,21,22,3,16,1,0,7,15,24,12,25,10,22,25,1,24,0,20],"SA","att",30,30,30,0.95,10000,100.360853672,5000,-1,50,0.05,0.1],[3,555,36.4993359195,-14.5006640805,[7,21,19,25,24,29,29,12,14,9,7,24,21,22,3,16,1,0,7,15,24,12,25,10,22,25,1,24,0,20],"SA","att",30,30,30,0.95,10000,99.9058156013,5000,-1,50,0.05,0.1],[3,570,36.4993359195,-14.5006640805,[7,21,19,25,24,29,29,12,14,9,7,24,21,22,3,16,1,0,7,15,24,12,25,10,22,25,1,24,0,20],"SA","att",30,30,30,0.95,10000,100.3399701118,5000,-1,50,0.05,0.1],[3,585,36.4993359195,-14.5006640805,[7,21,19,25,24,29,29,12,14,9,7,24,21,22,3,16,1,0,7,15,24,12,25,10,22,25,1,24,0,20],"SA","att",30,30,30,0.95,10000,100.3906214237,5000,-1,50,0.05,0.1],[3,600,36.4993359195,-14.5006640805,[7,21,19,25,24,29,29,12,14,9,7,24,21,22,3,16,1,0,7,15,24,12,25,10,22,25,1,24,0,20],"SA","att",30,30,30,0.95,10000,100.4395771027,5000,-1,50,0.05,0.1],[3,615,37.22795709,-13.77204291,[7,28,9,28,15,29,13,23,14,15,17,0,21,22,28,16,2,0,10,10,24,12,1,6,9,23,1,24,0,12],