{"columns":["ite","time","q","scaled_eu","z","solver","attacker","|Q|","|X|","|T|","rho","k","utility_time","RS_iters","mcts_iters","sa_iters","eps","lr"],"index":[0,1,2,3,4,5,6,7,8,9,10,11,12,13,14,15,16,17,18,19,20,21,22,23,24,25,26,27,28,29,30,31,32,33,34,35,36,37,38,39,40,41,42,43,44,45,46,47,48,49,50,51,52,53,54,55,56,57,58,59,60,61,62,63,64,65,66,67,68,69,70,71,72,73,74,75,76,77,78,79],"data":[[1,15,23.4928484844,-27.5071515156,[21,24,14,13,17,29,1,23,22,21,29,4,19,7,0,29,12,21,24,8,20,15,21,23,13,18,8,8,0,5],"SA","att",30,30,30,0.95,10000,99.1706399918,5000,-1,50,0.05,0.1],[1,30,24.3057952346,-26.6942047654,[20,7,25,15,14,0,29,19,23,17,15,21,1,9,11,24,6,21,2,26,6,1,10,19,9,18,3,14,25,7],"SA","att",30,30,30,0.95,10000,99.1676709652,5000,-1,50,0.05,0.1],[1,45,24.3057952346,-26.6942047654,[20,7,25,15,14,0,29,19,23,17,15,21,1,9,11,24,6,21,2,26,6,1,10,19,9,18,3,14,25,7],"SA","att",30,30,30,0.95,10000,99.1704132557,5000,-1,50,0.05,0.1],[1,60,24.3057952346,-26.6942047654,[20,7,25,15,14,0,29,19,23,17,15,21,1,9,11,24,6,21,2,26,6,1,10,19,9,18,3,14,25,7],"SA","att",30,30,30,0.95,10000,99.3447911739,5000,-1,50,0.05,0.1],[1,75,24.3057952346,-26.6942047654,[20,7,25,15,14,0,29,19,23,17,15,21,1,9,11,24,6,21,2,26,6,1,10,19,9,18,3,14,25,7],"SA","att",30,30,30,0.95,10000,99.3527810574,5000,-1,50,0.05,0.1],[1,90,24.3057952346,-26.6942047654,[20,7,25,15,14,0,29,19,23,17,15,21,1,9,11,24,6,21,2,26,6,1,10,19,9,18,3,14,25,7],"SA","att",30,30,30,0.95,10000,99.5314333439,5000,-1,50,0.05,0.1],[1,105,24.6635541086,-26.3364458914,[0,9,16,11,20,15,18,25,16,11,21,7,25,22,28,9,20,24,21,5,28,27,17,18,22,6,21,20,25,14],"SA","att",30,30,30,0.95,10000,99.2612264156,5000,-1,50,0.05,0.1],[1,120,25.2825284347,-25.7174715653,[7,14,2,11,14,25,24,14,16,11,11,3,25,22,28,9,17,22,22,16,29,9,20,11,22,10,23,9,25,17],"SA","att",30,30,30,0.95,10000,99.217206955,5000,-1,50,0.05,0.1],[1,135,25.2825284347,-25.7174715653,[7,14,2,11,14,25,24,14,16,11,11,3,25,22,28,9,17,22,22,16,29,9,20,11,22,10,23,9,25,17],"SA","att",30,30,30,0.95,10000,99.2208161354,5000,-1,50,0.05,0.1],[1,150,25.2825284347,-25.7174715653,[7,14,2,11,14,25,24,14,16,11,11,3,25,22,28,9,17,22,22,16,29,9,20,11,22,10,23,9,25,17],"SA","att",30,30,30,0.95,10000,99.6081693172,5000,-1,50,0.05,0.1],[1,165,25.4705817947,-25.5294182053,[0,26,17,11,14,15,23,9,16,11,21,19,25,22,14,28,12,24,6,4,1,27,25,1,22,23,21,20,25,13],"SA","att",30,30,30,0.95,10000,99.6737122536,5000,-1,50,0.05,0.1],[1,180,25.4705817947,-25.5294182053,[0,26,17,11,14,15,23,9,16,11,21,19,25,22,14,28,12,24,6,4,1,27,25,1,22,23,21,20,25,13],"SA","att",30,30,30,0.95,10000,99.6519477367,5000,-1,50,0.05,0.1],[1,195,25.4705817947,-25.5294182053,[0,26,17,11,14,15,23,9,16,11,21,19,25,22,14,28,12,24,6,4,1,27,25,1,22,23,21,20,25,13],"SA","att",30,30,30,0.95,10000,99.4170012474,5000,-1,50,0.05,0.1],[1,210,25.4705817947,-25.5294182053,[0,26,17,11,14,15,23,9,16,11,21,19,25,22,14,28,12,24,6,4,1,27,25,1,22,23,21,20,25,13],"SA","att",30,30,30,0.95,10000,99.430770874,5000,-1,50,0.05,0.1],[1,225,26.7615724393,-24.2384275607,[8,26,10,11,14,8,8,0,16,11,21,5,1,24,23,4,22,6,6,4,1,7,26,9,22,23,18,9,29,17],"SA","att",30,30,30,0.95,10000,99.4760870934,5000,-1,50,0.05,0.1],[1,240,26.7615724393,-24.2384275607,[8,26,10,11,14,8,8,0,16,11,21,5,1,24,23,4,22,6,6,4,1,7,26,9,22,23,18,9,29,17],"SA","att",30,30,30,0.95,10000,99.2875988483,5000,-1,50,0.05,0.1],[1,255,26.7615724393,-24.2384275607,[8,26,10,11,14,8,8,0,16,11,21,5,1,24,23,4,22,6,6,4,1,7,26,9,22,23,18,9,29,17],"SA","att",30,30,30,0.95,10000,99.4329397678,5000,-1,50,0.05,0.1],[1,270,27.2286809666,-23.7713190334,[29,26,13,2,27,0,7,0,16,6,11,21,1,6,23,6,18,28,6,16,15,7,1,6,22,23,5,6,20,17],"SA","att",30,30,30,0.95,10000,99.503565073,5000,-1,50,0.05,0.1],[1,285,27.2286809666,-23.7713190334,[28,5,9,12,18,9,7,0,29,15,10,27,25,21,29,28,21,17,10,13,15,22,19,6,22,5,13,26,5,26],"SA","att",30,30,30,0.95,10000,99.7918748856,5000,-1,50,0.05,0.1],[1,300,27.2286809666,-23.7713190334,[28,5,9,12,18,9,7,0,29,15,10,27,25,21,29,28,21,17,10,13,15,22,19,6,22,5,13,26,5,26],"SA","att",30,30,30,0.95,10000,99.5988473892,5000,-1,50,0.05,0.1],[1,315,27.2286809666,-23.7713190334,[28,5,9,12,18,9,7,0,29,15,10,27,25,21,29,28,21,17,10,13,15,22,19,6,22,5,13,26,5,26],"SA","att",30,30,30,0.95,10000,99.6190912724,5000,-1,50,0.05,0.1],[1,330,27.2286809666,-23.7713190334,[28,5,9,12,18,9,7,0,29,15,10,27,25,21,29,28,21,17,10,13,15,22,19,6,22,5,13,26,5,26],"SA","att",30,30,30,0.95,10000,99.580217123,5000,-1,50,0.05,0.1],[1,345,27.2286809666,-23.7713190334,[28,5,9,12,18,9,7,0,29,15,10,27,25,21,29,28,21,17,10,13,15,22,19,6,22,5,13,26,5,26],"SA","att",30,30,30,0.95,10000,99.7745962143,5000,-1,50,0.05,0.1],[1,360,27.2286809666,-23.7713190334,[28,5,9,12,18,9,7,0,29,15,10,27,25,21,29,28,21,17,10,13,15,22,19,6,22,5,13,26,5,26],"SA","att",30,30,30,0.95,10000,99.7587149143,5000,-1,50,0.05,0.1],[1,375,27.2286809666,-23.7713190334,[28,5,9,12,18,9,7,0,29,15,10,27,25,21,29,28,21,17,10,13,15,22,19,6,22,5,13,26,5,26],"SA","att",30,30,30,0.95,10000,99.2049703598,5000,-1,50,0.05,0.1],[1,390,27.2286809666,-23.7713190334,[28,5,9,12,18,9,7,0,29,15,10,27,25,21,29,28,21,17,10,13,15,22,19,6,22,5,13,26,5,26],"SA","att",30,30,30,0.95,10000,99.5051534176,5000,-1,50,0.05,0.1],[1,405,27.2286809666,-23.7713190334,[28,5,9,12,18,9,7,0,29,15,10,27,25,21,29,28,21,17,10,13,15,22,19,6,22,5,13,26,5,26],"SA","att",30,30,30,0.95,10000,99.2808353901,5000,-1,50,0.05,0.1],[1,420,27.2286809666,-23.7713190334,[28,5,9,12,18,9,7,0,29,15,10,27,25,21,29,28,21,17,10,13,15,22,19,6,22,5,13,26,5,26],"SA","att",30,30,30,0.95,10000,99.4269492626,5000,-1,50,0.05,0.1],[1,435,27.2286809666,-23.7713190334,[28,5,9,12,18,9,7,0,29,15,10,27,25,21,29,28,21,17,10,13,15,22,19,6,22,5,13,26,5,26],"SA","att",30,30,30,0.95,10000,99.3259043694,5000,-1,50,0.05,0.1],[1,450,27.2286809666,-23.7713190334,[28,5,9,12,18,9,7,0,29,15,10,27,25,21,29,28,21,17,10,13,15,22,19,6,22,5,13,26,5,26],"SA","att",30,30,30,0.95,10000,99.3675386906,5000,-1,50,0.05,0.1],[1,465,27.2286809666,-23.7713190334,[28,5,9,12,18,9,7,0,29,15,10,27,25,21,29,28,21,17,10,13,15,22,19,6,22,5,13,26,5,26],"SA","att",30,30,30,0.95,10000,99.4691984653,5000,-1,50,0.05,0.1],[1,480,27.2286809666,-23.7713190334,[28,5,9,12,18,9,7,0,29,15,10,27,25,21,29,28,21,17,10,13,15,22,19,6,22,5,13,26,5,26],"SA","att",30,30,30,0.95,10000,99.6522948742,5000,-1,50,0.05,0.1],[1,495,27.2286809666,-23.7713190334,[28,5,9,12,18,9,7,0,29,15,10,27,25,21,29,28,21,17,10,13,15,22,19,6,22,5,13,26,5,26],"SA","att",30,30,30,0.95,10000,99.4939126968,5000,-1,50,0.05,0.1],[1,510,27.2286809666,-23.7713190334,[28,5,9,12,18,9,7,0,29,15,10,27,25,21,29,28,21,17,10,13,15,22,19,6,22,5,13,26,5,26],"SA","att",30,30,30,0.95,10000,99.6678583622,5000,-1,50,0.05,0.1],[1,525,27.2286809666,-23.7713190334,[28,5,9,12,18,9,7,0,29,15,10,27,25,21,29,28,21,17,10,13,15,22,19,6,22,5,13,26,5,26],"SA","att",30,30,30,0.95,10000,99.465628624,5000,-1,50,0.05,0.1],[1,540,27.2286809666,-23.7713190334,[28,5,9,12,18,9,7,0,29,15,10,27,25,21,29,28,21,17,10,13,15,22,19,6,22,5,13,26,5,26],"SA","att",30,30,30,0.95,10000,99.3008217812,5000,-1,50,0.05,0.1],[1,555,27.2286809666,-23.7713190334,[28,5,9,12,18,9,7,0,29,15,10,27,25,21,29,28,21,17,10,13,15,22,19,6,22,5,13,26,5,26],"SA","att",30,30,30,0.95,10000,99.4483027458,5000,-1,50,0.05,0.1],[1,570,27.2286809666,-23.7713190334,[28,5,9,12,18,9,7,0,29,15,10,27,25,21,29,28,21,17,10,13,15,22,19,6,22,5,13,26,5,26],"SA","att",30,30,30,0.95,10000,99.5632305145,5000,-1,50,0.05,0.1],[1,585,27.2286809666,-23.7713190334,[28,5,9,12,18,9,7,0,29,15,10,27,25,21,29,28,21,17,10,13,15,22,19,6,22,5,13,26,5,26],"SA","att",30,30,30,0.95,10000,99.6045351028,5000,-1,50,0.05,0.1],[1,600,27.2286809666,-23.7713190334,[28,5,9,12,18,9,7,0,29,15,10,27,25,21,29,28,21,17,10,13,15,22,19,6,22,5,13,26,5,26],"SA","att",30,30,30,0.95,10000,99.8332839012,5000,-1,50,0.05,0.1],[1,615,27.2286809666,-23.7713190334,[28,5,9,12,18,9,7,0,29,15,10,27,25,21,29,28,21,17,10,13,15,22,19,6,22,5,13,26,5,26],