{"columns":["ite","time","q","scaled_eu","z","solver","attacker","|Q|","|X|","|T|","rho","k","utility_time","RS_iters","mcts_iters","sa_iters","eps","lr"],"index":[0,1,2,3,4,5,6,7,8,9,10,11,12,13,14,15,16,17,18,19,20,21,22,23,24,25,26,27,28,29,30,31,32,33,34,35,36,37,38,39,40,41,42,43,44,45,46,47,48,49,50,51,52,53,54,55,56,57,58,59,60,61,62,63,64,65,66,67,68,69,70,71,72,73,74,75,76,77,78,79],"data":[[2,15,23.962351151,-27.037648849,[5,15,2,29,8,23,23,3,3,8,1,6,4,16,3,26,8,29,0,1,3,6,16,23,12,27,4,20,12,6],"SA","att",30,30,30,0.95,10000,100.4133205414,5000,-1,50,0.05,0.1],[2,30,23.962351151,-27.037648849,[5,15,2,29,8,23,23,3,3,8,1,6,4,16,3,26,8,29,0,1,3,6,16,23,12,27,4,20,12,6],"SA","att",30,30,30,0.95,10000,100.534437418,5000,-1,50,0.05,0.1],[2,45,23.962351151,-27.037648849,[5,15,2,29,8,23,23,3,3,8,1,6,4,16,3,26,8,29,0,1,3,6,16,23,12,27,4,20,12,6],"SA","att",30,30,30,0.95,10000,100.482234478,5000,-1,50,0.05,0.1],[2,60,23.962351151,-27.037648849,[5,15,2,29,8,23,23,3,3,8,1,6,4,16,3,26,8,29,0,1,3,6,16,23,12,27,4,20,12,6],"SA","att",30,30,30,0.95,10000,100.9974565506,5000,-1,50,0.05,0.1],[2,75,23.962351151,-27.037648849,[5,15,2,29,8,23,23,3,3,8,1,6,4,16,3,26,8,29,0,1,3,6,16,23,12,27,4,20,12,6],"SA","att",30,30,30,0.95,10000,100.9227199554,5000,-1,50,0.05,0.1],[2,90,23.962351151,-27.037648849,[5,15,2,29,8,23,23,3,3,8,1,6,4,16,3,26,8,29,0,1,3,6,16,23,12,27,4,20,12,6],"SA","att",30,30,30,0.95,10000,100.809030056,5000,-1,50,0.05,0.1],[2,105,23.962351151,-27.037648849,[5,15,2,29,8,23,23,3,3,8,1,6,4,16,3,26,8,29,0,1,3,6,16,23,12,27,4,20,12,6],"SA","att",30,30,30,0.95,10000,100.9887523651,5000,-1,50,0.05,0.1],[2,120,23.962351151,-27.037648849,[5,15,2,29,8,23,23,3,3,8,1,6,4,16,3,26,8,29,0,1,3,6,16,23,12,27,4,20,12,6],"SA","att",30,30,30,0.95,10000,101.0911765099,5000,-1,50,0.05,0.1],[2,135,23.962351151,-27.037648849,[5,15,2,29,8,23,23,3,3,8,1,6,4,16,3,26,8,29,0,1,3,6,16,23,12,27,4,20,12,6],"SA","att",30,30,30,0.95,10000,101.0368108749,5000,-1,50,0.05,0.1],[2,150,23.962351151,-27.037648849,[5,15,2,29,8,23,23,3,3,8,1,6,4,16,3,26,8,29,0,1,3,6,16,23,12,27,4,20,12,6],"SA","att",30,30,30,0.95,10000,101.0779385567,5000,-1,50,0.05,0.1],[2,165,24.0642837243,-26.9357162757,[18,10,28,29,2,29,27,11,18,29,27,3,19,26,4,10,24,20,29,16,1,25,16,11,12,19,12,17,11,10],"SA","att",30,30,30,0.95,10000,101.1178917885,5000,-1,50,0.05,0.1],[2,180,24.0642837243,-26.9357162757,[18,10,28,29,2,29,27,11,18,29,27,3,19,26,4,10,24,20,29,16,1,25,16,11,12,19,12,17,11,10],"SA","att",30,30,30,0.95,10000,101.1735098362,5000,-1,50,0.05,0.1],[2,195,24.0642837243,-26.9357162757,[18,10,28,29,2,29,27,11,18,29,27,3,19,26,4,10,24,20,29,16,1,25,16,11,12,19,12,17,11,10],"SA","att",30,30,30,0.95,10000,113.7795011997,5000,-1,50,0.05,0.1],[2,210,24.0642837243,-26.9357162757,[18,10,28,29,2,29,27,11,18,29,27,3,19,26,4,10,24,20,29,16,1,25,16,11,12,19,12,17,11,10],"SA","att",30,30,30,0.95,10000,100.9276287556,5000,-1,50,0.05,0.1],[2,225,24.16344933,-26.83655067,[18,1,18,17,24,21,5,10,18,25,25,23,17,28,23,26,17,29,12,11,27,1,7,15,16,3,1,1,27,27],"SA","att",30,30,30,0.95,10000,100.9382750988,5000,-1,50,0.05,0.1],[2,240,24.16344933,-26.83655067,[18,1,18,17,24,21,5,10,18,25,25,23,17,28,23,26,17,29,12,11,27,1,7,15,16,3,1,1,27,27],"SA","att",30,30,30,0.95,10000,100.9639043808,5000,-1,50,0.05,0.1],[2,255,24.16344933,-26.83655067,[18,1,18,17,24,21,5,10,18,25,25,23,17,28,23,26,17,29,12,11,27,1,7,15,16,3,1,1,27,27],"SA","att",30,30,30,0.95,10000,101.445066452,5000,-1,50,0.05,0.1],[2,270,24.16344933,-26.83655067,[18,1,18,17,24,21,5,10,18,25,25,23,17,28,23,26,17,29,12,11,27,1,7,15,16,3,1,1,27,27],"SA","att",30,30,30,0.95,10000,101.4780132771,5000,-1,50,0.05,0.1],[2,285,24.16344933,-26.83655067,[18,1,18,17,24,21,5,10,18,25,25,23,17,28,23,26,17,29,12,11,27,1,7,15,16,3,1,1,27,27],"SA","att",30,30,30,0.95,10000,101.1728627682,5000,-1,50,0.05,0.1],[2,300,24.16344933,-26.83655067,[18,1,18,17,24,21,5,10,18,25,25,23,17,28,23,26,17,29,12,11,27,1,7,15,16,3,1,1,27,27],"SA","att",30,30,30,0.95,10000,101.6028568745,5000,-1,50,0.05,0.1],[2,315,24.16344933,-26.83655067,[18,1,18,17,24,21,5,10,18,25,25,23,17,28,23,26,17,29,12,11,27,1,7,15,16,3,1,1,27,27],"SA","att",30,30,30,0.95,10000,101.3703372478,5000,-1,50,0.05,0.1],[2,330,24.16344933,-26.83655067,[18,1,18,17,24,21,5,10,18,25,25,23,17,28,23,26,17,29,12,11,27,1,7,15,16,3,1,1,27,27],"SA","att",30,30,30,0.95,10000,101.6906070709,5000,-1,50,0.05,0.1],[2,345,24.16344933,-26.83655067,[18,1,18,17,24,21,5,10,18,25,25,23,17,28,23,26,17,29,12,11,27,1,7,15,16,3,1,1,27,27],"SA","att",30,30,30,0.95,10000,101.5850331783,5000,-1,50,0.05,0.1],[2,360,24.5023275312,-26.4976724688,[27,24,8,22,6,26,5,27,14,6,17,2,17,10,19,12,9,15,22,14,7,16,5,23,5,11,14,4,18,7],"SA","att",30,30,30,0.95,10000,101.6373281479,5000,-1,50,0.05,0.1],[2,375,24.5378986546,-26.4621013454,[10,8,28,2,26,8,10,26,20,29,11,14,21,7,9,0,4,0,15,28,2,17,1,23,1,1,17,22,18,29],"SA","att",30,30,30,0.95,10000,101.4240934849,5000,-1,50,0.05,0.1],[2,390,24.5378986546,-26.4621013454,[10,8,28,2,26,8,10,26,20,29,11,14,21,7,9,0,4,0,15,28,2,17,1,23,1,1,17,22,18,29],"SA","att",30,30,30,0.95,10000,101.2887091637,5000,-1,50,0.05,0.1],[2,405,24.5378986546,-26.4621013454,[10,8,28,2,26,8,10,26,20,29,11,14,21,7,9,0,4,0,15,28,2,17,1,23,1,1,17,22,18,29],"SA","att",30,30,30,0.95,10000,101.6183688641,5000,-1,50,0.05,0.1],[2,420,24.5378986546,-26.4621013454,[10,8,28,2,26,8,10,26,20,29,11,14,21,7,9,0,4,0,15,28,2,17,1,23,1,1,17,22,18,29],"SA","att",30,30,30,0.95,10000,101.2845242023,5000,-1,50,0.05,0.1],[2,435,24.5378986546,-26.4621013454,[10,8,28,2,26,8,10,26,20,29,11,14,21,7,9,0,4,0,15,28,2,17,1,23,1,1,17,22,18,29],"SA","att",30,30,30,0.95,10000,101.5328330994,5000,-1,50,0.05,0.1],[2,450,24.5378986546,-26.4621013454,[10,8,28,2,26,8,10,26,20,29,11,14,21,7,9,0,4,0,15,28,2,17,1,23,1,1,17,22,18,29],"SA","att",30,30,30,0.95,10000,101.5320374966,5000,-1,50,0.05,0.1],[2,465,24.5378986546,-26.4621013454,[15,0,9,3,29,1,19,0,11,27,16,5,15,16,24,25,20,8,10,29,13,25,19,16,5,1,14,17,14,17],"SA","att",30,30,30,0.95,10000,101.1567914486,5000,-1,50,0.05,0.1],[2,480,24.5378986546,-26.4621013454,[15,0,9,3,29,1,19,0,11,27,16,5,15,16,24,25,20,8,10,29,13,25,19,16,5,1,14,17,14,17],"SA","att",30,30,30,0.95,10000,101.2861158848,5000,-1,50,0.05,0.1],[2,495,24.6718536664,-26.3281463336,[1,8,29,25,13,6,14,20,16,8,0,11,9,14,27,22,21,16,20,22,27,16,2,1,8,23,28,2,16,23],"SA","att",30,30,30,0.95,10000,101.4532921314,5000,-1,50,0.05,0.1],[2,510,24.6718536664,-26.3281463336,[1,8,29,25,13,6,14,20,16,8,0,11,9,14,27,22,21,16,20,22,27,16,2,1,8,23,28,2,16,23],"SA","att",30,30,30,0.95,10000,100.9489355087,5000,-1,50,0.05,0.1],[2,525,24.6718536664,-26.3281463336,[1,8,29,25,13,6,14,20,16,8,0,11,9,14,27,22,21,16,20,22,27,16,2,1,8,23,28,2,16,23],"SA","att",30,30,30,0.95,10000,101.4377045631,5000,-1,50,0.05,0.1],[2,540,24.6718536664,-26.3281463336,[1,8,29,25,13,6,14,20,16,8,0,11,9,14,27,22,21,16,20,22,27,16,2,1,8,23,28,2,16,23],"SA","att",30,30,30,0.95,10000,101.1123900414,5000,-1,50,0.05,0.1],[2,555,24.6718536664,-26.3281463336,[1,8,29,25,13,6,14,20,16,8,0,11,9,14,27,22,21,16,20,22,27,16,2,1,8,23,28,2,16,23],"SA","att",30,30,30,0.95,10000,101.1365926266,5000,-1,50,0.05,0.1],[2,570,24.6718536664,-26.3281463336,[1,8,29,25,13,6,14,20,16,8,0,11,9,14,27,22,21,16,20,22,27,16,2,1,8,23,28,2,16,23],"SA","att",30,30,30,0.95,10000,101.5234265327,5000,-1,50,0.05,0.1],[2,585,24.6718536664,-26.3281463336,[1,8,29,25,13,6,14,20,16,8,0,11,9,14,27,22,21,16,20,22,27,16,2,1,8,23,28,2,16,23],"SA","att",30,30,30,0.95,10000,101.581050396,5000,-1,50,0.05,0.1],[2,600,24.6718536664,-26.3281463336,[1,8,29,25,13,6,14,20,16,8,0,11,9,14,27,22,21,16,20,22,27,16,2,1,8,23,28,2,16,23],"SA","att",30,30,30,0.95,10000,101.434592247,5000,-1,50,0.05,0.1],[2,615,24.6718536664,-26.3281463336,[1,8,29,25,13,6,14,20,16,8,0,11,9,14,27,22,21,16,20,22,27,16,2,1,8,23,28,2,16,23],