{"columns":["ite","time","q","scaled_eu","z","solver","attacker","|Q|","|X|","|T|","rho","k","utility_time","RS_iters","mcts_iters","sa_iters","eps","lr"],"index":[0,1,2,3,4,5,6,7,8,9,10,11,12,13,14,15,16,17,18,19,20,21,22,23,24,25,26,27,28,29,30,31,32,33,34,35,36,37,38,39,40,41,42,43,44,45,46,47,48,49,50,51,52,53,54,55,56,57,58,59,60,61,62,63,64,65,66,67,68,69,70,71,72,73,74,75,76,77,78,79],"data":[[4,15,22.0808720498,-28.9191279502,[27,29,29,1,28,7,20,10,17,18,29,26,24,5,5,6,10,22,18,25,24,5,21,19,18,12,24,11,25,6],"SA","att",30,30,30,0.95,10000,91.9475154877,5000,-1,50,0.05,0.1],[4,30,22.0808720498,-28.9191279502,[0,8,15,28,20,3,29,16,20,23,17,16,3,25,11,29,1,0,20,29,0,12,5,3,22,2,24,5,11,16],"SA","att",30,30,30,0.95,10000,97.0130233765,5000,-1,50,0.05,0.1],[4,45,22.7387801975,-28.2612198025,[9,1,6,29,26,24,4,0,27,0,8,7,25,9,8,4,11,27,3,18,14,2,26,1,29,13,7,9,12,5],"SA","att",30,30,30,0.95,10000,93.7711241245,5000,-1,50,0.05,0.1],[4,60,23.2804753045,-27.7195246955,[16,24,26,15,22,24,12,0,21,3,1,15,14,4,13,28,24,26,10,26,0,26,22,22,26,19,28,1,20,8],"SA","att",30,30,30,0.95,10000,128.0721435547,5000,-1,50,0.05,0.1],[4,75,23.2804753045,-27.7195246955,[16,24,26,15,22,24,12,0,21,3,1,15,14,4,13,28,24,26,10,26,0,26,22,22,26,19,28,1,20,8],"SA","att",30,30,30,0.95,10000,92.411261797,5000,-1,50,0.05,0.1],[4,90,23.2804753045,-27.7195246955,[8,28,9,22,28,29,8,12,27,18,5,12,22,22,14,3,28,29,10,20,25,24,4,8,5,16,15,17,11,13],"SA","att",30,30,30,0.95,10000,92.1720271111,5000,-1,50,0.05,0.1],[4,105,23.2804753045,-27.7195246955,[8,28,9,22,28,29,8,12,27,18,5,12,22,22,14,3,28,29,10,20,25,24,4,8,5,16,15,17,11,13],"SA","att",30,30,30,0.95,10000,92.6613345146,5000,-1,50,0.05,0.1],[4,120,23.2804753045,-27.7195246955,[8,28,9,22,28,29,8,12,27,18,5,12,22,22,14,3,28,29,10,20,25,24,4,8,5,16,15,17,11,13],"SA","att",30,30,30,0.95,10000,92.3857092857,5000,-1,50,0.05,0.1],[4,135,23.2804753045,-27.7195246955,[8,28,9,22,28,29,8,12,27,18,5,12,22,22,14,3,28,29,10,20,25,24,4,8,5,16,15,17,11,13],"SA","att",30,30,30,0.95,10000,92.6023488045,5000,-1,50,0.05,0.1],[4,150,23.4270816892,-27.5729183108,[3,20,10,16,16,11,3,24,21,20,27,9,15,1,6,12,24,13,3,22,11,17,15,28,15,11,7,0,15,14],"SA","att",30,30,30,0.95,10000,92.5306489468,5000,-1,50,0.05,0.1],[4,165,24.1162789736,-26.8837210264,[2,19,15,14,1,14,27,2,14,15,3,22,14,5,12,11,17,25,10,14,2,29,29,15,14,26,4,24,14,6],"SA","att",30,30,30,0.95,10000,92.5663034916,5000,-1,50,0.05,0.1],[4,180,24.1162789736,-26.8837210264,[2,19,15,14,1,14,27,2,14,15,3,22,14,5,12,11,17,25,10,14,2,29,29,15,14,26,4,24,14,6],"SA","att",30,30,30,0.95,10000,92.5631494522,5000,-1,50,0.05,0.1],[4,195,24.1162789736,-26.8837210264,[2,19,15,14,1,14,27,2,14,15,3,22,14,5,12,11,17,25,10,14,2,29,29,15,14,26,4,24,14,6],"SA","att",30,30,30,0.95,10000,149.9108715057,5000,-1,50,0.05,0.1],[4,210,24.1162789736,-26.8837210264,[2,19,15,14,1,14,27,2,14,15,3,22,14,5,12,11,17,25,10,14,2,29,29,15,14,26,4,24,14,6],"SA","att",30,30,30,0.95,10000,92.5036592484,5000,-1,50,0.05,0.1],[4,225,24.1162789736,-26.8837210264,[2,19,15,14,1,14,27,2,14,15,3,22,14,5,12,11,17,25,10,14,2,29,29,15,14,26,4,24,14,6],"SA","att",30,30,30,0.95,10000,92.6307592392,5000,-1,50,0.05,0.1],[4,240,24.1162789736,-26.8837210264,[2,19,15,14,1,14,27,2,14,15,3,22,14,5,12,11,17,25,10,14,2,29,29,15,14,26,4,24,14,6],"SA","att",30,30,30,0.95,10000,92.2417383194,5000,-1,50,0.05,0.1],[4,255,24.1162789736,-26.8837210264,[2,19,15,14,1,14,27,2,14,15,3,22,14,5,12,11,17,25,10,14,2,29,29,15,14,26,4,24,14,6],"SA","att",30,30,30,0.95,10000,92.8049664497,5000,-1,50,0.05,0.1],[4,270,24.1162789736,-26.8837210264,[2,19,15,14,1,14,27,2,14,15,3,22,14,5,12,11,17,25,10,14,2,29,29,15,14,26,4,24,14,6],"SA","att",30,30,30,0.95,10000,92.626884222,5000,-1,50,0.05,0.1],[4,285,24.1162789736,-26.8837210264,[2,19,15,14,1,14,27,2,14,15,3,22,14,5,12,11,17,25,10,14,2,29,29,15,14,26,4,24,14,6],"SA","att",30,30,30,0.95,10000,92.7415311337,5000,-1,50,0.05,0.1],[4,300,24.1162789736,-26.8837210264,[2,19,15,14,1,14,27,2,14,15,3,22,14,5,12,11,17,25,10,14,2,29,29,15,14,26,4,24,14,6],"SA","att",30,30,30,0.95,10000,107.0145118237,5000,-1,50,0.05,0.1],[4,315,24.1162789736,-26.8837210264,[2,19,15,14,1,14,27,2,14,15,3,22,14,5,12,11,17,25,10,14,2,29,29,15,14,26,4,24,14,6],"SA","att",30,30,30,0.95,10000,92.7679138184,5000,-1,50,0.05,0.1],[4,330,24.1162789736,-26.8837210264,[2,19,15,14,1,14,27,2,14,15,3,22,14,5,12,11,17,25,10,14,2,29,29,15,14,26,4,24,14,6],"SA","att",30,30,30,0.95,10000,92.7720415592,5000,-1,50,0.05,0.1],[4,345,24.1162789736,-26.8837210264,[2,19,15,14,1,14,27,2,14,15,3,22,14,5,12,11,17,25,10,14,2,29,29,15,14,26,4,24,14,6],"SA","att",30,30,30,0.95,10000,92.8523981571,5000,-1,50,0.05,0.1],[4,360,24.1162789736,-26.8837210264,[2,19,15,14,1,14,27,2,14,15,3,22,14,5,12,11,17,25,10,14,2,29,29,15,14,26,4,24,14,6],"SA","att",30,30,30,0.95,10000,92.8199543953,5000,-1,50,0.05,0.1],[4,375,24.1162789736,-26.8837210264,[2,19,15,14,1,14,27,2,14,15,3,22,14,5,12,11,17,25,10,14,2,29,29,15,14,26,4,24,14,6],"SA","att",30,30,30,0.95,10000,92.6271317005,5000,-1,50,0.05,0.1],[4,390,24.1162789736,-26.8837210264,[2,19,15,14,1,14,27,2,14,15,3,22,14,5,12,11,17,25,10,14,2,29,29,15,14,26,4,24,14,6],"SA","att",30,30,30,0.95,10000,92.1028029919,5000,-1,50,0.05,0.1],[4,405,24.1162789736,-26.8837210264,[2,19,15,14,1,14,27,2,14,15,3,22,14,5,12,11,17,25,10,14,2,29,29,15,14,26,4,24,14,6],"SA","att",30,30,30,0.95,10000,92.23346591,5000,-1,50,0.05,0.1],[4,420,25.4037258947,-25.5962741053,[15,25,21,2,26,24,25,29,21,29,6,3,21,22,18,13,9,28,3,13,17,29,18,4,0,11,22,24,20,1],"SA","att",30,30,30,0.95,10000,92.7641465664,5000,-1,50,0.05,0.1],[4,435,25.4037258947,-25.5962741053,[15,25,21,2,26,24,25,29,21,29,6,3,21,22,18,13,9,28,3,13,17,29,18,4,0,11,22,24,20,1],"SA","att",30,30,30,0.95,10000,92.6459043026,5000,-1,50,0.05,0.1],[4,450,25.4037258947,-25.5962741053,[15,25,21,2,26,24,25,29,21,29,6,3,21,22,18,13,9,28,3,13,17,29,18,4,0,11,22,24,20,1],"SA","att",30,30,30,0.95,10000,92.6410012245,5000,-1,50,0.05,0.1],[4,465,25.4037258947,-25.5962741053,[15,25,21,2,26,24,25,29,21,29,6,3,21,22,18,13,9,28,3,13,17,29,18,4,0,11,22,24,20,1],"SA","att",30,30,30,0.95,10000,102.6737875938,5000,-1,50,0.05,0.1],[4,480,25.4037258947,-25.5962741053,[15,25,21,2,26,24,25,29,21,29,6,3,21,22,18,13,9,28,3,13,17,29,18,4,0,11,22,24,20,1],"SA","att",30,30,30,0.95,10000,92.5719602108,5000,-1,50,0.05,0.1],[4,495,25.4037258947,-25.5962741053,[15,25,21,2,26,24,25,29,21,29,6,3,21,22,18,13,9,28,3,13,17,29,18,4,0,11,22,24,20,1],"SA","att",30,30,30,0.95,10000,92.5640103817,5000,-1,50,0.05,0.1],[4,510,25.4037258947,-25.5962741053,[15,25,21,2,26,24,25,29,21,29,6,3,21,22,18,13,9,28,3,13,17,29,18,4,0,11,22,24,20,1],"SA","att",30,30,30,0.95,10000,92.2137215137,5000,-1,50,0.05,0.1],[4,525,25.4037258947,-25.5962741053,[15,25,21,2,26,24,25,29,21,29,6,3,21,22,18,13,9,28,3,13,17,29,18,4,0,11,22,24,20,1],"SA","att",30,30,30,0.95,10000,92.1508874893,5000,-1,50,0.05,0.1],[4,540,25.4037258947,-25.5962741053,[15,25,21,2,26,24,25,29,21,29,6,3,21,22,18,13,9,28,3,13,17,29,18,4,0,11,22,24,20,1],"SA","att",30,30,30,0.95,10000,92.4635870457,5000,-1,50,0.05,0.1],[4,555,25.4037258947,-25.5962741053,[15,25,21,2,26,24,25,29,21,29,6,3,21,22,18,13,9,28,3,13,17,29,18,4,0,11,22,24,20,1],"SA","att",30,30,30,0.95,10000,92.2634520531,5000,-1,50,0.05,0.1],[4,570,25.4037258947,-25.5962741053,[15,25,21,2,26,24,25,29,21,29,6,3,21,22,18,13,9,28,3,13,17,29,18,4,0,11,22,24,20,1],"SA","att",30,30,30,0.95,10000,92.5703053474,5000,-1,50,0.05,0.1],[4,585,25.4037258947,-25.5962741053,[15,25,21,2,26,24,25,29,21,29,6,3,21,22,18,13,9,28,3,13,17,29,18,4,0,11,22,24,20,1],"SA","att",30,30,30,0.95,10000,92.3581178188,5000,-1,50,0.05,0.1],[4,600,25.4037258947,-25.5962741053,[15,25,21,2,26,24,25,29,21,29,6,3,21,22,18,13,9,28,3,13,17,29,18,4,0,11,22,24,20,1],"SA","att",30,30,30,0.95,10000,92.3823053837,5000,-1,50,0.05,0.1],[4,615,25.4037258947,-25.5962741053,[15,25,21,2,26,24,25,29,21,29,6,3,21,22,18,13,9,28,3,13,17,29,18,4,0,11,22,24,20,1],