{"columns":["ite","time","q","scaled_eu","z","solver","attacker","|Q|","|X|","|T|","rho","k","utility_time","RS_iters","mcts_iters","sa_iters","eps","lr"],"index":[0,1,2,3,4,5,6,7,8,9,10,11,12,13,14,15,16,17,18,19,20,21,22,23,24,25,26,27,28,29,30,31,32,33,34,35,36,37,38,39,40,41,42,43,44,45,46,47,48,49,50,51,52,53,54,55,56,57,58,59,60,61,62,63,64,65,66,67,68,69,70,71,72,73,74,75,76,77,78,79],"data":[[7,15,21.9792002755,-29.0207997245,[8,20,29,5,26,8,14,23,23,24,14,13,19,27,17,16,10,23,2,15,29,7,28,9,6,21,15,11,20,5],"SA","att",30,30,30,0.95,10000,100.4978621006,5000,-1,50,0.05,0.1],[7,30,22.9268955146,-28.0731044854,[14,24,17,2,22,16,1,14,2,1,1,13,29,25,17,29,10,1,6,4,10,13,1,7,29,27,25,11,5,2],"SA","att",30,30,30,0.95,10000,100.6148982048,5000,-1,50,0.05,0.1],[7,45,22.9268955146,-28.0731044854,[26,12,3,2,17,19,17,29,0,27,6,11,18,22,5,27,25,13,4,14,24,13,9,26,17,15,28,22,14,8],"SA","att",30,30,30,0.95,10000,101.0471322536,5000,-1,50,0.05,0.1],[7,60,23.8346472599,-27.1653527401,[26,16,5,23,21,16,29,8,19,18,17,23,7,17,13,12,17,22,25,7,17,20,15,28,20,3,6,28,29,8],"SA","att",30,30,30,0.95,10000,101.19911623,5000,-1,50,0.05,0.1],[7,75,23.8346472599,-27.1653527401,[26,16,5,23,21,16,29,8,19,18,17,23,7,17,13,12,17,22,25,7,17,20,15,28,20,3,6,28,29,8],"SA","att",30,30,30,0.95,10000,100.7960772514,5000,-1,50,0.05,0.1],[7,90,23.8346472599,-27.1653527401,[26,16,5,23,21,16,29,8,19,18,17,23,7,17,13,12,17,22,25,7,17,20,15,28,20,3,6,28,29,8],"SA","att",30,30,30,0.95,10000,101.0365595818,5000,-1,50,0.05,0.1],[7,105,23.8346472599,-27.1653527401,[26,16,5,23,21,16,29,8,19,18,17,23,7,17,13,12,17,22,25,7,17,20,15,28,20,3,6,28,29,8],"SA","att",30,30,30,0.95,10000,101.1817967892,5000,-1,50,0.05,0.1],[7,120,23.8346472599,-27.1653527401,[26,16,5,23,21,16,29,8,19,18,17,23,7,17,13,12,17,22,25,7,17,20,15,28,20,3,6,28,29,8],"SA","att",30,30,30,0.95,10000,100.6924567223,5000,-1,50,0.05,0.1],[7,135,23.8346472599,-27.1653527401,[26,16,5,23,21,16,29,8,19,18,17,23,7,17,13,12,17,22,25,7,17,20,15,28,20,3,6,28,29,8],"SA","att",30,30,30,0.95,10000,100.8134496212,5000,-1,50,0.05,0.1],[7,150,23.8346472599,-27.1653527401,[26,16,5,23,21,16,29,8,19,18,17,23,7,17,13,12,17,22,25,7,17,20,15,28,20,3,6,28,29,8],"SA","att",30,30,30,0.95,10000,100.8942680359,5000,-1,50,0.05,0.1],[7,165,24.4774785655,-26.5225214345,[3,16,5,24,7,2,29,22,8,10,19,18,23,28,13,12,24,7,10,21,15,27,14,28,8,8,6,11,28,3],"SA","att",30,30,30,0.95,10000,100.9903635979,5000,-1,50,0.05,0.1],[7,180,24.4774785655,-26.5225214345,[3,16,5,24,7,2,29,22,8,10,19,18,23,28,13,12,24,7,10,21,15,27,14,28,8,8,6,11,28,3],"SA","att",30,30,30,0.95,10000,100.9157800674,5000,-1,50,0.05,0.1],[7,195,24.4774785655,-26.5225214345,[13,12,0,6,19,29,23,0,22,5,3,24,0,14,16,21,5,29,20,24,15,12,14,0,21,15,11,13,6,24],"SA","att",30,30,30,0.95,10000,100.6917452812,5000,-1,50,0.05,0.1],[7,210,24.4774785655,-26.5225214345,[13,12,0,6,19,29,23,0,22,5,3,24,0,14,16,21,5,29,20,24,15,12,14,0,21,15,11,13,6,24],"SA","att",30,30,30,0.95,10000,100.9431521893,5000,-1,50,0.05,0.1],[7,225,26.336102426,-24.663897574,[3,7,19,21,10,29,2,18,21,21,12,16,16,13,0,8,27,7,10,21,15,19,4,6,21,23,24,3,11,0],"SA","att",30,30,30,0.95,10000,100.8051946163,5000,-1,50,0.05,0.1],[7,240,26.336102426,-24.663897574,[3,7,19,21,10,29,2,18,21,21,12,16,16,13,0,8,27,7,10,21,15,19,4,6,21,23,24,3,11,0],"SA","att",30,30,30,0.95,10000,100.7409131527,5000,-1,50,0.05,0.1],[7,255,26.336102426,-24.663897574,[3,7,19,21,10,29,2,18,21,21,12,16,16,13,0,8,27,7,10,21,15,19,4,6,21,23,24,3,11,0],"SA","att",30,30,30,0.95,10000,100.6703522205,5000,-1,50,0.05,0.1],[7,270,28.182042486,-22.817957514,[17,12,6,26,10,29,29,10,28,21,27,18,24,13,0,26,27,27,0,24,8,23,3,6,8,23,6,3,11,21],"SA","att",30,30,30,0.95,10000,100.9375295639,5000,-1,50,0.05,0.1],[7,285,28.2646418171,-22.7353581829,[3,23,9,23,5,29,5,24,20,28,9,18,7,13,0,26,27,16,10,24,15,27,7,6,21,23,6,3,11,21],"SA","att",30,30,30,0.95,10000,101.14097929,5000,-1,50,0.05,0.1],[7,300,28.2646418171,-22.7353581829,[26,12,4,2,24,5,20,13,7,27,26,11,15,23,15,0,4,16,4,9,12,27,25,12,25,6,1,11,20,11],"SA","att",30,30,30,0.95,10000,101.0251512527,5000,-1,50,0.05,0.1],[7,315,28.6402424925,-22.3597575075,[3,12,19,21,5,29,29,24,16,28,9,18,7,13,0,26,12,16,10,24,15,27,7,6,8,7,5,5,1,21],"SA","att",30,30,30,0.95,10000,100.9489731789,5000,-1,50,0.05,0.1],[7,330,28.6402424925,-22.3597575075,[3,12,19,21,5,29,29,24,16,28,9,18,7,13,0,26,12,16,10,24,15,27,7,6,8,7,5,5,1,21],"SA","att",30,30,30,0.95,10000,100.9435145855,5000,-1,50,0.05,0.1],[7,345,28.6402424925,-22.3597575075,[3,12,19,21,5,29,29,24,16,28,9,18,7,13,0,26,12,16,10,24,15,27,7,6,8,7,5,5,1,21],"SA","att",30,30,30,0.95,10000,100.9232532978,5000,-1,50,0.05,0.1],[7,360,31.9953287252,-19.0046712748,[3,12,9,21,5,29,29,10,21,27,9,18,23,28,0,17,27,27,10,24,8,23,18,13,25,23,1,11,1,0],"SA","att",30,30,30,0.95,10000,101.3004930019,5000,-1,50,0.05,0.1],[7,375,32.3171192722,-18.6828807278,[3,12,9,21,4,29,29,10,21,27,9,18,23,28,0,17,27,27,10,24,10,23,18,13,8,23,1,25,11,0],"SA","att",30,30,30,0.95,10000,101.099745512,5000,-1,50,0.05,0.1],[7,390,34.0168586682,-16.9831413318,[3,12,9,21,5,29,29,24,14,27,12,18,12,13,0,1,21,27,10,24,10,23,18,6,25,23,1,5,1,0],"SA","att",30,30,30,0.95,10000,100.9527616501,5000,-1,50,0.05,0.1],[7,405,34.0168586682,-16.9831413318,[5,0,16,29,13,5,20,14,6,6,7,22,6,28,27,20,20,12,28,27,19,22,14,28,22,3,3,28,11,11],"SA","att",30,30,30,0.95,10000,101.386895895,5000,-1,50,0.05,0.1],[7,420,34.6209510778,-16.3790489222,[3,12,9,21,5,29,29,22,14,6,27,18,12,13,19,1,27,27,10,24,12,23,18,24,22,23,1,5,1,0],"SA","att",30,30,30,0.95,10000,100.8925333023,5000,-1,50,0.05,0.1],[7,435,35.6465376851,-15.3534623149,[28,12,9,21,5,29,29,22,14,6,27,18,12,13,19,1,27,27,10,21,12,12,18,24,22,23,1,5,1,0],"SA","att",30,30,30,0.95,10000,100.5843040943,5000,-1,50,0.05,0.1],[7,450,35.6465376851,-15.3534623149,[28,12,9,21,5,29,29,22,14,6,27,18,12,13,19,1,27,27,10,21,12,12,18,24,22,23,1,5,1,0],"SA","att",30,30,30,0.95,10000,100.5073056221,5000,-1,50,0.05,0.1],[7,465,37.2500518186,-13.7499481814,[23,12,9,21,5,29,29,22,21,27,12,15,24,13,0,1,27,27,10,21,12,12,19,24,22,23,1,5,11,0],"SA","att",30,30,30,0.95,10000,100.5109717846,5000,-1,50,0.05,0.1],[7,480,37.272199519,-13.727800481,[14,12,9,9,5,29,29,24,14,6,2,2,24,13,7,1,21,16,10,24,28,12,19,24,22,23,1,5,28,20],"SA","att",30,30,30,0.95,10000,100.6223165989,5000,-1,50,0.05,0.1],[7,495,37.272199519,-13.727800481,[7,26,9,26,5,12,1,8,9,7,9,12,21,10,4,23,28,7,8,24,27,18,2,9,8,23,8,11,13,11],"SA","att",30,30,30,0.95,10000,100.4710943699,5000,-1,50,0.05,0.1],[7,510,37.272199519,-13.727800481,[7,26,9,26,5,12,1,8,9,7,9,12,21,10,4,23,28,7,8,24,27,18,2,9,8,23,8,11,13,11],"SA","att",30,30,30,0.95,10000,100.5219888687,5000,-1,50,0.05,0.1],[7,525,37.272199519,-13.727800481,[7,26,9,26,5,12,1,8,9,7,9,12,21,10,4,23,28,7,8,24,27,18,2,9,8,23,8,11,13,11],"SA","att",30,30,30,0.95,10000,100.2291274071,5000,-1,50,0.05,0.1],[7,540,37.272199519,-13.727800481,[7,26,9,26,5,12,1,8,9,7,9,12,21,10,4,23,28,7,8,24,27,18,2,9,8,23,8,11,13,11],"SA","att",30,30,30,0.95,10000,100.4764006138,5000,-1,50,0.05,0.1],[7,555,37.272199519,-13.727800481,[7,26,9,26,5,12,1,8,9,7,9,12,21,10,4,23,28,7,8,24,27,18,2,9,8,23,8,11,13,11],"SA","att",30,30,30,0.95,10000,100.2620797157,5000,-1,50,0.05,0.1],[7,570,37.272199519,-13.727800481,[7,26,9,26,5,12,1,8,9,7,9,12,21,10,4,23,28,7,8,24,27,18,2,9,8,23,8,11,13,11],"SA","att",30,30,30,0.95,10000,100.5973496437,5000,-1,50,0.05,0.1],[7,585,37.272199519,-13.727800481,[7,26,9,26,5,12,1,8,9,7,9,12,21,10,4,23,28,7,8,24,27,18,2,9,8,23,8,11,13,11],"SA","att",30,30,30,0.95,10000,100.5316073895,5000,-1,50,0.05,0.1],[7,600,37.272199519,-13.727800481,[7,26,9,26,5,12,1,8,9,7,9,12,21,10,4,23,28,7,8,24,27,18,2,9,8,23,8,11,13,11],"SA","att",30,30,30,0.95,10000,100.1902472973,5000,-1,50,0.05,0.1],[7,615,37.272199519,-13.727800481,[7,26,9,26,5,12,1,8,9,7,9,12,21,10,4,23,28,7,8,24,27,18,2,9,8,23,8,11,13,11],