{"columns":["ite","time","q","scaled_eu","z","solver","attacker","|Q|","|X|","|T|","rho","k","utility_time","RS_iters","mcts_iters","sa_iters","eps","lr"],"index":[0,1,2,3,4,5,6,7,8,9,10,11,12,13,14,15,16,17,18,19,20,21,22,23,24,25,26,27,28,29,30,31,32,33,34,35,36,37,38,39,40,41,42,43,44,45,46,47,48,49,50,51,52,53,54,55,56,57,58,59,60,61,62,63,64,65,66,67,68,69,70,71,72,73,74,75,76,77,78,79],"data":[[8,15,21.8545556222,-29.1454443778,[20,25,29,29,18,27,14,12,6,10,5,5,12,14,17,19,11,5,8,11,4,22,12,13,29,9,19,0,25,23],"SA","att",30,30,30,0.95,10000,100.0016448498,5000,-1,50,0.05,0.1],[8,30,24.5667056559,-26.4332943441,[26,9,9,27,0,16,20,4,0,22,19,12,20,24,27,8,0,24,0,25,4,2,24,29,20,27,11,10,27,10],"SA","att",30,30,30,0.95,10000,100.5789589882,5000,-1,50,0.05,0.1],[8,45,24.5667056559,-26.4332943441,[26,9,9,27,0,16,20,4,0,22,19,12,20,24,27,8,0,24,0,25,4,2,24,29,20,27,11,10,27,10],"SA","att",30,30,30,0.95,10000,100.4890801907,5000,-1,50,0.05,0.1],[8,60,25.4966645205,-25.5033354795,[7,10,18,21,2,6,6,13,19,3,19,15,26,17,16,19,10,11,23,25,24,23,25,12,23,19,22,24,12,6],"SA","att",30,30,30,0.95,10000,100.7189962864,5000,-1,50,0.05,0.1],[8,75,25.4966645205,-25.5033354795,[7,10,18,21,2,6,6,13,19,3,19,15,26,17,16,19,10,11,23,25,24,23,25,12,23,19,22,24,12,6],"SA","att",30,30,30,0.95,10000,100.6086249352,5000,-1,50,0.05,0.1],[8,90,25.4966645205,-25.5033354795,[29,25,24,9,15,1,24,0,26,3,7,25,5,23,6,11,5,1,20,24,24,24,22,12,9,19,8,10,1,29],"SA","att",30,30,30,0.95,10000,100.8610491753,5000,-1,50,0.05,0.1],[8,105,25.4966645205,-25.5033354795,[29,25,24,9,15,1,24,0,26,3,7,25,5,23,6,11,5,1,20,24,24,24,22,12,9,19,8,10,1,29],"SA","att",30,30,30,0.95,10000,100.8098936081,5000,-1,50,0.05,0.1],[8,120,25.4966645205,-25.5033354795,[29,25,24,9,15,1,24,0,26,3,7,25,5,23,6,11,5,1,20,24,24,24,22,12,9,19,8,10,1,29],"SA","att",30,30,30,0.95,10000,101.0274903774,5000,-1,50,0.05,0.1],[8,135,25.4966645205,-25.5033354795,[29,25,24,9,15,1,24,0,26,3,7,25,5,23,6,11,5,1,20,24,24,24,22,12,9,19,8,10,1,29],"SA","att",30,30,30,0.95,10000,100.8448927402,5000,-1,50,0.05,0.1],[8,150,25.4966645205,-25.5033354795,[29,25,24,9,15,1,24,0,26,3,7,25,5,23,6,11,5,1,20,24,24,24,22,12,9,19,8,10,1,29],"SA","att",30,30,30,0.95,10000,100.4206483364,5000,-1,50,0.05,0.1],[8,165,25.4966645205,-25.5033354795,[29,25,24,9,15,1,24,0,26,3,7,25,5,23,6,11,5,1,20,24,24,24,22,12,9,19,8,10,1,29],"SA","att",30,30,30,0.95,10000,100.5411584377,5000,-1,50,0.05,0.1],[8,180,25.4966645205,-25.5033354795,[29,25,24,9,15,1,24,0,26,3,7,25,5,23,6,11,5,1,20,24,24,24,22,12,9,19,8,10,1,29],"SA","att",30,30,30,0.95,10000,100.2703230381,5000,-1,50,0.05,0.1],[8,195,25.4966645205,-25.5033354795,[29,25,24,9,15,1,24,0,26,3,7,25,5,23,6,11,5,1,20,24,24,24,22,12,9,19,8,10,1,29],"SA","att",30,30,30,0.95,10000,100.3387260437,5000,-1,50,0.05,0.1],[8,210,25.4966645205,-25.5033354795,[29,25,24,9,15,1,24,0,26,3,7,25,5,23,6,11,5,1,20,24,24,24,22,12,9,19,8,10,1,29],"SA","att",30,30,30,0.95,10000,100.5076575279,5000,-1,50,0.05,0.1],[8,225,25.4966645205,-25.5033354795,[29,25,24,9,15,1,24,0,26,3,7,25,5,23,6,11,5,1,20,24,24,24,22,12,9,19,8,10,1,29],"SA","att",30,30,30,0.95,10000,100.8775572777,5000,-1,50,0.05,0.1],[8,240,25.4966645205,-25.5033354795,[29,25,24,9,15,1,24,0,26,3,7,25,5,23,6,11,5,1,20,24,24,24,22,12,9,19,8,10,1,29],"SA","att",30,30,30,0.95,10000,100.5842242241,5000,-1,50,0.05,0.1],[8,255,25.4966645205,-25.5033354795,[29,25,24,9,15,1,24,0,26,3,7,25,5,23,6,11,5,1,20,24,24,24,22,12,9,19,8,10,1,29],"SA","att",30,30,30,0.95,10000,100.1848428249,5000,-1,50,0.05,0.1],[8,270,25.4966645205,-25.5033354795,[29,25,24,9,15,1,24,0,26,3,7,25,5,23,6,11,5,1,20,24,24,24,22,12,9,19,8,10,1,29],"SA","att",30,30,30,0.95,10000,100.1639363766,5000,-1,50,0.05,0.1],[8,285,25.4966645205,-25.5033354795,[29,25,24,9,15,1,24,0,26,3,7,25,5,23,6,11,5,1,20,24,24,24,22,12,9,19,8,10,1,29],"SA","att",30,30,30,0.95,10000,113.1449587345,5000,-1,50,0.05,0.1],[8,300,25.4966645205,-25.5033354795,[29,25,24,9,15,1,24,0,26,3,7,25,5,23,6,11,5,1,20,24,24,24,22,12,9,19,8,10,1,29],"SA","att",30,30,30,0.95,10000,100.2298021317,5000,-1,50,0.05,0.1],[8,315,25.4966645205,-25.5033354795,[29,25,24,9,15,1,24,0,26,3,7,25,5,23,6,11,5,1,20,24,24,24,22,12,9,19,8,10,1,29],"SA","att",30,30,30,0.95,10000,100.0342552662,5000,-1,50,0.05,0.1],[8,330,25.4966645205,-25.5033354795,[29,25,24,9,15,1,24,0,26,3,7,25,5,23,6,11,5,1,20,24,24,24,22,12,9,19,8,10,1,29],"SA","att",30,30,30,0.95,10000,100.2459840775,5000,-1,50,0.05,0.1],[8,345,25.4966645205,-25.5033354795,[29,25,24,9,15,1,24,0,26,3,7,25,5,23,6,11,5,1,20,24,24,24,22,12,9,19,8,10,1,29],"SA","att",30,30,30,0.95,10000,100.1141290665,5000,-1,50,0.05,0.1],[8,360,25.4966645205,-25.5033354795,[29,25,24,9,15,1,24,0,26,3,7,25,5,23,6,11,5,1,20,24,24,24,22,12,9,19,8,10,1,29],"SA","att",30,30,30,0.95,10000,100.1698045731,5000,-1,50,0.05,0.1],[8,375,25.4966645205,-25.5033354795,[29,25,24,9,15,1,24,0,26,3,7,25,5,23,6,11,5,1,20,24,24,24,22,12,9,19,8,10,1,29],"SA","att",30,30,30,0.95,10000,100.1445095539,5000,-1,50,0.05,0.1],[8,390,25.4966645205,-25.5033354795,[29,25,24,9,15,1,24,0,26,3,7,25,5,23,6,11,5,1,20,24,24,24,22,12,9,19,8,10,1,29],"SA","att",30,30,30,0.95,10000,99.8402588367,5000,-1,50,0.05,0.1],[8,405,25.4966645205,-25.5033354795,[29,25,24,9,15,1,24,0,26,3,7,25,5,23,6,11,5,1,20,24,24,24,22,12,9,19,8,10,1,29],"SA","att",30,30,30,0.95,10000,100.163074255,5000,-1,50,0.05,0.1],[8,420,25.4966645205,-25.5033354795,[29,25,24,9,15,1,24,0,26,3,7,25,5,23,6,11,5,1,20,24,24,24,22,12,9,19,8,10,1,29],"SA","att",30,30,30,0.95,10000,100.2279560566,5000,-1,50,0.05,0.1],[8,435,25.4966645205,-25.5033354795,[29,25,24,9,15,1,24,0,26,3,7,25,5,23,6,11,5,1,20,24,24,24,22,12,9,19,8,10,1,29],"SA","att",30,30,30,0.95,10000,116.1041054726,5000,-1,50,0.05,0.1],[8,450,25.4966645205,-25.5033354795,[29,25,24,9,15,1,24,0,26,3,7,25,5,23,6,11,5,1,20,24,24,24,22,12,9,19,8,10,1,29],"SA","att",30,30,30,0.95,10000,100.9587132931,5000,-1,50,0.05,0.1],[8,465,25.4966645205,-25.5033354795,[29,25,24,9,15,1,24,0,26,3,7,25,5,23,6,11,5,1,20,24,24,24,22,12,9,19,8,10,1,29],"SA","att",30,30,30,0.95,10000,101.1278116703,5000,-1,50,0.05,0.1],[8,480,25.4966645205,-25.5033354795,[29,25,24,9,15,1,24,0,26,3,7,25,5,23,6,11,5,1,20,24,24,24,22,12,9,19,8,10,1,29],"SA","att",30,30,30,0.95,10000,101.2033131123,5000,-1,50,0.05,0.1],[8,495,25.4966645205,-25.5033354795,[29,25,24,9,15,1,24,0,26,3,7,25,5,23,6,11,5,1,20,24,24,24,22,12,9,19,8,10,1,29],"SA","att",30,30,30,0.95,10000,101.0371947289,5000,-1,50,0.05,0.1],[8,510,25.4966645205,-25.5033354795,[29,25,24,9,15,1,24,0,26,3,7,25,5,23,6,11,5,1,20,24,24,24,22,12,9,19,8,10,1,29],"SA","att",30,30,30,0.95,10000,101.1031346321,5000,-1,50,0.05,0.1],[8,525,25.4966645205,-25.5033354795,[29,25,24,9,15,1,24,0,26,3,7,25,5,23,6,11,5,1,20,24,24,24,22,12,9,19,8,10,1,29],"SA","att",30,30,30,0.95,10000,101.2912321091,5000,-1,50,0.05,0.1],[8,540,25.4966645205,-25.5033354795,[29,25,24,9,15,1,24,0,26,3,7,25,5,23,6,11,5,1,20,24,24,24,22,12,9,19,8,10,1,29],"SA","att",30,30,30,0.95,10000,101.2356808186,5000,-1,50,0.05,0.1],[8,555,25.4966645205,-25.5033354795,[29,25,24,9,15,1,24,0,26,3,7,25,5,23,6,11,5,1,20,24,24,24,22,12,9,19,8,10,1,29],"SA","att",30,30,30,0.95,10000,101.0723419189,5000,-1,50,0.05,0.1],[8,570,25.4966645205,-25.5033354795,[29,25,24,9,15,1,24,0,26,3,7,25,5,23,6,11,5,1,20,24,24,24,22,12,9,19,8,10,1,29],"SA","att",30,30,30,0.95,10000,101.2756175995,5000,-1,50,0.05,0.1],[8,585,25.4966645205,-25.5033354795,[29,25,24,9,15,1,24,0,26,3,7,25,5,23,6,11,5,1,20,24,24,24,22,12,9,19,8,10,1,29],"SA","att",30,30,30,0.95,10000,99.0294218063,5000,-1,50,0.05,0.1],[8,600,25.4966645205,-25.5033354795,[29,25,24,9,15,1,24,0,26,3,7,25,5,23,6,11,5,1,20,24,24,24,22,12,9,19,8,10,1,29],"SA","att",30,30,30,0.95,10000,100.106708765,5000,-1,50,0.05,0.1],[8,615,25.4966645205,-25.5033354795,[29,25,24,9,15,1,24,0,26,3,7,25,5,23,6,11,5,1,20,24,24,24,22,12,9,19,8,10,1,29],