{"columns":["ite","time","q","scaled_eu","z","solver","attacker","|Q|","|X|","|T|","rho","k","utility_time","RS_iters","mcts_iters","sa_iters","eps","lr"],"index":[0,1,2,3,4,5,6,7,8,9,10,11,12,13,14,15,16,17,18,19,20,21,22,23,24,25,26,27,28,29,30,31,32,33,34,35,36,37,38,39,40,41,42,43,44,45,46,47,48,49,50,51,52,53,54,55,56,57,58,59,60,61,62,63,64,65,66,67,68,69,70,71,72,73,74,75,76,77,78,79],"data":[[9,15,24.0002863189,-26.9997136811,[5,29,28,2,2,6,21,27,6,16,15,24,12,8,14,29,11,25,5,17,29,5,14,2,10,14,23,23,11,21],"SA","att",30,30,30,0.95,10000,134.4138174057,5000,-1,50,0.05,0.1],[9,30,24.4198548145,-26.5801451855,[15,21,1,0,11,1,27,24,20,27,18,15,8,11,7,3,14,29,3,18,1,14,12,12,3,10,20,21,19,11],"SA","att",30,30,30,0.95,10000,92.6199436188,5000,-1,50,0.05,0.1],[9,45,24.4198548145,-26.5801451855,[10,24,3,28,5,7,2,0,20,27,5,0,7,20,15,13,3,5,19,10,1,15,29,20,24,6,19,27,1,3],"SA","att",30,30,30,0.95,10000,92.7230222225,5000,-1,50,0.05,0.1],[9,60,24.4198548145,-26.5801451855,[10,24,3,28,5,7,2,0,20,27,5,0,7,20,15,13,3,5,19,10,1,15,29,20,24,6,19,27,1,3],"SA","att",30,30,30,0.95,10000,92.700876236,5000,-1,50,0.05,0.1],[9,75,24.6789683081,-26.3210316919,[14,18,17,24,19,23,16,0,21,25,17,10,13,24,26,23,3,24,10,0,4,3,5,25,15,10,24,3,17,5],"SA","att",30,30,30,0.95,10000,93.3001651764,5000,-1,50,0.05,0.1],[9,90,25.5868418691,-25.4131581309,[14,25,0,8,29,3,12,0,17,23,3,10,6,24,26,10,14,5,10,0,18,23,14,29,22,10,24,23,8,5],"SA","att",30,30,30,0.95,10000,92.9702291489,5000,-1,50,0.05,0.1],[9,105,25.5868418691,-25.4131581309,[7,12,22,1,26,9,4,0,29,18,20,21,28,1,0,13,0,20,13,17,2,1,14,17,8,19,14,25,29,14],"SA","att",30,30,30,0.95,10000,93.0388827324,5000,-1,50,0.05,0.1],[9,120,25.5868418691,-25.4131581309,[7,12,22,1,26,9,4,0,29,18,20,21,28,1,0,13,0,20,13,17,2,1,14,17,8,19,14,25,29,14],"SA","att",30,30,30,0.95,10000,93.2785968781,5000,-1,50,0.05,0.1],[9,135,25.5868418691,-25.4131581309,[16,12,4,23,28,29,18,0,3,0,4,26,24,17,15,10,5,22,13,7,17,12,6,0,8,21,29,14,13,4],"SA","att",30,30,30,0.95,10000,93.2146916389,5000,-1,50,0.05,0.1],[9,150,26.1698537032,-24.8301462968,[14,11,4,20,29,29,13,0,9,23,17,26,25,4,29,8,25,8,10,11,7,21,14,20,15,25,2,25,0,20],"SA","att",30,30,30,0.95,10000,93.0951764584,5000,-1,50,0.05,0.1],[9,165,28.9844758491,-22.0155241509,[14,12,4,26,5,20,13,0,2,23,20,26,25,4,29,8,25,15,10,29,7,3,14,9,15,19,2,3,0,20],"SA","att",30,30,30,0.95,10000,92.9535119534,5000,-1,50,0.05,0.1],[9,180,29.4811586898,-21.5188413102,[14,12,8,24,5,4,13,0,3,25,20,22,25,4,29,10,25,15,10,4,9,2,14,9,25,19,1,3,3,20],"SA","att",30,30,30,0.95,10000,93.2410387993,5000,-1,50,0.05,0.1],[9,195,29.4811586898,-21.5188413102,[29,26,9,13,14,25,16,18,16,25,17,0,9,6,2,4,8,8,10,18,20,1,24,6,22,18,21,26,20,5],"SA","att",30,30,30,0.95,10000,92.7682688236,5000,-1,50,0.05,0.1],[9,210,29.4811586898,-21.5188413102,[29,26,9,13,14,25,16,18,16,25,17,0,9,6,2,4,8,8,10,18,20,1,24,6,22,18,21,26,20,5],"SA","att",30,30,30,0.95,10000,93.1548440456,5000,-1,50,0.05,0.1],[9,225,29.4811586898,-21.5188413102,[29,26,9,13,14,25,16,18,16,25,17,0,9,6,2,4,8,8,10,18,20,1,24,6,22,18,21,26,20,5],"SA","att",30,30,30,0.95,10000,93.0102887154,5000,-1,50,0.05,0.1],[9,240,29.4811586898,-21.5188413102,[29,26,9,13,14,25,16,18,16,25,17,0,9,6,2,4,8,8,10,18,20,1,24,6,22,18,21,26,20,5],"SA","att",30,30,30,0.95,10000,93.2166986465,5000,-1,50,0.05,0.1],[9,255,29.4811586898,-21.5188413102,[29,26,9,13,14,25,16,18,16,25,17,0,9,6,2,4,8,8,10,18,20,1,24,6,22,18,21,26,20,5],"SA","att",30,30,30,0.95,10000,93.2465560436,5000,-1,50,0.05,0.1],[9,270,29.4811586898,-21.5188413102,[29,26,9,13,14,25,16,18,16,25,17,0,9,6,2,4,8,8,10,18,20,1,24,6,22,18,21,26,20,5],"SA","att",30,30,30,0.95,10000,92.8949849606,5000,-1,50,0.05,0.1],[9,285,29.4811586898,-21.5188413102,[29,26,9,13,14,25,16,18,16,25,17,0,9,6,2,4,8,8,10,18,20,1,24,6,22,18,21,26,20,5],"SA","att",30,30,30,0.95,10000,93.3096761703,5000,-1,50,0.05,0.1],[9,300,29.7118438777,-21.2881561223,[29,12,0,29,5,29,19,0,16,13,20,15,5,29,2,23,25,9,10,18,20,21,14,23,22,6,11,8,2,7],"SA","att",30,30,30,0.95,10000,92.7484211922,5000,-1,50,0.05,0.1],[9,315,29.7118438777,-21.2881561223,[29,12,0,29,5,29,19,0,16,13,20,15,5,29,2,23,25,9,10,18,20,21,14,23,22,6,11,8,2,7],"SA","att",30,30,30,0.95,10000,92.9088292122,5000,-1,50,0.05,0.1],[9,330,32.5595974297,-18.4404025703,[7,6,14,3,5,29,19,18,27,21,20,15,25,25,27,13,1,29,10,29,23,2,19,13,9,26,1,8,2,7],"SA","att",30,30,30,0.95,10000,93.4831330776,5000,-1,50,0.05,0.1],[9,345,32.5595974297,-18.4404025703,[7,6,14,3,5,29,19,18,27,21,20,15,25,25,27,13,1,29,10,29,23,2,19,13,9,26,1,8,2,7],"SA","att",30,30,30,0.95,10000,93.1546599865,5000,-1,50,0.05,0.1],[9,360,32.5595974297,-18.4404025703,[20,0,6,15,1,26,4,0,26,3,11,18,4,19,22,13,1,10,12,18,24,22,19,28,22,15,17,23,20,20],"SA","att",30,30,30,0.95,10000,93.0435667038,5000,-1,50,0.05,0.1],[9,375,32.5595974297,-18.4404025703,[20,0,6,15,1,26,4,0,26,3,11,18,4,19,22,13,1,10,12,18,24,22,19,28,22,15,17,23,20,20],"SA","att",30,30,30,0.95,10000,93.2310080528,5000,-1,50,0.05,0.1],[9,390,33.3089463352,-17.6910536648,[16,12,11,10,5,13,29,22,26,14,4,15,21,18,8,13,1,16,10,18,15,20,11,0,22,23,1,29,0,20],"SA","att",30,30,30,0.95,10000,92.883259058,5000,-1,50,0.05,0.1],[9,405,33.3089463352,-17.6910536648,[16,12,11,10,5,13,29,22,26,14,4,15,21,18,8,13,1,16,10,18,15,20,11,0,22,23,1,29,0,20],"SA","att",30,30,30,0.95,10000,92.9491517544,5000,-1,50,0.05,0.1],[9,420,33.3089463352,-17.6910536648,[16,12,11,10,5,13,29,22,26,14,4,15,21,18,8,13,1,16,10,18,15,20,11,0,22,23,1,29,0,20],"SA","att",30,30,30,0.95,10000,93.2403624058,5000,-1,50,0.05,0.1],[9,435,34.0897979288,-16.9102020712,[10,6,14,10,5,29,19,0,17,14,4,15,10,22,8,2,1,2,10,18,20,13,19,0,22,23,1,8,1,20],"SA","att",30,30,30,0.95,10000,93.2037696838,5000,-1,50,0.05,0.1],[9,450,34.1820294614,-16.8179705386,[10,12,14,2,5,3,29,0,17,27,4,15,29,20,8,2,1,2,10,18,20,13,3,0,9,23,1,29,27,20],"SA","att",30,30,30,0.95,10000,92.84918046,5000,-1,50,0.05,0.1],[9,465,34.1820294614,-16.8179705386,[10,12,14,2,5,3,29,0,17,27,4,15,29,20,8,2,1,2,10,18,20,13,3,0,9,23,1,29,27,20],"SA","att",30,30,30,0.95,10000,92.9333980083,5000,-1,50,0.05,0.1],[9,480,34.1820294614,-16.8179705386,[10,12,14,2,5,3,29,0,17,27,4,15,29,20,8,2,1,2,10,18,20,13,3,0,9,23,1,29,27,20],"SA","att",30,30,30,0.95,10000,93.0262293816,5000,-1,50,0.05,0.1],[9,495,34.2643102389,-16.7356897611,[10,6,14,2,5,29,3,0,3,14,20,24,10,4,8,14,1,2,10,18,19,4,19,24,22,23,1,23,15,20],"SA","att",30,30,30,0.95,10000,92.9629991055,5000,-1,50,0.05,0.1],[9,510,34.2643102389,-16.7356897611,[10,6,14,2,5,29,3,0,3,14,20,24,10,4,8,14,1,2,10,18,19,4,19,24,22,23,1,23,15,20],"SA","att",30,30,30,0.95,10000,92.9751927853,5000,-1,50,0.05,0.1],[9,525,34.2643102389,-16.7356897611,[10,6,14,2,5,29,3,0,3,14,20,24,10,4,8,14,1,2,10,18,19,4,19,24,22,23,1,23,15,20],"SA","att",30,30,30,0.95,10000,92.9007763863,5000,-1,50,0.05,0.1],[9,540,36.6401290378,-14.3598709622,[10,12,14,10,17,29,16,0,13,8,20,24,10,22,8,1,1,2,10,18,9,12,19,9,22,23,1,3,15,20],"SA","att",30,30,30,0.95,10000,93.0841174126,5000,-1,50,0.05,0.1],[9,555,36.6401290378,-14.3598709622,[10,12,14,10,17,29,16,0,13,8,20,24,10,22,8,1,1,2,10,18,9,12,19,9,22,23,1,3,15,20],"SA","att",30,30,30,0.95,10000,93.052513361,5000,-1,50,0.05,0.1],[9,570,40.0598080197,-10.9401919803,[10,12,14,10,19,29,16,0,14,27,20,24,21,22,27,2,1,2,10,18,0,12,19,0,22,23,1,24,2,20],"SA","att",30,30,30,0.95,10000,93.1215920448,5000,-1,50,0.05,0.1],[9,585,40.0598080197,-10.9401919803,[10,12,14,10,19,29,16,0,14,27,20,24,21,22,27,2,1,2,10,18,0,12,19,0,22,23,1,24,2,20],"SA","att",30,30,30,0.95,10000,92.9397976398,5000,-1,50,0.05,0.1],[9,600,40.0598080197,-10.9401919803,[10,12,14,10,19,29,16,0,14,27,20,24,21,22,27,2,1,2,10,18,0,12,19,0,22,23,1,24,2,20],"SA","att",30,30,30,0.95,10000,92.9036672115,5000,-1,50,0.05,0.1],[9,615,41.3738998816,-9.6261001184,[16,12,14,2,5,29,16,0,14,27,20,24,21,29,27,2,1,29,10,15,4,12,19,13,22,23,1,28,9,20],