{"columns":["ite","time","q","scaled_eu","z","solver","attacker","|Q|","|X|","|T|","rho","k","utility_time","RS_iters","mcts_iters","sa_iters","eps","lr"],"index":[0,1,2,3,4,5,6,7,8,9,10,11,12,13,14,15,16,17,18,19,20,21,22,23,24,25,26,27,28,29,30,31,32,33,34,35,36,37,38,39,40,41,42,43,44,45,46,47,48,49,50,51,52,53,54,55,56,57,58,59,60,61,62,63,64,65,66,67,68,69,70,71,72,73,74,75,76,77,78,79],"data":[[5,15,22.8137362989,-28.1862637011,[21,18,24,14,2,24,27,21,11,11,5,5,25,9,15,22,12,4,22,10,8,27,17,12,27,16,27,7,25,25],"SA","att",30,30,30,0.95,10000,100.3998878002,5000,-1,50,0.05,0.1],[5,30,22.8137362989,-28.1862637011,[10,4,15,27,7,7,10,5,20,7,7,9,27,24,27,21,6,13,19,25,5,13,29,1,25,24,1,3,12,7],"SA","att",30,30,30,0.95,10000,100.8163115978,5000,-1,50,0.05,0.1],[5,45,23.7898286161,-27.2101713839,[10,9,5,13,16,7,16,2,27,7,1,10,11,26,29,1,9,9,21,25,21,13,19,11,17,14,14,10,25,18],"SA","att",30,30,30,0.95,10000,100.4104418755,5000,-1,50,0.05,0.1],[5,60,23.7898286161,-27.2101713839,[23,14,12,14,21,19,23,12,20,29,15,8,20,20,10,29,12,0,19,0,15,13,19,2,22,14,18,24,11,25],"SA","att",30,30,30,0.95,10000,100.285405159,5000,-1,50,0.05,0.1],[5,75,23.7898286161,-27.2101713839,[27,5,2,2,2,17,12,26,28,8,6,11,20,22,9,27,21,8,5,11,21,27,7,9,22,11,16,29,29,26],"SA","att",30,30,30,0.95,10000,100.4060006142,5000,-1,50,0.05,0.1],[5,90,23.7898286161,-27.2101713839,[27,5,2,2,2,17,12,26,28,8,6,11,20,22,9,27,21,8,5,11,21,27,7,9,22,11,16,29,29,26],"SA","att",30,30,30,0.95,10000,100.3238329887,5000,-1,50,0.05,0.1],[5,105,23.7898286161,-27.2101713839,[27,5,2,2,2,17,12,26,28,8,6,11,20,22,9,27,21,8,5,11,21,27,7,9,22,11,16,29,29,26],"SA","att",30,30,30,0.95,10000,100.4988236427,5000,-1,50,0.05,0.1],[5,120,23.7898286161,-27.2101713839,[9,12,9,1,10,17,22,14,19,8,22,7,0,19,11,2,11,29,25,19,0,4,20,18,22,11,5,24,11,27],"SA","att",30,30,30,0.95,10000,100.3419919014,5000,-1,50,0.05,0.1],[5,135,24.3122894771,-26.6877105229,[8,12,3,18,22,4,9,23,27,15,21,7,3,5,16,2,13,11,28,12,6,17,5,13,3,14,24,6,11,23],"SA","att",30,30,30,0.95,10000,100.3434407711,5000,-1,50,0.05,0.1],[5,150,24.3122894771,-26.6877105229,[8,12,3,18,22,4,9,23,27,15,21,7,3,5,16,2,13,11,28,12,6,17,5,13,3,14,24,6,11,23],"SA","att",30,30,30,0.95,10000,100.4448866844,5000,-1,50,0.05,0.1],[5,165,24.3122894771,-26.6877105229,[8,12,3,18,22,4,9,23,27,15,21,7,3,5,16,2,13,11,28,12,6,17,5,13,3,14,24,6,11,23],"SA","att",30,30,30,0.95,10000,100.3782856464,5000,-1,50,0.05,0.1],[5,180,24.3122894771,-26.6877105229,[8,12,3,18,22,4,9,23,27,15,21,7,3,5,16,2,13,11,28,12,6,17,5,13,3,14,24,6,11,23],"SA","att",30,30,30,0.95,10000,100.336826086,5000,-1,50,0.05,0.1],[5,195,24.3122894771,-26.6877105229,[8,12,3,18,22,4,9,23,27,15,21,7,3,5,16,2,13,11,28,12,6,17,5,13,3,14,24,6,11,23],"SA","att",30,30,30,0.95,10000,100.3294374943,5000,-1,50,0.05,0.1],[5,210,24.3122894771,-26.6877105229,[8,12,3,18,22,4,9,23,27,15,21,7,3,5,16,2,13,11,28,12,6,17,5,13,3,14,24,6,11,23],"SA","att",30,30,30,0.95,10000,100.6173536777,5000,-1,50,0.05,0.1],[5,225,24.3122894771,-26.6877105229,[8,12,3,18,22,4,9,23,27,15,21,7,3,5,16,2,13,11,28,12,6,17,5,13,3,14,24,6,11,23],"SA","att",30,30,30,0.95,10000,100.4845702648,5000,-1,50,0.05,0.1],[5,240,24.3122894771,-26.6877105229,[8,12,3,18,22,4,9,23,27,15,21,7,3,5,16,2,13,11,28,12,6,17,5,13,3,14,24,6,11,23],"SA","att",30,30,30,0.95,10000,100.4690799713,5000,-1,50,0.05,0.1],[5,255,24.3122894771,-26.6877105229,[8,12,3,18,22,4,9,23,27,15,21,7,3,5,16,2,13,11,28,12,6,17,5,13,3,14,24,6,11,23],"SA","att",30,30,30,0.95,10000,100.6547307968,5000,-1,50,0.05,0.1],[5,270,24.3122894771,-26.6877105229,[8,12,3,18,22,4,9,23,27,15,21,7,3,5,16,2,13,11,28,12,6,17,5,13,3,14,24,6,11,23],"SA","att",30,30,30,0.95,10000,100.337221384,5000,-1,50,0.05,0.1],[5,285,24.3122894771,-26.6877105229,[8,12,3,18,22,4,9,23,27,15,21,7,3,5,16,2,13,11,28,12,6,17,5,13,3,14,24,6,11,23],"SA","att",30,30,30,0.95,10000,100.5082347393,5000,-1,50,0.05,0.1],[5,300,24.3122894771,-26.6877105229,[8,12,3,18,22,4,9,23,27,15,21,7,3,5,16,2,13,11,28,12,6,17,5,13,3,14,24,6,11,23],"SA","att",30,30,30,0.95,10000,105.0830025673,5000,-1,50,0.05,0.1],[5,315,24.3122894771,-26.6877105229,[8,12,3,18,22,4,9,23,27,15,21,7,3,5,16,2,13,11,28,12,6,17,5,13,3,14,24,6,11,23],"SA","att",30,30,30,0.95,10000,100.7446453571,5000,-1,50,0.05,0.1],[5,330,24.3122894771,-26.6877105229,[8,12,3,18,22,4,9,23,27,15,21,7,3,5,16,2,13,11,28,12,6,17,5,13,3,14,24,6,11,23],"SA","att",30,30,30,0.95,10000,100.733985424,5000,-1,50,0.05,0.1],[5,345,25.12904072,-25.87095928,[17,12,4,18,3,17,13,25,15,5,19,13,3,26,12,6,15,29,1,5,10,20,20,0,3,15,1,9,17,18],"SA","att",30,30,30,0.95,10000,100.8318331242,5000,-1,50,0.05,0.1],[5,360,25.12904072,-25.87095928,[17,12,4,18,3,17,13,25,15,5,19,13,3,26,12,6,15,29,1,5,10,20,20,0,3,15,1,9,17,18],"SA","att",30,30,30,0.95,10000,100.3580641747,5000,-1,50,0.05,0.1],[5,375,25.12904072,-25.87095928,[17,12,4,18,3,17,13,25,15,5,19,13,3,26,12,6,15,29,1,5,10,20,20,0,3,15,1,9,17,18],"SA","att",30,30,30,0.95,10000,100.5843143463,5000,-1,50,0.05,0.1],[5,390,25.12904072,-25.87095928,[17,12,4,18,3,17,13,25,15,5,19,13,3,26,12,6,15,29,1,5,10,20,20,0,3,15,1,9,17,18],"SA","att",30,30,30,0.95,10000,100.1942632198,5000,-1,50,0.05,0.1],[5,405,25.12904072,-25.87095928,[17,12,4,18,3,17,13,25,15,5,19,13,3,26,12,6,15,29,1,5,10,20,20,0,3,15,1,9,17,18],"SA","att",30,30,30,0.95,10000,100.1860604286,5000,-1,50,0.05,0.1],[5,420,25.12904072,-25.87095928,[17,12,4,18,3,17,13,25,15,5,19,13,3,26,12,6,15,29,1,5,10,20,20,0,3,15,1,9,17,18],"SA","att",30,30,30,0.95,10000,100.0506529808,5000,-1,50,0.05,0.1],[5,435,25.12904072,-25.87095928,[17,12,4,18,3,17,13,25,15,5,19,13,3,26,12,6,15,29,1,5,10,20,20,0,3,15,1,9,17,18],"SA","att",30,30,30,0.95,10000,100.407531023,5000,-1,50,0.05,0.1],[5,450,25.12904072,-25.87095928,[17,12,4,18,3,17,13,25,15,5,19,13,3,26,12,6,15,29,1,5,10,20,20,0,3,15,1,9,17,18],"SA","att",30,30,30,0.95,10000,100.4083621502,5000,-1,50,0.05,0.1],[5,465,25.12904072,-25.87095928,[17,12,4,18,3,17,13,25,15,5,19,13,3,26,12,6,15,29,1,5,10,20,20,0,3,15,1,9,17,18],"SA","att",30,30,30,0.95,10000,100.3431420326,5000,-1,50,0.05,0.1],[5,480,25.12904072,-25.87095928,[17,12,4,18,3,17,13,25,15,5,19,13,3,26,12,6,15,29,1,5,10,20,20,0,3,15,1,9,17,18],"SA","att",30,30,30,0.95,10000,100.2086925507,5000,-1,50,0.05,0.1],[5,495,25.12904072,-25.87095928,[17,12,4,18,3,17,13,25,15,5,19,13,3,26,12,6,15,29,1,5,10,20,20,0,3,15,1,9,17,18],"SA","att",30,30,30,0.95,10000,100.2960288525,5000,-1,50,0.05,0.1],[5,510,25.12904072,-25.87095928,[17,12,4,18,3,17,13,25,15,5,19,13,3,26,12,6,15,29,1,5,10,20,20,0,3,15,1,9,17,18],"SA","att",30,30,30,0.95,10000,100.4897034168,5000,-1,50,0.05,0.1],[5,525,25.12904072,-25.87095928,[17,12,4,18,3,17,13,25,15,5,19,13,3,26,12,6,15,29,1,5,10,20,20,0,3,15,1,9,17,18],"SA","att",30,30,30,0.95,10000,100.4789848328,5000,-1,50,0.05,0.1],[5,540,25.12904072,-25.87095928,[17,12,4,18,3,17,13,25,15,5,19,13,3,26,12,6,15,29,1,5,10,20,20,0,3,15,1,9,17,18],"SA","att",30,30,30,0.95,10000,100.3343374729,5000,-1,50,0.05,0.1],[5,555,25.12904072,-25.87095928,[17,12,4,18,3,17,13,25,15,5,19,13,3,26,12,6,15,29,1,5,10,20,20,0,3,15,1,9,17,18],"SA","att",30,30,30,0.95,10000,100.0909039974,5000,-1,50,0.05,0.1],[5,570,25.2631879606,-25.7368120394,[3,29,5,2,22,3,24,14,21,9,19,28,22,15,26,6,8,26,26,1,22,27,5,24,22,12,19,13,18,24],"SA","att",30,30,30,0.95,10000,100.1701209545,5000,-1,50,0.05,0.1],[5,585,25.3914681262,-25.6085318738,[1,20,15,1,1,15,20,7,29,27,15,16,22,5,20,28,15,21,0,22,6,5,22,10,22,21,9,0,6,2],"SA","att",30,30,30,0.95,10000,100.4920046329,5000,-1,50,0.05,0.1],[5,600,25.3914681262,-25.6085318738,[1,20,15,1,1,15,20,7,29,27,15,16,22,5,20,28,15,21,0,22,6,5,22,10,22,21,9,0,6,2],"SA","att",30,30,30,0.95,10000,99.7793941498,5000,-1,50,0.05,0.1],[5,615,25.3914681262,-25.6085318738,[1,20,15,1,1,15,20,7,29,27,15,16,22,5,20,28,15,21,0,22,6,5,22,10,22,21,9,0,6,2],"SA","att",30,30,30,0.95,10000,99.7463183403,5000,-1,50,0.05,0.1],[5,630,25.3914681262,-25.6085318738,[1,20,15,1,1,15,20,7,29,27,15,16,22,5,20,28,15,21,0,22,6,5,22,10,22,21,9,0,6,2],