{"columns":["ite","time","q","scaled_eu","z","solver","attacker","|Q|","|X|","|T|","rho","k","utility_time","RS_iters","mcts_iters","sa_iters","eps","lr"],"index":[0,1,2,3,4,5,6,7,8,9,10,11,12,13,14,15,16,17,18,19,20,21,22,23,24,25,26,27,28,29,30,31,32,33,34,35,36,37,38,39,40,41,42,43,44,45,46,47,48,49,50,51,52,53,54,55,56,57,58,59,60,61,62,63,64,65,66,67,68,69,70,71,72,73,74,75,76,77,78,79],"data":[[0,15,23.0645077477,-27.9354922523,[24,19,27,27,8,7,25,10,20,3,7,24,16,12,17,11,10,14,18,29,24,13,10,20,14,14,14,19,24,8],"SA","att",30,30,30,0.95,10000,136.1554675102,5000,-1,50,0.05,0.1],[0,30,23.0645077477,-27.9354922523,[5,15,2,7,2,2,23,18,21,26,7,19,25,14,6,21,27,18,11,23,2,29,26,24,22,1,11,18,7,2],"SA","att",30,30,30,0.95,10000,96.7362601757,5000,-1,50,0.05,0.1],[0,45,23.0645077477,-27.9354922523,[8,6,16,28,5,16,26,9,14,4,12,4,21,25,27,23,22,29,23,17,26,15,20,15,17,26,6,0,3,15],"SA","att",30,30,30,0.95,10000,100.4716756344,5000,-1,50,0.05,0.1],[0,60,23.0645077477,-27.9354922523,[8,6,16,28,5,16,26,9,14,4,12,4,21,25,27,23,22,29,23,17,26,15,20,15,17,26,6,0,3,15],"SA","att",30,30,30,0.95,10000,100.160453558,5000,-1,50,0.05,0.1],[0,75,23.0645077477,-27.9354922523,[8,6,16,28,5,16,26,9,14,4,12,4,21,25,27,23,22,29,23,17,26,15,20,15,17,26,6,0,3,15],"SA","att",30,30,30,0.95,10000,100.5970470905,5000,-1,50,0.05,0.1],[0,90,23.0645077477,-27.9354922523,[8,6,16,28,5,16,26,9,14,4,12,4,21,25,27,23,22,29,23,17,26,15,20,15,17,26,6,0,3,15],"SA","att",30,30,30,0.95,10000,100.575915575,5000,-1,50,0.05,0.1],[0,105,23.0645077477,-27.9354922523,[8,6,16,28,5,16,26,9,14,4,12,4,21,25,27,23,22,29,23,17,26,15,20,15,17,26,6,0,3,15],"SA","att",30,30,30,0.95,10000,100.5555260181,5000,-1,50,0.05,0.1],[0,120,23.1688841923,-27.8311158077,[22,24,4,4,6,9,14,26,6,0,10,28,24,5,3,1,13,15,9,2,20,7,19,11,19,24,3,8,5,21],"SA","att",30,30,30,0.95,10000,100.3858850002,5000,-1,50,0.05,0.1],[0,135,23.1688841923,-27.8311158077,[22,24,4,4,6,9,14,26,6,0,10,28,24,5,3,1,13,15,9,2,20,7,19,11,19,24,3,8,5,21],"SA","att",30,30,30,0.95,10000,100.4581751823,5000,-1,50,0.05,0.1],[0,150,23.3024692058,-27.6975307942,[22,29,10,11,6,5,14,23,15,21,10,27,6,27,9,23,13,5,9,20,25,7,3,15,8,24,3,8,13,21],"SA","att",30,30,30,0.95,10000,100.3093676567,5000,-1,50,0.05,0.1],[0,165,23.6319425538,-27.3680574462,[22,24,10,11,1,5,14,23,15,21,3,27,6,27,9,28,4,5,28,26,22,12,27,26,8,24,4,11,6,21],"SA","att",30,30,30,0.95,10000,100.5551860332,5000,-1,50,0.05,0.1],[0,180,23.6319425538,-27.3680574462,[22,24,10,11,1,5,14,23,15,21,3,27,6,27,9,28,4,5,28,26,22,12,27,26,8,24,4,11,6,21],"SA","att",30,30,30,0.95,10000,100.1889073849,5000,-1,50,0.05,0.1],[0,195,25.55973898,-25.44026102,[22,12,4,28,6,12,14,27,29,0,11,27,6,22,3,5,13,15,9,20,2,26,19,15,5,4,3,26,29,10],"SA","att",30,30,30,0.95,10000,100.2584960461,5000,-1,50,0.05,0.1],[0,210,25.719968915,-25.280031085,[22,12,9,28,6,12,16,27,15,0,11,12,6,27,3,6,13,16,9,26,20,7,19,15,5,24,3,18,8,10],"SA","att",30,30,30,0.95,10000,100.1430096626,5000,-1,50,0.05,0.1],[0,225,27.3835936954,-23.6164063046,[17,12,9,28,6,12,16,0,15,0,15,12,6,27,3,18,13,16,9,26,1,7,19,25,5,19,4,24,16,6],"SA","att",30,30,30,0.95,10000,100.3419675827,5000,-1,50,0.05,0.1],[0,240,27.3835936954,-23.6164063046,[17,12,9,28,6,12,16,0,15,0,15,12,6,27,3,18,13,16,9,26,1,7,19,25,5,19,4,24,16,6],"SA","att",30,30,30,0.95,10000,100.128967762,5000,-1,50,0.05,0.1],[0,255,27.3835936954,-23.6164063046,[9,12,9,3,0,28,6,27,20,18,21,4,26,22,4,3,28,22,2,1,24,8,21,29,22,19,10,21,0,2],"SA","att",30,30,30,0.95,10000,100.3135662079,5000,-1,50,0.05,0.1],[0,270,28.2173013339,-22.7826986661,[17,12,9,11,23,18,17,0,27,16,15,27,6,6,0,6,13,5,9,27,0,7,19,7,22,18,3,18,16,18],"SA","att",30,30,30,0.95,10000,100.685136795,5000,-1,50,0.05,0.1],[0,285,29.6149910513,-21.3850089487,[14,12,9,11,13,29,16,0,27,15,25,7,26,27,0,18,12,22,9,10,0,7,5,15,22,11,21,18,16,7],"SA","att",30,30,30,0.95,10000,100.5495018959,5000,-1,50,0.05,0.1],[0,300,29.6149910513,-21.3850089487,[14,12,9,11,13,29,16,0,27,15,25,7,26,27,0,18,12,22,9,10,0,7,5,15,22,11,21,18,16,7],"SA","att",30,30,30,0.95,10000,100.4881591797,5000,-1,50,0.05,0.1],[0,315,29.6149910513,-21.3850089487,[14,12,9,11,13,29,16,0,27,15,25,7,26,27,0,18,12,22,9,10,0,7,5,15,22,11,21,18,16,7],"SA","att",30,30,30,0.95,10000,100.2597649097,5000,-1,50,0.05,0.1],[0,330,29.6149910513,-21.3850089487,[14,12,9,11,13,29,16,0,27,15,25,7,26,27,0,18,12,22,9,10,0,7,5,15,22,11,21,18,16,7],"SA","att",30,30,30,0.95,10000,100.4754309654,5000,-1,50,0.05,0.1],[0,345,29.6149910513,-21.3850089487,[14,12,9,11,13,29,16,0,27,15,25,7,26,27,0,18,12,22,9,10,0,7,5,15,22,11,21,18,16,7],"SA","att",30,30,30,0.95,10000,100.1034810543,5000,-1,50,0.05,0.1],[0,360,29.6149910513,-21.3850089487,[14,12,9,11,13,29,16,0,27,15,25,7,26,27,0,18,12,22,9,10,0,7,5,15,22,11,21,18,16,7],"SA","att",30,30,30,0.95,10000,100.8759019375,5000,-1,50,0.05,0.1],[0,375,29.6149910513,-21.3850089487,[14,12,9,11,13,29,16,0,27,15,25,7,26,27,0,18,12,22,9,10,0,7,5,15,22,11,21,18,16,7],"SA","att",30,30,30,0.95,10000,100.5851070881,5000,-1,50,0.05,0.1],[0,390,30.2220089003,-20.7779910997,[6,12,4,16,11,29,12,0,28,21,29,1,28,27,3,1,17,13,9,15,22,24,19,15,22,23,4,8,22,29],"SA","att",30,30,30,0.95,10000,100.2359149456,5000,-1,50,0.05,0.1],[0,405,32.1773710581,-18.8226289419,[14,21,4,2,21,19,29,0,22,16,25,0,28,27,28,1,12,14,4,15,25,12,5,15,22,23,21,24,16,7],"SA","att",30,30,30,0.95,10000,100.2144947052,5000,-1,50,0.05,0.1],[0,420,33.3321761601,-17.6678238399,[14,16,9,2,21,29,29,0,22,16,25,0,12,27,28,1,28,14,4,15,0,12,5,15,22,18,21,24,16,7],"SA","att",30,30,30,0.95,10000,100.5838425159,5000,-1,50,0.05,0.1],[0,435,33.3321761601,-17.6678238399,[14,16,9,2,21,29,29,0,22,16,25,0,12,27,28,1,28,14,4,15,0,12,5,15,22,18,21,24,16,7],"SA","att",30,30,30,0.95,10000,100.2132780552,5000,-1,50,0.05,0.1],[0,450,33.3321761601,-17.6678238399,[14,16,9,2,21,29,29,0,22,16,25,0,12,27,28,1,28,14,4,15,0,12,5,15,22,18,21,24,16,7],"SA","att",30,30,30,0.95,10000,100.1027092934,5000,-1,50,0.05,0.1],[0,465,34.0972061819,-16.9027938181,[14,12,9,2,11,29,16,0,22,16,25,0,21,27,28,1,28,6,4,8,0,24,19,15,22,23,21,23,3,29],"SA","att",30,30,30,0.95,10000,100.6153137684,5000,-1,50,0.05,0.1],[0,480,34.0972061819,-16.9027938181,[28,26,28,24,21,7,16,7,3,11,29,0,12,14,28,1,17,6,6,23,24,2,0,12,22,0,21,24,5,0],"SA","att",30,30,30,0.95,10000,100.339297533,5000,-1,50,0.05,0.1],[0,495,34.0972061819,-16.9027938181,[28,26,28,24,21,7,16,7,3,11,29,0,12,14,28,1,17,6,6,23,24,2,0,12,22,0,21,24,5,0],"SA","att",30,30,30,0.95,10000,100.8692264557,5000,-1,50,0.05,0.1],[0,510,34.0972061819,-16.9027938181,[28,26,28,24,21,7,16,7,3,11,29,0,12,14,28,1,17,6,6,23,24,2,0,12,22,0,21,24,5,0],"SA","att",30,30,30,0.95,10000,100.4059803486,5000,-1,50,0.05,0.1],[0,525,34.0972061819,-16.9027938181,[28,26,28,24,21,7,16,7,3,11,29,0,12,14,28,1,17,6,6,23,24,2,0,12,22,0,21,24,5,0],"SA","att",30,30,30,0.95,10000,100.4192707539,5000,-1,50,0.05,0.1],[0,540,35.1587104782,-15.8412895218,[21,12,9,2,21,29,12,0,22,16,22,0,27,27,3,1,28,14,4,10,0,7,19,15,22,23,26,24,3,29],"SA","att",30,30,30,0.95,10000,100.2115392685,5000,-1,50,0.05,0.1],[0,555,35.3559767383,-15.6440232617,[14,12,23,2,26,29,29,0,22,15,25,0,26,14,28,1,28,14,26,10,0,12,3,10,22,23,22,24,16,29],"SA","att",30,30,30,0.95,10000,100.6565642357,5000,-1,50,0.05,0.1],[0,570,36.2289190915,-14.7710809085,[14,12,16,2,18,29,29,0,22,15,22,0,21,14,3,1,28,22,26,28,0,12,19,10,22,23,22,24,3,29],"SA","att",30,30,30,0.95,10000,100.8482336998,5000,-1,50,0.05,0.1],[0,585,38.1805790436,-12.8194209564,[17,12,9,2,11,29,12,0,16,15,22,0,21,22,3,1,28,6,26,10,0,12,19,7,22,23,22,24,3,29],"SA","att",30,30,30,0.95,10000,100.7582256794,5000,-1,50,0.05,0.1],[0,600,38.1805790436,-12.8194209564,[17,12,9,2,11,29,12,0,16,15,22,0,21,22,3,1,28,6,26,10,0,12,19,7,22,23,22,24,3,29],"SA","att",30,30,30,0.95,10000,100.5307245255,5000,-1,50,0.05,0.1],[0,615,39.1720583857,-11.8279416143,[14,12,9,2,5,29,12,0,8,21,22,0,21,22,28,1,28,6,26,10,0,12,19,7,22,23,22,24,17,29],