{"columns":["ite","time","q","scaled_eu","z","solver","attacker","|Q|","|X|","|T|","rho","k","utility_time","RS_iters","mcts_iters","sa_iters","eps","lr"],"index":[0,1,2,3,4,5,6,7,8,9,10,11,12,13,14,15,16,17,18,19,20,21,22,23,24,25,26,27,28,29,30,31,32,33,34,35,36,37,38,39,40,41,42,43,44,45,46,47,48,49,50,51,52,53,54,55,56,57,58,59,60,61,62,63,64,65,66,67,68,69,70,71,72,73,74,75,76,77,78,79],"data":[[0,15,30.109133541,-6.390866459,[10,12,8,16,16,4,2,6,22,20],"SA","pd",10,30,10,0.95,10000,59.3262636662,5000,-1,50,0.05,0.1],[0,30,30.109133541,-6.390866459,[10,12,8,16,16,4,2,6,22,20],"SA","pd",10,30,10,0.95,10000,59.3652684689,5000,-1,50,0.05,0.1],[0,45,30.109133541,-6.390866459,[10,12,8,16,16,4,2,6,22,20],"SA","pd",10,30,10,0.95,10000,59.3543496132,5000,-1,50,0.05,0.1],[0,60,30.109133541,-6.390866459,[20,25,13,19,4,2,28,14,9,13],"SA","pd",10,30,10,0.95,10000,59.0881271362,5000,-1,50,0.05,0.1],[0,75,30.109133541,-6.390866459,[20,25,13,19,4,2,28,14,9,13],"SA","pd",10,30,10,0.95,10000,59.2505817413,5000,-1,50,0.05,0.1],[0,90,30.109133541,-6.390866459,[20,25,13,19,4,2,28,14,9,13],"SA","pd",10,30,10,0.95,10000,58.808385849,5000,-1,50,0.05,0.1],[0,105,30.109133541,-6.390866459,[20,25,13,19,4,2,28,14,9,13],"SA","pd",10,30,10,0.95,10000,59.0306010246,5000,-1,50,0.05,0.1],[0,120,30.6130901878,-5.8869098122,[29,19,0,3,15,17,22,2,4,22],"SA","pd",10,30,10,0.95,10000,58.835062027,5000,-1,50,0.05,0.1],[0,135,30.6130901878,-5.8869098122,[29,19,0,3,15,17,22,2,4,22],"SA","pd",10,30,10,0.95,10000,58.7041609287,5000,-1,50,0.05,0.1],[0,150,30.9920389132,-5.5079610868,[6,19,12,13,14,16,20,11,14,17],"SA","pd",10,30,10,0.95,10000,58.7249162197,5000,-1,50,0.05,0.1],[0,165,30.9920389132,-5.5079610868,[6,19,12,13,14,16,20,11,14,17],"SA","pd",10,30,10,0.95,10000,58.7313034534,5000,-1,50,0.05,0.1],[0,180,31.5422705805,-4.9577294195,[15,19,20,24,6,14,23,11,4,17],"SA","pd",10,30,10,0.95,10000,58.7533209324,5000,-1,50,0.05,0.1],[0,195,31.99675664,-4.50324336,[15,4,22,24,25,11,4,28,5,28],"SA","pd",10,30,10,0.95,10000,58.7264540195,5000,-1,50,0.05,0.1],[0,210,31.99675664,-4.50324336,[15,4,22,24,25,11,4,28,5,28],"SA","pd",10,30,10,0.95,10000,58.5661768913,5000,-1,50,0.05,0.1],[0,225,31.99675664,-4.50324336,[27,9,15,4,20,18,20,13,16,28],"SA","pd",10,30,10,0.95,10000,58.5691187382,5000,-1,50,0.05,0.1],[0,240,31.99675664,-4.50324336,[16,5,15,1,4,24,0,4,9,6],"SA","pd",10,30,10,0.95,10000,58.4255027771,5000,-1,50,0.05,0.1],[0,255,33.3690465045,-3.1309534955,[9,4,26,3,6,24,14,29,5,8],"SA","pd",10,30,10,0.95,10000,58.4669129848,5000,-1,50,0.05,0.1],[0,270,33.3690465045,-3.1309534955,[9,4,26,3,6,24,14,29,5,8],"SA","pd",10,30,10,0.95,10000,58.636141777,5000,-1,50,0.05,0.1],[0,285,33.3690465045,-3.1309534955,[9,4,26,3,6,24,14,29,5,8],"SA","pd",10,30,10,0.95,10000,58.6031453609,5000,-1,50,0.05,0.1],[0,300,33.3690465045,-3.1309534955,[9,4,26,3,6,24,14,29,5,8],"SA","pd",10,30,10,0.95,10000,58.5343766212,5000,-1,50,0.05,0.1],[0,315,33.3690465045,-3.1309534955,[9,4,26,3,6,24,14,29,5,8],"SA","pd",10,30,10,0.95,10000,58.7247431278,5000,-1,50,0.05,0.1],[0,330,33.3690465045,-3.1309534955,[9,4,26,3,6,24,14,29,5,8],"SA","pd",10,30,10,0.95,10000,58.8706851006,5000,-1,50,0.05,0.1],[0,345,33.3690465045,-3.1309534955,[9,4,26,3,6,24,14,29,5,8],"SA","pd",10,30,10,0.95,10000,58.7529013157,5000,-1,50,0.05,0.1],[0,360,33.3690465045,-3.1309534955,[9,4,26,3,6,24,14,29,5,8],"SA","pd",10,30,10,0.95,10000,58.9444515705,5000,-1,50,0.05,0.1],[0,375,33.3690465045,-3.1309534955,[9,4,26,3,6,24,14,29,5,8],"SA","pd",10,30,10,0.95,10000,58.7626731396,5000,-1,50,0.05,0.1],[0,390,33.3690465045,-3.1309534955,[9,4,26,3,6,24,14,29,5,8],"SA","pd",10,30,10,0.95,10000,58.6263656616,5000,-1,50,0.05,0.1],[0,405,33.3690465045,-3.1309534955,[9,4,26,3,6,24,14,29,5,8],"SA","pd",10,30,10,0.95,10000,58.5093615055,5000,-1,50,0.05,0.1],[0,420,33.3690465045,-3.1309534955,[9,4,26,3,6,24,14,29,5,8],"SA","pd",10,30,10,0.95,10000,58.6764438152,5000,-1,50,0.05,0.1],[0,435,33.3690465045,-3.1309534955,[9,4,26,3,6,24,14,29,5,8],"SA","pd",10,30,10,0.95,10000,58.6709887981,5000,-1,50,0.05,0.1],[0,450,33.3690465045,-3.1309534955,[9,4,26,3,6,24,14,29,5,8],"SA","pd",10,30,10,0.95,10000,58.835739851,5000,-1,50,0.05,0.1],[0,465,33.3690465045,-3.1309534955,[9,4,26,3,6,24,14,29,5,8],"SA","pd",10,30,10,0.95,10000,58.7140097618,5000,-1,50,0.05,0.1],[0,480,33.3690465045,-3.1309534955,[9,4,26,3,6,24,14,29,5,8],"SA","pd",10,30,10,0.95,10000,58.6551954746,5000,-1,50,0.05,0.1],[0,495,33.3690465045,-3.1309534955,[9,4,26,3,6,24,14,29,5,8],"SA","pd",10,30,10,0.95,10000,58.7361998558,5000,-1,50,0.05,0.1],[0,510,33.3690465045,-3.1309534955,[9,4,26,3,6,24,14,29,5,8],"SA","pd",10,30,10,0.95,10000,58.6416618824,5000,-1,50,0.05,0.1],[0,525,33.3690465045,-3.1309534955,[9,4,26,3,6,24,14,29,5,8],"SA","pd",10,30,10,0.95,10000,58.7229001522,5000,-1,50,0.05,0.1],[0,540,33.3690465045,-3.1309534955,[9,4,26,3,6,24,14,29,5,8],"SA","pd",10,30,10,0.95,10000,58.7745656967,5000,-1,50,0.05,0.1],[0,555,33.3690465045,-3.1309534955,[9,4,26,3,6,24,14,29,5,8],"SA","pd",10,30,10,0.95,10000,59.1245205402,5000,-1,50,0.05,0.1],[0,570,33.3690465045,-3.1309534955,[9,4,26,3,6,24,14,29,5,8],"SA","pd",10,30,10,0.95,10000,54.8512675762,5000,-1,50,0.05,0.1],[0,585,33.3690465045,-3.1309534955,[9,4,26,3,6,24,14,29,5,8],"SA","pd",10,30,10,0.95,10000,54.6988909245,5000,-1,50,0.05,0.1],[0,600,33.3690465045,-3.1309534955,[9,4,26,3,6,24,14,29,5,8],"SA","pd",10,30,10,0.95,10000,68.8283104897,5000,-1,50,0.05,0.1],[0,615,33.3690465045,-3.1309534955,[9,4,26,3,6,24,14,29,5,8],"SA","pd",10,30,10,0.95,10000,58.9367494583,5000,-1,50,0.05,0.1],[0,630,33.3690465045,-3.1309534955,[20,9,22,17,22,19,17,4,13,28],"SA","pd",10,30,10,0.95,10000,58.8540625572,5000,-1,50,0.05,0.1],[0,645,33.3690465045,-3.1309534955,[20,9,22,17,22,19,17,4,13,28],"SA","pd",10,30,10,0.95,10000,58.7569675446,5000,-1,50,0.05,0.1],[0,660,33.3690465045,-3.1309534955,[20,9,22,17,22,19,17,4,13,28],"SA","pd",10,30,10,0.95,10000,58.7958707809,5000,-1,50,0.05,0.1],[0,675,33.3690465045,-3.1309534955,[20,9,22,17,22,19,17,4,13,28],"SA","pd",10,30,10,0.95,10000,59.050886631,5000,-1,50,0.05,0.1],[0,690,33.3690465045,-3.1309534955,[20,9,22,17,22,19,17,4,13,28],"SA","pd",10,30,10,0.95,10000,58.959135294,5000,-1,50,0.05,0.1],[0,705,33.3690465045,-3.1309534955,[20,9,22,17,22,19,17,4,13,28],"SA","pd",10,30,10,0.95,10000,58.8276405334,5000,-1,50,0.05,0.1],[0,720,33.3690465045,-3.1309534955,[20,9,22,17,22,19,17,4,13,28],"SA","pd",10,30,10,0.95,10000,58.6766207218,5000,-1,50,0.05,0.1],[0,735,33.3690465045,-3.1309534955,[20,9,22,17,22,19,17,4,13,28],"SA","pd",10,30,10,0.95,10000,58.8543262482,5000,-1,50,0.05,0.1],[0,750,33.3690465045,-3.1309534955,[20,9,22,17,22,19,17,4,13,28],"SA","pd",10,30,10,0.95,10000,59.2856960297,5000,-1,50,0.05,0.1],[0,765,33.3690465045,-3.1309534955,[20,9,22,17,22,19,17,4,13,28],"SA","pd",10,30,10,0.95,10000,59.485014677,5000,-1,50,0.05,0.1],[0,780,33.3690465045,-3.1309534955,[20,9,22,17,22,19,17,4,13,28],"SA","pd",10,30,10,0.95,10000,59.5306437016,5000,-1,50,0.05,0.1],[0,795,33.3690465045,-3.1309534955,[20,9,22,17,22,19,17,4,13,28],"SA","pd",10,30,10,0.95,10000,59.4971613884,5000,-1,50,0.05,0.1],[0,810,33.3690465045,-3.1309534955,[20,9,22,17,22,19,17,4,13,28],"SA","pd",10,30,10,0.95,10000,59.3183517456,5000,-1,50,0.05,0.1],[0,825,33.3690465045,-3.1309534955,[20,9,22,17,22,19,17,4,13,28],"SA","pd",10,30,10,0.95,10000,59.1385376453,5000,-1,50,0.05,0.1],[0,840,33.3690465045,-3.1309534955,[20,9,22,17,22,19,17,4,13,28],"SA","pd",10,30,10,0.95,10000,59.0768535137,5000,-1,50,0.05,0.1],[0,855,33.3690465045,-3.1309534955,[20,9,22,17,22,19,17,4,13,28],"SA","pd",10,30,10,0.95,10000,58.9919669628,5000,-1,50,0.05,0.1],[0,870,33.3690465045,-3.1309534955,[20,9,22,17,22,19,17,4,13,28],"SA","pd",10,30,10,0.95,10000,58.9167327881,5000,-1,50,0.05,0.1],[0,885,33.3690465045,-3.1309534955,[20,9,22,17,22,19,17,4,13,28],"SA","pd",10,30,10,0.95,10000,58.9830770493,5000,-1,50,0.05,0.1],[0,900,33.3690465045,-3.1309534955,[7,9,28,9,15,24,9,4,11,2],