{"columns":["ite","time","q","scaled_eu","z","solver","attacker","|Q|","|X|","|T|","rho","k","utility_time","RS_iters","mcts_iters","sa_iters","eps","lr"],"index":[0,1,2,3,4,5,6,7,8,9,10,11,12,13,14,15,16,17,18,19,20,21,22,23,24,25,26,27,28,29,30,31,32,33,34,35,36,37,38,39,40,41,42,43,44,45,46,47,48,49,50,51,52,53,54,55,56,57,58,59,60,61,62,63,64,65,66,67,68,69,70,71,72,73,74,75,76,77,78,79],"data":[[1,15,28.2800258194,-8.2199741806,[27,10,26,26,18,7,5,13,29,25],"SA","pd",10,30,10,0.95,10000,57.5020289421,5000,-1,50,0.05,0.1],[1,30,29.7416191929,-6.7583808071,[27,16,20,23,28,12,10,11,18,1],"SA","pd",10,30,10,0.95,10000,57.7047045231,5000,-1,50,0.05,0.1],[1,45,29.7416191929,-6.7583808071,[1,20,25,8,8,24,28,0,16,15],"SA","pd",10,30,10,0.95,10000,57.6827909946,5000,-1,50,0.05,0.1],[1,60,29.7416191929,-6.7583808071,[1,20,25,8,8,24,28,0,16,15],"SA","pd",10,30,10,0.95,10000,57.7695782185,5000,-1,50,0.05,0.1],[1,75,29.8304116766,-6.6695883234,[10,3,23,24,7,15,8,14,22,29],"SA","pd",10,30,10,0.95,10000,57.6541917324,5000,-1,50,0.05,0.1],[1,90,29.8304116766,-6.6695883234,[10,3,23,24,7,15,8,14,22,29],"SA","pd",10,30,10,0.95,10000,57.6874630451,5000,-1,50,0.05,0.1],[1,105,31.8184161402,-4.6815838598,[25,19,10,7,29,19,14,9,25,4],"SA","pd",10,30,10,0.95,10000,57.7164642811,5000,-1,50,0.05,0.1],[1,120,31.8184161402,-4.6815838598,[25,19,10,7,29,19,14,9,25,4],"SA","pd",10,30,10,0.95,10000,57.8642451763,5000,-1,50,0.05,0.1],[1,135,31.8184161402,-4.6815838598,[25,19,10,7,29,19,14,9,25,4],"SA","pd",10,30,10,0.95,10000,57.935033083,5000,-1,50,0.05,0.1],[1,150,31.8184161402,-4.6815838598,[25,19,10,7,29,19,14,9,25,4],"SA","pd",10,30,10,0.95,10000,57.9393396378,5000,-1,50,0.05,0.1],[1,165,31.8184161402,-4.6815838598,[25,19,10,7,29,19,14,9,25,4],"SA","pd",10,30,10,0.95,10000,57.8207252026,5000,-1,50,0.05,0.1],[1,180,33.4411537925,-3.0588462075,[20,28,7,19,21,4,0,4,12,23],"SA","pd",10,30,10,0.95,10000,57.0243005753,5000,-1,50,0.05,0.1],[1,195,33.4411537925,-3.0588462075,[21,19,19,19,19,4,4,4,12,20],"SA","pd",10,30,10,0.95,10000,53.590086937,5000,-1,50,0.05,0.1],[1,210,33.4411537925,-3.0588462075,[0,20,19,19,19,4,4,4,12,9],"SA","pd",10,30,10,0.95,10000,53.5035254955,5000,-1,50,0.05,0.1],[1,225,33.4411537925,-3.0588462075,[0,20,19,19,19,4,4,4,12,9],"SA","pd",10,30,10,0.95,10000,53.6658632755,5000,-1,50,0.05,0.1],[1,240,33.4411537925,-3.0588462075,[0,20,19,19,19,4,4,4,12,9],"SA","pd",10,30,10,0.95,10000,53.6960904598,5000,-1,50,0.05,0.1],[1,255,33.4411537925,-3.0588462075,[0,20,19,19,19,4,4,4,12,9],"SA","pd",10,30,10,0.95,10000,53.5520758629,5000,-1,50,0.05,0.1],[1,270,33.4411537925,-3.0588462075,[0,20,19,19,19,4,4,4,12,9],"SA","pd",10,30,10,0.95,10000,61.7361257076,5000,-1,50,0.05,0.1],[1,285,34.1663380734,-2.3336619266,[4,22,9,20,16,8,14,4,27,8],"SA","pd",10,30,10,0.95,10000,57.5529868603,5000,-1,50,0.05,0.1],[1,300,34.3697426385,-2.1302573615,[4,22,9,24,16,8,14,4,27,8],"SA","pd",10,30,10,0.95,10000,57.7515130043,5000,-1,50,0.05,0.1],[1,315,34.956056513,-1.543943487,[4,6,23,20,21,20,14,4,19,17],"SA","pd",10,30,10,0.95,10000,58.0602033138,5000,-1,50,0.05,0.1],[1,330,37.1076176569,0.6076176569,[4,9,14,24,21,20,14,4,4,10],"SA","pd",10,30,10,0.95,10000,58.0394122601,5000,-1,50,0.05,0.1],[1,345,37.1076176569,0.6076176569,[4,9,14,24,21,20,14,4,4,10],"SA","pd",10,30,10,0.95,10000,57.9535737038,5000,-1,50,0.05,0.1],[1,360,37.1076176569,0.6076176569,[4,9,14,24,21,20,14,4,4,10],"SA","pd",10,30,10,0.95,10000,58.0075745583,5000,-1,50,0.05,0.1],[1,375,37.1076176569,0.6076176569,[4,9,14,24,21,20,14,4,4,10],"SA","pd",10,30,10,0.95,10000,58.0883843899,5000,-1,50,0.05,0.1],[1,390,37.1076176569,0.6076176569,[4,9,14,24,21,20,14,4,4,10],"SA","pd",10,30,10,0.95,10000,57.7150058746,5000,-1,50,0.05,0.1],[1,405,37.1076176569,0.6076176569,[4,9,14,24,21,20,14,4,4,10],"SA","pd",10,30,10,0.95,10000,57.5042901039,5000,-1,50,0.05,0.1],[1,420,37.1076176569,0.6076176569,[4,9,14,24,21,20,14,4,4,10],"SA","pd",10,30,10,0.95,10000,57.1294026375,5000,-1,50,0.05,0.1],[1,435,37.1076176569,0.6076176569,[4,9,14,24,21,20,14,4,4,10],"SA","pd",10,30,10,0.95,10000,57.0723204613,5000,-1,50,0.05,0.1],[1,450,37.1076176569,0.6076176569,[4,9,14,24,21,20,14,4,4,10],"SA","pd",10,30,10,0.95,10000,57.022288084,5000,-1,50,0.05,0.1],[1,465,37.1076176569,0.6076176569,[4,9,14,24,21,20,14,4,4,10],"SA","pd",10,30,10,0.95,10000,56.8354856968,5000,-1,50,0.05,0.1],[1,480,37.1076176569,0.6076176569,[4,9,14,24,21,20,14,4,4,10],"SA","pd",10,30,10,0.95,10000,56.8951947689,5000,-1,50,0.05,0.1],[1,495,37.8860098249,1.3860098249,[4,20,4,9,20,24,14,4,11,23],"SA","pd",10,30,10,0.95,10000,57.0271291733,5000,-1,50,0.05,0.1],[1,510,37.8860098249,1.3860098249,[4,20,4,9,20,24,14,4,11,23],"SA","pd",10,30,10,0.95,10000,57.1583530903,5000,-1,50,0.05,0.1],[1,525,37.8860098249,1.3860098249,[4,20,4,9,20,24,14,4,11,23],"SA","pd",10,30,10,0.95,10000,57.5309741497,5000,-1,50,0.05,0.1],[1,540,37.8860098249,1.3860098249,[4,20,4,9,20,24,14,4,11,23],"SA","pd",10,30,10,0.95,10000,57.1801331043,5000,-1,50,0.05,0.1],[1,555,37.8860098249,1.3860098249,[4,20,4,9,20,24,14,4,11,23],"SA","pd",10,30,10,0.95,10000,57.1461925507,5000,-1,50,0.05,0.1],[1,570,37.8860098249,1.3860098249,[4,20,4,9,20,24,14,4,11,23],"SA","pd",10,30,10,0.95,10000,56.9122703075,5000,-1,50,0.05,0.1],[1,585,37.8860098249,1.3860098249,[4,20,4,9,20,24,14,4,11,23],"SA","pd",10,30,10,0.95,10000,56.7405848503,5000,-1,50,0.05,0.1],[1,600,37.8860098249,1.3860098249,[4,20,4,9,20,24,14,4,11,23],"SA","pd",10,30,10,0.95,10000,56.8082723618,5000,-1,50,0.05,0.1],[1,615,38.7816839584,2.2816839584,[4,15,3,0,20,24,14,4,4,4],"SA","pd",10,30,10,0.95,10000,59.6418809891,5000,-1,50,0.05,0.1],[1,630,39.0286881681,2.5286881681,[4,20,4,0,20,24,14,4,4,4],"SA","pd",10,30,10,0.95,10000,53.8734047413,5000,-1,50,0.05,0.1],[1,645,39.0286881681,2.5286881681,[4,14,4,0,20,24,14,4,4,4],"SA","pd",10,30,10,0.95,10000,52.9791283607,5000,-1,50,0.05,0.1],[1,660,39.0286881681,2.5286881681,[4,4,3,0,23,24,14,4,4,28],"SA","pd",10,30,10,0.95,10000,52.8887121677,5000,-1,50,0.05,0.1],[1,675,39.9092303463,3.4092303463,[4,9,4,14,23,24,14,4,4,4],"SA","pd",10,30,10,0.95,10000,63.2507088184,5000,-1,50,0.05,0.1],[1,690,39.9917799283,3.4917799283,[4,9,4,14,23,24,14,4,4,28],"SA","pd",10,30,10,0.95,10000,56.8379302025,5000,-1,50,0.05,0.1],[1,705,39.9917799283,3.4917799283,[4,9,4,14,23,24,14,4,4,28],"SA","pd",10,30,10,0.95,10000,56.7949550152,5000,-1,50,0.05,0.1],[1,720,39.9974284482,3.4974284482,[4,9,4,14,23,24,14,4,4,28],"SA","pd",10,30,10,0.95,10000,56.6775667667,5000,-1,50,0.05,0.1],[1,735,39.9974284482,3.4974284482,[4,9,4,14,23,24,14,4,4,28],"SA","pd",10,30,10,0.95,10000,56.8172898293,5000,-1,50,0.05,0.1],[1,750,39.9974284482,3.4974284482,[4,9,4,14,23,24,14,4,4,28],"SA","pd",10,30,10,0.95,10000,56.6919403076,5000,-1,50,0.05,0.1],[1,765,39.9974284482,3.4974284482,[4,9,4,14,23,24,14,4,4,28],"SA","pd",10,30,10,0.95,10000,56.8063633442,5000,-1,50,0.05,0.1],[1,780,39.9974284482,3.4974284482,[4,9,4,14,23,24,14,4,4,28],"SA","pd",10,30,10,0.95,10000,56.8831319809,5000,-1,50,0.05,0.1],[1,795,40.1842519329,3.6842519329,[4,9,3,14,0,24,14,4,4,28],"SA","pd",10,30,10,0.95,10000,56.8958339691,5000,-1,50,0.05,0.1],[1,810,40.2433754464,3.7433754464,[4,9,3,24,0,24,14,4,4,28],"SA","pd",10,30,10,0.95,10000,68.7080523968,5000,-1,50,0.05,0.1],[1,825,40.2433754464,3.7433754464,[4,9,3,24,0,24,14,4,4,28],"SA","pd",10,30,10,0.95,10000,78.0088961124,5000,-1,50,0.05,0.1],[1,840,40.2433754464,3.7433754464,[4,9,3,24,0,24,14,4,4,28],"SA","pd",10,30,10,0.95,10000,57.0320994854,5000,-1,50,0.05,0.1],[1,855,40.2433754464,3.7433754464,[4,9,3,24,0,24,14,4,4,28],"SA","pd",10,30,10,0.95,10000,68.3876984119,5000,-1,50,0.05,0.1],[1,870,40.2433754464,3.7433754464,[4,9,3,24,0,24,14,4,4,28],"SA","pd",10,30,10,0.95,10000,52.8854737282,5000,-1,50,0.05,0.1],[1,885,40.2433754464,3.7433754464,[4,9,3,24,0,24,14,4,4,28],"SA","pd",10,30,10,0.95,10000,81.3748469353,5000,-1,50,0.05,0.1],[1,900,40.2433754464,3.7433754464,[4,9,3,24,0,24,14,4,4,28],