{"columns":["ite","time","q","scaled_eu","z","solver","attacker","|Q|","|X|","|T|","rho","k","utility_time","RS_iters","mcts_iters","sa_iters","eps","lr"],"index":[0,1,2,3,4,5,6,7,8,9,10,11,12,13,14,15,16,17,18,19,20,21,22,23,24,25,26,27,28,29,30,31,32,33,34,35,36,37,38,39,40,41,42,43,44,45,46,47,48,49,50,51,52,53,54,55,56,57,58,59,60,61,62,63,64,65,66,67,68,69,70,71,72,73,74,75,76,77,78,79],"data":[[3,15,32.3020179363,-4.1979820637,[4,7,13,2,1,7,19,5,4,24],"SA","pd",10,30,10,0.95,10000,53.5087666512,5000,-1,50,0.05,0.1],[3,30,32.3020179363,-4.1979820637,[4,7,13,2,1,7,19,5,4,24],"SA","pd",10,30,10,0.95,10000,53.6619918346,5000,-1,50,0.05,0.1],[3,45,32.3020179363,-4.1979820637,[4,7,13,2,1,7,19,5,4,24],"SA","pd",10,30,10,0.95,10000,53.5165598392,5000,-1,50,0.05,0.1],[3,60,32.3020179363,-4.1979820637,[4,7,13,2,1,7,19,5,4,24],"SA","pd",10,30,10,0.95,10000,53.5264108181,5000,-1,50,0.05,0.1],[3,75,32.3020179363,-4.1979820637,[4,7,13,2,1,7,19,5,4,24],"SA","pd",10,30,10,0.95,10000,53.7021083832,5000,-1,50,0.05,0.1],[3,90,32.3020179363,-4.1979820637,[4,7,13,2,1,7,19,5,4,24],"SA","pd",10,30,10,0.95,10000,53.6841828823,5000,-1,50,0.05,0.1],[3,105,32.3020179363,-4.1979820637,[4,7,13,2,1,7,19,5,4,24],"SA","pd",10,30,10,0.95,10000,53.5013906956,5000,-1,50,0.05,0.1],[3,120,32.3020179363,-4.1979820637,[4,7,13,2,1,7,19,5,4,24],"SA","pd",10,30,10,0.95,10000,63.8527770042,5000,-1,50,0.05,0.1],[3,135,32.3020179363,-4.1979820637,[4,7,13,2,1,7,19,5,4,24],"SA","pd",10,30,10,0.95,10000,53.5866568089,5000,-1,50,0.05,0.1],[3,150,32.3020179363,-4.1979820637,[4,7,13,2,1,7,19,5,4,24],"SA","pd",10,30,10,0.95,10000,53.870559454,5000,-1,50,0.05,0.1],[3,165,32.3020179363,-4.1979820637,[4,7,13,2,1,7,19,5,4,24],"SA","pd",10,30,10,0.95,10000,53.7064638138,5000,-1,50,0.05,0.1],[3,180,32.3020179363,-4.1979820637,[4,7,13,2,1,7,19,5,4,24],"SA","pd",10,30,10,0.95,10000,53.7074537277,5000,-1,50,0.05,0.1],[3,195,32.3020179363,-4.1979820637,[4,7,13,2,1,7,19,5,4,24],"SA","pd",10,30,10,0.95,10000,53.6371834278,5000,-1,50,0.05,0.1],[3,210,32.7987151386,-3.7012848614,[22,9,17,19,27,5,12,3,24,28],"SA","pd",10,30,10,0.95,10000,53.5935704708,5000,-1,50,0.05,0.1],[3,225,32.7987151386,-3.7012848614,[22,9,17,19,27,5,12,3,24,28],"SA","pd",10,30,10,0.95,10000,53.5246829987,5000,-1,50,0.05,0.1],[3,240,32.7987151386,-3.7012848614,[22,9,17,19,27,5,12,3,24,28],"SA","pd",10,30,10,0.95,10000,53.5878314972,5000,-1,50,0.05,0.1],[3,255,32.7987151386,-3.7012848614,[22,9,17,19,27,5,12,3,24,28],"SA","pd",10,30,10,0.95,10000,53.7437665462,5000,-1,50,0.05,0.1],[3,270,32.7987151386,-3.7012848614,[22,9,17,19,27,5,12,3,24,28],"SA","pd",10,30,10,0.95,10000,53.6915521622,5000,-1,50,0.05,0.1],[3,285,32.7987151386,-3.7012848614,[22,9,17,19,27,5,12,3,24,28],"SA","pd",10,30,10,0.95,10000,53.7681717873,5000,-1,50,0.05,0.1],[3,300,32.7987151386,-3.7012848614,[22,9,17,19,27,5,12,3,24,28],"SA","pd",10,30,10,0.95,10000,53.5739150047,5000,-1,50,0.05,0.1],[3,315,32.7987151386,-3.7012848614,[22,9,17,19,27,5,12,3,24,28],"SA","pd",10,30,10,0.95,10000,53.8545987606,5000,-1,50,0.05,0.1],[3,330,32.7987151386,-3.7012848614,[22,9,17,19,27,5,12,3,24,28],"SA","pd",10,30,10,0.95,10000,53.7689557076,5000,-1,50,0.05,0.1],[3,345,32.7987151386,-3.7012848614,[22,9,17,19,27,5,12,3,24,28],"SA","pd",10,30,10,0.95,10000,53.9705994129,5000,-1,50,0.05,0.1],[3,360,32.7987151386,-3.7012848614,[22,9,17,19,27,5,12,3,24,28],"SA","pd",10,30,10,0.95,10000,53.7375986576,5000,-1,50,0.05,0.1],[3,375,32.7987151386,-3.7012848614,[22,9,17,19,27,5,12,3,24,28],"SA","pd",10,30,10,0.95,10000,53.7584896088,5000,-1,50,0.05,0.1],[3,390,32.7987151386,-3.7012848614,[22,9,17,19,27,5,12,3,24,28],"SA","pd",10,30,10,0.95,10000,53.6155445576,5000,-1,50,0.05,0.1],[3,405,32.7987151386,-3.7012848614,[22,9,17,19,27,5,12,3,24,28],"SA","pd",10,30,10,0.95,10000,53.6753969193,5000,-1,50,0.05,0.1],[3,420,32.7987151386,-3.7012848614,[22,9,17,19,27,5,12,3,24,28],"SA","pd",10,30,10,0.95,10000,53.6884481907,5000,-1,50,0.05,0.1],[3,435,32.7987151386,-3.7012848614,[22,9,17,19,27,5,12,3,24,28],"SA","pd",10,30,10,0.95,10000,53.6410164833,5000,-1,50,0.05,0.1],[3,450,32.7987151386,-3.7012848614,[22,9,17,19,27,5,12,3,24,28],"SA","pd",10,30,10,0.95,10000,53.7355923653,5000,-1,50,0.05,0.1],[3,465,32.7987151386,-3.7012848614,[22,9,17,19,27,5,12,3,24,28],"SA","pd",10,30,10,0.95,10000,53.7792727947,5000,-1,50,0.05,0.1],[3,480,32.7987151386,-3.7012848614,[22,9,17,19,27,5,12,3,24,28],"SA","pd",10,30,10,0.95,10000,53.7416038513,5000,-1,50,0.05,0.1],[3,495,32.7987151386,-3.7012848614,[22,9,17,19,27,5,12,3,24,28],"SA","pd",10,30,10,0.95,10000,53.6962046623,5000,-1,50,0.05,0.1],[3,510,32.7987151386,-3.7012848614,[22,9,17,19,27,5,12,3,24,28],"SA","pd",10,30,10,0.95,10000,53.6628115177,5000,-1,50,0.05,0.1],[3,525,32.7987151386,-3.7012848614,[22,9,17,19,27,5,12,3,24,28],"SA","pd",10,30,10,0.95,10000,53.7408342361,5000,-1,50,0.05,0.1],[3,540,32.7987151386,-3.7012848614,[22,9,17,19,27,5,12,3,24,28],"SA","pd",10,30,10,0.95,10000,53.6805398464,5000,-1,50,0.05,0.1],[3,555,32.7987151386,-3.7012848614,[22,9,17,19,27,5,12,3,24,28],"SA","pd",10,30,10,0.95,10000,53.6342349052,5000,-1,50,0.05,0.1],[3,570,32.7987151386,-3.7012848614,[22,9,17,19,27,5,12,3,24,28],"SA","pd",10,30,10,0.95,10000,53.5952739716,5000,-1,50,0.05,0.1],[3,585,32.7987151386,-3.7012848614,[22,9,17,19,27,5,12,3,24,28],"SA","pd",10,30,10,0.95,10000,53.7103443146,5000,-1,50,0.05,0.1],[3,600,32.7987151386,-3.7012848614,[22,9,17,19,27,5,12,3,24,28],"SA","pd",10,30,10,0.95,10000,53.7796258926,5000,-1,50,0.05,0.1],[3,615,32.7987151386,-3.7012848614,[22,9,17,19,27,5,12,3,24,28],"SA","pd",10,30,10,0.95,10000,53.6468448639,5000,-1,50,0.05,0.1],[3,630,32.7987151386,-3.7012848614,[22,9,17,19,27,5,12,3,24,28],"SA","pd",10,30,10,0.95,10000,53.7608282566,5000,-1,50,0.05,0.1],[3,645,32.7987151386,-3.7012848614,[22,9,17,19,27,5,12,3,24,28],"SA","pd",10,30,10,0.95,10000,53.6129179001,5000,-1,50,0.05,0.1],[3,660,32.7987151386,-3.7012848614,[22,9,17,19,27,5,12,3,24,28],"SA","pd",10,30,10,0.95,10000,53.7895417213,5000,-1,50,0.05,0.1],[3,675,32.7987151386,-3.7012848614,[22,9,17,19,27,5,12,3,24,28],"SA","pd",10,30,10,0.95,10000,53.691341877,5000,-1,50,0.05,0.1],[3,690,32.7987151386,-3.7012848614,[22,9,17,19,27,5,12,3,24,28],"SA","pd",10,30,10,0.95,10000,53.8077058792,5000,-1,50,0.05,0.1],[3,705,32.7987151386,-3.7012848614,[22,9,17,19,27,5,12,3,24,28],"SA","pd",10,30,10,0.95,10000,53.7763297558,5000,-1,50,0.05,0.1],[3,720,32.7987151386,-3.7012848614,[22,9,17,19,27,5,12,3,24,28],"SA","pd",10,30,10,0.95,10000,53.710773468,5000,-1,50,0.05,0.1],[3,735,32.7987151386,-3.7012848614,[22,9,17,19,27,5,12,3,24,28],"SA","pd",10,30,10,0.95,10000,53.8577852249,5000,-1,50,0.05,0.1],[3,750,32.7987151386,-3.7012848614,[22,9,17,19,27,5,12,3,24,28],"SA","pd",10,30,10,0.95,10000,53.7894058228,5000,-1,50,0.05,0.1],[3,765,32.7987151386,-3.7012848614,[22,9,17,19,27,5,12,3,24,28],"SA","pd",10,30,10,0.95,10000,53.7208759785,5000,-1,50,0.05,0.1],[3,780,32.7987151386,-3.7012848614,[22,9,17,19,27,5,12,3,24,28],"SA","pd",10,30,10,0.95,10000,53.6608092785,5000,-1,50,0.05,0.1],[3,795,32.7987151386,-3.7012848614,[22,9,17,19,27,5,12,3,24,28],"SA","pd",10,30,10,0.95,10000,53.8038680553,5000,-1,50,0.05,0.1],[3,810,32.7987151386,-3.7012848614,[22,9,17,19,27,5,12,3,24,28],"SA","pd",10,30,10,0.95,10000,53.788292408,5000,-1,50,0.05,0.1],[3,825,32.7987151386,-3.7012848614,[22,9,17,19,27,5,12,3,24,28],"SA","pd",10,30,10,0.95,10000,53.7294206619,5000,-1,50,0.05,0.1],[3,840,32.7987151386,-3.7012848614,[22,9,17,19,27,5,12,3,24,28],"SA","pd",10,30,10,0.95,10000,53.6989734173,5000,-1,50,0.05,0.1],[3,855,32.7987151386,-3.7012848614,[22,9,17,19,27,5,12,3,24,28],"SA","pd",10,30,10,0.95,10000,53.6763119698,5000,-1,50,0.05,0.1],[3,870,32.7987151386,-3.7012848614,[22,9,17,19,27,5,12,3,24,28],"SA","pd",10,30,10,0.95,10000,53.9834034443,5000,-1,50,0.05,0.1],[3,885,32.7987151386,-3.7012848614,[22,9,17,19,27,5,12,3,24,28],