{"columns":["ite","time","q","scaled_eu","z","solver","attacker","|Q|","|X|","|T|","rho","k","utility_time","RS_iters","mcts_iters","sa_iters","eps","lr"],"index":[0,1,2,3,4,5,6,7,8,9,10,11,12,13,14,15,16,17,18,19,20,21,22,23,24,25,26,27,28,29,30,31,32,33,34,35,36,37,38,39,40,41,42,43,44,45,46,47,48,49,50,51,52,53,54,55,56,57,58,59,60,61,62,63,64,65,66,67,68,69,70,71,72,73,74,75,76,77,78,79],"data":[[4,15,30.7007423095,-5.7992576905,[4,25,14,14,19,11,27,12,18,25],"SA","pd",10,30,10,0.95,10000,57.7050602436,5000,-1,50,0.05,0.1],[4,30,30.7007423095,-5.7992576905,[4,22,28,6,4,0,27,1,0,25],"SA","pd",10,30,10,0.95,10000,57.7620103359,5000,-1,50,0.05,0.1],[4,45,30.7007423095,-5.7992576905,[4,28,16,9,4,23,4,19,28,2],"SA","pd",10,30,10,0.95,10000,57.686371088,5000,-1,50,0.05,0.1],[4,60,30.7007423095,-5.7992576905,[4,9,0,28,11,10,24,28,11,20],"SA","pd",10,30,10,0.95,10000,58.0272862911,5000,-1,50,0.05,0.1],[4,75,31.8262878697,-4.6737121303,[19,25,9,28,4,12,9,15,11,25],"SA","pd",10,30,10,0.95,10000,93.1333811283,5000,-1,50,0.05,0.1],[4,90,31.8262878697,-4.6737121303,[19,25,9,28,4,12,9,15,11,25],"SA","pd",10,30,10,0.95,10000,54.535320282,5000,-1,50,0.05,0.1],[4,105,31.8262878697,-4.6737121303,[19,25,9,28,4,12,9,15,11,25],"SA","pd",10,30,10,0.95,10000,57.6124317646,5000,-1,50,0.05,0.1],[4,120,31.8983833398,-4.6016166602,[10,25,15,11,24,24,9,29,11,2],"SA","pd",10,30,10,0.95,10000,53.4741625786,5000,-1,50,0.05,0.1],[4,135,33.4851756848,-3.0148243152,[6,0,4,19,20,22,10,8,11,7],"SA","pd",10,30,10,0.95,10000,63.0045909882,5000,-1,50,0.05,0.1],[4,150,33.4851756848,-3.0148243152,[6,0,4,19,20,22,10,8,11,7],"SA","pd",10,30,10,0.95,10000,53.7958760262,5000,-1,50,0.05,0.1],[4,165,33.4851756848,-3.0148243152,[6,0,4,19,20,22,10,8,11,7],"SA","pd",10,30,10,0.95,10000,53.4552783966,5000,-1,50,0.05,0.1],[4,180,33.4851756848,-3.0148243152,[6,2,4,19,20,23,14,20,11,14],"SA","pd",10,30,10,0.95,10000,57.5688045025,5000,-1,50,0.05,0.1],[4,195,33.4851756848,-3.0148243152,[6,2,4,19,20,23,14,20,11,14],"SA","pd",10,30,10,0.95,10000,57.8399403095,5000,-1,50,0.05,0.1],[4,210,33.4851756848,-3.0148243152,[6,2,4,19,20,23,14,20,11,14],"SA","pd",10,30,10,0.95,10000,57.9446573257,5000,-1,50,0.05,0.1],[4,225,33.4851756848,-3.0148243152,[6,2,4,19,20,23,14,20,11,14],"SA","pd",10,30,10,0.95,10000,57.8162505627,5000,-1,50,0.05,0.1],[4,240,33.4851756848,-3.0148243152,[6,2,4,19,20,23,14,20,11,14],"SA","pd",10,30,10,0.95,10000,57.7167210579,5000,-1,50,0.05,0.1],[4,255,33.4851756848,-3.0148243152,[6,2,4,19,20,23,14,20,11,14],"SA","pd",10,30,10,0.95,10000,57.7918913364,5000,-1,50,0.05,0.1],[4,270,33.4851756848,-3.0148243152,[6,2,4,19,20,23,14,20,11,14],"SA","pd",10,30,10,0.95,10000,58.0042254925,5000,-1,50,0.05,0.1],[4,285,33.4851756848,-3.0148243152,[6,2,4,19,20,23,14,20,11,14],"SA","pd",10,30,10,0.95,10000,57.9730854034,5000,-1,50,0.05,0.1],[4,300,33.4851756848,-3.0148243152,[6,2,4,19,20,23,14,20,11,14],"SA","pd",10,30,10,0.95,10000,58.0136039257,5000,-1,50,0.05,0.1],[4,315,33.4851756848,-3.0148243152,[6,2,4,19,20,23,14,20,11,14],"SA","pd",10,30,10,0.95,10000,58.1142468452,5000,-1,50,0.05,0.1],[4,330,33.4851756848,-3.0148243152,[6,2,4,19,20,23,14,20,11,14],"SA","pd",10,30,10,0.95,10000,69.6137568951,5000,-1,50,0.05,0.1],[4,345,33.4851756848,-3.0148243152,[6,2,4,19,20,23,14,20,11,14],"SA","pd",10,30,10,0.95,10000,57.8777952194,5000,-1,50,0.05,0.1],[4,360,33.4851756848,-3.0148243152,[6,2,4,19,20,23,14,20,11,14],"SA","pd",10,30,10,0.95,10000,55.8248374462,5000,-1,50,0.05,0.1],[4,375,33.4851756848,-3.0148243152,[6,2,4,19,20,23,14,20,11,14],"SA","pd",10,30,10,0.95,10000,53.9848546982,5000,-1,50,0.05,0.1],[4,390,33.4851756848,-3.0148243152,[6,2,4,19,20,23,14,20,11,14],"SA","pd",10,30,10,0.95,10000,55.4461672306,5000,-1,50,0.05,0.1],[4,405,33.4851756848,-3.0148243152,[6,2,4,19,20,23,14,20,11,14],"SA","pd",10,30,10,0.95,10000,53.4358668327,5000,-1,50,0.05,0.1],[4,420,33.4851756848,-3.0148243152,[6,2,4,19,20,23,14,20,11,14],"SA","pd",10,30,10,0.95,10000,53.5575795174,5000,-1,50,0.05,0.1],[4,435,33.4851756848,-3.0148243152,[6,2,4,19,20,23,14,20,11,14],"SA","pd",10,30,10,0.95,10000,61.4642591476,5000,-1,50,0.05,0.1],[4,450,33.4851756848,-3.0148243152,[6,2,4,19,20,23,14,20,11,14],"SA","pd",10,30,10,0.95,10000,53.3380579948,5000,-1,50,0.05,0.1],[4,465,33.4851756848,-3.0148243152,[6,2,4,19,20,23,14,20,11,14],"SA","pd",10,30,10,0.95,10000,53.1319878101,5000,-1,50,0.05,0.1],[4,480,33.4851756848,-3.0148243152,[6,2,4,19,20,23,14,20,11,14],"SA","pd",10,30,10,0.95,10000,53.2462918758,5000,-1,50,0.05,0.1],[4,495,33.4851756848,-3.0148243152,[6,2,4,19,20,23,14,20,11,14],"SA","pd",10,30,10,0.95,10000,53.3578612804,5000,-1,50,0.05,0.1],[4,510,33.4851756848,-3.0148243152,[6,2,4,19,20,23,14,20,11,14],"SA","pd",10,30,10,0.95,10000,53.5028560162,5000,-1,50,0.05,0.1],[4,525,34.9247810227,-1.5752189773,[1,23,20,14,24,24,8,4,21,28],"SA","pd",10,30,10,0.95,10000,59.261013031,5000,-1,50,0.05,0.1],[4,540,34.9247810227,-1.5752189773,[1,23,20,14,24,24,8,4,21,28],"SA","pd",10,30,10,0.95,10000,53.4899201393,5000,-1,50,0.05,0.1],[4,555,34.9247810227,-1.5752189773,[1,23,20,14,24,24,8,4,21,28],"SA","pd",10,30,10,0.95,10000,53.1923942566,5000,-1,50,0.05,0.1],[4,570,34.9247810227,-1.5752189773,[1,23,20,14,24,24,8,4,21,28],"SA","pd",10,30,10,0.95,10000,55.5962712765,5000,-1,50,0.05,0.1],[4,585,36.4213415431,-0.0786584569,[1,4,20,19,1,22,18,4,0,28],"SA","pd",10,30,10,0.95,10000,57.4179561138,5000,-1,50,0.05,0.1],[4,600,36.4213415431,-0.0786584569,[9,4,20,19,1,22,9,4,11,28],"SA","pd",10,30,10,0.95,10000,57.0972745419,5000,-1,50,0.05,0.1],[4,615,38.5482019966,2.0482019966,[4,4,20,19,1,20,9,4,11,28],"SA","pd",10,30,10,0.95,10000,57.2407090664,5000,-1,50,0.05,0.1],[4,630,38.5482019966,2.0482019966,[4,4,20,19,1,20,9,4,11,28],"SA","pd",10,30,10,0.95,10000,57.1239514351,5000,-1,50,0.05,0.1],[4,645,38.5482019966,2.0482019966,[4,4,20,19,1,20,9,4,11,28],"SA","pd",10,30,10,0.95,10000,57.109013319,5000,-1,50,0.05,0.1],[4,660,38.5482019966,2.0482019966,[4,4,20,19,1,20,9,4,11,28],"SA","pd",10,30,10,0.95,10000,57.0428261757,5000,-1,50,0.05,0.1],[4,675,38.5482019966,2.0482019966,[4,4,20,19,1,20,9,4,11,28],"SA","pd",10,30,10,0.95,10000,57.1446855068,5000,-1,50,0.05,0.1],[4,690,38.5482019966,2.0482019966,[4,4,20,19,1,20,9,4,11,28],"SA","pd",10,30,10,0.95,10000,56.9614574909,5000,-1,50,0.05,0.1],[4,705,38.5482019966,2.0482019966,[4,4,20,19,1,20,9,4,11,28],"SA","pd",10,30,10,0.95,10000,57.3214352131,5000,-1,50,0.05,0.1],[4,720,38.5482019966,2.0482019966,[4,4,20,19,1,20,9,4,11,28],"SA","pd",10,30,10,0.95,10000,57.2818992138,5000,-1,50,0.05,0.1],[4,735,38.5482019966,2.0482019966,[4,4,20,19,1,20,9,4,11,28],"SA","pd",10,30,10,0.95,10000,53.1803810596,5000,-1,50,0.05,0.1],[4,750,38.5482019966,2.0482019966,[4,17,0,4,4,24,8,4,11,28],"SA","pd",10,30,10,0.95,10000,53.5150129795,5000,-1,50,0.05,0.1],[4,765,38.5482019966,2.0482019966,[4,17,0,4,1,24,7,4,11,28],"SA","pd",10,30,10,0.95,10000,53.397459507,5000,-1,50,0.05,0.1],[4,780,38.5482019966,2.0482019966,[4,17,0,4,1,24,7,4,11,28],"SA","pd",10,30,10,0.95,10000,53.5291619301,5000,-1,50,0.05,0.1],[4,795,38.5482019966,2.0482019966,[4,9,0,4,4,24,14,4,4,17],"SA","pd",10,30,10,0.95,10000,53.4743134975,5000,-1,50,0.05,0.1],[4,810,39.5317425773,3.0317425773,[4,9,0,4,4,24,24,4,4,28],"SA","pd",10,30,10,0.95,10000,57.2008411884,5000,-1,50,0.05,0.1],[4,825,39.5317425773,3.0317425773,[4,9,0,4,4,24,24,4,4,28],"SA","pd",10,30,10,0.95,10000,78.3269340992,5000,-1,50,0.05,0.1],[4,840,39.5494024018,3.0494024018,[4,9,0,4,4,24,24,4,4,28],"SA","pd",10,30,10,0.95,10000,53.4537234306,5000,-1,50,0.05,0.1],[4,855,40.1137924622,3.6137924622,[4,9,0,4,4,24,14,4,4,28],"SA","pd",10,30,10,0.95,10000,54.5401062965,5000,-1,50,0.05,0.1],[4,870,40.2874682736,3.7874682736,[4,9,0,4,14,24,14,4,4,28],"SA","pd",10,30,10,0.95,10000,63.1851146221,5000,-1,50,0.05,0.1],[4,885,40.4450348567,3.9450348567,[4,9,0,4,20,24,14,4,4,28],"SA","pd",10,30,10,0.95,10000,73.6140232086,5000,-1,50,0.05,0.1],[4,900,40.4450348567,3.9450348567,[4,9,0,4,20,24,14,4,4,28],