{"columns":["ite","time","q","scaled_eu","z","solver","attacker","|Q|","|X|","|T|","rho","k","utility_time","RS_iters","mcts_iters","sa_iters","eps","lr"],"index":[0,1,2,3,4,5,6,7,8,9,10,11,12,13,14,15,16,17,18,19,20,21,22,23,24,25,26,27,28,29,30,31,32,33,34,35,36,37,38,39,40,41,42,43,44,45,46,47,48,49,50,51,52,53,54,55,56,57,58,59,60,61,62,63,64,65,66,67,68,69,70,71,72,73,74,75,76,77,78,79],"data":[[2,15,29.2654914776,-7.2345085224,[16,7,6,2,11,3,0,1,5,11],"SA","pd",10,30,10,0.95,10000,57.1173703671,5000,-1,50,0.05,0.1],[2,30,32.7324249441,-3.7675750559,[25,9,8,26,22,21,28,4,20,23],"SA","pd",10,30,10,0.95,10000,57.183826685,5000,-1,50,0.05,0.1],[2,45,32.7324249441,-3.7675750559,[25,9,0,26,22,29,0,4,20,23],"SA","pd",10,30,10,0.95,10000,57.2528777122,5000,-1,50,0.05,0.1],[2,60,32.7324249441,-3.7675750559,[25,9,0,26,22,29,0,4,20,23],"SA","pd",10,30,10,0.95,10000,57.2862811089,5000,-1,50,0.05,0.1],[2,75,32.7324249441,-3.7675750559,[25,9,0,26,22,29,0,4,20,23],"SA","pd",10,30,10,0.95,10000,57.3444435596,5000,-1,50,0.05,0.1],[2,90,32.8393322874,-3.6606677126,[2,9,14,2,2,27,18,4,22,23],"SA","pd",10,30,10,0.95,10000,57.2839276791,5000,-1,50,0.05,0.1],[2,105,32.8393322874,-3.6606677126,[2,9,14,2,2,27,18,4,22,23],"SA","pd",10,30,10,0.95,10000,57.1965813637,5000,-1,50,0.05,0.1],[2,120,32.8393322874,-3.6606677126,[2,9,14,2,2,27,18,4,22,23],"SA","pd",10,30,10,0.95,10000,57.7456688881,5000,-1,50,0.05,0.1],[2,135,32.8393322874,-3.6606677126,[2,9,14,2,2,27,18,4,22,23],"SA","pd",10,30,10,0.95,10000,57.8651313782,5000,-1,50,0.05,0.1],[2,150,33.2256933126,-3.2743066874,[18,8,17,5,17,23,14,4,17,23],"SA","pd",10,30,10,0.95,10000,57.9490101337,5000,-1,50,0.05,0.1],[2,165,33.9069896639,-2.5930103361,[18,8,17,25,0,23,14,4,17,23],"SA","pd",10,30,10,0.95,10000,57.9749403,5000,-1,50,0.05,0.1],[2,180,33.9069896639,-2.5930103361,[18,8,17,25,0,23,14,4,17,23],"SA","pd",10,30,10,0.95,10000,57.7321634293,5000,-1,50,0.05,0.1],[2,195,33.9069896639,-2.5930103361,[18,8,17,25,0,23,14,4,17,23],"SA","pd",10,30,10,0.95,10000,58.0568795204,5000,-1,50,0.05,0.1],[2,210,33.9069896639,-2.5930103361,[18,8,17,25,0,23,14,4,17,23],"SA","pd",10,30,10,0.95,10000,57.7440223694,5000,-1,50,0.05,0.1],[2,225,33.9069896639,-2.5930103361,[18,8,17,25,0,23,14,4,17,23],"SA","pd",10,30,10,0.95,10000,57.8072681427,5000,-1,50,0.05,0.1],[2,240,33.9069896639,-2.5930103361,[18,8,17,25,0,23,14,4,17,23],"SA","pd",10,30,10,0.95,10000,57.761879921,5000,-1,50,0.05,0.1],[2,255,33.9069896639,-2.5930103361,[18,8,17,25,0,23,14,4,17,23],"SA","pd",10,30,10,0.95,10000,57.8679568768,5000,-1,50,0.05,0.1],[2,270,33.9069896639,-2.5930103361,[18,8,17,25,0,23,14,4,17,23],"SA","pd",10,30,10,0.95,10000,57.999412775,5000,-1,50,0.05,0.1],[2,285,33.9069896639,-2.5930103361,[18,8,17,25,0,23,14,4,17,23],"SA","pd",10,30,10,0.95,10000,57.821177721,5000,-1,50,0.05,0.1],[2,300,33.9069896639,-2.5930103361,[18,8,17,25,0,23,14,4,17,23],"SA","pd",10,30,10,0.95,10000,57.8477144241,5000,-1,50,0.05,0.1],[2,315,33.9069896639,-2.5930103361,[18,8,17,25,0,23,14,4,17,23],"SA","pd",10,30,10,0.95,10000,58.1061422825,5000,-1,50,0.05,0.1],[2,330,33.9069896639,-2.5930103361,[18,8,17,25,0,23,14,4,17,23],"SA","pd",10,30,10,0.95,10000,58.0807771683,5000,-1,50,0.05,0.1],[2,345,33.9069896639,-2.5930103361,[18,8,17,25,0,23,14,4,17,23],"SA","pd",10,30,10,0.95,10000,58.1084828377,5000,-1,50,0.05,0.1],[2,360,33.9069896639,-2.5930103361,[18,8,17,25,0,23,14,4,17,23],"SA","pd",10,30,10,0.95,10000,58.1348512173,5000,-1,50,0.05,0.1],[2,375,33.9069896639,-2.5930103361,[18,8,17,25,0,23,14,4,17,23],"SA","pd",10,30,10,0.95,10000,58.0863492489,5000,-1,50,0.05,0.1],[2,390,33.9069896639,-2.5930103361,[18,8,17,25,0,23,14,4,17,23],"SA","pd",10,30,10,0.95,10000,57.9164648056,5000,-1,50,0.05,0.1],[2,405,33.9069896639,-2.5930103361,[18,8,17,25,0,23,14,4,17,23],"SA","pd",10,30,10,0.95,10000,57.8280136585,5000,-1,50,0.05,0.1],[2,420,33.9069896639,-2.5930103361,[18,8,17,25,0,23,14,4,17,23],"SA","pd",10,30,10,0.95,10000,57.6779658794,5000,-1,50,0.05,0.1],[2,435,33.9069896639,-2.5930103361,[18,8,17,25,0,23,14,4,17,23],"SA","pd",10,30,10,0.95,10000,57.971064806,5000,-1,50,0.05,0.1],[2,450,33.9069896639,-2.5930103361,[18,8,17,25,0,23,14,4,17,23],"SA","pd",10,30,10,0.95,10000,58.0803620815,5000,-1,50,0.05,0.1],[2,465,34.4221123266,-2.0778876734,[4,4,20,4,0,9,24,10,11,25],"SA","pd",10,30,10,0.95,10000,57.9586179256,5000,-1,50,0.05,0.1],[2,480,34.4221123266,-2.0778876734,[4,4,20,4,0,9,24,4,11,25],"SA","pd",10,30,10,0.95,10000,57.960265398,5000,-1,50,0.05,0.1],[2,495,34.4221123266,-2.0778876734,[4,4,20,4,0,9,24,4,11,25],"SA","pd",10,30,10,0.95,10000,58.051363945,5000,-1,50,0.05,0.1],[2,510,34.4221123266,-2.0778876734,[4,4,20,4,0,9,24,4,11,25],"SA","pd",10,30,10,0.95,10000,57.6526765823,5000,-1,50,0.05,0.1],[2,525,34.4221123266,-2.0778876734,[4,4,20,4,0,9,24,4,11,25],"SA","pd",10,30,10,0.95,10000,57.6598870754,5000,-1,50,0.05,0.1],[2,540,35.3540028168,-1.1459971832,[4,4,1,19,20,2,9,4,15,14],"SA","pd",10,30,10,0.95,10000,58.0471293926,5000,-1,50,0.05,0.1],[2,555,35.3540028168,-1.1459971832,[4,4,1,19,20,2,9,4,15,14],"SA","pd",10,30,10,0.95,10000,57.9946212769,5000,-1,50,0.05,0.1],[2,570,35.7203098266,-0.7796901734,[4,4,20,4,29,2,24,4,4,27],"SA","pd",10,30,10,0.95,10000,58.068015337,5000,-1,50,0.05,0.1],[2,585,35.8822952143,-0.6177047857,[4,4,25,4,20,2,24,4,12,17],"SA","pd",10,30,10,0.95,10000,57.8128960133,5000,-1,50,0.05,0.1],[2,600,36.229316317,-0.270683683,[4,24,20,4,0,4,29,4,11,20],"SA","pd",10,30,10,0.95,10000,57.5991544724,5000,-1,50,0.05,0.1],[2,615,36.229316317,-0.270683683,[4,4,20,4,1,4,25,4,14,17],"SA","pd",10,30,10,0.95,10000,57.5534291267,5000,-1,50,0.05,0.1],[2,630,36.229316317,-0.270683683,[4,15,4,4,1,4,4,4,11,2],"SA","pd",10,30,10,0.95,10000,57.6397078037,5000,-1,50,0.05,0.1],[2,645,36.229316317,-0.270683683,[4,15,4,4,1,4,4,4,11,2],"SA","pd",10,30,10,0.95,10000,57.6212790012,5000,-1,50,0.05,0.1],[2,660,36.229316317,-0.270683683,[4,15,4,4,1,4,4,4,11,2],"SA","pd",10,30,10,0.95,10000,57.5576145649,5000,-1,50,0.05,0.1],[2,675,36.229316317,-0.270683683,[4,15,4,4,1,4,4,4,11,2],"SA","pd",10,30,10,0.95,10000,57.5751590729,5000,-1,50,0.05,0.1],[2,690,36.6702948843,0.1702948843,[4,4,23,4,1,14,4,4,11,10],"SA","pd",10,30,10,0.95,10000,57.4189708233,5000,-1,50,0.05,0.1],[2,705,36.6702948843,0.1702948843,[4,4,23,4,1,14,4,4,11,10],"SA","pd",10,30,10,0.95,10000,57.6202223301,5000,-1,50,0.05,0.1],[2,720,37.2306290995,0.7306290995,[4,4,20,4,20,4,4,4,11,10],"SA","pd",10,30,10,0.95,10000,57.4492340088,5000,-1,50,0.05,0.1],[2,735,37.2306290995,0.7306290995,[4,4,20,4,20,4,4,4,11,10],"SA","pd",10,30,10,0.95,10000,57.1145508289,5000,-1,50,0.05,0.1],[2,750,37.6754398149,1.1754398149,[4,0,0,4,1,4,4,4,11,26],"SA","pd",10,30,10,0.95,10000,57.2233345509,5000,-1,50,0.05,0.1],[2,765,38.2632621266,1.7632621266,[4,9,0,4,1,4,17,4,11,10],"SA","pd",10,30,10,0.95,10000,57.5414283276,5000,-1,50,0.05,0.1],[2,780,38.5703117976,2.0703117976,[4,9,0,4,20,14,14,4,11,20],"SA","pd",10,30,10,0.95,10000,57.2416975498,5000,-1,50,0.05,0.1],[2,795,39.2912761947,2.7912761947,[4,9,0,4,1,4,14,4,11,17],"SA","pd",10,30,10,0.95,10000,57.3454983234,5000,-1,50,0.05,0.1],[2,810,39.2912761947,2.7912761947,[4,9,0,4,1,4,14,4,11,17],"SA","pd",10,30,10,0.95,10000,57.3601770401,5000,-1,50,0.05,0.1],[2,825,39.2912761947,2.7912761947,[4,9,0,4,1,4,14,4,11,17],"SA","pd",10,30,10,0.95,10000,57.3533313274,5000,-1,50,0.05,0.1],[2,840,40.106576341,3.606576341,[4,9,0,4,1,14,14,4,11,28],"SA","pd",10,30,10,0.95,10000,57.4484863281,5000,-1,50,0.05,0.1],[2,855,40.106576341,3.606576341,[4,9,0,4,1,14,14,4,11,28],"SA","pd",10,30,10,0.95,10000,57.1442716122,5000,-1,50,0.05,0.1],[2,870,40.106576341,3.606576341,[4,9,0,4,1,14,14,4,11,28],"SA","pd",10,30,10,0.95,10000,57.0293972492,5000,-1,50,0.05,0.1],[2,885,40.106576341,3.606576341,[4,9,0,4,1,14,14,4,11,28],"SA","pd",10,30,10,0.95,10000,56.579921484,5000,-1,50,0.05,0.1],[2,900,40.106576341,3.606576341,[4,9,0,4,1,14,14,4,11,28],