{"columns":["ite","time","q","scaled_eu","z","solver","attacker","|Q|","|X|","|T|","rho","k","utility_time","RS_iters","mcts_iters","sa_iters","eps","lr"],"index":[0,1,2,3,4,5,6,7,8,9,10,11,12,13,14,15,16,17,18,19,20,21,22,23,24,25,26,27,28,29,30,31,32,33,34,35,36,37,38,39,40,41,42,43,44,45,46,47,48,49,50,51,52,53,54,55,56,57,58,59,60,61,62,63,64,65,66,67,68,69,70,71,72,73,74,75,76,77,78,79],"data":[[7,15,30.0607566046,-6.4392433954,[28,10,23,10,23,19,2,17,4,25],"SA","pd",10,30,10,0.95,10000,58.1028254032,5000,-1,50,0.05,0.1],[7,30,30.1348153419,-6.3651846581,[13,6,22,28,5,26,14,17,20,23],"SA","pd",10,30,10,0.95,10000,58.1666948795,5000,-1,50,0.05,0.1],[7,45,30.1348153419,-6.3651846581,[9,10,28,4,24,6,20,26,4,1],"SA","pd",10,30,10,0.95,10000,58.0911898613,5000,-1,50,0.05,0.1],[7,60,30.7420976879,-5.7579023121,[13,17,4,11,17,6,4,17,20,21],"SA","pd",10,30,10,0.95,10000,58.0810291767,5000,-1,50,0.05,0.1],[7,75,32.4478782714,-4.0521217286,[6,17,23,27,17,6,22,17,20,28],"SA","pd",10,30,10,0.95,10000,57.9786326885,5000,-1,50,0.05,0.1],[7,90,32.4478782714,-4.0521217286,[4,17,23,27,14,6,22,17,20,28],"SA","pd",10,30,10,0.95,10000,58.0932998657,5000,-1,50,0.05,0.1],[7,105,32.635591921,-3.864408079,[4,17,0,12,17,4,22,29,20,21],"SA","pd",10,30,10,0.95,10000,58.1820104122,5000,-1,50,0.05,0.1],[7,120,32.635591921,-3.864408079,[4,17,0,12,17,4,22,29,20,21],"SA","pd",10,30,10,0.95,10000,57.7829988003,5000,-1,50,0.05,0.1],[7,135,35.4156643532,-1.0843356468,[4,4,0,22,19,4,4,4,7,3],"SA","pd",10,30,10,0.95,10000,57.1835212708,5000,-1,50,0.05,0.1],[7,150,35.4156643532,-1.0843356468,[4,4,0,22,19,4,4,4,7,20],"SA","pd",10,30,10,0.95,10000,63.2787303925,5000,-1,50,0.05,0.1],[7,165,35.4156643532,-1.0843356468,[4,4,0,22,19,4,4,4,7,20],"SA","pd",10,30,10,0.95,10000,58.3193285465,5000,-1,50,0.05,0.1],[7,180,35.4156643532,-1.0843356468,[4,4,0,22,19,4,4,4,7,20],"SA","pd",10,30,10,0.95,10000,58.5471394062,5000,-1,50,0.05,0.1],[7,195,35.4156643532,-1.0843356468,[4,4,0,22,19,4,4,4,7,20],"SA","pd",10,30,10,0.95,10000,58.20373106,5000,-1,50,0.05,0.1],[7,210,35.4156643532,-1.0843356468,[4,4,0,22,19,4,4,4,7,20],"SA","pd",10,30,10,0.95,10000,58.1521737576,5000,-1,50,0.05,0.1],[7,225,35.4156643532,-1.0843356468,[4,4,0,22,19,4,4,4,7,20],"SA","pd",10,30,10,0.95,10000,58.0149559975,5000,-1,50,0.05,0.1],[7,240,35.4156643532,-1.0843356468,[4,4,0,22,19,4,4,4,7,20],"SA","pd",10,30,10,0.95,10000,58.1378455162,5000,-1,50,0.05,0.1],[7,255,35.4156643532,-1.0843356468,[4,4,0,22,19,4,4,4,7,20],"SA","pd",10,30,10,0.95,10000,58.2197575569,5000,-1,50,0.05,0.1],[7,270,35.4156643532,-1.0843356468,[4,4,0,22,19,4,4,4,7,20],"SA","pd",10,30,10,0.95,10000,58.0299069881,5000,-1,50,0.05,0.1],[7,285,35.4156643532,-1.0843356468,[4,4,0,22,19,4,4,4,7,20],"SA","pd",10,30,10,0.95,10000,57.9955916405,5000,-1,50,0.05,0.1],[7,300,35.4156643532,-1.0843356468,[4,4,0,22,19,4,4,4,7,20],"SA","pd",10,30,10,0.95,10000,58.1375515461,5000,-1,50,0.05,0.1],[7,315,35.4156643532,-1.0843356468,[4,4,0,22,19,4,4,4,7,20],"SA","pd",10,30,10,0.95,10000,57.8679525852,5000,-1,50,0.05,0.1],[7,330,35.4156643532,-1.0843356468,[4,4,0,22,19,4,4,4,7,20],"SA","pd",10,30,10,0.95,10000,57.9084568024,5000,-1,50,0.05,0.1],[7,345,35.4156643532,-1.0843356468,[24,4,19,19,1,27,0,4,0,28],"SA","pd",10,30,10,0.95,10000,57.97701931,5000,-1,50,0.05,0.1],[7,360,35.4156643532,-1.0843356468,[24,4,19,19,1,27,0,4,0,28],"SA","pd",10,30,10,0.95,10000,58.0277545452,5000,-1,50,0.05,0.1],[7,375,35.4156643532,-1.0843356468,[24,4,19,19,1,27,0,4,0,28],"SA","pd",10,30,10,0.95,10000,58.0820436478,5000,-1,50,0.05,0.1],[7,390,35.4156643532,-1.0843356468,[24,4,19,19,1,27,0,4,0,28],"SA","pd",10,30,10,0.95,10000,58.0156435966,5000,-1,50,0.05,0.1],[7,405,35.4156643532,-1.0843356468,[24,4,19,19,1,27,0,4,0,28],"SA","pd",10,30,10,0.95,10000,57.9762208462,5000,-1,50,0.05,0.1],[7,420,35.4156643532,-1.0843356468,[24,4,19,19,1,27,0,4,0,28],"SA","pd",10,30,10,0.95,10000,58.0640854836,5000,-1,50,0.05,0.1],[7,435,35.4156643532,-1.0843356468,[24,4,19,19,1,27,0,4,0,28],"SA","pd",10,30,10,0.95,10000,57.997579813,5000,-1,50,0.05,0.1],[7,450,35.4156643532,-1.0843356468,[24,4,19,19,1,27,0,4,0,28],"SA","pd",10,30,10,0.95,10000,57.9438557625,5000,-1,50,0.05,0.1],[7,465,35.4156643532,-1.0843356468,[24,4,19,19,1,27,0,4,0,28],"SA","pd",10,30,10,0.95,10000,57.888043642,5000,-1,50,0.05,0.1],[7,480,35.7428300805,-0.7571699195,[1,4,4,23,1,29,0,4,8,28],"SA","pd",10,30,10,0.95,10000,58.0251879692,5000,-1,50,0.05,0.1],[7,495,35.8954390856,-0.6045609144,[1,4,4,8,1,14,6,4,1,28],"SA","pd",10,30,10,0.95,10000,57.835919857,5000,-1,50,0.05,0.1],[7,510,35.8954390856,-0.6045609144,[1,4,4,8,1,14,6,4,1,28],"SA","pd",10,30,10,0.95,10000,57.9337408543,5000,-1,50,0.05,0.1],[7,525,35.8954390856,-0.6045609144,[1,4,4,8,1,14,6,4,1,28],"SA","pd",10,30,10,0.95,10000,57.911990881,5000,-1,50,0.05,0.1],[7,540,35.8954390856,-0.6045609144,[1,4,4,8,1,14,6,4,1,28],"SA","pd",10,30,10,0.95,10000,57.8507568836,5000,-1,50,0.05,0.1],[7,555,35.8954390856,-0.6045609144,[1,4,4,8,1,14,6,4,1,28],"SA","pd",10,30,10,0.95,10000,57.8449757099,5000,-1,50,0.05,0.1],[7,570,35.8954390856,-0.6045609144,[1,4,4,8,1,14,6,4,1,28],"SA","pd",10,30,10,0.95,10000,57.9065849781,5000,-1,50,0.05,0.1],[7,585,35.8954390856,-0.6045609144,[1,4,4,8,1,14,6,4,1,28],"SA","pd",10,30,10,0.95,10000,57.9244732857,5000,-1,50,0.05,0.1],[7,600,35.8954390856,-0.6045609144,[1,4,4,8,1,14,6,4,1,28],"SA","pd",10,30,10,0.95,10000,57.8918938637,5000,-1,50,0.05,0.1],[7,615,35.8954390856,-0.6045609144,[1,4,4,8,1,14,6,4,1,28],"SA","pd",10,30,10,0.95,10000,58.0215127468,5000,-1,50,0.05,0.1],[7,630,35.8954390856,-0.6045609144,[1,4,4,8,1,14,6,4,1,28],"SA","pd",10,30,10,0.95,10000,58.0438861847,5000,-1,50,0.05,0.1],[7,645,35.8954390856,-0.6045609144,[1,4,4,8,1,14,6,4,1,28],"SA","pd",10,30,10,0.95,10000,57.8820185661,5000,-1,50,0.05,0.1],[7,660,35.8954390856,-0.6045609144,[20,17,19,19,4,17,0,4,8,4],"SA","pd",10,30,10,0.95,10000,57.8899250031,5000,-1,50,0.05,0.1],[7,675,35.8954390856,-0.6045609144,[20,17,19,19,4,17,0,4,8,4],"SA","pd",10,30,10,0.95,10000,57.8682444096,5000,-1,50,0.05,0.1],[7,690,35.8954390856,-0.6045609144,[20,17,19,19,4,17,0,4,8,4],"SA","pd",10,30,10,0.95,10000,57.9604840279,5000,-1,50,0.05,0.1],[7,705,35.8954390856,-0.6045609144,[20,17,19,19,4,17,0,4,8,4],"SA","pd",10,30,10,0.95,10000,58.2367618084,5000,-1,50,0.05,0.1],[7,720,35.8954390856,-0.6045609144,[20,17,19,19,4,17,0,4,8,4],"SA","pd",10,30,10,0.95,10000,57.976318121,5000,-1,50,0.05,0.1],[7,735,35.8954390856,-0.6045609144,[20,17,19,19,4,17,0,4,8,4],"SA","pd",10,30,10,0.95,10000,57.8963150978,5000,-1,50,0.05,0.1],[7,750,35.8954390856,-0.6045609144,[20,17,19,19,4,17,0,4,8,4],"SA","pd",10,30,10,0.95,10000,57.9282062054,5000,-1,50,0.05,0.1],[7,765,35.8954390856,-0.6045609144,[20,17,19,19,4,17,0,4,8,4],"SA","pd",10,30,10,0.95,10000,57.8657519817,5000,-1,50,0.05,0.1],[7,780,35.8954390856,-0.6045609144,[20,17,19,19,4,17,0,4,8,4],"SA","pd",10,30,10,0.95,10000,57.9497900009,5000,-1,50,0.05,0.1],[7,795,35.9288394608,-0.5711605392,[6,4,9,0,1,23,15,4,0,28],"SA","pd",10,30,10,0.95,10000,57.7997312546,5000,-1,50,0.05,0.1],[7,810,36.8569933636,0.3569933636,[6,4,3,0,1,17,15,4,0,28],"SA","pd",10,30,10,0.95,10000,58.2181138992,5000,-1,50,0.05,0.1],[7,825,36.8569933636,0.3569933636,[6,4,8,0,1,17,14,4,8,28],"SA","pd",10,30,10,0.95,10000,57.8647608757,5000,-1,50,0.05,0.1],[7,840,37.1337965918,0.6337965918,[6,4,3,24,1,11,14,4,9,28],"SA","pd",10,30,10,0.95,10000,57.9532594681,5000,-1,50,0.05,0.1],[7,855,37.1337965918,0.6337965918,[6,4,3,24,1,11,14,4,9,28],"SA","pd",10,30,10,0.95,10000,57.772493124,5000,-1,50,0.05,0.1],[7,870,39.1798792336,2.6798792336,[4,4,3,19,1,24,14,4,29,28],"SA","pd",10,30,10,0.95,10000,57.7912867069,5000,-1,50,0.05,0.1],[7,885,40.3023585639,3.8023585639,[4,9,3,19,4,24,14,4,0,28],"SA","pd",10,30,10,0.95,10000,57.8604660034,5000,-1,50,0.05,0.1],[7,900,40.3023585639,3.8023585639,[4,9,3,19,4,24,14,4,6,28],"SA","pd",10,30,10,0.95,10000,57.964017868,5000,-1,50,0.05,0.1],[7,915,40.3023585639,3.8023585639,[4,9,3,19,4,24,14,4,6,28],