{"columns":["ite","time","q","scaled_eu","z","solver","attacker","|Q|","|X|","|T|","rho","k","utility_time","RS_iters","mcts_iters","sa_iters","eps","lr"],"index":[0,1,2,3,4,5,6,7,8,9,10,11,12,13,14,15,16,17,18,19,20,21,22,23,24,25,26,27,28,29,30,31,32,33,34,35,36,37,38,39,40,41,42,43,44,45,46,47,48,49,50,51,52,53,54,55,56,57,58,59,60,61,62,63,64,65,66,67,68,69,70,71,72,73,74,75,76,77,78,79],"data":[[9,15,30.3403591592,-6.1596408408,[19,6,3,27,11,20,19,20,15,13],"SA","pd",10,30,10,0.95,10000,57.5009064674,5000,-1,50,0.05,0.1],[9,30,30.6586080756,-5.8413919244,[0,23,3,25,2,3,5,17,3,11],"SA","pd",10,30,10,0.95,10000,57.7436807156,5000,-1,50,0.05,0.1],[9,45,32.050682093,-4.449317907,[24,14,3,5,1,20,4,11,21,2],"SA","pd",10,30,10,0.95,10000,57.6313397884,5000,-1,50,0.05,0.1],[9,60,32.050682093,-4.449317907,[24,14,3,5,1,20,4,11,21,2],"SA","pd",10,30,10,0.95,10000,57.7295818329,5000,-1,50,0.05,0.1],[9,75,32.050682093,-4.449317907,[24,14,3,5,1,20,4,11,21,2],"SA","pd",10,30,10,0.95,10000,57.4972321987,5000,-1,50,0.05,0.1],[9,90,32.050682093,-4.449317907,[24,14,3,5,1,20,4,11,21,2],"SA","pd",10,30,10,0.95,10000,57.679463625,5000,-1,50,0.05,0.1],[9,105,32.050682093,-4.449317907,[24,14,3,5,1,20,4,11,21,2],"SA","pd",10,30,10,0.95,10000,57.575502634,5000,-1,50,0.05,0.1],[9,120,32.050682093,-4.449317907,[24,14,3,5,1,20,4,11,21,2],"SA","pd",10,30,10,0.95,10000,57.1128137112,5000,-1,50,0.05,0.1],[9,135,32.050682093,-4.449317907,[24,14,3,5,1,20,4,11,21,2],"SA","pd",10,30,10,0.95,10000,57.0702893734,5000,-1,50,0.05,0.1],[9,150,32.3884143687,-4.1115856313,[17,14,21,25,14,27,2,4,3,9],"SA","pd",10,30,10,0.95,10000,57.1665225029,5000,-1,50,0.05,0.1],[9,165,32.3884143687,-4.1115856313,[17,14,21,25,14,27,2,4,3,9],"SA","pd",10,30,10,0.95,10000,57.3798496723,5000,-1,50,0.05,0.1],[9,180,32.3884143687,-4.1115856313,[17,14,21,25,14,27,2,4,3,9],"SA","pd",10,30,10,0.95,10000,57.1905927658,5000,-1,50,0.05,0.1],[9,195,32.3884143687,-4.1115856313,[17,14,21,25,14,27,2,4,3,9],"SA","pd",10,30,10,0.95,10000,57.2569451332,5000,-1,50,0.05,0.1],[9,210,32.3884143687,-4.1115856313,[17,14,21,25,14,27,2,4,3,9],"SA","pd",10,30,10,0.95,10000,57.0780951977,5000,-1,50,0.05,0.1],[9,225,32.3884143687,-4.1115856313,[17,14,21,25,14,27,2,4,3,9],"SA","pd",10,30,10,0.95,10000,57.0403740406,5000,-1,50,0.05,0.1],[9,240,32.3884143687,-4.1115856313,[9,12,9,15,20,24,28,4,27,22],"SA","pd",10,30,10,0.95,10000,57.052218914,5000,-1,50,0.05,0.1],[9,255,32.3884143687,-4.1115856313,[9,12,9,15,20,24,28,4,27,22],"SA","pd",10,30,10,0.95,10000,56.9691684246,5000,-1,50,0.05,0.1],[9,270,32.3884143687,-4.1115856313,[9,12,9,15,20,24,28,4,27,22],"SA","pd",10,30,10,0.95,10000,57.104978323,5000,-1,50,0.05,0.1],[9,285,32.5230511218,-3.9769488782,[3,9,4,1,24,24,20,2,21,18],"SA","pd",10,30,10,0.95,10000,56.9921712875,5000,-1,50,0.05,0.1],[9,300,32.5230511218,-3.9769488782,[27,9,4,1,23,24,20,25,11,3],"SA","pd",10,30,10,0.95,10000,57.1864855289,5000,-1,50,0.05,0.1],[9,315,32.5230511218,-3.9769488782,[27,9,4,1,23,24,20,25,11,3],"SA","pd",10,30,10,0.95,10000,57.2497951984,5000,-1,50,0.05,0.1],[9,330,32.5230511218,-3.9769488782,[27,9,4,1,23,24,20,25,11,3],"SA","pd",10,30,10,0.95,10000,57.2781407833,5000,-1,50,0.05,0.1],[9,345,32.5230511218,-3.9769488782,[11,9,15,24,0,7,4,4,21,0],"SA","pd",10,30,10,0.95,10000,57.3135249615,5000,-1,50,0.05,0.1],[9,360,32.5230511218,-3.9769488782,[11,9,15,24,0,7,4,4,21,0],"SA","pd",10,30,10,0.95,10000,57.4447441101,5000,-1,50,0.05,0.1],[9,375,32.5230511218,-3.9769488782,[9,9,9,24,0,25,14,24,14,28],"SA","pd",10,30,10,0.95,10000,57.310469389,5000,-1,50,0.05,0.1],[9,390,32.9535757658,-3.5464242342,[9,9,28,21,29,7,4,15,21,4],"SA","pd",10,30,10,0.95,10000,57.3054294586,5000,-1,50,0.05,0.1],[9,405,34.904246394,-1.595753606,[9,9,0,24,29,25,4,15,4,4],"SA","pd",10,30,10,0.95,10000,57.2491471767,5000,-1,50,0.05,0.1],[9,420,34.904246394,-1.595753606,[9,9,3,24,24,0,4,15,22,4],"SA","pd",10,30,10,0.95,10000,57.0955371857,5000,-1,50,0.05,0.1],[9,435,35.2614230498,-1.2385769502,[9,9,3,9,0,25,4,15,4,4],"SA","pd",10,30,10,0.95,10000,57.3320689201,5000,-1,50,0.05,0.1],[9,450,35.5076464445,-0.9923535555,[9,9,3,2,0,18,4,15,4,4],"SA","pd",10,30,10,0.95,10000,57.258739233,5000,-1,50,0.05,0.1],[9,465,35.7923146648,-0.7076853352,[1,9,3,24,20,13,4,4,4,22],"SA","pd",10,30,10,0.95,10000,57.2271888256,5000,-1,50,0.05,0.1],[9,480,36.6263026288,0.1263026288,[9,9,3,2,9,15,6,4,4,4],"SA","pd",10,30,10,0.95,10000,57.2123177052,5000,-1,50,0.05,0.1],[9,495,36.6263026288,0.1263026288,[9,9,3,2,9,15,6,4,4,4],"SA","pd",10,30,10,0.95,10000,57.3342030048,5000,-1,50,0.05,0.1],[9,510,36.6263026288,0.1263026288,[9,9,3,2,9,15,6,4,4,4],"SA","pd",10,30,10,0.95,10000,57.1711623669,5000,-1,50,0.05,0.1],[9,525,36.6263026288,0.1263026288,[9,9,3,2,24,18,4,4,4,28],"SA","pd",10,30,10,0.95,10000,57.1511273384,5000,-1,50,0.05,0.1],[9,540,36.8444510962,0.3444510962,[9,20,3,24,24,6,4,4,4,28],"SA","pd",10,30,10,0.95,10000,57.1539580822,5000,-1,50,0.05,0.1],[9,555,36.8444510962,0.3444510962,[9,9,3,24,24,6,4,4,4,28],"SA","pd",10,30,10,0.95,10000,57.244613409,5000,-1,50,0.05,0.1],[9,570,36.8444510962,0.3444510962,[9,9,3,24,24,6,4,4,4,28],"SA","pd",10,30,10,0.95,10000,57.2544221878,5000,-1,50,0.05,0.1],[9,585,36.8444510962,0.3444510962,[9,9,3,24,24,6,4,4,4,28],"SA","pd",10,30,10,0.95,10000,57.2826125622,5000,-1,50,0.05,0.1],[9,600,37.5642997395,1.0642997395,[14,9,20,24,9,15,14,4,4,4],"SA","pd",10,30,10,0.95,10000,57.2107462883,5000,-1,50,0.05,0.1],[9,615,37.5642997395,1.0642997395,[14,9,20,24,9,15,14,4,4,4],"SA","pd",10,30,10,0.95,10000,57.1539452076,5000,-1,50,0.05,0.1],[9,630,37.5642997395,1.0642997395,[14,9,20,24,9,15,14,4,4,4],"SA","pd",10,30,10,0.95,10000,57.2497293949,5000,-1,50,0.05,0.1],[9,645,37.5642997395,1.0642997395,[14,9,20,24,9,15,14,4,4,4],"SA","pd",10,30,10,0.95,10000,57.3746442795,5000,-1,50,0.05,0.1],[9,660,37.5642997395,1.0642997395,[14,9,20,24,9,15,14,4,4,4],"SA","pd",10,30,10,0.95,10000,57.314763546,5000,-1,50,0.05,0.1],[9,675,37.5642997395,1.0642997395,[14,9,20,24,9,15,14,4,4,4],"SA","pd",10,30,10,0.95,10000,57.2282028198,5000,-1,50,0.05,0.1],[9,690,37.5642997395,1.0642997395,[14,9,20,24,9,15,14,4,4,4],"SA","pd",10,30,10,0.95,10000,57.1574692726,5000,-1,50,0.05,0.1],[9,705,37.5642997395,1.0642997395,[14,9,20,24,9,15,14,4,4,4],"SA","pd",10,30,10,0.95,10000,57.1254265308,5000,-1,50,0.05,0.1],[9,720,37.5642997395,1.0642997395,[14,9,20,24,9,15,14,4,4,4],"SA","pd",10,30,10,0.95,10000,57.3123173714,5000,-1,50,0.05,0.1],[9,735,37.5642997395,1.0642997395,[14,9,20,24,9,15,14,4,4,4],"SA","pd",10,30,10,0.95,10000,57.1378657818,5000,-1,50,0.05,0.1],[9,750,37.5642997395,1.0642997395,[14,9,20,24,9,15,14,4,4,4],"SA","pd",10,30,10,0.95,10000,57.2413861752,5000,-1,50,0.05,0.1],[9,765,37.5642997395,1.0642997395,[14,9,20,24,9,15,14,4,4,4],"SA","pd",10,30,10,0.95,10000,57.1451971531,5000,-1,50,0.05,0.1],[9,780,37.5642997395,1.0642997395,[14,9,20,24,9,15,14,4,4,4],"SA","pd",10,30,10,0.95,10000,57.3478167057,5000,-1,50,0.05,0.1],[9,795,37.5642997395,1.0642997395,[14,9,20,24,9,15,14,4,4,4],"SA","pd",10,30,10,0.95,10000,57.2673976421,5000,-1,50,0.05,0.1],[9,810,37.5642997395,1.0642997395,[14,9,20,24,9,15,14,4,4,4],"SA","pd",10,30,10,0.95,10000,57.1281137466,5000,-1,50,0.05,0.1],[9,825,37.5642997395,1.0642997395,[14,9,20,24,9,15,14,4,4,4],"SA","pd",10,30,10,0.95,10000,57.0329914093,5000,-1,50,0.05,0.1],[9,840,37.5642997395,1.0642997395,[14,9,20,24,9,15,14,4,4,4],"SA","pd",10,30,10,0.95,10000,57.0442128181,5000,-1,50,0.05,0.1],[9,855,37.5642997395,1.0642997395,[14,9,20,24,9,15,14,4,4,4],"SA","pd",10,30,10,0.95,10000,56.9457595348,5000,-1,50,0.05,0.1],[9,870,37.5642997395,1.0642997395,[14,9,20,24,9,15,14,4,4,4],"SA","pd",10,30,10,0.95,10000,57.1025259495,5000,-1,50,0.05,0.1],[9,885,37.5642997395,1.0642997395,[14,9,20,24,9,15,14,4,4,4],"SA","pd",10,30,10,0.95,10000,56.5394001007,5000,-1,50,0.05,0.1],[9,900,37.5642997395,1.0642997395,[14,9,20,24,9,15,14,4,4,4],