{"columns":["ite","time","q","scaled_eu","z","solver","attacker","|Q|","|X|","|T|","rho","k","utility_time","RS_iters","mcts_iters","sa_iters","eps","lr"],"index":[0,1,2,3,4,5,6,7,8,9,10,11,12,13,14,15,16,17,18,19,20,21,22,23,24,25,26,27,28,29,30,31,32,33,34,35,36,37,38,39,40,41,42,43,44,45,46,47,48,49,50,51,52,53,54,55,56,57,58,59,60,61,62,63,64,65,66,67,68,69,70,71,72,73,74,75,76,77,78,79],"data":[[8,15,28.8454978886,-7.6545021114,[23,27,1,1,10,21,23,9,1,22],"SA","pd",10,30,10,0.95,10000,53.7295641899,5000,-1,50,0.05,0.1],[8,30,29.2773980892,-7.2226019108,[23,10,1,1,4,21,23,27,2,22],"SA","pd",10,30,10,0.95,10000,53.5149672031,5000,-1,50,0.05,0.1],[8,45,29.2773980892,-7.2226019108,[23,10,1,1,4,21,23,27,2,22],"SA","pd",10,30,10,0.95,10000,53.5198566914,5000,-1,50,0.05,0.1],[8,60,29.5904690575,-6.9095309425,[25,15,16,22,13,10,10,28,20,11],"SA","pd",10,30,10,0.95,10000,53.4496319294,5000,-1,50,0.05,0.1],[8,75,29.5904690575,-6.9095309425,[25,15,16,22,13,10,10,28,20,11],"SA","pd",10,30,10,0.95,10000,85.1359615326,5000,-1,50,0.05,0.1],[8,90,29.5904690575,-6.9095309425,[25,15,16,22,13,10,10,28,20,11],"SA","pd",10,30,10,0.95,10000,63.6009404659,5000,-1,50,0.05,0.1],[8,105,29.5904690575,-6.9095309425,[25,15,16,22,13,10,10,28,20,11],"SA","pd",10,30,10,0.95,10000,53.6723461151,5000,-1,50,0.05,0.1],[8,120,30.6346736678,-5.8653263322,[28,18,12,19,6,1,27,24,17,0],"SA","pd",10,30,10,0.95,10000,61.6136729717,5000,-1,50,0.05,0.1],[8,135,33.5338381437,-2.9661618563,[6,27,15,19,23,29,14,24,17,24],"SA","pd",10,30,10,0.95,10000,58.0070905685,5000,-1,50,0.05,0.1],[8,150,33.5338381437,-2.9661618563,[6,9,15,14,24,23,14,24,17,9],"SA","pd",10,30,10,0.95,10000,58.2439861298,5000,-1,50,0.05,0.1],[8,165,33.5338381437,-2.9661618563,[6,9,3,14,8,23,14,24,4,24],"SA","pd",10,30,10,0.95,10000,57.5410847664,5000,-1,50,0.05,0.1],[8,180,33.5338381437,-2.9661618563,[6,9,3,14,8,23,14,24,4,24],"SA","pd",10,30,10,0.95,10000,57.4300482273,5000,-1,50,0.05,0.1],[8,195,33.5338381437,-2.9661618563,[6,9,3,14,8,23,14,24,4,24],"SA","pd",10,30,10,0.95,10000,57.3625950813,5000,-1,50,0.05,0.1],[8,210,33.5338381437,-2.9661618563,[6,9,3,14,8,23,14,24,4,24],"SA","pd",10,30,10,0.95,10000,57.3932857513,5000,-1,50,0.05,0.1],[8,225,33.5338381437,-2.9661618563,[6,9,3,14,8,23,14,24,4,24],"SA","pd",10,30,10,0.95,10000,57.0299079418,5000,-1,50,0.05,0.1],[8,240,33.5338381437,-2.9661618563,[6,9,3,14,8,23,14,24,4,24],"SA","pd",10,30,10,0.95,10000,57.5731921196,5000,-1,50,0.05,0.1],[8,255,33.5338381437,-2.9661618563,[6,9,3,14,8,23,14,24,4,24],"SA","pd",10,30,10,0.95,10000,61.7818672657,5000,-1,50,0.05,0.1],[8,270,33.5338381437,-2.9661618563,[6,9,3,14,8,23,14,24,4,24],"SA","pd",10,30,10,0.95,10000,53.4735815525,5000,-1,50,0.05,0.1],[8,285,33.5338381437,-2.9661618563,[6,9,3,14,8,23,14,24,4,24],"SA","pd",10,30,10,0.95,10000,77.2056970596,5000,-1,50,0.05,0.1],[8,300,33.5338381437,-2.9661618563,[6,9,3,14,8,23,14,24,4,24],"SA","pd",10,30,10,0.95,10000,62.617582798,5000,-1,50,0.05,0.1],[8,315,33.5338381437,-2.9661618563,[6,9,3,14,8,23,14,24,4,24],"SA","pd",10,30,10,0.95,10000,53.4006435871,5000,-1,50,0.05,0.1],[8,330,33.5338381437,-2.9661618563,[6,9,3,14,8,23,14,24,4,24],"SA","pd",10,30,10,0.95,10000,67.2775199413,5000,-1,50,0.05,0.1],[8,345,33.5338381437,-2.9661618563,[6,9,3,14,8,23,14,24,4,24],"SA","pd",10,30,10,0.95,10000,53.597329855,5000,-1,50,0.05,0.1],[8,360,33.5338381437,-2.9661618563,[6,9,3,14,8,23,14,24,4,24],"SA","pd",10,30,10,0.95,10000,63.4293859005,5000,-1,50,0.05,0.1],[8,375,33.5338381437,-2.9661618563,[6,9,3,14,8,23,14,24,4,24],"SA","pd",10,30,10,0.95,10000,57.3536603451,5000,-1,50,0.05,0.1],[8,390,33.5338381437,-2.9661618563,[6,9,3,14,8,23,14,24,4,24],"SA","pd",10,30,10,0.95,10000,57.650135994,5000,-1,50,0.05,0.1],[8,405,33.5338381437,-2.9661618563,[6,9,3,14,8,23,14,24,4,24],"SA","pd",10,30,10,0.95,10000,57.265024662,5000,-1,50,0.05,0.1],[8,420,35.0613955867,-1.4386044133,[1,9,10,20,25,16,4,4,25,4],"SA","pd",10,30,10,0.95,10000,57.2329757214,5000,-1,50,0.05,0.1],[8,435,35.0613955867,-1.4386044133,[1,9,10,20,25,16,4,4,25,4],"SA","pd",10,30,10,0.95,10000,60.6688916683,5000,-1,50,0.05,0.1],[8,450,35.0613955867,-1.4386044133,[1,9,10,20,25,16,4,4,25,4],"SA","pd",10,30,10,0.95,10000,57.526252985,5000,-1,50,0.05,0.1],[8,465,35.0613955867,-1.4386044133,[1,9,10,20,25,16,4,4,25,4],"SA","pd",10,30,10,0.95,10000,57.4457733631,5000,-1,50,0.05,0.1],[8,480,35.0613955867,-1.4386044133,[1,9,10,20,25,16,4,4,25,4],"SA","pd",10,30,10,0.95,10000,57.5118062496,5000,-1,50,0.05,0.1],[8,495,35.0613955867,-1.4386044133,[1,9,10,20,25,16,4,4,25,4],"SA","pd",10,30,10,0.95,10000,57.2536900043,5000,-1,50,0.05,0.1],[8,510,35.0613955867,-1.4386044133,[1,9,10,20,25,16,4,4,25,4],"SA","pd",10,30,10,0.95,10000,62.5076460838,5000,-1,50,0.05,0.1],[8,525,35.0613955867,-1.4386044133,[1,9,10,20,25,16,4,4,25,4],"SA","pd",10,30,10,0.95,10000,57.1748180389,5000,-1,50,0.05,0.1],[8,540,35.0613955867,-1.4386044133,[1,9,10,20,25,16,4,4,25,4],"SA","pd",10,30,10,0.95,10000,57.1413753033,5000,-1,50,0.05,0.1],[8,555,35.0613955867,-1.4386044133,[1,9,10,20,25,16,4,4,25,4],"SA","pd",10,30,10,0.95,10000,57.5752263069,5000,-1,50,0.05,0.1],[8,570,37.7220845982,1.2220845982,[17,4,3,27,0,24,4,4,20,4],"SA","pd",10,30,10,0.95,10000,57.4773938656,5000,-1,50,0.05,0.1],[8,585,37.7220845982,1.2220845982,[17,4,3,19,0,24,4,4,20,4],"SA","pd",10,30,10,0.95,10000,57.4708194733,5000,-1,50,0.05,0.1],[8,600,37.7220845982,1.2220845982,[17,4,3,19,0,24,4,4,20,4],"SA","pd",10,30,10,0.95,10000,57.5350143909,5000,-1,50,0.05,0.1],[8,615,37.7220845982,1.2220845982,[17,4,3,19,0,24,4,4,20,4],"SA","pd",10,30,10,0.95,10000,57.5414099693,5000,-1,50,0.05,0.1],[8,630,37.7220845982,1.2220845982,[17,4,3,19,0,24,4,4,20,4],"SA","pd",10,30,10,0.95,10000,57.6187102795,5000,-1,50,0.05,0.1],[8,645,38.0342066955,1.5342066955,[17,4,3,19,25,24,9,4,4,4],"SA","pd",10,30,10,0.95,10000,57.6058218479,5000,-1,50,0.05,0.1],[8,660,38.0342066955,1.5342066955,[17,4,3,19,25,24,9,4,4,4],"SA","pd",10,30,10,0.95,10000,57.5545754433,5000,-1,50,0.05,0.1],[8,675,38.0342066955,1.5342066955,[17,4,3,19,25,24,9,4,4,4],"SA","pd",10,30,10,0.95,10000,57.6417329311,5000,-1,50,0.05,0.1],[8,690,38.0342066955,1.5342066955,[17,4,3,19,25,24,9,4,4,4],"SA","pd",10,30,10,0.95,10000,57.7488379478,5000,-1,50,0.05,0.1],[8,705,38.0342066955,1.5342066955,[17,4,3,19,25,24,9,4,4,4],"SA","pd",10,30,10,0.95,10000,57.4309420586,5000,-1,50,0.05,0.1],[8,720,38.0342066955,1.5342066955,[17,4,3,19,25,24,9,4,4,4],"SA","pd",10,30,10,0.95,10000,57.7361812592,5000,-1,50,0.05,0.1],[8,735,38.0342066955,1.5342066955,[17,4,3,19,25,24,9,4,4,4],"SA","pd",10,30,10,0.95,10000,57.5995941162,5000,-1,50,0.05,0.1],[8,750,38.0342066955,1.5342066955,[17,4,3,19,25,24,9,4,4,4],"SA","pd",10,30,10,0.95,10000,57.4640574455,5000,-1,50,0.05,0.1],[8,765,38.0342066955,1.5342066955,[17,4,3,19,25,24,9,4,4,4],"SA","pd",10,30,10,0.95,10000,57.5109090805,5000,-1,50,0.05,0.1],[8,780,38.2008119218,1.7008119218,[16,4,3,19,2,24,4,4,11,4],"SA","pd",10,30,10,0.95,10000,57.5649282932,5000,-1,50,0.05,0.1],[8,795,39.1091786022,2.6091786022,[6,4,3,19,25,24,4,4,11,4],"SA","pd",10,30,10,0.95,10000,57.5350048542,5000,-1,50,0.05,0.1],[8,810,39.1091786022,2.6091786022,[6,4,3,19,25,24,4,4,11,4],"SA","pd",10,30,10,0.95,10000,57.4578695297,5000,-1,50,0.05,0.1],[8,825,39.1098762127,2.6098762127,[6,4,3,19,25,24,4,4,11,4],"SA","pd",10,30,10,0.95,10000,57.6498374939,5000,-1,50,0.05,0.1],[8,840,39.5810867399,3.0810867399,[6,4,3,19,0,24,4,4,11,4],"SA","pd",10,30,10,0.95,10000,57.4277176857,5000,-1,50,0.05,0.1],[8,855,39.5923527957,3.0923527957,[6,4,3,19,0,24,4,4,11,4],"SA","pd",10,30,10,0.95,10000,57.6361927986,5000,-1,50,0.05,0.1],[8,870,39.5923527957,3.0923527957,[6,4,3,19,0,24,4,4,11,4],"SA","pd",10,30,10,0.95,10000,56.8555457592,5000,-1,50,0.05,0.1],[8,885,39.5923527957,3.0923527957,[6,4,3,19,0,24,4,4,11,4],"SA","pd",10,30,10,0.95,10000,57.5471870899,5000,-1,50,0.05,0.1],[8,900,39.5923527957,3.0923527957,[6,4,3,19,4,24,4,4,4,28],