{"columns":["ite","time","q","scaled_eu","z","solver","attacker","|Q|","|X|","|T|","rho","k","utility_time","RS_iters","mcts_iters","sa_iters","eps","lr"],"index":[0,1,2,3,4,5,6,7,8,9,10,11,12,13,14,15,16,17,18,19,20,21,22,23,24,25,26,27,28,29,30,31,32,33,34,35,36,37,38,39,40,41,42,43,44,45,46,47,48,49,50,51,52,53,54,55,56,57,58,59,60,61,62,63,64,65,66,67,68,69,70,71,72,73,74,75,76,77,78,79],"data":[[6,15,29.6501527516,-6.8498472484,[2,27,22,1,24,3,20,24,25,23],"SA","pd",10,30,10,0.95,10000,57.562744379,5000,-1,50,0.05,0.1],[6,30,30.7319176595,-5.7680823405,[2,23,22,1,25,14,20,20,25,20],"SA","pd",10,30,10,0.95,10000,57.5508751869,5000,-1,50,0.05,0.1],[6,45,31.3421383241,-5.1578616759,[4,3,5,8,20,14,5,15,19,20],"SA","pd",10,30,10,0.95,10000,57.5846803188,5000,-1,50,0.05,0.1],[6,60,31.3421383241,-5.1578616759,[4,3,5,8,20,14,5,15,19,20],"SA","pd",10,30,10,0.95,10000,57.4726405144,5000,-1,50,0.05,0.1],[6,75,31.3421383241,-5.1578616759,[4,3,5,8,20,14,5,15,19,20],"SA","pd",10,30,10,0.95,10000,57.361371994,5000,-1,50,0.05,0.1],[6,90,32.5323453784,-3.9676546216,[20,4,28,5,20,22,14,2,23,8],"SA","pd",10,30,10,0.95,10000,57.4883153439,5000,-1,50,0.05,0.1],[6,105,33.2956252024,-3.2043747976,[20,4,13,5,20,14,14,23,23,20],"SA","pd",10,30,10,0.95,10000,57.5869567394,5000,-1,50,0.05,0.1],[6,120,33.2956252024,-3.2043747976,[20,4,13,5,20,14,14,23,23,20],"SA","pd",10,30,10,0.95,10000,57.2021172047,5000,-1,50,0.05,0.1],[6,135,33.2956252024,-3.2043747976,[20,4,13,5,20,14,14,23,23,20],"SA","pd",10,30,10,0.95,10000,57.3207483292,5000,-1,50,0.05,0.1],[6,150,33.2956252024,-3.2043747976,[20,4,13,5,20,14,14,23,23,20],"SA","pd",10,30,10,0.95,10000,57.4789738655,5000,-1,50,0.05,0.1],[6,165,33.2956252024,-3.2043747976,[20,4,13,5,20,14,14,23,23,20],"SA","pd",10,30,10,0.95,10000,57.3942730427,5000,-1,50,0.05,0.1],[6,180,33.2956252024,-3.2043747976,[20,4,13,5,20,14,14,23,23,20],"SA","pd",10,30,10,0.95,10000,57.2869281769,5000,-1,50,0.05,0.1],[6,195,33.2956252024,-3.2043747976,[20,4,13,5,20,14,14,23,23,20],"SA","pd",10,30,10,0.95,10000,57.394515276,5000,-1,50,0.05,0.1],[6,210,33.2956252024,-3.2043747976,[20,4,13,5,20,14,14,23,23,20],"SA","pd",10,30,10,0.95,10000,57.2220349312,5000,-1,50,0.05,0.1],[6,225,33.2956252024,-3.2043747976,[20,4,13,5,20,14,14,23,23,20],"SA","pd",10,30,10,0.95,10000,57.4156808853,5000,-1,50,0.05,0.1],[6,240,33.2956252024,-3.2043747976,[20,4,13,5,20,14,14,23,23,20],"SA","pd",10,30,10,0.95,10000,57.2394316196,5000,-1,50,0.05,0.1],[6,255,33.2956252024,-3.2043747976,[20,4,13,5,20,14,14,23,23,20],"SA","pd",10,30,10,0.95,10000,57.3717286587,5000,-1,50,0.05,0.1],[6,270,33.2956252024,-3.2043747976,[20,4,13,5,20,14,14,23,23,20],"SA","pd",10,30,10,0.95,10000,57.4115817547,5000,-1,50,0.05,0.1],[6,285,33.2956252024,-3.2043747976,[20,4,13,5,20,14,14,23,23,20],"SA","pd",10,30,10,0.95,10000,57.1030142307,5000,-1,50,0.05,0.1],[6,300,33.2956252024,-3.2043747976,[20,4,13,5,20,14,14,23,23,20],"SA","pd",10,30,10,0.95,10000,57.296476841,5000,-1,50,0.05,0.1],[6,315,33.2956252024,-3.2043747976,[20,4,13,5,20,14,14,23,23,20],"SA","pd",10,30,10,0.95,10000,57.185849905,5000,-1,50,0.05,0.1],[6,330,33.2956252024,-3.2043747976,[20,4,13,5,20,14,14,23,23,20],"SA","pd",10,30,10,0.95,10000,56.9536988735,5000,-1,50,0.05,0.1],[6,345,33.2956252024,-3.2043747976,[20,4,13,5,20,14,14,23,23,20],"SA","pd",10,30,10,0.95,10000,57.0109865665,5000,-1,50,0.05,0.1],[6,360,33.2956252024,-3.2043747976,[20,4,13,5,20,14,14,23,23,20],"SA","pd",10,30,10,0.95,10000,56.9391605854,5000,-1,50,0.05,0.1],[6,375,33.2956252024,-3.2043747976,[20,4,13,5,20,14,14,23,23,20],"SA","pd",10,30,10,0.95,10000,57.1455490589,5000,-1,50,0.05,0.1],[6,390,33.2956252024,-3.2043747976,[20,4,13,5,20,14,14,23,23,20],"SA","pd",10,30,10,0.95,10000,57.0417573452,5000,-1,50,0.05,0.1],[6,405,33.2956252024,-3.2043747976,[4,4,2,26,17,24,20,4,0,21],"SA","pd",10,30,10,0.95,10000,56.7787451744,5000,-1,50,0.05,0.1],[6,420,33.2956252024,-3.2043747976,[4,4,2,26,17,24,20,4,0,21],"SA","pd",10,30,10,0.95,10000,57.2880699635,5000,-1,50,0.05,0.1],[6,435,33.2956252024,-3.2043747976,[4,4,2,26,17,24,20,4,0,21],"SA","pd",10,30,10,0.95,10000,57.4027855396,5000,-1,50,0.05,0.1],[6,450,33.2956252024,-3.2043747976,[4,4,2,26,17,24,20,4,0,21],"SA","pd",10,30,10,0.95,10000,57.3522057533,5000,-1,50,0.05,0.1],[6,465,33.2956252024,-3.2043747976,[4,4,2,26,17,24,20,4,0,21],"SA","pd",10,30,10,0.95,10000,57.2181491852,5000,-1,50,0.05,0.1],[6,480,33.2956252024,-3.2043747976,[4,4,2,26,17,24,20,4,0,21],"SA","pd",10,30,10,0.95,10000,57.181499958,5000,-1,50,0.05,0.1],[6,495,33.2956252024,-3.2043747976,[4,4,2,26,17,24,20,4,0,21],"SA","pd",10,30,10,0.95,10000,56.8375079632,5000,-1,50,0.05,0.1],[6,510,33.2956252024,-3.2043747976,[4,4,2,26,17,24,20,4,0,21],"SA","pd",10,30,10,0.95,10000,56.7148249149,5000,-1,50,0.05,0.1],[6,525,33.2956252024,-3.2043747976,[4,4,2,26,17,24,20,4,0,21],"SA","pd",10,30,10,0.95,10000,56.7285132408,5000,-1,50,0.05,0.1],[6,540,33.2956252024,-3.2043747976,[4,4,2,26,17,24,20,4,0,21],"SA","pd",10,30,10,0.95,10000,56.8472869396,5000,-1,50,0.05,0.1],[6,555,33.2956252024,-3.2043747976,[4,4,2,26,17,24,20,4,0,21],"SA","pd",10,30,10,0.95,10000,56.6763486862,5000,-1,50,0.05,0.1],[6,570,33.2956252024,-3.2043747976,[4,4,2,26,17,24,20,4,0,21],"SA","pd",10,30,10,0.95,10000,56.8181564808,5000,-1,50,0.05,0.1],[6,585,33.2956252024,-3.2043747976,[4,4,2,26,17,24,20,4,0,21],"SA","pd",10,30,10,0.95,10000,56.8631956577,5000,-1,50,0.05,0.1],[6,600,33.2956252024,-3.2043747976,[4,4,2,26,17,24,20,4,0,21],"SA","pd",10,30,10,0.95,10000,57.0070300102,5000,-1,50,0.05,0.1],[6,615,33.2956252024,-3.2043747976,[4,4,2,26,17,24,20,4,0,21],"SA","pd",10,30,10,0.95,10000,56.6966993809,5000,-1,50,0.05,0.1],[6,630,33.2956252024,-3.2043747976,[4,4,2,26,17,24,20,4,0,21],"SA","pd",10,30,10,0.95,10000,56.7117192745,5000,-1,50,0.05,0.1],[6,645,33.2956252024,-3.2043747976,[4,4,2,26,17,24,20,4,0,21],"SA","pd",10,30,10,0.95,10000,57.1182467937,5000,-1,50,0.05,0.1],[6,660,33.2956252024,-3.2043747976,[4,4,2,26,17,24,20,4,0,21],"SA","pd",10,30,10,0.95,10000,57.120975256,5000,-1,50,0.05,0.1],[6,675,33.2956252024,-3.2043747976,[4,4,2,26,17,24,20,4,0,21],"SA","pd",10,30,10,0.95,10000,64.9033560753,5000,-1,50,0.05,0.1],[6,690,33.2956252024,-3.2043747976,[4,4,2,26,17,24,20,4,0,21],"SA","pd",10,30,10,0.95,10000,53.2944104671,5000,-1,50,0.05,0.1],[6,705,33.2956252024,-3.2043747976,[4,4,2,26,17,24,20,4,0,21],"SA","pd",10,30,10,0.95,10000,53.2209703922,5000,-1,50,0.05,0.1],[6,720,33.2956252024,-3.2043747976,[4,4,2,26,17,24,20,4,0,21],"SA","pd",10,30,10,0.95,10000,54.6535115242,5000,-1,50,0.05,0.1],[6,735,33.2956252024,-3.2043747976,[4,4,2,26,17,24,20,4,0,21],"SA","pd",10,30,10,0.95,10000,57.0068650246,5000,-1,50,0.05,0.1],[6,750,33.2956252024,-3.2043747976,[4,4,2,26,17,24,20,4,0,21],"SA","pd",10,30,10,0.95,10000,57.343026638,5000,-1,50,0.05,0.1],[6,765,33.2956252024,-3.2043747976,[4,4,2,26,17,24,20,4,0,21],"SA","pd",10,30,10,0.95,10000,57.3233537674,5000,-1,50,0.05,0.1],[6,780,33.2956252024,-3.2043747976,[4,4,2,26,17,24,20,4,0,21],"SA","pd",10,30,10,0.95,10000,56.9418656826,5000,-1,50,0.05,0.1],[6,795,33.2956252024,-3.2043747976,[4,4,2,26,17,24,20,4,0,21],"SA","pd",10,30,10,0.95,10000,57.029337883,5000,-1,50,0.05,0.1],[6,810,33.2956252024,-3.2043747976,[4,4,2,26,17,24,20,4,0,21],"SA","pd",10,30,10,0.95,10000,69.1636867523,5000,-1,50,0.05,0.1],[6,825,33.2956252024,-3.2043747976,[4,4,2,26,17,24,20,4,0,21],"SA","pd",10,30,10,0.95,10000,56.6673545837,5000,-1,50,0.05,0.1],[6,840,33.2956252024,-3.2043747976,[4,4,2,26,17,24,20,4,0,21],"SA","pd",10,30,10,0.95,10000,56.7454621792,5000,-1,50,0.05,0.1],[6,855,33.2956252024,-3.2043747976,[4,4,2,26,17,24,20,4,0,21],"SA","pd",10,30,10,0.95,10000,56.7525365353,5000,-1,50,0.05,0.1],[6,870,33.2956252024,-3.2043747976,[4,4,2,26,17,24,20,4,0,21],"SA","pd",10,30,10,0.95,10000,56.6784284115,5000,-1,50,0.05,0.1],[6,885,33.2956252024,-3.2043747976,[4,4,2,26,17,24,20,4,0,21],