{"columns":["ite","time","q","scaled_eu","z","solver","attacker","|Q|","|X|","|T|","rho","k","utility_time","RS_iters","mcts_iters","sa_iters","eps","lr"],"index":[0,1,2,3,4,5,6,7,8,9,10,11,12,13,14,15,16,17,18,19,20,21,22,23,24,25,26,27,28,29,30,31,32,33,34,35,36,37,38,39,40,41,42,43,44,45,46,47,48,49,50,51,52,53,54,55,56,57,58,59,60,61,62,63,64,65,66,67,68,69,70,71,72,73,74,75,76,77,78,79],"data":[[5,15,31.9169085553,-4.5830914447,[23,2,2,28,0,15,7,4,7,15],"SA","pd",10,30,10,0.95,10000,57.0893261433,5000,-1,50,0.05,0.1],[5,30,34.2399933784,-2.2600066216,[23,20,3,28,0,15,0,4,15,15],"SA","pd",10,30,10,0.95,10000,57.2421751022,5000,-1,50,0.05,0.1],[5,45,34.2399933784,-2.2600066216,[23,20,3,28,0,15,0,4,15,15],"SA","pd",10,30,10,0.95,10000,57.2896625996,5000,-1,50,0.05,0.1],[5,60,34.2399933784,-2.2600066216,[23,20,3,28,0,15,0,4,15,15],"SA","pd",10,30,10,0.95,10000,57.1723599434,5000,-1,50,0.05,0.1],[5,75,34.2399933784,-2.2600066216,[23,20,3,28,0,15,0,4,15,15],"SA","pd",10,30,10,0.95,10000,57.2512779236,5000,-1,50,0.05,0.1],[5,90,34.2399933784,-2.2600066216,[23,20,3,28,0,15,0,4,15,15],"SA","pd",10,30,10,0.95,10000,57.1916613579,5000,-1,50,0.05,0.1],[5,105,34.2399933784,-2.2600066216,[23,20,3,28,0,15,0,4,15,15],"SA","pd",10,30,10,0.95,10000,57.1509063244,5000,-1,50,0.05,0.1],[5,120,34.2399933784,-2.2600066216,[23,20,3,28,0,15,0,4,15,15],"SA","pd",10,30,10,0.95,10000,58.0200526714,5000,-1,50,0.05,0.1],[5,135,34.2399933784,-2.2600066216,[23,20,3,28,0,15,0,4,15,15],"SA","pd",10,30,10,0.95,10000,56.9607150555,5000,-1,50,0.05,0.1],[5,150,34.2399933784,-2.2600066216,[23,20,3,28,0,15,0,4,15,15],"SA","pd",10,30,10,0.95,10000,57.2008244991,5000,-1,50,0.05,0.1],[5,165,34.2399933784,-2.2600066216,[23,20,3,28,0,15,0,4,15,15],"SA","pd",10,30,10,0.95,10000,57.2929246426,5000,-1,50,0.05,0.1],[5,180,34.2399933784,-2.2600066216,[23,20,3,28,0,15,0,4,15,15],"SA","pd",10,30,10,0.95,10000,57.2361588478,5000,-1,50,0.05,0.1],[5,195,34.2399933784,-2.2600066216,[23,20,3,28,0,15,0,4,15,15],"SA","pd",10,30,10,0.95,10000,57.5919332504,5000,-1,50,0.05,0.1],[5,210,34.2399933784,-2.2600066216,[23,20,3,28,0,15,0,4,15,15],"SA","pd",10,30,10,0.95,10000,57.5859360695,5000,-1,50,0.05,0.1],[5,225,34.2399933784,-2.2600066216,[23,20,3,28,0,15,0,4,15,15],"SA","pd",10,30,10,0.95,10000,57.0986516476,5000,-1,50,0.05,0.1],[5,240,34.2399933784,-2.2600066216,[23,20,3,28,0,15,0,4,15,15],"SA","pd",10,30,10,0.95,10000,57.5348467827,5000,-1,50,0.05,0.1],[5,255,34.2399933784,-2.2600066216,[23,20,3,28,0,15,0,4,15,15],"SA","pd",10,30,10,0.95,10000,57.126291275,5000,-1,50,0.05,0.1],[5,270,34.2399933784,-2.2600066216,[23,20,3,28,0,15,0,4,15,15],"SA","pd",10,30,10,0.95,10000,57.5219931602,5000,-1,50,0.05,0.1],[5,285,34.2399933784,-2.2600066216,[23,20,3,28,0,15,0,4,15,15],"SA","pd",10,30,10,0.95,10000,76.7701976299,5000,-1,50,0.05,0.1],[5,300,34.2399933784,-2.2600066216,[23,20,3,28,0,15,0,4,15,15],"SA","pd",10,30,10,0.95,10000,73.2837162018,5000,-1,50,0.05,0.1],[5,315,34.2399933784,-2.2600066216,[23,20,3,28,0,15,0,4,15,15],"SA","pd",10,30,10,0.95,10000,57.59147048,5000,-1,50,0.05,0.1],[5,330,34.2399933784,-2.2600066216,[23,20,3,28,0,15,0,4,15,15],"SA","pd",10,30,10,0.95,10000,57.1149680614,5000,-1,50,0.05,0.1],[5,345,34.2399933784,-2.2600066216,[23,20,3,28,0,15,0,4,15,15],"SA","pd",10,30,10,0.95,10000,57.5786831379,5000,-1,50,0.05,0.1],[5,360,34.2399933784,-2.2600066216,[23,20,3,28,0,15,0,4,15,15],"SA","pd",10,30,10,0.95,10000,57.5950016975,5000,-1,50,0.05,0.1],[5,375,34.2399933784,-2.2600066216,[23,20,3,28,0,15,0,4,15,15],"SA","pd",10,30,10,0.95,10000,57.2501680851,5000,-1,50,0.05,0.1],[5,390,34.2399933784,-2.2600066216,[23,20,3,28,0,15,0,4,15,15],"SA","pd",10,30,10,0.95,10000,57.4500572681,5000,-1,50,0.05,0.1],[5,405,34.2399933784,-2.2600066216,[23,20,3,28,0,15,0,4,15,15],"SA","pd",10,30,10,0.95,10000,57.1803925037,5000,-1,50,0.05,0.1],[5,420,34.2399933784,-2.2600066216,[23,20,3,28,0,15,0,4,15,15],"SA","pd",10,30,10,0.95,10000,57.4587602615,5000,-1,50,0.05,0.1],[5,435,34.2399933784,-2.2600066216,[23,20,3,28,0,15,0,4,15,15],"SA","pd",10,30,10,0.95,10000,57.3720254898,5000,-1,50,0.05,0.1],[5,450,35.3633262284,-1.1366737716,[25,17,3,19,4,4,22,17,18,4],"SA","pd",10,30,10,0.95,10000,56.970644474,5000,-1,50,0.05,0.1],[5,465,35.3633262284,-1.1366737716,[25,17,3,19,4,4,8,17,22,4],"SA","pd",10,30,10,0.95,10000,57.2038867474,5000,-1,50,0.05,0.1],[5,480,35.3633262284,-1.1366737716,[25,17,3,19,4,4,8,17,22,4],"SA","pd",10,30,10,0.95,10000,57.0275671482,5000,-1,50,0.05,0.1],[5,495,35.3633262284,-1.1366737716,[25,17,3,19,4,4,8,17,22,4],"SA","pd",10,30,10,0.95,10000,56.9921598434,5000,-1,50,0.05,0.1],[5,510,35.3633262284,-1.1366737716,[25,17,3,19,4,4,8,17,22,4],"SA","pd",10,30,10,0.95,10000,57.0823013783,5000,-1,50,0.05,0.1],[5,525,35.3633262284,-1.1366737716,[25,17,3,19,4,4,8,17,22,4],"SA","pd",10,30,10,0.95,10000,57.0596280098,5000,-1,50,0.05,0.1],[5,540,35.3633262284,-1.1366737716,[25,17,3,19,4,4,8,17,22,4],"SA","pd",10,30,10,0.95,10000,57.3147044182,5000,-1,50,0.05,0.1],[5,555,35.3633262284,-1.1366737716,[25,17,3,19,4,4,8,17,22,4],"SA","pd",10,30,10,0.95,10000,57.4465413094,5000,-1,50,0.05,0.1],[5,570,35.3633262284,-1.1366737716,[9,4,14,5,14,24,14,4,27,27],"SA","pd",10,30,10,0.95,10000,57.0886631012,5000,-1,50,0.05,0.1],[5,585,35.3633262284,-1.1366737716,[9,4,14,5,14,24,14,4,27,27],"SA","pd",10,30,10,0.95,10000,57.5253801346,5000,-1,50,0.05,0.1],[5,600,35.3633262284,-1.1366737716,[9,4,14,5,14,24,14,4,27,27],"SA","pd",10,30,10,0.95,10000,57.2232077122,5000,-1,50,0.05,0.1],[5,615,35.3633262284,-1.1366737716,[4,16,29,15,14,24,14,4,27,28],"SA","pd",10,30,10,0.95,10000,57.1499435902,5000,-1,50,0.05,0.1],[5,630,36.1608621197,-0.3391378803,[24,0,3,18,14,4,14,4,27,28],"SA","pd",10,30,10,0.95,10000,57.1399953365,5000,-1,50,0.05,0.1],[5,645,36.7837473869,0.2837473869,[20,0,3,4,14,24,14,14,24,28],"SA","pd",10,30,10,0.95,10000,56.9700369835,5000,-1,50,0.05,0.1],[5,660,36.7837473869,0.2837473869,[20,0,3,4,14,24,14,14,24,28],"SA","pd",10,30,10,0.95,10000,57.1595292091,5000,-1,50,0.05,0.1],[5,675,36.7837473869,0.2837473869,[20,0,3,4,14,24,14,14,24,28],"SA","pd",10,30,10,0.95,10000,57.1470017433,5000,-1,50,0.05,0.1],[5,690,36.7837473869,0.2837473869,[20,0,3,4,14,24,14,14,24,28],"SA","pd",10,30,10,0.95,10000,57.5518870354,5000,-1,50,0.05,0.1],[5,705,36.7837473869,0.2837473869,[20,0,3,4,14,24,14,14,24,28],"SA","pd",10,30,10,0.95,10000,57.3060097694,5000,-1,50,0.05,0.1],[5,720,36.7837473869,0.2837473869,[20,0,3,4,14,24,14,14,24,28],"SA","pd",10,30,10,0.95,10000,57.4299139977,5000,-1,50,0.05,0.1],[5,735,36.7837473869,0.2837473869,[20,17,3,27,27,4,14,4,4,28],"SA","pd",10,30,10,0.95,10000,57.3079037666,5000,-1,50,0.05,0.1],[5,750,38.0900297565,1.5900297565,[20,9,3,17,27,4,14,4,4,28],"SA","pd",10,30,10,0.95,10000,57.0942993164,5000,-1,50,0.05,0.1],[5,765,38.0900297565,1.5900297565,[20,4,3,24,14,4,14,4,4,28],"SA","pd",10,30,10,0.95,10000,56.8457074165,5000,-1,50,0.05,0.1],[5,780,38.0900297565,1.5900297565,[6,4,3,24,14,4,14,4,4,28],"SA","pd",10,30,10,0.95,10000,57.0157299042,5000,-1,50,0.05,0.1],[5,795,38.0900297565,1.5900297565,[6,4,3,24,14,4,14,4,4,28],"SA","pd",10,30,10,0.95,10000,56.8616359234,5000,-1,50,0.05,0.1],[5,810,38.0900297565,1.5900297565,[4,4,3,24,1,20,14,4,4,27],"SA","pd",10,30,10,0.95,10000,56.8605368137,5000,-1,50,0.05,0.1],[5,825,39.7438984342,3.2438984342,[20,4,3,19,1,20,14,4,4,28],"SA","pd",10,30,10,0.95,10000,56.7197227478,5000,-1,50,0.05,0.1],[5,840,39.7438984342,3.2438984342,[20,4,3,19,1,20,14,4,4,28],"SA","pd",10,30,10,0.95,10000,56.814514637,5000,-1,50,0.05,0.1],[5,855,39.7438984342,3.2438984342,[20,4,3,19,1,20,14,4,4,28],"SA","pd",10,30,10,0.95,10000,56.9475545883,5000,-1,50,0.05,0.1],[5,870,39.7438984342,3.2438984342,[20,4,3,19,1,20,14,4,4,28],"SA","pd",10,30,10,0.95,10000,56.9553143978,5000,-1,50,0.05,0.1],[5,885,39.7438984342,3.2438984342,[20,4,3,19,1,20,14,4,4,28],"SA","pd",10,30,10,0.95,10000,56.1248056889,5000,-1,50,0.05,0.1],[5,900,39.7438984342,3.2438984342,[20,4,3,19,1,20,14,4,4,28],