{"columns":["ite","time","q","scaled_eu","z","solver","attacker","|Q|","|X|","|T|","rho","k","utility_time","RS_iters","mcts_iters","sa_iters","eps","lr"],"index":[0,1,2,3,4,5,6,7,8,9,10,11,12,13,14,15,16,17,18,19,20,21,22,23,24,25,26,27,28,29,30,31,32,33,34,35,36,37,38,39,40,41,42,43,44,45,46,47,48,49,50,51,52,53,54,55,56,57,58,59,60,61,62,63,64,65,66,67,68,69,70,71,72,73,74,75,76,77,78,79],"data":[[2,15,90.213788722,-17.286211278,[5,5,9,1,3,1,9,2,2,3,7,1,6,9,7,3,5,9,3,5,0,0,4,3,2,1,6,7,1,4],"SA","pd",10,10,30,0.95,10000,45.226061821,5000,-1,50,0.05,0.1],[2,30,90.213788722,-17.286211278,[4,7,6,8,9,9,9,3,2,7,7,9,1,9,2,5,2,0,3,0,5,0,8,4,0,1,9,9,1,4],"SA","pd",10,10,30,0.95,10000,45.1908178329,5000,-1,50,0.05,0.1],[2,45,90.447781041,-17.052218959,[7,4,0,0,6,8,0,1,6,9,2,5,6,2,2,7,5,8,5,3,2,1,9,3,2,5,0,3,1,0],"SA","pd",10,10,30,0.95,10000,45.3038961887,5000,-1,50,0.05,0.1],[2,60,90.447781041,-17.052218959,[7,3,0,0,8,8,5,0,8,5,1,0,5,2,5,6,5,7,5,3,5,5,9,0,1,3,0,0,1,0],"SA","pd",10,10,30,0.95,10000,45.2714281082,5000,-1,50,0.05,0.1],[2,75,91.3213606724,-16.1786393276,[6,1,3,5,4,3,5,1,2,1,0,4,5,2,1,5,0,2,4,3,2,1,8,1,7,3,7,3,5,9],"SA","pd",10,10,30,0.95,10000,45.1770801544,5000,-1,50,0.05,0.1],[2,90,92.0524425403,-15.4475574597,[8,9,2,5,6,5,0,6,9,4,2,5,1,7,1,7,0,6,3,3,0,5,8,8,8,3,7,3,3,1],"SA","pd",10,10,30,0.95,10000,45.3169007301,5000,-1,50,0.05,0.1],[2,105,92.2309742254,-15.2690257746,[8,5,2,7,2,5,7,1,9,2,2,0,5,9,8,3,6,9,0,0,4,3,8,1,3,0,7,1,5,3],"SA","pd",10,10,30,0.95,10000,45.3460795879,5000,-1,50,0.05,0.1],[2,120,99.0522548657,-8.4477451343,[8,6,2,7,4,5,0,3,9,7,0,8,5,9,1,5,3,8,0,8,4,5,8,4,9,0,7,0,2,0],"SA","pd",10,10,30,0.95,10000,45.300252676,5000,-1,50,0.05,0.1],[2,135,99.0522548657,-8.4477451343,[8,6,2,7,4,5,0,3,9,7,0,8,5,9,1,5,3,8,0,8,4,5,8,4,9,0,7,0,2,0],"SA","pd",10,10,30,0.95,10000,75.8688418865,5000,-1,50,0.05,0.1],[2,150,99.0522548657,-8.4477451343,[8,6,2,7,4,5,0,3,9,7,0,8,5,9,1,5,3,8,0,8,4,5,8,4,9,0,7,0,2,0],"SA","pd",10,10,30,0.95,10000,70.3632576466,5000,-1,50,0.05,0.1],[2,165,99.0522548657,-8.4477451343,[8,6,2,7,4,5,0,3,9,7,0,8,5,9,1,5,3,8,0,8,4,5,8,4,9,0,7,0,2,0],"SA","pd",10,10,30,0.95,10000,45.2874042988,5000,-1,50,0.05,0.1],[2,180,99.0522548657,-8.4477451343,[8,6,2,7,4,5,0,3,9,7,0,8,5,9,1,5,3,8,0,8,4,5,8,4,9,0,7,0,2,0],"SA","pd",10,10,30,0.95,10000,45.1832699776,5000,-1,50,0.05,0.1],[2,195,99.0522548657,-8.4477451343,[8,6,2,7,4,5,0,3,9,7,0,8,5,9,1,5,3,8,0,8,4,5,8,4,9,0,7,0,2,0],"SA","pd",10,10,30,0.95,10000,45.2055859566,5000,-1,50,0.05,0.1],[2,210,99.0522548657,-8.4477451343,[8,6,2,7,4,5,0,3,9,7,0,8,5,9,1,5,3,8,0,8,4,5,8,4,9,0,7,0,2,0],"SA","pd",10,10,30,0.95,10000,45.2303380966,5000,-1,50,0.05,0.1],[2,225,99.0522548657,-8.4477451343,[8,6,2,7,4,5,0,3,9,7,0,8,5,9,1,5,3,8,0,8,4,5,8,4,9,0,7,0,2,0],"SA","pd",10,10,30,0.95,10000,45.3320965767,5000,-1,50,0.05,0.1],[2,240,99.0522548657,-8.4477451343,[8,6,2,7,4,5,0,3,9,7,0,8,5,9,1,5,3,8,0,8,4,5,8,4,9,0,7,0,2,0],"SA","pd",10,10,30,0.95,10000,45.2433085442,5000,-1,50,0.05,0.1],[2,255,99.0522548657,-8.4477451343,[8,6,2,7,4,5,0,3,9,7,0,8,5,9,1,5,3,8,0,8,4,5,8,4,9,0,7,0,2,0],"SA","pd",10,10,30,0.95,10000,45.3762099743,5000,-1,50,0.05,0.1],[2,270,99.0522548657,-8.4477451343,[8,6,2,7,4,5,0,3,9,7,0,8,5,9,1,5,3,8,0,8,4,5,8,4,9,0,7,0,2,0],"SA","pd",10,10,30,0.95,10000,45.2976539135,5000,-1,50,0.05,0.1],[2,285,99.0522548657,-8.4477451343,[8,6,2,7,4,5,0,3,9,7,0,8,5,9,1,5,3,8,0,8,4,5,8,4,9,0,7,0,2,0],"SA","pd",10,10,30,0.95,10000,45.3804891109,5000,-1,50,0.05,0.1],[2,300,99.0522548657,-8.4477451343,[8,6,2,7,4,5,0,3,9,7,0,8,5,9,1,5,3,8,0,8,4,5,8,4,9,0,7,0,2,0],"SA","pd",10,10,30,0.95,10000,45.3509068489,5000,-1,50,0.05,0.1],[2,315,100.510988092,-6.989011908,[9,2,5,4,8,5,5,1,8,5,0,0,5,6,1,5,1,6,5,3,5,4,8,4,6,5,8,7,1,5],"SA","pd",10,10,30,0.95,10000,45.3899872303,5000,-1,50,0.05,0.1],[2,330,102.2945496579,-5.2054503421,[9,5,5,4,8,1,6,5,8,9,0,0,5,6,1,5,0,2,5,3,6,4,8,4,9,5,8,0,1,5],"SA","pd",10,10,30,0.95,10000,45.2429842949,5000,-1,50,0.05,0.1],[2,345,102.2945496579,-5.2054503421,[0,0,4,8,7,1,5,1,2,5,0,0,8,5,3,8,2,1,3,3,4,4,0,4,2,5,8,0,1,6],"SA","pd",10,10,30,0.95,10000,45.2117841244,5000,-1,50,0.05,0.1],[2,360,102.2945496579,-5.2054503421,[0,0,4,8,7,1,5,1,2,5,0,0,8,5,3,8,2,1,3,3,4,4,0,4,2,5,8,0,1,6],"SA","pd",10,10,30,0.95,10000,45.1940572262,5000,-1,50,0.05,0.1],[2,375,102.9234160022,-4.5765839978,[9,0,3,4,6,5,0,0,7,5,4,0,5,1,9,8,2,2,2,0,4,0,8,4,9,1,7,0,4,5],"SA","pd",10,10,30,0.95,10000,45.3345584869,5000,-1,50,0.05,0.1],[2,390,102.9234160022,-4.5765839978,[9,0,3,4,6,5,0,0,7,5,4,0,5,1,9,8,2,2,2,0,4,0,8,4,9,1,7,0,4,5],"SA","pd",10,10,30,0.95,10000,45.3868093491,5000,-1,50,0.05,0.1],[2,405,102.9234160022,-4.5765839978,[9,0,3,4,6,5,0,0,7,5,4,0,5,1,9,8,2,2,2,0,4,0,8,4,9,1,7,0,4,5],"SA","pd",10,10,30,0.95,10000,45.4457671642,5000,-1,50,0.05,0.1],[2,420,102.9234160022,-4.5765839978,[9,0,3,4,6,5,0,0,7,5,4,0,5,1,9,8,2,2,2,0,4,0,8,4,9,1,7,0,4,5],"SA","pd",10,10,30,0.95,10000,45.3807957172,5000,-1,50,0.05,0.1],[2,435,102.9234160022,-4.5765839978,[9,0,3,4,6,5,0,0,7,5,4,0,5,1,9,8,2,2,2,0,4,0,8,4,9,1,7,0,4,5],"SA","pd",10,10,30,0.95,10000,45.1980881691,5000,-1,50,0.05,0.1],[2,450,102.9234160022,-4.5765839978,[9,0,3,4,6,5,0,0,7,5,4,0,5,1,9,8,2,2,2,0,4,0,8,4,9,1,7,0,4,5],"SA","pd",10,10,30,0.95,10000,45.2192401886,5000,-1,50,0.05,0.1],[2,465,102.9234160022,-4.5765839978,[1,6,3,6,0,5,0,5,8,5,5,0,7,6,6,5,6,6,2,7,6,0,8,0,0,0,0,0,1,7],"SA","pd",10,10,30,0.95,10000,45.3167045116,5000,-1,50,0.05,0.1],[2,480,102.9234160022,-4.5765839978,[8,6,2,4,6,7,2,3,8,0,0,0,8,9,9,3,7,0,9,6,4,0,9,8,1,1,7,0,0,7],"SA","pd",10,10,30,0.95,10000,45.2489159107,5000,-1,50,0.05,0.1],[2,495,102.9234160022,-4.5765839978,[8,6,2,4,6,7,2,3,8,0,0,0,8,9,9,3,7,0,9,6,4,0,9,8,1,1,7,0,0,7],"SA","pd",10,10,30,0.95,10000,45.2947251797,5000,-1,50,0.05,0.1],[2,510,102.9234160022,-4.5765839978,[8,6,2,4,6,7,2,3,8,0,0,0,8,9,9,3,7,0,9,6,4,0,9,8,1,1,7,0,0,7],"SA","pd",10,10,30,0.95,10000,45.1999807358,5000,-1,50,0.05,0.1],[2,525,102.9234160022,-4.5765839978,[8,6,2,4,6,7,2,3,8,0,0,0,8,9,9,3,7,0,9,6,4,0,9,8,1,1,7,0,0,7],"SA","pd",10,10,30,0.95,10000,45.2604157925,5000,-1,50,0.05,0.1],[2,540,102.9234160022,-4.5765839978,[8,6,2,4,6,7,2,3,8,0,0,0,8,9,9,3,7,0,9,6,4,0,9,8,1,1,7,0,0,7],"SA","pd",10,10,30,0.95,10000,45.1399703026,5000,-1,50,0.05,0.1],[2,555,103.311346609,-4.188653391,[1,5,7,4,0,1,0,8,0,5,5,0,5,9,4,5,2,2,3,0,1,5,0,0,9,0,7,0,1,3],"SA","pd",10,10,30,0.95,10000,45.3208611012,5000,-1,50,0.05,0.1],[2,570,104.2583322453,-3.2416677547,[9,0,0,4,5,1,0,0,5,5,5,0,5,0,8,5,2,2,0,8,4,8,8,4,9,8,7,9,1,5],"SA","pd",10,10,30,0.95,10000,45.3450880051,5000,-1,50,0.05,0.1],[2,585,104.2583322453,-3.2416677547,[9,0,0,4,5,1,0,0,5,5,5,0,5,0,8,5,2,2,0,8,4,8,8,4,9,8,7,9,1,5],"SA","pd",10,10,30,0.95,10000,45.1626622677,5000,-1,50,0.05,0.1],[2,600,104.2583322453,-3.2416677547,[9,0,0,4,5,1,0,0,5,5,5,0,5,0,8,5,2,2,0,8,4,8,8,4,9,8,7,9,1,5],"SA","pd",10,10,30,0.95,10000,45.2931716442,5000,-1,50,0.05,0.1],[2,615,104.2583322453,-3.2416677547,[9,0,0,4,5,1,0,0,5,5,5,0,5,0,8,5,2,2,0,8,4,8,8,4,9,8,7,9,1,5],"SA","pd",10,10,30,0.95,10000,45.1638643742,5000,-1,50,0.05,0.1],[2,630,104.2583322453,-3.2416677547,[9,0,0,4,5,1,0,0,5,5,5,0,5,0,8,5,2,2,0,8,4,8,8,4,9,8,7,9,1,5],"SA","pd",10,10,30,0.95,10000,45.1776328087,5000,-1,50,0.05,0.1],[2,645,104.2583322453,-3.2416677547,[9,0,0,4,5,1,0,0,5,5,5,0,5,0,8,5,2,2,0,8,4,8,8,4,9,8,7,9,1,5],"SA","pd",10,10,30,0.95,10000,45.2718646526,5000,-1,50,0.05,0.1],[2,660,104.2583322453,-3.2416677547,[9,0,0,4,5,1,0,0,5,5,5,0,5,0,8,5,2,2,0,8,4,8,8,4,9,8,7,9,1,5],"SA","pd",10,10,30,0.95,10000,45.2558619976,5000,-1,50,0.05,0.1],[2,675,104.2583322453,-3.2416677547,[9,0,0,4,5,1,0,0,5,5,5,0,5,0,8,5,2,2,0,8,4,8,8,4,9,8,7,9,1,5],"SA","pd",10,10,30,0.95,10000,45.3667931557,5000,-1,50,0.05,0.1],[2,690,106.4733611294,-1.0266388706,[9,2,0,0,0,5,0,3,1,5,0,0,5,4,2,5,0,5,3,4,4,0,8,4,9,5,7,0,0,7],"SA","pd",10,10,30,0.95,10000,45.4287273884,5000,-1,50,0.05,0.1],[2,705,106.4733611294,-1.0266388706,[9,2,0,0,0,5,0,3,1,5,0,0,5,4,2,5,0,5,3,4,4,0,8,4,9,5,7,0,0,7],