{"columns":["ite","time","q","scaled_eu","z","solver","attacker","|Q|","|X|","|T|","rho","k","utility_time","RS_iters","mcts_iters","sa_iters","eps","lr"],"index":[0,1,2,3,4,5,6,7,8,9,10,11,12,13,14,15,16,17,18,19,20,21,22,23,24,25,26,27,28,29,30,31,32,33,34,35,36,37,38,39,40,41,42,43,44,45,46,47,48,49,50,51,52,53,54,55,56,57,58,59,60,61,62,63,64,65,66,67,68,69,70,71,72,73,74,75,76,77,78,79],"data":[[4,15,88.7150789495,-18.7849210505,[1,7,9,1,8,9,6,6,6,4,3,4,5,2,2,4,3,6,3,9,5,8,3,4,6,1,1,0,9,4],"SA","pd",10,10,30,0.95,10000,45.726423502,5000,-1,50,0.05,0.1],[4,30,88.7150789495,-18.7849210505,[1,7,9,1,8,9,6,6,6,4,3,4,5,2,2,4,3,6,3,9,5,8,3,4,6,1,1,0,9,4],"SA","pd",10,10,30,0.95,10000,45.5091946125,5000,-1,50,0.05,0.1],[4,45,90.1040365624,-17.3959634376,[6,6,9,2,1,0,2,0,6,9,1,7,2,4,3,5,5,2,6,7,4,1,8,7,2,4,3,6,1,0],"SA","pd",10,10,30,0.95,10000,45.6094741821,5000,-1,50,0.05,0.1],[4,60,91.7710700965,-15.7289299035,[6,7,9,0,6,0,4,3,6,9,1,1,2,4,1,5,2,2,3,7,4,9,5,7,1,3,7,6,2,0],"SA","pd",10,10,30,0.95,10000,45.5336248875,5000,-1,50,0.05,0.1],[4,75,91.7710700965,-15.7289299035,[6,2,7,4,6,6,0,3,5,5,1,7,8,9,3,2,2,3,9,6,5,1,8,7,9,0,6,6,9,8],"SA","pd",10,10,30,0.95,10000,45.6737029552,5000,-1,50,0.05,0.1],[4,90,91.7710700965,-15.7289299035,[9,2,4,0,0,4,6,1,8,8,8,0,2,9,8,8,4,0,3,7,9,1,8,9,0,1,1,0,1,3],"SA","pd",10,10,30,0.95,10000,45.6691536903,5000,-1,50,0.05,0.1],[4,105,91.7710700965,-15.7289299035,[9,2,4,0,0,4,6,1,8,8,8,0,2,9,8,8,4,0,3,7,9,1,8,9,0,1,1,0,1,3],"SA","pd",10,10,30,0.95,10000,45.6291956902,5000,-1,50,0.05,0.1],[4,120,93.7831310334,-13.7168689666,[8,8,2,0,6,0,2,3,4,1,5,6,5,3,5,9,5,2,7,5,0,3,8,4,8,1,5,3,3,5],"SA","pd",10,10,30,0.95,10000,45.5970523357,5000,-1,50,0.05,0.1],[4,135,93.7831310334,-13.7168689666,[1,8,2,5,6,1,0,6,5,8,5,0,5,9,5,4,5,2,3,5,4,5,1,0,8,1,2,3,3,5],"SA","pd",10,10,30,0.95,10000,45.5279521942,5000,-1,50,0.05,0.1],[4,150,97.0858829139,-10.4141170861,[8,9,1,0,6,0,5,9,0,9,8,0,5,8,7,5,0,7,3,8,4,0,3,0,5,1,8,0,6,5],"SA","pd",10,10,30,0.95,10000,45.650074482,5000,-1,50,0.05,0.1],[4,165,97.0858829139,-10.4141170861,[8,9,1,0,6,0,5,9,0,9,8,0,5,8,7,5,0,7,3,8,4,0,3,0,5,1,8,0,6,5],"SA","pd",10,10,30,0.95,10000,45.4946699142,5000,-1,50,0.05,0.1],[4,180,97.0858829139,-10.4141170861,[8,9,1,0,6,0,5,9,0,9,8,0,5,8,7,5,0,7,3,8,4,0,3,0,5,1,8,0,6,5],"SA","pd",10,10,30,0.95,10000,45.6942849159,5000,-1,50,0.05,0.1],[4,195,97.0858829139,-10.4141170861,[6,2,9,4,6,8,0,5,8,5,4,1,5,8,7,5,7,1,9,3,0,0,2,4,0,3,7,7,3,5],"SA","pd",10,10,30,0.95,10000,45.5853278637,5000,-1,50,0.05,0.1],[4,210,97.7275381908,-9.7724618092,[9,4,7,0,5,1,0,5,8,8,2,7,0,5,7,5,7,0,0,3,4,5,8,0,0,2,9,5,1,7],"SA","pd",10,10,30,0.95,10000,45.6874687672,5000,-1,50,0.05,0.1],[4,225,97.7275381908,-9.7724618092,[9,4,7,0,5,1,0,5,8,8,2,7,0,5,7,5,7,0,0,3,4,5,8,0,0,2,9,5,1,7],"SA","pd",10,10,30,0.95,10000,45.6042060852,5000,-1,50,0.05,0.1],[4,240,97.7275381908,-9.7724618092,[9,4,7,0,5,1,0,5,8,8,2,7,0,5,7,5,7,0,0,3,4,5,8,0,0,2,9,5,1,7],"SA","pd",10,10,30,0.95,10000,45.6537108421,5000,-1,50,0.05,0.1],[4,255,97.7275381908,-9.7724618092,[9,4,7,0,5,1,0,5,8,8,2,7,0,5,7,5,7,0,0,3,4,5,8,0,0,2,9,5,1,7],"SA","pd",10,10,30,0.95,10000,45.7081029415,5000,-1,50,0.05,0.1],[4,270,97.7275381908,-9.7724618092,[9,4,7,0,5,1,0,5,8,8,2,7,0,5,7,5,7,0,0,3,4,5,8,0,0,2,9,5,1,7],"SA","pd",10,10,30,0.95,10000,45.5966920853,5000,-1,50,0.05,0.1],[4,285,97.7275381908,-9.7724618092,[9,4,7,0,5,1,0,5,8,8,2,7,0,5,7,5,7,0,0,3,4,5,8,0,0,2,9,5,1,7],"SA","pd",10,10,30,0.95,10000,45.7403161526,5000,-1,50,0.05,0.1],[4,300,97.7275381908,-9.7724618092,[9,4,7,0,5,1,0,5,8,8,2,7,0,5,7,5,7,0,0,3,4,5,8,0,0,2,9,5,1,7],"SA","pd",10,10,30,0.95,10000,45.622266531,5000,-1,50,0.05,0.1],[4,315,97.7275381908,-9.7724618092,[9,4,7,0,5,1,0,5,8,8,2,7,0,5,7,5,7,0,0,3,4,5,8,0,0,2,9,5,1,7],"SA","pd",10,10,30,0.95,10000,45.8131241798,5000,-1,50,0.05,0.1],[4,330,97.7275381908,-9.7724618092,[9,4,7,0,5,1,0,5,8,8,2,7,0,5,7,5,7,0,0,3,4,5,8,0,0,2,9,5,1,7],"SA","pd",10,10,30,0.95,10000,45.6948008537,5000,-1,50,0.05,0.1],[4,345,97.7275381908,-9.7724618092,[9,4,7,0,5,1,0,5,8,8,2,7,0,5,7,5,7,0,0,3,4,5,8,0,0,2,9,5,1,7],"SA","pd",10,10,30,0.95,10000,45.6936135292,5000,-1,50,0.05,0.1],[4,360,97.7275381908,-9.7724618092,[9,4,7,0,5,1,0,5,8,8,2,7,0,5,7,5,7,0,0,3,4,5,8,0,0,2,9,5,1,7],"SA","pd",10,10,30,0.95,10000,45.7627484798,5000,-1,50,0.05,0.1],[4,375,97.7275381908,-9.7724618092,[9,4,7,0,5,1,0,5,8,8,2,7,0,5,7,5,7,0,0,3,4,5,8,0,0,2,9,5,1,7],"SA","pd",10,10,30,0.95,10000,45.6691548824,5000,-1,50,0.05,0.1],[4,390,97.7275381908,-9.7724618092,[9,4,7,0,5,1,0,5,8,8,2,7,0,5,7,5,7,0,0,3,4,5,8,0,0,2,9,5,1,7],"SA","pd",10,10,30,0.95,10000,45.690169096,5000,-1,50,0.05,0.1],[4,405,97.7275381908,-9.7724618092,[9,4,7,0,5,1,0,5,8,8,2,7,0,5,7,5,7,0,0,3,4,5,8,0,0,2,9,5,1,7],"SA","pd",10,10,30,0.95,10000,45.6648442745,5000,-1,50,0.05,0.1],[4,420,97.7275381908,-9.7724618092,[9,4,7,0,5,1,0,5,8,8,2,7,0,5,7,5,7,0,0,3,4,5,8,0,0,2,9,5,1,7],"SA","pd",10,10,30,0.95,10000,45.6018383503,5000,-1,50,0.05,0.1],[4,435,97.7275381908,-9.7724618092,[9,4,7,0,5,1,0,5,8,8,2,7,0,5,7,5,7,0,0,3,4,5,8,0,0,2,9,5,1,7],"SA","pd",10,10,30,0.95,10000,45.6489446163,5000,-1,50,0.05,0.1],[4,450,98.6090200703,-8.8909799297,[9,5,5,0,5,1,1,9,9,6,8,6,2,9,3,5,4,2,3,3,5,0,7,4,4,8,7,0,1,9],"SA","pd",10,10,30,0.95,10000,45.5701563358,5000,-1,50,0.05,0.1],[4,465,98.6090200703,-8.8909799297,[9,5,5,0,5,1,1,9,9,6,8,6,2,9,3,5,4,2,3,3,5,0,7,4,4,8,7,0,1,9],"SA","pd",10,10,30,0.95,10000,45.6283595562,5000,-1,50,0.05,0.1],[4,480,100.6268444757,-6.8731555243,[9,7,9,0,5,5,3,5,9,2,0,0,5,9,3,5,7,7,3,5,9,0,8,4,0,9,0,0,1,7],"SA","pd",10,10,30,0.95,10000,45.5745663643,5000,-1,50,0.05,0.1],[4,495,100.6268444757,-6.8731555243,[9,7,9,0,5,5,3,5,9,2,0,0,5,9,3,5,7,7,3,5,9,0,8,4,0,9,0,0,1,7],"SA","pd",10,10,30,0.95,10000,45.6741397381,5000,-1,50,0.05,0.1],[4,510,100.6268444757,-6.8731555243,[9,7,9,0,5,5,3,5,9,2,0,0,5,9,3,5,7,7,3,5,9,0,8,4,0,9,0,0,1,7],"SA","pd",10,10,30,0.95,10000,45.6975257397,5000,-1,50,0.05,0.1],[4,525,100.6268444757,-6.8731555243,[9,7,9,0,5,5,3,5,9,2,0,0,5,9,3,5,7,7,3,5,9,0,8,4,0,9,0,0,1,7],"SA","pd",10,10,30,0.95,10000,45.5440363884,5000,-1,50,0.05,0.1],[4,540,100.6268444757,-6.8731555243,[9,7,9,0,5,5,3,5,9,2,0,0,5,9,3,5,7,7,3,5,9,0,8,4,0,9,0,0,1,7],"SA","pd",10,10,30,0.95,10000,45.621938467,5000,-1,50,0.05,0.1],[4,555,101.1128321404,-6.3871678596,[9,2,2,2,0,5,0,2,8,6,5,0,5,5,3,5,7,9,3,3,6,5,8,2,9,1,4,5,1,8],"SA","pd",10,10,30,0.95,10000,45.5597639084,5000,-1,50,0.05,0.1],[4,570,103.1976692618,-4.3023307382,[9,2,2,4,7,1,0,6,8,5,5,0,5,8,3,5,2,0,5,0,4,0,7,2,2,0,8,5,1,2],"SA","pd",10,10,30,0.95,10000,45.5278198719,5000,-1,50,0.05,0.1],[4,585,103.1976692618,-4.3023307382,[9,2,2,4,7,1,0,6,8,5,5,0,5,8,3,5,2,0,5,0,4,0,7,2,2,0,8,5,1,2],"SA","pd",10,10,30,0.95,10000,45.6639900208,5000,-1,50,0.05,0.1],[4,600,103.1976692618,-4.3023307382,[9,2,2,4,7,1,0,6,8,5,5,0,5,8,3,5,2,0,5,0,4,0,7,2,2,0,8,5,1,2],"SA","pd",10,10,30,0.95,10000,45.5606946945,5000,-1,50,0.05,0.1],[4,615,103.1976692618,-4.3023307382,[0,2,5,0,0,1,6,8,8,5,8,0,0,5,3,5,8,0,7,8,4,0,5,5,2,1,7,3,0,2],"SA","pd",10,10,30,0.95,10000,45.6698756218,5000,-1,50,0.05,0.1],[4,630,103.1976692618,-4.3023307382,[0,2,5,0,0,1,6,8,8,5,8,0,0,5,3,5,8,0,7,8,4,0,5,5,2,1,7,3,0,2],"SA","pd",10,10,30,0.95,10000,45.4626507759,5000,-1,50,0.05,0.1],[4,645,103.1976692618,-4.3023307382,[0,2,5,0,0,1,6,8,8,5,8,0,0,5,3,5,8,0,7,8,4,0,5,5,2,1,7,3,0,2],"SA","pd",10,10,30,0.95,10000,45.590293169,5000,-1,50,0.05,0.1],[4,660,103.1976692618,-4.3023307382,[0,2,5,0,0,1,6,8,8,5,8,0,0,5,3,5,8,0,7,8,4,0,5,5,2,1,7,3,0,2],"SA","pd",10,10,30,0.95,10000,45.6420385838,5000,-1,50,0.05,0.1],[4,675,106.0116372609,-1.4883627391,[9,7,2,4,3,1,0,5,8,5,5,0,5,1,3,5,2,5,2,3,4,0,5,4,1,0,8,0,1,7],"SA","pd",10,10,30,0.95,10000,45.541939497,5000,-1,50,0.05,0.1],[4,690,106.0116372609,-1.4883627391,[9,7,2,4,3,1,0,5,8,5,5,0,5,1,3,5,2,5,2,3,4,0,5,4,1,0,8,0,1,7],"SA","pd",10,10,30,0.95,10000,45.5682592392,5000,-1,50,0.05,0.1],[4,705,106.0116372609,-1.4883627391,[9,7,2,4,3,1,0,5,8,5,5,0,5,1,3,5,2,5,2,3,4,0,5,4,1,0,8,0,1,7],