{"columns":["ite","time","q","scaled_eu","z","solver","attacker","|Q|","|X|","|T|","rho","k","utility_time","RS_iters","mcts_iters","sa_iters","eps","lr"],"index":[0,1,2,3,4,5,6,7,8,9,10,11,12,13,14,15,16,17,18,19,20,21,22,23,24,25,26,27,28,29,30,31,32,33,34,35,36,37,38,39,40,41,42,43,44,45,46,47,48,49,50,51,52,53,54,55,56,57,58,59,60,61,62,63,64,65,66,67,68,69,70,71,72,73,74,75,76,77,78,79],"data":[[3,15,92.8369235785,-14.6630764215,[9,5,1,8,0,0,5,1,4,9,8,5,4,9,3,0,0,0,3,0,9,0,6,2,8,5,7,5,9,0],"SA","pd",10,10,30,0.95,10000,48.5600249767,5000,-1,50,0.05,0.1],[3,30,92.8369235785,-14.6630764215,[9,5,2,9,6,6,2,5,8,5,0,3,9,5,5,5,0,7,3,3,7,0,7,3,1,5,3,3,1,9],"SA","pd",10,10,30,0.95,10000,48.4844052792,5000,-1,50,0.05,0.1],[3,45,92.8369235785,-14.6630764215,[9,5,2,9,6,6,2,5,8,5,0,3,9,5,5,5,0,7,3,3,7,0,7,3,1,5,3,3,1,9],"SA","pd",10,10,30,0.95,10000,48.4752693176,5000,-1,50,0.05,0.1],[3,60,92.8369235785,-14.6630764215,[9,5,2,9,6,6,2,5,8,5,0,3,9,5,5,5,0,7,3,3,7,0,7,3,1,5,3,3,1,9],"SA","pd",10,10,30,0.95,10000,48.4226739407,5000,-1,50,0.05,0.1],[3,75,92.8369235785,-14.6630764215,[9,5,2,9,6,6,2,5,8,5,0,3,9,5,5,5,0,7,3,3,7,0,7,3,1,5,3,3,1,9],"SA","pd",10,10,30,0.95,10000,48.5279536247,5000,-1,50,0.05,0.1],[3,90,92.8369235785,-14.6630764215,[9,5,2,9,6,6,2,5,8,5,0,3,9,5,5,5,0,7,3,3,7,0,7,3,1,5,3,3,1,9],"SA","pd",10,10,30,0.95,10000,48.5981245041,5000,-1,50,0.05,0.1],[3,105,92.8369235785,-14.6630764215,[9,5,2,9,6,6,2,5,8,5,0,3,9,5,5,5,0,7,3,3,7,0,7,3,1,5,3,3,1,9],"SA","pd",10,10,30,0.95,10000,48.5154221058,5000,-1,50,0.05,0.1],[3,120,92.8369235785,-14.6630764215,[9,5,2,9,6,6,2,5,8,5,0,3,9,5,5,5,0,7,3,3,7,0,7,3,1,5,3,3,1,9],"SA","pd",10,10,30,0.95,10000,48.5313305855,5000,-1,50,0.05,0.1],[3,135,92.8369235785,-14.6630764215,[9,5,2,9,6,6,2,5,8,5,0,3,9,5,5,5,0,7,3,3,7,0,7,3,1,5,3,3,1,9],"SA","pd",10,10,30,0.95,10000,48.4902653694,5000,-1,50,0.05,0.1],[3,150,92.8369235785,-14.6630764215,[9,5,2,9,6,6,2,5,8,5,0,3,9,5,5,5,0,7,3,3,7,0,7,3,1,5,3,3,1,9],"SA","pd",10,10,30,0.95,10000,48.4414715767,5000,-1,50,0.05,0.1],[3,165,93.6238233514,-13.8761766486,[9,2,5,5,6,6,0,6,4,2,6,9,5,9,2,5,2,3,3,1,3,5,3,2,4,7,7,8,4,6],"SA","pd",10,10,30,0.95,10000,48.5094192028,5000,-1,50,0.05,0.1],[3,180,94.3863013276,-13.1136986724,[9,6,5,9,6,8,0,3,4,5,6,9,8,1,2,5,2,3,0,1,5,5,9,5,9,4,7,1,5,3],"SA","pd",10,10,30,0.95,10000,48.4963202477,5000,-1,50,0.05,0.1],[3,195,97.3791100141,-10.1208899859,[0,8,1,5,2,8,0,5,5,5,0,7,5,1,7,5,2,5,7,2,5,3,6,4,9,4,7,0,5,3],"SA","pd",10,10,30,0.95,10000,48.4719130993,5000,-1,50,0.05,0.1],[3,210,97.3791100141,-10.1208899859,[9,4,1,0,6,9,0,5,8,5,0,7,6,7,7,5,2,5,7,6,3,6,2,4,9,6,7,0,5,7],"SA","pd",10,10,30,0.95,10000,48.6228868961,5000,-1,50,0.05,0.1],[3,225,97.3791100141,-10.1208899859,[9,4,1,0,6,9,0,5,8,5,0,7,6,7,7,5,2,5,7,6,3,6,2,4,9,6,7,0,5,7],"SA","pd",10,10,30,0.95,10000,48.463103056,5000,-1,50,0.05,0.1],[3,240,97.3791100141,-10.1208899859,[9,4,1,0,6,9,0,5,8,5,0,7,6,7,7,5,2,5,7,6,3,6,2,4,9,6,7,0,5,7],"SA","pd",10,10,30,0.95,10000,48.5076591969,5000,-1,50,0.05,0.1],[3,255,97.3791100141,-10.1208899859,[9,4,1,0,6,9,0,5,8,5,0,7,6,7,7,5,2,5,7,6,3,6,2,4,9,6,7,0,5,7],"SA","pd",10,10,30,0.95,10000,48.417842865,5000,-1,50,0.05,0.1],[3,270,97.3791100141,-10.1208899859,[9,4,1,0,6,9,0,5,8,5,0,7,6,7,7,5,2,5,7,6,3,6,2,4,9,6,7,0,5,7],"SA","pd",10,10,30,0.95,10000,48.5036740303,5000,-1,50,0.05,0.1],[3,285,97.3791100141,-10.1208899859,[9,4,1,0,6,9,0,5,8,5,0,7,6,7,7,5,2,5,7,6,3,6,2,4,9,6,7,0,5,7],"SA","pd",10,10,30,0.95,10000,48.495595932,5000,-1,50,0.05,0.1],[3,300,97.3791100141,-10.1208899859,[9,4,1,0,6,9,0,5,8,5,0,7,6,7,7,5,2,5,7,6,3,6,2,4,9,6,7,0,5,7],"SA","pd",10,10,30,0.95,10000,48.5058796406,5000,-1,50,0.05,0.1],[3,315,97.3791100141,-10.1208899859,[9,4,1,0,6,9,0,5,8,5,0,7,6,7,7,5,2,5,7,6,3,6,2,4,9,6,7,0,5,7],"SA","pd",10,10,30,0.95,10000,48.7318928242,5000,-1,50,0.05,0.1],[3,330,97.3791100141,-10.1208899859,[9,4,1,0,6,9,0,5,8,5,0,7,6,7,7,5,2,5,7,6,3,6,2,4,9,6,7,0,5,7],"SA","pd",10,10,30,0.95,10000,48.6048867702,5000,-1,50,0.05,0.1],[3,345,97.3791100141,-10.1208899859,[9,4,1,0,6,9,0,5,8,5,0,7,6,7,7,5,2,5,7,6,3,6,2,4,9,6,7,0,5,7],"SA","pd",10,10,30,0.95,10000,48.7261638641,5000,-1,50,0.05,0.1],[3,360,97.8601991507,-9.6398008493,[9,0,0,9,6,1,0,9,6,0,5,4,1,0,2,5,2,9,2,5,7,0,5,8,6,1,7,0,1,1],"SA","pd",10,10,30,0.95,10000,48.6381196976,5000,-1,50,0.05,0.1],[3,375,97.8601991507,-9.6398008493,[9,0,0,9,6,1,0,9,6,0,5,4,1,0,2,5,2,9,2,5,7,0,5,8,6,1,7,0,1,1],"SA","pd",10,10,30,0.95,10000,48.6245510578,5000,-1,50,0.05,0.1],[3,390,97.8601991507,-9.6398008493,[9,0,0,9,6,1,0,9,6,0,5,4,1,0,2,5,2,9,2,5,7,0,5,8,6,1,7,0,1,1],"SA","pd",10,10,30,0.95,10000,48.6356093884,5000,-1,50,0.05,0.1],[3,405,97.8601991507,-9.6398008493,[9,0,0,9,6,1,0,9,6,0,5,4,1,0,2,5,2,9,2,5,7,0,5,8,6,1,7,0,1,1],"SA","pd",10,10,30,0.95,10000,48.511439085,5000,-1,50,0.05,0.1],[3,420,97.8601991507,-9.6398008493,[9,0,0,9,6,1,0,9,6,0,5,4,1,0,2,5,2,9,2,5,7,0,5,8,6,1,7,0,1,1],"SA","pd",10,10,30,0.95,10000,48.5245802402,5000,-1,50,0.05,0.1],[3,435,97.8601991507,-9.6398008493,[9,0,0,9,6,1,0,9,6,0,5,4,1,0,2,5,2,9,2,5,7,0,5,8,6,1,7,0,1,1],"SA","pd",10,10,30,0.95,10000,48.5231890678,5000,-1,50,0.05,0.1],[3,450,102.5777179013,-4.9222820987,[1,2,4,4,5,1,0,6,2,5,8,0,5,9,3,1,2,3,0,3,7,0,8,4,3,7,0,0,1,2],"SA","pd",10,10,30,0.95,10000,48.5952396393,5000,-1,50,0.05,0.1],[3,465,103.677256065,-3.822743935,[1,2,0,4,5,0,0,5,8,5,5,5,5,9,3,5,2,4,5,3,7,0,8,4,4,0,2,0,1,3],"SA","pd",10,10,30,0.95,10000,48.5338442326,5000,-1,50,0.05,0.1],[3,480,103.677256065,-3.822743935,[8,3,3,8,6,9,9,3,8,5,5,0,5,9,3,5,2,4,5,3,0,0,5,4,4,7,6,0,9,1],"SA","pd",10,10,30,0.95,10000,48.598457098,5000,-1,50,0.05,0.1],[3,495,103.677256065,-3.822743935,[8,3,3,8,6,9,9,3,8,5,5,0,5,9,3,5,2,4,5,3,0,0,5,4,4,7,6,0,9,1],"SA","pd",10,10,30,0.95,10000,48.5174677372,5000,-1,50,0.05,0.1],[3,510,103.677256065,-3.822743935,[8,3,3,8,6,9,9,3,8,5,5,0,5,9,3,5,2,4,5,3,0,0,5,4,4,7,6,0,9,1],"SA","pd",10,10,30,0.95,10000,48.5171823502,5000,-1,50,0.05,0.1],[3,525,104.195377941,-3.304622059,[0,0,6,4,6,6,0,0,8,0,0,5,5,9,0,5,2,2,0,3,4,9,5,4,7,0,7,0,5,7],"SA","pd",10,10,30,0.95,10000,48.5685875416,5000,-1,50,0.05,0.1],[3,540,104.195377941,-3.304622059,[0,0,6,4,6,6,0,0,8,0,0,5,5,9,0,5,2,2,0,3,4,9,5,4,7,0,7,0,5,7],"SA","pd",10,10,30,0.95,10000,48.47539711,5000,-1,50,0.05,0.1],[3,555,104.195377941,-3.304622059,[0,0,6,4,6,6,0,0,8,0,0,5,5,9,0,5,2,2,0,3,4,9,5,4,7,0,7,0,5,7],"SA","pd",10,10,30,0.95,10000,48.4251322746,5000,-1,50,0.05,0.1],[3,570,104.195377941,-3.304622059,[0,0,6,4,6,6,0,0,8,0,0,5,5,9,0,5,2,2,0,3,4,9,5,4,7,0,7,0,5,7],"SA","pd",10,10,30,0.95,10000,48.5193872452,5000,-1,50,0.05,0.1],[3,585,104.195377941,-3.304622059,[9,2,7,6,8,5,0,7,2,5,7,0,5,9,3,5,2,8,0,8,1,0,2,1,3,8,9,0,0,7],"SA","pd",10,10,30,0.95,10000,48.4904482365,5000,-1,50,0.05,0.1],[3,600,104.195377941,-3.304622059,[9,2,7,6,8,5,0,7,2,5,7,0,5,9,3,5,2,8,0,8,1,0,2,1,3,8,9,0,0,7],"SA","pd",10,10,30,0.95,10000,48.4515280724,5000,-1,50,0.05,0.1],[3,615,106.2899835786,-1.2100164214,[5,5,2,0,4,1,0,0,8,5,0,0,5,5,3,5,5,2,5,5,4,0,8,4,5,1,1,0,0,6],"SA","pd",10,10,30,0.95,10000,48.3382742405,5000,-1,50,0.05,0.1],[3,630,106.2899835786,-1.2100164214,[5,5,2,0,4,1,0,0,8,5,0,0,5,5,3,5,5,2,5,5,4,0,8,4,5,1,1,0,0,6],"SA","pd",10,10,30,0.95,10000,48.5133979321,5000,-1,50,0.05,0.1],[3,645,106.2899835786,-1.2100164214,[5,5,2,0,4,1,0,0,8,5,0,0,5,5,3,5,5,2,5,5,4,0,8,4,5,1,1,0,0,6],"SA","pd",10,10,30,0.95,10000,48.4811513424,5000,-1,50,0.05,0.1],[3,660,106.2899835786,-1.2100164214,[5,5,2,0,4,1,0,0,8,5,0,0,5,5,3,5,5,2,5,5,4,0,8,4,5,1,1,0,0,6],"SA","pd",10,10,30,0.95,10000,48.3884820938,5000,-1,50,0.05,0.1],[3,675,106.2899835786,-1.2100164214,[5,5,2,0,4,1,0,0,8,5,0,0,5,5,3,5,5,2,5,5,4,0,8,4,5,1,1,0,0,6],"SA","pd",10,10,30,0.95,10000,48.3944602013,5000,-1,50,0.05,0.1],[3,690,106.2899835786,-1.2100164214,[5,5,2,0,4,1,0,0,8,5,0,0,5,5,3,5,5,2,5,5,4,0,8,4,5,1,1,0,0,6],"SA","pd",10,10,30,0.95,10000,48.3821775913,5000,-1,50,0.05,0.1],[3,705,106.2899835786,-1.2100164214,[5,5,2,0,4,1,0,0,8,5,0,0,5,5,3,5,5,2,5,5,4,0,8,4,5,1,1,0,0,6],