{"columns":["ite","time","q","scaled_eu","z","solver","attacker","|Q|","|X|","|T|","rho","k","utility_time","RS_iters","mcts_iters","sa_iters","eps","lr"],"index":[0,1,2,3,4,5,6,7,8,9,10,11,12,13,14,15,16,17,18,19,20,21,22,23,24,25,26,27,28,29,30,31,32,33,34,35,36,37,38,39,40,41,42,43,44,45,46,47,48,49,50,51,52,53,54,55,56,57,58,59,60,61,62,63,64,65,66,67,68,69,70,71,72,73,74,75,76,77,78,79],"data":[[6,15,93.3219337765,-14.1780662235,[9,8,2,5,4,0,6,5,5,1,5,5,2,9,3,8,5,9,9,2,5,0,8,2,0,7,1,0,2,3],"SA","pd",10,10,30,0.95,10000,48.804046154,5000,-1,50,0.05,0.1],[6,30,93.3219337765,-14.1780662235,[9,8,5,5,2,0,5,9,0,6,5,0,7,9,3,7,2,9,2,3,2,0,8,8,0,8,6,0,6,7],"SA","pd",10,10,30,0.95,10000,48.7063250542,5000,-1,50,0.05,0.1],[6,45,93.3219337765,-14.1780662235,[9,8,5,5,2,0,5,9,0,6,5,0,7,9,3,7,2,9,2,3,2,0,8,8,0,8,6,0,6,7],"SA","pd",10,10,30,0.95,10000,48.6652545929,5000,-1,50,0.05,0.1],[6,60,93.3219337765,-14.1780662235,[9,8,5,5,2,0,5,9,0,6,5,0,7,9,3,7,2,9,2,3,2,0,8,8,0,8,6,0,6,7],"SA","pd",10,10,30,0.95,10000,48.6382946968,5000,-1,50,0.05,0.1],[6,75,93.3219337765,-14.1780662235,[9,8,5,5,2,0,5,9,0,6,5,0,7,9,3,7,2,9,2,3,2,0,8,8,0,8,6,0,6,7],"SA","pd",10,10,30,0.95,10000,48.6551916599,5000,-1,50,0.05,0.1],[6,90,93.3219337765,-14.1780662235,[9,8,5,5,2,0,5,9,0,6,5,0,7,9,3,7,2,9,2,3,2,0,8,8,0,8,6,0,6,7],"SA","pd",10,10,30,0.95,10000,48.7619419098,5000,-1,50,0.05,0.1],[6,105,93.3219337765,-14.1780662235,[9,8,5,5,2,0,5,9,0,6,5,0,7,9,3,7,2,9,2,3,2,0,8,8,0,8,6,0,6,7],"SA","pd",10,10,30,0.95,10000,48.7085483074,5000,-1,50,0.05,0.1],[6,120,93.3219337765,-14.1780662235,[9,8,5,5,2,0,5,9,0,6,5,0,7,9,3,7,2,9,2,3,2,0,8,8,0,8,6,0,6,7],"SA","pd",10,10,30,0.95,10000,48.7590095997,5000,-1,50,0.05,0.1],[6,135,93.3219337765,-14.1780662235,[9,8,5,5,2,0,5,9,0,6,5,0,7,9,3,7,2,9,2,3,2,0,8,8,0,8,6,0,6,7],"SA","pd",10,10,30,0.95,10000,48.6629657745,5000,-1,50,0.05,0.1],[6,150,93.3219337765,-14.1780662235,[9,8,5,5,2,0,5,9,0,6,5,0,7,9,3,7,2,9,2,3,2,0,8,8,0,8,6,0,6,7],"SA","pd",10,10,30,0.95,10000,48.6638510227,5000,-1,50,0.05,0.1],[6,165,94.9690995106,-12.5309004894,[6,2,1,0,2,0,0,5,6,8,0,6,0,9,8,4,7,5,9,8,1,0,1,4,5,1,4,0,8,4],"SA","pd",10,10,30,0.95,10000,48.7547812462,5000,-1,50,0.05,0.1],[6,180,94.9690995106,-12.5309004894,[6,2,1,0,2,0,0,5,6,8,0,6,0,9,8,4,7,5,9,8,1,0,1,4,5,1,4,0,8,4],"SA","pd",10,10,30,0.95,10000,48.7221982479,5000,-1,50,0.05,0.1],[6,195,94.9690995106,-12.5309004894,[9,1,1,5,6,2,0,8,8,8,4,7,5,9,4,8,7,2,0,0,4,3,5,4,9,3,5,0,1,7],"SA","pd",10,10,30,0.95,10000,48.7384438515,5000,-1,50,0.05,0.1],[6,210,96.8079142606,-10.6920857394,[9,1,0,2,0,0,0,0,0,5,7,3,9,9,1,0,0,2,4,8,0,0,4,4,5,8,8,2,1,7],"SA","pd",10,10,30,0.95,10000,48.6664941311,5000,-1,50,0.05,0.1],[6,225,100.762714376,-6.737285624,[9,0,2,4,0,4,0,2,8,5,7,6,5,9,1,5,0,2,1,5,0,0,0,0,4,1,7,2,1,1],"SA","pd",10,10,30,0.95,10000,48.787484169,5000,-1,50,0.05,0.1],[6,240,100.762714376,-6.737285624,[9,0,2,4,0,4,0,2,8,5,7,6,5,9,1,5,0,2,1,5,0,0,0,0,4,1,7,2,1,1],"SA","pd",10,10,30,0.95,10000,48.7897088528,5000,-1,50,0.05,0.1],[6,255,100.762714376,-6.737285624,[9,0,2,4,0,4,0,2,8,5,7,6,5,9,1,5,0,2,1,5,0,0,0,0,4,1,7,2,1,1],"SA","pd",10,10,30,0.95,10000,48.6188561916,5000,-1,50,0.05,0.1],[6,270,100.762714376,-6.737285624,[9,2,1,4,6,6,0,1,8,4,6,0,5,7,1,5,2,1,4,4,4,0,0,4,2,1,1,0,6,6],"SA","pd",10,10,30,0.95,10000,48.8167078495,5000,-1,50,0.05,0.1],[6,285,100.762714376,-6.737285624,[9,2,1,4,6,6,0,1,8,4,6,0,5,7,1,5,2,1,4,4,4,0,0,4,2,1,1,0,6,6],"SA","pd",10,10,30,0.95,10000,48.6885375977,5000,-1,50,0.05,0.1],[6,300,100.762714376,-6.737285624,[9,2,9,4,0,1,4,3,2,0,0,0,5,2,1,0,8,0,5,5,8,0,0,4,4,1,7,0,5,8],"SA","pd",10,10,30,0.95,10000,48.821993351,5000,-1,50,0.05,0.1],[6,315,100.762714376,-6.737285624,[9,2,9,4,0,1,4,3,2,0,0,0,5,2,1,0,8,0,5,5,8,0,0,4,4,1,7,0,5,8],"SA","pd",10,10,30,0.95,10000,48.8499879837,5000,-1,50,0.05,0.1],[6,330,100.762714376,-6.737285624,[9,2,9,4,0,1,4,3,2,0,0,0,5,2,1,0,8,0,5,5,8,0,0,4,4,1,7,0,5,8],"SA","pd",10,10,30,0.95,10000,48.8099882603,5000,-1,50,0.05,0.1],[6,345,100.762714376,-6.737285624,[9,2,9,4,0,1,4,3,2,0,0,0,5,2,1,0,8,0,5,5,8,0,0,4,4,1,7,0,5,8],"SA","pd",10,10,30,0.95,10000,49.0651807785,5000,-1,50,0.05,0.1],[6,360,103.4132535207,-4.0867464793,[9,2,8,4,7,6,0,6,3,0,0,0,5,9,3,5,6,5,5,3,6,0,8,6,5,1,5,0,1,1],"SA","pd",10,10,30,0.95,10000,48.9796140194,5000,-1,50,0.05,0.1],[6,375,103.4132535207,-4.0867464793,[9,2,8,4,7,6,0,6,3,0,0,0,5,9,3,5,6,5,5,3,6,0,8,6,5,1,5,0,1,1],"SA","pd",10,10,30,0.95,10000,48.8793725967,5000,-1,50,0.05,0.1],[6,390,103.4132535207,-4.0867464793,[9,2,8,4,7,6,0,6,3,0,0,0,5,9,3,5,6,5,5,3,6,0,8,6,5,1,5,0,1,1],"SA","pd",10,10,30,0.95,10000,48.7185316086,5000,-1,50,0.05,0.1],[6,405,103.4132535207,-4.0867464793,[9,2,8,4,7,6,0,6,3,0,0,0,5,9,3,5,6,5,5,3,6,0,8,6,5,1,5,0,1,1],"SA","pd",10,10,30,0.95,10000,48.6543290615,5000,-1,50,0.05,0.1],[6,420,103.4132535207,-4.0867464793,[9,2,8,4,7,6,0,6,3,0,0,0,5,9,3,5,6,5,5,3,6,0,8,6,5,1,5,0,1,1],"SA","pd",10,10,30,0.95,10000,48.8828246593,5000,-1,50,0.05,0.1],[6,435,103.4132535207,-4.0867464793,[9,2,8,4,7,6,0,6,3,0,0,0,5,9,3,5,6,5,5,3,6,0,8,6,5,1,5,0,1,1],"SA","pd",10,10,30,0.95,10000,48.9094481468,5000,-1,50,0.05,0.1],[6,450,103.4132535207,-4.0867464793,[9,2,8,4,7,6,0,6,3,0,0,0,5,9,3,5,6,5,5,3,6,0,8,6,5,1,5,0,1,1],"SA","pd",10,10,30,0.95,10000,48.7898626328,5000,-1,50,0.05,0.1],[6,465,103.4132535207,-4.0867464793,[9,2,8,4,7,6,0,6,3,0,0,0,5,9,3,5,6,5,5,3,6,0,8,6,5,1,5,0,1,1],"SA","pd",10,10,30,0.95,10000,48.7573242188,5000,-1,50,0.05,0.1],[6,480,103.4132535207,-4.0867464793,[9,2,8,4,7,6,0,6,3,0,0,0,5,9,3,5,6,5,5,3,6,0,8,6,5,1,5,0,1,1],"SA","pd",10,10,30,0.95,10000,48.7823214531,5000,-1,50,0.05,0.1],[6,495,103.4132535207,-4.0867464793,[9,2,8,4,7,6,0,6,3,0,0,0,5,9,3,5,6,5,5,3,6,0,8,6,5,1,5,0,1,1],"SA","pd",10,10,30,0.95,10000,48.7985825539,5000,-1,50,0.05,0.1],[6,510,103.4132535207,-4.0867464793,[9,2,8,4,7,6,0,6,3,0,0,0,5,9,3,5,6,5,5,3,6,0,8,6,5,1,5,0,1,1],"SA","pd",10,10,30,0.95,10000,48.7197816372,5000,-1,50,0.05,0.1],[6,525,103.4132535207,-4.0867464793,[9,2,8,4,7,6,0,6,3,0,0,0,5,9,3,5,6,5,5,3,6,0,8,6,5,1,5,0,1,1],"SA","pd",10,10,30,0.95,10000,48.7028374672,5000,-1,50,0.05,0.1],[6,540,103.4132535207,-4.0867464793,[9,2,8,4,7,6,0,6,3,0,0,0,5,9,3,5,6,5,5,3,6,0,8,6,5,1,5,0,1,1],"SA","pd",10,10,30,0.95,10000,48.6222097874,5000,-1,50,0.05,0.1],[6,555,103.4132535207,-4.0867464793,[9,2,8,4,7,6,0,6,3,0,0,0,5,9,3,5,6,5,5,3,6,0,8,6,5,1,5,0,1,1],"SA","pd",10,10,30,0.95,10000,48.7272610664,5000,-1,50,0.05,0.1],[6,570,103.4132535207,-4.0867464793,[9,2,8,4,7,6,0,6,3,0,0,0,5,9,3,5,6,5,5,3,6,0,8,6,5,1,5,0,1,1],"SA","pd",10,10,30,0.95,10000,48.782630682,5000,-1,50,0.05,0.1],[6,585,108.7886240452,1.2886240452,[9,2,2,4,6,1,0,1,8,5,0,0,5,2,1,5,5,2,3,3,4,0,0,4,5,6,1,0,1,7],"SA","pd",10,10,30,0.95,10000,48.7683455944,5000,-1,50,0.05,0.1],[6,600,108.7886240452,1.2886240452,[9,2,2,4,6,1,0,1,8,5,0,0,5,2,1,5,5,2,3,3,4,0,0,4,5,6,1,0,1,7],"SA","pd",10,10,30,0.95,10000,48.7109940052,5000,-1,50,0.05,0.1],[6,615,108.7886240452,1.2886240452,[9,2,2,4,6,1,0,1,8,5,0,0,5,2,1,5,5,2,3,3,4,0,0,4,5,6,1,0,1,7],"SA","pd",10,10,30,0.95,10000,48.7743678093,5000,-1,50,0.05,0.1],[6,630,109.6637161722,2.1637161722,[9,2,2,9,6,1,0,3,8,5,0,0,5,0,5,5,2,2,3,3,4,0,5,4,5,6,7,0,0,0],"SA","pd",10,10,30,0.95,10000,48.6266651154,5000,-1,50,0.05,0.1],[6,645,109.6637161722,2.1637161722,[6,2,2,1,1,1,0,9,0,5,0,0,2,0,5,5,5,2,3,3,7,4,8,4,0,6,5,0,7,5],"SA","pd",10,10,30,0.95,10000,48.6414244175,5000,-1,50,0.05,0.1],[6,660,110.074405805,2.574405805,[9,2,2,4,8,1,0,0,8,5,0,5,2,9,3,5,2,2,3,3,4,0,8,4,0,6,7,0,1,7],"SA","pd",10,10,30,0.95,10000,48.5948820114,5000,-1,50,0.05,0.1],[6,675,110.2067837801,2.7067837801,[9,2,2,4,6,1,0,0,8,5,0,0,2,9,3,0,0,2,3,3,4,0,8,4,9,6,7,0,1,1],"SA","pd",10,10,30,0.95,10000,48.6956560612,5000,-1,50,0.05,0.1],[6,690,110.2067837801,2.7067837801,[9,2,1,0,2,8,0,1,4,5,0,3,5,9,3,5,0,0,0,3,0,0,8,4,0,8,2,6,1,1],"SA","pd",10,10,30,0.95,10000,48.6447689533,5000,-1,50,0.05,0.1],[6,705,111.0991479289,3.5991479289,[9,2,2,5,6,1,0,0,8,5,0,0,5,9,3,0,2,2,3,0,5,0,5,4,9,1,7,0,1,7],