{"columns":["ite","time","q","scaled_eu","z","solver","attacker","|Q|","|X|","|T|","rho","k","utility_time","RS_iters","mcts_iters","sa_iters","eps","lr"],"index":[0,1,2,3,4,5,6,7,8,9,10,11,12,13,14,15,16,17,18,19,20,21,22,23,24,25,26,27,28,29,30,31,32,33,34,35,36,37,38,39,40,41,42,43,44,45,46,47,48,49,50,51,52,53,54,55,56,57,58,59,60,61,62,63,64,65,66,67,68,69,70,71,72,73,74,75,76,77,78,79],"data":[[5,15,88.4428088782,-19.0571911218,[0,3,2,1,2,7,2,9,8,2,0,7,3,0,7,9,9,2,2,5,2,5,9,1,2,2,8,5,7,9],"SA","pd",10,10,30,0.95,10000,47.7170891762,5000,-1,50,0.05,0.1],[5,30,93.4459988875,-14.0540011125,[7,6,2,4,2,8,0,3,8,7,8,6,8,8,1,5,9,4,3,7,8,9,5,7,2,2,7,0,6,9],"SA","pd",10,10,30,0.95,10000,47.6526947021,5000,-1,50,0.05,0.1],[5,45,93.4459988875,-14.0540011125,[9,6,2,4,2,8,0,3,8,0,0,3,0,4,1,5,6,7,3,1,9,9,5,4,5,8,7,0,6,9],"SA","pd",10,10,30,0.95,10000,47.6599712372,5000,-1,50,0.05,0.1],[5,60,93.4459988875,-14.0540011125,[9,6,2,4,2,8,0,3,8,0,0,3,0,4,1,5,6,7,3,1,9,9,5,4,5,8,7,0,6,9],"SA","pd",10,10,30,0.95,10000,47.6772341728,5000,-1,50,0.05,0.1],[5,75,93.4459988875,-14.0540011125,[9,6,2,4,2,8,0,3,8,0,0,3,0,4,1,5,6,7,3,1,9,9,5,4,5,8,7,0,6,9],"SA","pd",10,10,30,0.95,10000,47.648879528,5000,-1,50,0.05,0.1],[5,90,93.4459988875,-14.0540011125,[9,6,2,4,2,8,0,3,8,0,0,3,0,4,1,5,6,7,3,1,9,9,5,4,5,8,7,0,6,9],"SA","pd",10,10,30,0.95,10000,47.7386603355,5000,-1,50,0.05,0.1],[5,105,94.6288226205,-12.8711773795,[6,2,8,6,3,1,0,1,2,7,0,5,8,8,9,5,3,2,8,6,4,5,8,6,7,8,3,6,1,3],"SA","pd",10,10,30,0.95,10000,47.7234284878,5000,-1,50,0.05,0.1],[5,120,94.6288226205,-12.8711773795,[6,2,8,6,3,1,0,1,2,7,0,5,8,8,9,5,3,2,8,6,4,5,8,6,7,8,3,6,1,3],"SA","pd",10,10,30,0.95,10000,47.6975791454,5000,-1,50,0.05,0.1],[5,135,94.6288226205,-12.8711773795,[6,2,8,6,3,1,0,1,2,7,0,5,8,8,9,5,3,2,8,6,4,5,8,6,7,8,3,6,1,3],"SA","pd",10,10,30,0.95,10000,47.6705098152,5000,-1,50,0.05,0.1],[5,150,94.6288226205,-12.8711773795,[6,2,8,6,3,1,0,1,2,7,0,5,8,8,9,5,3,2,8,6,4,5,8,6,7,8,3,6,1,3],"SA","pd",10,10,30,0.95,10000,47.76877141,5000,-1,50,0.05,0.1],[5,165,96.1004247043,-11.3995752957,[2,2,1,6,3,4,5,3,8,4,0,0,1,9,1,7,7,6,3,6,5,6,3,1,6,1,1,0,1,7],"SA","pd",10,10,30,0.95,10000,47.5560543537,5000,-1,50,0.05,0.1],[5,180,96.1004247043,-11.3995752957,[2,2,1,6,3,4,5,3,8,4,0,0,1,9,1,7,7,6,3,6,5,6,3,1,6,1,1,0,1,7],"SA","pd",10,10,30,0.95,10000,47.7875599861,5000,-1,50,0.05,0.1],[5,195,96.1004247043,-11.3995752957,[2,2,1,6,3,4,5,3,8,4,0,0,1,9,1,7,7,6,3,6,5,6,3,1,6,1,1,0,1,7],"SA","pd",10,10,30,0.95,10000,47.7572081089,5000,-1,50,0.05,0.1],[5,210,96.1004247043,-11.3995752957,[2,2,1,6,3,4,5,3,8,4,0,0,1,9,1,7,7,6,3,6,5,6,3,1,6,1,1,0,1,7],"SA","pd",10,10,30,0.95,10000,47.6592571735,5000,-1,50,0.05,0.1],[5,225,97.3089172957,-10.1910827043,[6,5,6,4,5,9,0,0,5,0,0,0,5,9,8,0,1,1,5,1,4,0,2,0,5,2,9,1,1,1],"SA","pd",10,10,30,0.95,10000,47.579338789,5000,-1,50,0.05,0.1],[5,240,97.3089172957,-10.1910827043,[6,5,6,4,5,9,0,0,5,0,0,0,5,9,8,0,1,1,5,1,4,0,2,0,5,2,9,1,1,1],"SA","pd",10,10,30,0.95,10000,47.8325016499,5000,-1,50,0.05,0.1],[5,255,97.3089172957,-10.1910827043,[6,5,6,4,5,9,0,0,5,0,0,0,5,9,8,0,1,1,5,1,4,0,2,0,5,2,9,1,1,1],"SA","pd",10,10,30,0.95,10000,47.765816927,5000,-1,50,0.05,0.1],[5,270,97.3089172957,-10.1910827043,[6,5,6,4,5,9,0,0,5,0,0,0,5,9,8,0,1,1,5,1,4,0,2,0,5,2,9,1,1,1],"SA","pd",10,10,30,0.95,10000,47.71134305,5000,-1,50,0.05,0.1],[5,285,97.3089172957,-10.1910827043,[6,5,6,4,5,9,0,0,5,0,0,0,5,9,8,0,1,1,5,1,4,0,2,0,5,2,9,1,1,1],"SA","pd",10,10,30,0.95,10000,47.7115325928,5000,-1,50,0.05,0.1],[5,300,97.3089172957,-10.1910827043,[6,5,6,4,5,9,0,0,5,0,0,0,5,9,8,0,1,1,5,1,4,0,2,0,5,2,9,1,1,1],"SA","pd",10,10,30,0.95,10000,47.8352258205,5000,-1,50,0.05,0.1],[5,315,97.3089172957,-10.1910827043,[6,5,6,4,5,9,0,0,5,0,0,0,5,9,8,0,1,1,5,1,4,0,2,0,5,2,9,1,1,1],"SA","pd",10,10,30,0.95,10000,47.8203809261,5000,-1,50,0.05,0.1],[5,330,97.3089172957,-10.1910827043,[6,5,6,4,5,9,0,0,5,0,0,0,5,9,8,0,1,1,5,1,4,0,2,0,5,2,9,1,1,1],"SA","pd",10,10,30,0.95,10000,47.9831571579,5000,-1,50,0.05,0.1],[5,345,97.3089172957,-10.1910827043,[6,5,6,4,5,9,0,0,5,0,0,0,5,9,8,0,1,1,5,1,4,0,2,0,5,2,9,1,1,1],"SA","pd",10,10,30,0.95,10000,47.7221591473,5000,-1,50,0.05,0.1],[5,360,97.3089172957,-10.1910827043,[6,5,6,4,5,9,0,0,5,0,0,0,5,9,8,0,1,1,5,1,4,0,2,0,5,2,9,1,1,1],"SA","pd",10,10,30,0.95,10000,47.9138040543,5000,-1,50,0.05,0.1],[5,375,97.3089172957,-10.1910827043,[6,5,6,4,5,9,0,0,5,0,0,0,5,9,8,0,1,1,5,1,4,0,2,0,5,2,9,1,1,1],"SA","pd",10,10,30,0.95,10000,47.7568204403,5000,-1,50,0.05,0.1],[5,390,97.3089172957,-10.1910827043,[6,5,6,4,5,9,0,0,5,0,0,0,5,9,8,0,1,1,5,1,4,0,2,0,5,2,9,1,1,1],"SA","pd",10,10,30,0.95,10000,47.8107423782,5000,-1,50,0.05,0.1],[5,405,97.3089172957,-10.1910827043,[6,5,6,4,5,9,0,0,5,0,0,0,5,9,8,0,1,1,5,1,4,0,2,0,5,2,9,1,1,1],"SA","pd",10,10,30,0.95,10000,47.7460718155,5000,-1,50,0.05,0.1],[5,420,97.3089172957,-10.1910827043,[6,5,6,4,5,9,0,0,5,0,0,0,5,9,8,0,1,1,5,1,4,0,2,0,5,2,9,1,1,1],"SA","pd",10,10,30,0.95,10000,47.8190217018,5000,-1,50,0.05,0.1],[5,435,97.3089172957,-10.1910827043,[6,5,6,4,5,9,0,0,5,0,0,0,5,9,8,0,1,1,5,1,4,0,2,0,5,2,9,1,1,1],"SA","pd",10,10,30,0.95,10000,47.867754221,5000,-1,50,0.05,0.1],[5,450,97.3089172957,-10.1910827043,[6,5,6,4,5,9,0,0,5,0,0,0,5,9,8,0,1,1,5,1,4,0,2,0,5,2,9,1,1,1],"SA","pd",10,10,30,0.95,10000,47.9481811523,5000,-1,50,0.05,0.1],[5,465,97.3089172957,-10.1910827043,[6,5,6,4,5,9,0,0,5,0,0,0,5,9,8,0,1,1,5,1,4,0,2,0,5,2,9,1,1,1],"SA","pd",10,10,30,0.95,10000,47.8883132935,5000,-1,50,0.05,0.1],[5,480,97.3089172957,-10.1910827043,[6,5,6,4,5,9,0,0,5,0,0,0,5,9,8,0,1,1,5,1,4,0,2,0,5,2,9,1,1,1],"SA","pd",10,10,30,0.95,10000,47.7522995472,5000,-1,50,0.05,0.1],[5,495,97.3089172957,-10.1910827043,[6,5,6,4,5,9,0,0,5,0,0,0,5,9,8,0,1,1,5,1,4,0,2,0,5,2,9,1,1,1],"SA","pd",10,10,30,0.95,10000,47.813886404,5000,-1,50,0.05,0.1],[5,510,97.3089172957,-10.1910827043,[6,5,6,4,5,9,0,0,5,0,0,0,5,9,8,0,1,1,5,1,4,0,2,0,5,2,9,1,1,1],"SA","pd",10,10,30,0.95,10000,47.8803284168,5000,-1,50,0.05,0.1],[5,525,97.3089172957,-10.1910827043,[6,5,6,4,5,9,0,0,5,0,0,0,5,9,8,0,1,1,5,1,4,0,2,0,5,2,9,1,1,1],"SA","pd",10,10,30,0.95,10000,47.8104438782,5000,-1,50,0.05,0.1],[5,540,97.3089172957,-10.1910827043,[6,5,6,4,5,9,0,0,5,0,0,0,5,9,8,0,1,1,5,1,4,0,2,0,5,2,9,1,1,1],"SA","pd",10,10,30,0.95,10000,47.7900922298,5000,-1,50,0.05,0.1],[5,555,97.3089172957,-10.1910827043,[6,5,6,4,5,9,0,0,5,0,0,0,5,9,8,0,1,1,5,1,4,0,2,0,5,2,9,1,1,1],"SA","pd",10,10,30,0.95,10000,47.7466621399,5000,-1,50,0.05,0.1],[5,570,97.3089172957,-10.1910827043,[6,5,6,4,5,9,0,0,5,0,0,0,5,9,8,0,1,1,5,1,4,0,2,0,5,2,9,1,1,1],"SA","pd",10,10,30,0.95,10000,47.9049630165,5000,-1,50,0.05,0.1],[5,585,97.3089172957,-10.1910827043,[6,5,6,4,5,9,0,0,5,0,0,0,5,9,8,0,1,1,5,1,4,0,2,0,5,2,9,1,1,1],"SA","pd",10,10,30,0.95,10000,47.8991894722,5000,-1,50,0.05,0.1],[5,600,97.3089172957,-10.1910827043,[6,5,6,4,5,9,0,0,5,0,0,0,5,9,8,0,1,1,5,1,4,0,2,0,5,2,9,1,1,1],"SA","pd",10,10,30,0.95,10000,47.9244947433,5000,-1,50,0.05,0.1],[5,615,97.3089172957,-10.1910827043,[6,5,6,4,5,9,0,0,5,0,0,0,5,9,8,0,1,1,5,1,4,0,2,0,5,2,9,1,1,1],"SA","pd",10,10,30,0.95,10000,47.8518605232,5000,-1,50,0.05,0.1],[5,630,97.3089172957,-10.1910827043,[6,5,6,4,5,9,0,0,5,0,0,0,5,9,8,0,1,1,5,1,4,0,2,0,5,2,9,1,1,1],"SA","pd",10,10,30,0.95,10000,47.8213508129,5000,-1,50,0.05,0.1],[5,645,97.3089172957,-10.1910827043,[6,5,6,4,5,9,0,0,5,0,0,0,5,9,8,0,1,1,5,1,4,0,2,0,5,2,9,1,1,1],"SA","pd",10,10,30,0.95,10000,47.8135099411,5000,-1,50,0.05,0.1],[5,660,97.3089172957,-10.1910827043,[6,5,6,4,5,9,0,0,5,0,0,0,5,9,8,0,1,1,5,1,4,0,2,0,5,2,9,1,1,1],"SA","pd",10,10,30,0.95,10000,47.9294776917,5000,-1,50,0.05,0.1],[5,675,97.3089172957,-10.1910827043,[6,5,6,4,5,9,0,0,5,0,0,0,5,9,8,0,1,1,5,1,4,0,2,0,5,2,9,1,1,1],"SA","pd",10,10,30,0.95,10000,47.9162166119,5000,-1,50,0.05,0.1],[5,690,97.3089172957,-10.1910827043,[6,5,6,4,5,9,0,0,5,0,0,0,5,9,8,0,1,1,5,1,4,0,2,0,5,2,9,1,1,1],"SA","pd",10,10,30,0.95,10000,47.8702960014,5000,-1,50,0.05,0.1],[5,705,97.3089172957,-10.1910827043,[6,5,6,4,5,9,0,0,5,0,0,0,5,9,8,0,1,1,5,1,4,0,2,0,5,2,9,1,1,1],