{"columns":["ite","time","q","scaled_eu","z","solver","attacker","|Q|","|X|","|T|","rho","k","utility_time","RS_iters","mcts_iters","sa_iters","eps","lr"],"index":[0,1,2,3,4,5,6,7,8,9,10,11,12,13,14,15,16,17,18,19,20,21,22,23,24,25,26,27,28,29,30,31,32,33,34,35,36,37,38,39,40,41,42,43,44,45,46,47,48,49,50,51,52,53,54,55,56,57,58,59,60,61,62,63,64,65,66,67,68,69,70,71,72,73,74,75,76,77,78,79],"data":[[0,15,90.0179092543,-17.4820907457,[3,3,2,8,2,4,8,3,8,6,3,2,5,0,1,8,0,7,0,9,6,5,0,4,6,7,1,3,9,4],"SA","pd",10,10,30,0.95,10000,49.1462335587,5000,-1,50,0.05,0.1],[0,30,90.0179092543,-17.4820907457,[6,6,2,1,2,6,8,1,8,2,4,4,5,0,1,5,0,0,0,5,4,7,8,4,4,7,0,0,1,4],"SA","pd",10,10,30,0.95,10000,49.1279225349,5000,-1,50,0.05,0.1],[0,45,90.0179092543,-17.4820907457,[6,6,2,1,2,6,8,1,8,2,4,4,5,0,1,5,0,0,0,5,4,7,8,4,4,7,0,0,1,4],"SA","pd",10,10,30,0.95,10000,48.94084692,5000,-1,50,0.05,0.1],[0,60,91.4384037804,-16.0615962196,[8,0,0,3,8,9,0,0,8,6,6,6,2,1,9,3,2,1,1,6,0,0,5,5,0,8,2,2,0,2],"SA","pd",10,10,30,0.95,10000,49.0742456913,5000,-1,50,0.05,0.1],[0,75,93.9747830083,-13.5252169917,[9,0,0,5,8,2,4,0,8,2,1,1,1,9,3,4,9,4,6,2,0,0,8,7,9,5,2,3,1,5],"SA","pd",10,10,30,0.95,10000,48.9551858902,5000,-1,50,0.05,0.1],[0,90,93.9747830083,-13.5252169917,[1,0,3,0,5,9,1,6,8,5,3,1,9,9,3,0,5,4,5,2,0,0,8,2,0,5,0,0,1,7],"SA","pd",10,10,30,0.95,10000,49.1194956303,5000,-1,50,0.05,0.1],[0,105,93.9747830083,-13.5252169917,[1,0,3,0,5,9,1,6,8,5,3,1,9,9,3,0,5,4,5,2,0,0,8,2,0,5,0,0,1,7],"SA","pd",10,10,30,0.95,10000,49.1869902611,5000,-1,50,0.05,0.1],[0,120,94.5879731331,-12.9120268669,[9,0,3,2,6,2,5,3,4,4,2,0,5,2,9,5,1,2,5,0,6,0,5,7,1,8,2,3,3,7],"SA","pd",10,10,30,0.95,10000,49.1228296757,5000,-1,50,0.05,0.1],[0,135,94.5879731331,-12.9120268669,[9,0,3,2,6,2,5,3,4,4,2,0,5,2,9,5,1,2,5,0,6,0,5,7,1,8,2,3,3,7],"SA","pd",10,10,30,0.95,10000,49.0690732002,5000,-1,50,0.05,0.1],[0,150,94.5879731331,-12.9120268669,[9,0,3,2,6,2,5,3,4,4,2,0,5,2,9,5,1,2,5,0,6,0,5,7,1,8,2,3,3,7],"SA","pd",10,10,30,0.95,10000,49.1685419083,5000,-1,50,0.05,0.1],[0,165,94.5879731331,-12.9120268669,[9,0,3,2,6,2,5,3,4,4,2,0,5,2,9,5,1,2,5,0,6,0,5,7,1,8,2,3,3,7],"SA","pd",10,10,30,0.95,10000,49.1351687908,5000,-1,50,0.05,0.1],[0,180,94.5879731331,-12.9120268669,[9,0,3,2,6,2,5,3,4,4,2,0,5,2,9,5,1,2,5,0,6,0,5,7,1,8,2,3,3,7],"SA","pd",10,10,30,0.95,10000,49.1935126781,5000,-1,50,0.05,0.1],[0,195,94.5879731331,-12.9120268669,[9,0,3,2,6,2,5,3,4,4,2,0,5,2,9,5,1,2,5,0,6,0,5,7,1,8,2,3,3,7],"SA","pd",10,10,30,0.95,10000,49.0748529434,5000,-1,50,0.05,0.1],[0,210,94.5879731331,-12.9120268669,[9,0,3,2,6,2,5,3,4,4,2,0,5,2,9,5,1,2,5,0,6,0,5,7,1,8,2,3,3,7],"SA","pd",10,10,30,0.95,10000,49.2197284698,5000,-1,50,0.05,0.1],[0,225,94.5879731331,-12.9120268669,[9,0,3,2,6,2,5,3,4,4,2,0,5,2,9,5,1,2,5,0,6,0,5,7,1,8,2,3,3,7],"SA","pd",10,10,30,0.95,10000,49.1088292599,5000,-1,50,0.05,0.1],[0,240,94.5879731331,-12.9120268669,[9,0,3,2,6,2,5,3,4,4,2,0,5,2,9,5,1,2,5,0,6,0,5,7,1,8,2,3,3,7],"SA","pd",10,10,30,0.95,10000,49.1578574181,5000,-1,50,0.05,0.1],[0,255,94.5879731331,-12.9120268669,[9,0,3,2,6,2,5,3,4,4,2,0,5,2,9,5,1,2,5,0,6,0,5,7,1,8,2,3,3,7],"SA","pd",10,10,30,0.95,10000,49.0419111252,5000,-1,50,0.05,0.1],[0,270,94.5879731331,-12.9120268669,[9,0,3,2,6,2,5,3,4,4,2,0,5,2,9,5,1,2,5,0,6,0,5,7,1,8,2,3,3,7],"SA","pd",10,10,30,0.95,10000,49.2552073002,5000,-1,50,0.05,0.1],[0,285,94.5879731331,-12.9120268669,[9,0,3,2,6,2,5,3,4,4,2,0,5,2,9,5,1,2,5,0,6,0,5,7,1,8,2,3,3,7],"SA","pd",10,10,30,0.95,10000,48.9782645702,5000,-1,50,0.05,0.1],[0,300,94.5879731331,-12.9120268669,[9,0,3,2,6,2,5,3,4,4,2,0,5,2,9,5,1,2,5,0,6,0,5,7,1,8,2,3,3,7],"SA","pd",10,10,30,0.95,10000,49.1739108562,5000,-1,50,0.05,0.1],[0,315,94.5879731331,-12.9120268669,[9,0,3,2,6,2,5,3,4,4,2,0,5,2,9,5,1,2,5,0,6,0,5,7,1,8,2,3,3,7],"SA","pd",10,10,30,0.95,10000,49.143914938,5000,-1,50,0.05,0.1],[0,330,94.5879731331,-12.9120268669,[9,0,3,2,6,2,5,3,4,4,2,0,5,2,9,5,1,2,5,0,6,0,5,7,1,8,2,3,3,7],"SA","pd",10,10,30,0.95,10000,49.3094861507,5000,-1,50,0.05,0.1],[0,345,94.5879731331,-12.9120268669,[9,0,3,2,6,2,5,3,4,4,2,0,5,2,9,5,1,2,5,0,6,0,5,7,1,8,2,3,3,7],"SA","pd",10,10,30,0.95,10000,49.1828379631,5000,-1,50,0.05,0.1],[0,360,94.5879731331,-12.9120268669,[9,0,3,2,6,2,5,3,4,4,2,0,5,2,9,5,1,2,5,0,6,0,5,7,1,8,2,3,3,7],"SA","pd",10,10,30,0.95,10000,49.1507380009,5000,-1,50,0.05,0.1],[0,375,94.5879731331,-12.9120268669,[9,0,3,2,6,2,5,3,4,4,2,0,5,2,9,5,1,2,5,0,6,0,5,7,1,8,2,3,3,7],"SA","pd",10,10,30,0.95,10000,49.1096758842,5000,-1,50,0.05,0.1],[0,390,94.5879731331,-12.9120268669,[9,0,3,2,6,2,5,3,4,4,2,0,5,2,9,5,1,2,5,0,6,0,5,7,1,8,2,3,3,7],"SA","pd",10,10,30,0.95,10000,49.0539324284,5000,-1,50,0.05,0.1],[0,405,94.5879731331,-12.9120268669,[9,0,3,2,6,2,5,3,4,4,2,0,5,2,9,5,1,2,5,0,6,0,5,7,1,8,2,3,3,7],"SA","pd",10,10,30,0.95,10000,49.0870628357,5000,-1,50,0.05,0.1],[0,420,94.6881324155,-12.8118675845,[8,5,0,3,2,9,6,9,0,9,7,0,5,9,3,8,8,2,1,3,0,0,8,0,4,4,7,5,7,4],"SA","pd",10,10,30,0.95,10000,49.0648765564,5000,-1,50,0.05,0.1],[0,435,94.6881324155,-12.8118675845,[8,5,0,3,2,9,6,9,0,9,7,0,5,9,3,8,8,2,1,3,0,0,8,0,4,4,7,5,7,4],"SA","pd",10,10,30,0.95,10000,48.9856190681,5000,-1,50,0.05,0.1],[0,450,94.6881324155,-12.8118675845,[8,5,0,3,2,9,6,9,0,9,7,0,5,9,3,8,8,2,1,3,0,0,8,0,4,4,7,5,7,4],"SA","pd",10,10,30,0.95,10000,49.0925140381,5000,-1,50,0.05,0.1],[0,465,94.6881324155,-12.8118675845,[8,5,0,3,2,9,6,9,0,9,7,0,5,9,3,8,8,2,1,3,0,0,8,0,4,4,7,5,7,4],"SA","pd",10,10,30,0.95,10000,49.0934710503,5000,-1,50,0.05,0.1],[0,480,96.8826883184,-10.6173116816,[9,6,2,3,2,4,8,3,5,0,0,0,5,9,4,5,9,9,4,6,0,0,4,9,8,1,7,5,6,5],"SA","pd",10,10,30,0.95,10000,49.1376600266,5000,-1,50,0.05,0.1],[0,495,96.9644441493,-10.5355558507,[9,8,2,8,9,4,9,3,5,6,0,0,6,3,4,5,6,0,3,1,1,0,2,5,8,0,7,5,1,7],"SA","pd",10,10,30,0.95,10000,49.1744725704,5000,-1,50,0.05,0.1],[0,510,97.2914999607,-10.2085000393,[3,0,2,0,2,1,8,8,8,8,6,7,7,4,5,5,6,8,8,3,1,0,7,5,9,1,0,0,1,7],"SA","pd",10,10,30,0.95,10000,49.1264493465,5000,-1,50,0.05,0.1],[0,525,97.2914999607,-10.2085000393,[3,0,2,0,2,1,8,8,8,8,6,7,7,4,5,5,6,8,8,3,1,0,7,5,9,1,0,0,1,7],"SA","pd",10,10,30,0.95,10000,49.0976583958,5000,-1,50,0.05,0.1],[0,540,101.8988197698,-5.6011802302,[4,2,4,0,5,1,8,9,0,5,1,9,5,9,3,5,8,2,3,3,1,0,8,2,9,0,7,5,1,7],"SA","pd",10,10,30,0.95,10000,49.0157465935,5000,-1,50,0.05,0.1],[0,555,101.8988197698,-5.6011802302,[4,2,4,0,5,1,8,9,0,5,1,9,5,9,3,5,8,2,3,3,1,0,8,2,9,0,7,5,1,7],"SA","pd",10,10,30,0.95,10000,49.1215946674,5000,-1,50,0.05,0.1],[0,570,101.8988197698,-5.6011802302,[4,2,4,0,5,1,8,9,0,5,1,9,5,9,3,5,8,2,3,3,1,0,8,2,9,0,7,5,1,7],"SA","pd",10,10,30,0.95,10000,49.0597839355,5000,-1,50,0.05,0.1],[0,585,101.8988197698,-5.6011802302,[4,2,4,0,5,1,8,9,0,5,1,9,5,9,3,5,8,2,3,3,1,0,8,2,9,0,7,5,1,7],"SA","pd",10,10,30,0.95,10000,49.2623877525,5000,-1,50,0.05,0.1],[0,600,102.3155924322,-5.1844075678,[0,2,2,6,4,1,6,3,8,5,1,3,5,3,1,5,2,7,3,3,0,0,8,3,9,9,5,0,1,7],"SA","pd",10,10,30,0.95,10000,49.1808748245,5000,-1,50,0.05,0.1],[0,615,102.3155924322,-5.1844075678,[0,2,2,6,4,1,6,3,8,5,1,3,5,3,1,5,2,7,3,3,0,0,8,3,9,9,5,0,1,7],"SA","pd",10,10,30,0.95,10000,49.030731678,5000,-1,50,0.05,0.1],[0,630,103.1348138991,-4.3651861009,[8,2,0,5,9,6,1,7,8,5,0,0,5,5,1,8,2,2,8,3,4,9,5,4,9,1,7,0,1,7],"SA","pd",10,10,30,0.95,10000,49.0517959595,5000,-1,50,0.05,0.1],[0,645,103.1348138991,-4.3651861009,[8,2,0,5,9,6,1,7,8,5,0,0,5,5,1,8,2,2,8,3,4,9,5,4,9,1,7,0,1,7],"SA","pd",10,10,30,0.95,10000,49.0440795422,5000,-1,50,0.05,0.1],[0,660,106.041546496,-1.458453504,[8,2,3,5,8,1,0,7,8,5,3,0,5,6,5,5,2,2,9,3,8,0,8,4,9,1,7,0,1,7],"SA","pd",10,10,30,0.95,10000,49.0250008106,5000,-1,50,0.05,0.1],[0,675,106.041546496,-1.458453504,[8,2,3,5,8,1,0,7,8,5,3,0,5,6,5,5,2,2,9,3,8,0,8,4,9,1,7,0,1,7],"SA","pd",10,10,30,0.95,10000,49.2176229954,5000,-1,50,0.05,0.1],[0,690,106.041546496,-1.458453504,[8,2,3,5,8,1,0,7,8,5,3,0,5,6,5,5,2,2,9,3,8,0,8,4,9,1,7,0,1,7],"SA","pd",10,10,30,0.95,10000,49.0867068768,5000,-1,50,0.05,0.1],[0,705,106.041546496,-1.458453504,[9,2,2,8,2,5,3,5,8,5,0,4,5,7,5,0,9,2,0,6,4,0,1,4,0,1,0,3,6,8],