{"columns":["ite","time","q","scaled_eu","z","solver","attacker","|Q|","|X|","|T|","rho","k","utility_time","RS_iters","mcts_iters","sa_iters","eps","lr"],"index":[0,1,2,3,4,5,6,7,8,9,10,11,12,13,14,15,16,17,18,19,20,21,22,23,24,25,26,27,28,29,30,31,32,33,34,35,36,37,38,39,40,41,42,43,44,45,46,47,48,49,50,51,52,53,54,55,56,57,58,59,60,61,62,63,64,65,66,67,68,69,70,71,72,73,74,75,76,77,78,79],"data":[[1,15,90.6675416997,-16.8324583003,[1,4,8,2,2,0,7,0,5,6,8,9,3,4,3,9,5,2,6,3,8,1,0,2,1,5,4,0,1,1],"SA","pd",10,10,30,0.95,10000,49.2887816429,5000,-1,50,0.05,0.1],[1,30,90.6675416997,-16.8324583003,[0,3,2,2,8,0,9,3,8,0,0,1,3,4,5,0,3,2,2,3,6,9,0,4,1,8,9,3,1,6],"SA","pd",10,10,30,0.95,10000,49.27029562,5000,-1,50,0.05,0.1],[1,45,90.6675416997,-16.8324583003,[4,2,1,1,7,2,0,7,7,5,1,6,0,0,4,2,4,8,6,3,0,3,0,0,9,4,0,0,1,0],"SA","pd",10,10,30,0.95,10000,49.2283470631,5000,-1,50,0.05,0.1],[1,60,90.6675416997,-16.8324583003,[4,2,1,1,7,2,0,7,7,5,1,6,0,0,4,2,4,8,6,3,0,3,0,0,9,4,0,0,1,0],"SA","pd",10,10,30,0.95,10000,49.3478443623,5000,-1,50,0.05,0.1],[1,75,92.937167042,-14.562832958,[0,5,2,1,2,5,0,0,6,7,1,9,7,6,1,5,6,2,5,5,4,0,5,9,2,4,8,5,2,4],"SA","pd",10,10,30,0.95,10000,49.2189729214,5000,-1,50,0.05,0.1],[1,90,92.937167042,-14.562832958,[6,1,2,4,8,1,0,3,6,1,1,5,5,0,5,8,9,2,0,8,4,6,7,9,9,1,0,8,2,3],"SA","pd",10,10,30,0.95,10000,49.1691348553,5000,-1,50,0.05,0.1],[1,105,93.0584721442,-14.4415278558,[1,8,2,6,2,5,0,0,6,5,4,0,5,6,6,6,9,5,4,6,6,0,7,4,5,0,3,9,2,6],"SA","pd",10,10,30,0.95,10000,49.1826636791,5000,-1,50,0.05,0.1],[1,120,93.0584721442,-14.4415278558,[1,8,2,6,2,5,0,0,6,5,4,0,5,6,6,6,9,5,4,6,6,0,7,4,5,0,3,9,2,6],"SA","pd",10,10,30,0.95,10000,72.4324765205,5000,-1,50,0.05,0.1],[1,135,93.0584721442,-14.4415278558,[1,8,2,6,2,5,0,0,6,5,4,0,5,6,6,6,9,5,4,6,6,0,7,4,5,0,3,9,2,6],"SA","pd",10,10,30,0.95,10000,77.6227426529,5000,-1,50,0.05,0.1],[1,150,93.0584721442,-14.4415278558,[1,8,2,6,2,5,0,0,6,5,4,0,5,6,6,6,9,5,4,6,6,0,7,4,5,0,3,9,2,6],"SA","pd",10,10,30,0.95,10000,49.4213836193,5000,-1,50,0.05,0.1],[1,165,93.0584721442,-14.4415278558,[1,8,2,6,2,5,0,0,6,5,4,0,5,6,6,6,9,5,4,6,6,0,7,4,5,0,3,9,2,6],"SA","pd",10,10,30,0.95,10000,49.348941803,5000,-1,50,0.05,0.1],[1,180,93.0584721442,-14.4415278558,[1,8,2,6,2,5,0,0,6,5,4,0,5,6,6,6,9,5,4,6,6,0,7,4,5,0,3,9,2,6],"SA","pd",10,10,30,0.95,10000,49.2708468437,5000,-1,50,0.05,0.1],[1,195,96.1390427667,-11.3609572333,[9,3,7,0,6,1,0,5,7,0,5,0,5,3,5,8,3,7,0,6,5,1,1,0,9,7,7,2,1,0],"SA","pd",10,10,30,0.95,10000,49.2987279892,5000,-1,50,0.05,0.1],[1,210,96.1390427667,-11.3609572333,[9,8,2,0,8,1,7,5,4,8,3,0,5,9,6,5,3,1,0,1,0,3,0,5,9,7,7,3,1,0],"SA","pd",10,10,30,0.95,10000,49.3088197708,5000,-1,50,0.05,0.1],[1,225,101.0879386595,-6.4120613405,[9,2,2,4,6,6,5,8,0,5,1,1,6,3,3,5,2,2,6,9,4,0,7,4,9,1,8,5,5,7],"SA","pd",10,10,30,0.95,10000,49.2549760342,5000,-1,50,0.05,0.1],[1,240,101.0879386595,-6.4120613405,[9,2,2,4,6,6,5,8,0,5,1,1,6,3,3,5,2,2,6,9,4,0,7,4,9,1,8,5,5,7],"SA","pd",10,10,30,0.95,10000,49.2676167488,5000,-1,50,0.05,0.1],[1,255,101.0879386595,-6.4120613405,[9,2,2,4,6,6,5,8,0,5,1,1,6,3,3,5,2,2,6,9,4,0,7,4,9,1,8,5,5,7],"SA","pd",10,10,30,0.95,10000,49.3591752052,5000,-1,50,0.05,0.1],[1,270,101.0879386595,-6.4120613405,[9,2,2,4,6,6,5,8,0,5,1,1,6,3,3,5,2,2,6,9,4,0,7,4,9,1,8,5,5,7],"SA","pd",10,10,30,0.95,10000,49.3587229252,5000,-1,50,0.05,0.1],[1,285,101.0879386595,-6.4120613405,[9,2,2,4,6,6,5,8,0,5,1,1,6,3,3,5,2,2,6,9,4,0,7,4,9,1,8,5,5,7],"SA","pd",10,10,30,0.95,10000,49.280905962,5000,-1,50,0.05,0.1],[1,300,101.0879386595,-6.4120613405,[9,2,2,4,6,6,5,8,0,5,1,1,6,3,3,5,2,2,6,9,4,0,7,4,9,1,8,5,5,7],"SA","pd",10,10,30,0.95,10000,49.3345973492,5000,-1,50,0.05,0.1],[1,315,101.0879386595,-6.4120613405,[9,2,2,4,6,6,5,8,0,5,1,1,6,3,3,5,2,2,6,9,4,0,7,4,9,1,8,5,5,7],"SA","pd",10,10,30,0.95,10000,49.2792317867,5000,-1,50,0.05,0.1],[1,330,101.0879386595,-6.4120613405,[9,2,2,4,6,6,5,8,0,5,1,1,6,3,3,5,2,2,6,9,4,0,7,4,9,1,8,5,5,7],"SA","pd",10,10,30,0.95,10000,49.3965609074,5000,-1,50,0.05,0.1],[1,345,101.0879386595,-6.4120613405,[9,2,2,4,6,6,5,8,0,5,1,1,6,3,3,5,2,2,6,9,4,0,7,4,9,1,8,5,5,7],"SA","pd",10,10,30,0.95,10000,49.4885127544,5000,-1,50,0.05,0.1],[1,360,101.0879386595,-6.4120613405,[9,2,2,4,6,6,5,8,0,5,1,1,6,3,3,5,2,2,6,9,4,0,7,4,9,1,8,5,5,7],"SA","pd",10,10,30,0.95,10000,49.4612538815,5000,-1,50,0.05,0.1],[1,375,101.0928973829,-6.4071026171,[7,2,2,4,1,1,7,5,1,7,0,0,4,9,6,5,8,0,1,3,4,0,8,1,0,7,7,0,5,7],"SA","pd",10,10,30,0.95,10000,49.3408868313,5000,-1,50,0.05,0.1],[1,390,101.4645618548,-6.0354381452,[7,0,2,4,6,1,5,5,4,7,0,0,4,9,5,5,0,0,1,0,4,0,8,0,0,3,7,0,5,5],"SA","pd",10,10,30,0.95,10000,49.4432227612,5000,-1,50,0.05,0.1],[1,405,104.0478971069,-3.4521028931,[5,0,2,4,5,1,5,0,4,5,0,7,7,9,5,5,2,0,1,3,4,0,8,4,1,1,7,0,1,0],"SA","pd",10,10,30,0.95,10000,49.3410086632,5000,-1,50,0.05,0.1],[1,420,104.0478971069,-3.4521028931,[5,0,2,4,5,1,5,0,4,5,0,7,7,9,5,5,2,0,1,3,4,0,8,4,1,1,7,0,1,0],"SA","pd",10,10,30,0.95,10000,49.3707416058,5000,-1,50,0.05,0.1],[1,435,104.0478971069,-3.4521028931,[5,0,2,4,5,1,5,0,4,5,0,7,7,9,5,5,2,0,1,3,4,0,8,4,1,1,7,0,1,0],"SA","pd",10,10,30,0.95,10000,49.4488713741,5000,-1,50,0.05,0.1],[1,450,104.0478971069,-3.4521028931,[5,0,2,4,5,1,5,0,4,5,0,7,7,9,5,5,2,0,1,3,4,0,8,4,1,1,7,0,1,0],"SA","pd",10,10,30,0.95,10000,49.3712112904,5000,-1,50,0.05,0.1],[1,465,104.0478971069,-3.4521028931,[5,0,2,4,5,1,5,0,4,5,0,7,7,9,5,5,2,0,1,3,4,0,8,4,1,1,7,0,1,0],"SA","pd",10,10,30,0.95,10000,49.3583278656,5000,-1,50,0.05,0.1],[1,480,104.0478971069,-3.4521028931,[5,0,2,4,5,1,5,0,4,5,0,7,7,9,5,5,2,0,1,3,4,0,8,4,1,1,7,0,1,0],"SA","pd",10,10,30,0.95,10000,49.3889715672,5000,-1,50,0.05,0.1],[1,495,104.0478971069,-3.4521028931,[5,0,2,4,5,1,5,0,4,5,0,7,7,9,5,5,2,0,1,3,4,0,8,4,1,1,7,0,1,0],"SA","pd",10,10,30,0.95,10000,49.3694589138,5000,-1,50,0.05,0.1],[1,510,104.0478971069,-3.4521028931,[5,0,2,4,5,1,5,0,4,5,0,7,7,9,5,5,2,0,1,3,4,0,8,4,1,1,7,0,1,0],"SA","pd",10,10,30,0.95,10000,49.197896719,5000,-1,50,0.05,0.1],[1,525,104.0478971069,-3.4521028931,[5,0,2,4,5,1,5,0,4,5,0,7,7,9,5,5,2,0,1,3,4,0,8,4,1,1,7,0,1,0],"SA","pd",10,10,30,0.95,10000,49.1823701859,5000,-1,50,0.05,0.1],[1,540,104.0478971069,-3.4521028931,[5,0,2,4,5,1,5,0,4,5,0,7,7,9,5,5,2,0,1,3,4,0,8,4,1,1,7,0,1,0],"SA","pd",10,10,30,0.95,10000,49.2083432674,5000,-1,50,0.05,0.1],[1,555,104.0478971069,-3.4521028931,[5,0,2,4,5,1,5,0,4,5,0,7,7,9,5,5,2,0,1,3,4,0,8,4,1,1,7,0,1,0],"SA","pd",10,10,30,0.95,10000,49.2866382599,5000,-1,50,0.05,0.1],[1,570,104.0478971069,-3.4521028931,[5,0,2,4,5,1,5,0,4,5,0,7,7,9,5,5,2,0,1,3,4,0,8,4,1,1,7,0,1,0],"SA","pd",10,10,30,0.95,10000,49.3195011616,5000,-1,50,0.05,0.1],[1,585,104.0478971069,-3.4521028931,[5,0,2,4,5,1,5,0,4,5,0,7,7,9,5,5,2,0,1,3,4,0,8,4,1,1,7,0,1,0],"SA","pd",10,10,30,0.95,10000,49.4786467552,5000,-1,50,0.05,0.1],[1,600,104.0478971069,-3.4521028931,[5,0,2,4,5,1,5,0,4,5,0,7,7,9,5,5,2,0,1,3,4,0,8,4,1,1,7,0,1,0],"SA","pd",10,10,30,0.95,10000,49.2067985535,5000,-1,50,0.05,0.1],[1,615,104.0478971069,-3.4521028931,[5,0,2,4,5,1,5,0,4,5,0,7,7,9,5,5,2,0,1,3,4,0,8,4,1,1,7,0,1,0],"SA","pd",10,10,30,0.95,10000,49.3193039894,5000,-1,50,0.05,0.1],[1,630,106.6202512892,-0.8797487108,[0,2,0,6,6,1,0,5,8,5,0,0,5,9,3,5,9,0,3,1,4,0,8,4,2,4,7,0,4,7],"SA","pd",10,10,30,0.95,10000,49.3872890472,5000,-1,50,0.05,0.1],[1,645,106.6202512892,-0.8797487108,[0,2,0,6,6,1,0,5,8,5,0,0,5,9,3,5,9,0,3,1,4,0,8,4,2,4,7,0,4,7],"SA","pd",10,10,30,0.95,10000,49.1731414795,5000,-1,50,0.05,0.1],[1,660,106.6202512892,-0.8797487108,[0,2,0,6,6,1,0,5,8,5,0,0,5,9,3,5,9,0,3,1,4,0,8,4,2,4,7,0,4,7],"SA","pd",10,10,30,0.95,10000,49.2531249523,5000,-1,50,0.05,0.1],[1,675,106.6202512892,-0.8797487108,[0,2,0,6,6,1,0,5,8,5,0,0,5,9,3,5,9,0,3,1,4,0,8,4,2,4,7,0,4,7],"SA","pd",10,10,30,0.95,10000,49.2521388531,5000,-1,50,0.05,0.1],[1,690,106.6202512892,-0.8797487108,[0,2,0,6,6,1,0,5,8,5,0,0,5,9,3,5,9,0,3,1,4,0,8,4,2,4,7,0,4,7],"SA","pd",10,10,30,0.95,10000,49.3605852127,5000,-1,50,0.05,0.1],[1,705,106.6202512892,-0.8797487108,[3,8,9,4,6,1,5,8,3,0,0,0,7,9,5,5,5,0,3,8,4,5,8,1,5,5,0,0,1,0],