{"columns":["ite","time","q","scaled_eu","z","solver","attacker","|Q|","|X|","|T|","rho","k","utility_time","RS_iters","mcts_iters","sa_iters","eps","lr"],"index":[0,1,2,3,4,5,6,7,8,9,10,11,12,13,14,15,16,17,18,19,20,21,22,23,24,25,26,27,28,29,30,31,32,33,34,35,36,37,38,39,40,41,42,43,44,45,46,47,48,49,50,51,52,53,54,55,56,57,58,59,60,61,62,63,64,65,66,67,68,69,70,71,72,73,74,75,76,77,78,79],"data":[[7,15,88.8607985396,-18.6392014604,[2,7,7,3,2,2,3,0,3,0,4,8,4,4,0,3,2,0,1,4,2,0,6,6,0,2,8,5,1,7],"SA","pd",10,10,30,0.95,10000,48.6208138466,5000,-1,50,0.05,0.1],[7,30,89.4838847999,-18.0161152001,[7,9,5,7,0,5,7,4,8,3,3,0,7,7,4,0,0,6,0,4,4,0,7,2,8,6,4,4,8,6],"SA","pd",10,10,30,0.95,10000,48.4607605934,5000,-1,50,0.05,0.1],[7,45,89.4838847999,-18.0161152001,[7,9,5,7,0,5,7,4,8,3,3,0,7,7,4,0,0,6,0,4,4,0,7,2,8,6,4,4,8,6],"SA","pd",10,10,30,0.95,10000,48.3888859749,5000,-1,50,0.05,0.1],[7,60,89.7618450596,-17.7381549404,[3,5,5,8,5,5,0,4,4,4,7,7,6,9,0,0,6,1,5,0,7,2,4,4,0,0,3,8,9,2],"SA","pd",10,10,30,0.95,10000,48.3477699757,5000,-1,50,0.05,0.1],[7,75,89.7618450596,-17.7381549404,[8,5,9,8,6,5,0,3,7,4,6,4,5,6,8,0,5,0,1,0,7,9,0,4,1,8,1,0,1,3],"SA","pd",10,10,30,0.95,10000,48.4781479836,5000,-1,50,0.05,0.1],[7,90,89.9956353531,-17.5043646469,[8,9,1,1,9,4,3,7,8,3,0,7,3,4,5,0,0,2,3,5,4,9,7,4,1,3,8,8,9,6],"SA","pd",10,10,30,0.95,10000,48.3955674171,5000,-1,50,0.05,0.1],[7,105,89.9956353531,-17.5043646469,[8,2,1,9,0,0,9,4,8,4,0,7,5,3,5,0,0,2,0,6,7,0,7,4,2,8,7,7,5,7],"SA","pd",10,10,30,0.95,10000,48.4999718666,5000,-1,50,0.05,0.1],[7,120,89.9956353531,-17.5043646469,[8,2,1,9,0,0,9,4,8,4,0,7,5,3,5,0,0,2,0,6,7,0,7,4,2,8,7,7,5,7],"SA","pd",10,10,30,0.95,10000,48.3448369503,5000,-1,50,0.05,0.1],[7,135,89.9956353531,-17.5043646469,[8,2,1,9,0,0,9,4,8,4,0,7,5,3,5,0,0,2,0,6,7,0,7,4,2,8,7,7,5,7],"SA","pd",10,10,30,0.95,10000,48.4359748363,5000,-1,50,0.05,0.1],[7,150,89.9956353531,-17.5043646469,[8,2,1,9,0,0,9,4,8,4,0,7,5,3,5,0,0,2,0,6,7,0,7,4,2,8,7,7,5,7],"SA","pd",10,10,30,0.95,10000,48.4137411118,5000,-1,50,0.05,0.1],[7,165,89.9956353531,-17.5043646469,[8,2,1,9,0,0,9,4,8,4,0,7,5,3,5,0,0,2,0,6,7,0,7,4,2,8,7,7,5,7],"SA","pd",10,10,30,0.95,10000,48.4696900845,5000,-1,50,0.05,0.1],[7,180,93.3819334023,-14.1180665977,[0,8,6,8,0,1,5,4,0,5,7,7,5,4,1,5,3,1,8,6,9,1,7,2,9,5,7,8,1,8],"SA","pd",10,10,30,0.95,10000,48.4908432961,5000,-1,50,0.05,0.1],[7,195,95.8380003219,-11.6619996781,[3,1,2,8,0,2,0,1,6,3,0,0,5,4,1,0,6,1,8,4,4,2,3,5,6,5,7,0,1,8],"SA","pd",10,10,30,0.95,10000,48.4556097984,5000,-1,50,0.05,0.1],[7,210,95.8380003219,-11.6619996781,[6,3,2,8,1,6,0,3,7,5,0,0,5,9,1,7,3,6,7,3,4,0,0,9,9,5,1,1,7,3],"SA","pd",10,10,30,0.95,10000,48.28327775,5000,-1,50,0.05,0.1],[7,225,95.8380003219,-11.6619996781,[6,3,2,8,1,6,0,3,7,5,0,0,5,9,1,7,3,6,7,3,4,0,0,9,9,5,1,1,7,3],"SA","pd",10,10,30,0.95,10000,48.4666125774,5000,-1,50,0.05,0.1],[7,240,97.683126577,-9.816873423,[0,2,0,9,6,2,0,1,4,3,4,0,5,5,1,5,6,5,3,4,4,8,2,7,9,1,7,2,1,0],"SA","pd",10,10,30,0.95,10000,48.4822149277,5000,-1,50,0.05,0.1],[7,255,97.683126577,-9.816873423,[0,2,0,9,6,2,0,1,4,3,4,0,5,5,1,5,6,5,3,4,4,8,2,7,9,1,7,2,1,0],"SA","pd",10,10,30,0.95,10000,48.3881621361,5000,-1,50,0.05,0.1],[7,270,97.683126577,-9.816873423,[0,2,0,9,6,2,0,1,4,3,4,0,5,5,1,5,6,5,3,4,4,8,2,7,9,1,7,2,1,0],"SA","pd",10,10,30,0.95,10000,48.5199999809,5000,-1,50,0.05,0.1],[7,285,97.683126577,-9.816873423,[0,2,0,9,6,2,0,1,4,3,4,0,5,5,1,5,6,5,3,4,4,8,2,7,9,1,7,2,1,0],"SA","pd",10,10,30,0.95,10000,48.5344381332,5000,-1,50,0.05,0.1],[7,300,97.683126577,-9.816873423,[0,2,0,9,6,2,0,1,4,3,4,0,5,5,1,5,6,5,3,4,4,8,2,7,9,1,7,2,1,0],"SA","pd",10,10,30,0.95,10000,48.5877122879,5000,-1,50,0.05,0.1],[7,315,97.683126577,-9.816873423,[0,2,0,9,6,2,0,1,4,3,4,0,5,5,1,5,6,5,3,4,4,8,2,7,9,1,7,2,1,0],"SA","pd",10,10,30,0.95,10000,48.4959418774,5000,-1,50,0.05,0.1],[7,330,97.683126577,-9.816873423,[0,2,0,9,6,2,0,1,4,3,4,0,5,5,1,5,6,5,3,4,4,8,2,7,9,1,7,2,1,0],"SA","pd",10,10,30,0.95,10000,48.5024564266,5000,-1,50,0.05,0.1],[7,345,97.683126577,-9.816873423,[0,2,0,9,6,2,0,1,4,3,4,0,5,5,1,5,6,5,3,4,4,8,2,7,9,1,7,2,1,0],"SA","pd",10,10,30,0.95,10000,48.4801483154,5000,-1,50,0.05,0.1],[7,360,97.683126577,-9.816873423,[0,2,0,9,6,2,0,1,4,3,4,0,5,5,1,5,6,5,3,4,4,8,2,7,9,1,7,2,1,0],"SA","pd",10,10,30,0.95,10000,48.6097815037,5000,-1,50,0.05,0.1],[7,375,97.683126577,-9.816873423,[0,2,0,9,6,2,0,1,4,3,4,0,5,5,1,5,6,5,3,4,4,8,2,7,9,1,7,2,1,0],"SA","pd",10,10,30,0.95,10000,48.6522529125,5000,-1,50,0.05,0.1],[7,390,97.683126577,-9.816873423,[0,2,0,9,6,2,0,1,4,3,4,0,5,5,1,5,6,5,3,4,4,8,2,7,9,1,7,2,1,0],"SA","pd",10,10,30,0.95,10000,48.5492589474,5000,-1,50,0.05,0.1],[7,405,97.683126577,-9.816873423,[0,2,0,9,6,2,0,1,4,3,4,0,5,5,1,5,6,5,3,4,4,8,2,7,9,1,7,2,1,0],"SA","pd",10,10,30,0.95,10000,48.4003205299,5000,-1,50,0.05,0.1],[7,420,97.683126577,-9.816873423,[0,2,0,9,6,2,0,1,4,3,4,0,5,5,1,5,6,5,3,4,4,8,2,7,9,1,7,2,1,0],"SA","pd",10,10,30,0.95,10000,48.5384631157,5000,-1,50,0.05,0.1],[7,435,97.683126577,-9.816873423,[0,2,0,9,6,2,0,1,4,3,4,0,5,5,1,5,6,5,3,4,4,8,2,7,9,1,7,2,1,0],"SA","pd",10,10,30,0.95,10000,48.4389178753,5000,-1,50,0.05,0.1],[7,450,97.683126577,-9.816873423,[0,2,0,9,6,2,0,1,4,3,4,0,5,5,1,5,6,5,3,4,4,8,2,7,9,1,7,2,1,0],"SA","pd",10,10,30,0.95,10000,48.4776778221,5000,-1,50,0.05,0.1],[7,465,97.683126577,-9.816873423,[0,2,0,9,6,2,0,1,4,3,4,0,5,5,1,5,6,5,3,4,4,8,2,7,9,1,7,2,1,0],"SA","pd",10,10,30,0.95,10000,48.4621567726,5000,-1,50,0.05,0.1],[7,480,102.5576987398,-4.9423012602,[9,2,0,7,3,3,0,0,0,5,0,0,4,8,5,5,8,2,9,3,4,2,8,4,9,5,1,0,1,0],"SA","pd",10,10,30,0.95,10000,48.5859296322,5000,-1,50,0.05,0.1],[7,495,102.5576987398,-4.9423012602,[7,1,2,4,1,1,2,5,8,8,0,5,8,2,3,5,6,2,3,3,5,0,8,2,3,7,7,6,0,0],"SA","pd",10,10,30,0.95,10000,48.472363472,5000,-1,50,0.05,0.1],[7,510,103.5696259063,-3.9303740937,[9,0,2,2,3,1,0,2,8,5,9,0,5,9,3,3,0,2,3,3,8,2,8,4,9,0,7,0,0,3],"SA","pd",10,10,30,0.95,10000,48.5495231152,5000,-1,50,0.05,0.1],[7,525,103.5696259063,-3.9303740937,[6,2,2,2,6,1,0,8,2,3,1,0,5,7,3,6,5,4,3,6,3,4,8,4,9,7,0,0,1,0],"SA","pd",10,10,30,0.95,10000,48.5021965504,5000,-1,50,0.05,0.1],[7,540,103.5696259063,-3.9303740937,[6,2,2,2,6,1,0,8,2,3,1,0,5,7,3,6,5,4,3,6,3,4,8,4,9,7,0,0,1,0],"SA","pd",10,10,30,0.95,10000,48.4159889221,5000,-1,50,0.05,0.1],[7,555,103.5696259063,-3.9303740937,[6,2,2,2,6,1,0,8,2,3,1,0,5,7,3,6,5,4,3,6,3,4,8,4,9,7,0,0,1,0],"SA","pd",10,10,30,0.95,10000,48.4315805435,5000,-1,50,0.05,0.1],[7,570,103.5696259063,-3.9303740937,[6,2,2,2,6,1,0,8,2,3,1,0,5,7,3,6,5,4,3,6,3,4,8,4,9,7,0,0,1,0],"SA","pd",10,10,30,0.95,10000,48.5080852509,5000,-1,50,0.05,0.1],[7,585,103.5696259063,-3.9303740937,[6,2,2,2,6,1,0,8,2,3,1,0,5,7,3,6,5,4,3,6,3,4,8,4,9,7,0,0,1,0],"SA","pd",10,10,30,0.95,10000,48.4257888794,5000,-1,50,0.05,0.1],[7,600,103.5696259063,-3.9303740937,[6,2,2,2,6,1,0,8,2,3,1,0,5,7,3,6,5,4,3,6,3,4,8,4,9,7,0,0,1,0],"SA","pd",10,10,30,0.95,10000,48.5206279755,5000,-1,50,0.05,0.1],[7,615,103.5696259063,-3.9303740937,[6,2,2,2,6,1,0,8,2,3,1,0,5,7,3,6,5,4,3,6,3,4,8,4,9,7,0,0,1,0],"SA","pd",10,10,30,0.95,10000,48.5700750351,5000,-1,50,0.05,0.1],[7,630,103.5696259063,-3.9303740937,[6,2,2,2,6,1,0,8,2,3,1,0,5,7,3,6,5,4,3,6,3,4,8,4,9,7,0,0,1,0],"SA","pd",10,10,30,0.95,10000,48.5358760357,5000,-1,50,0.05,0.1],[7,645,103.5696259063,-3.9303740937,[6,2,2,2,6,1,0,8,2,3,1,0,5,7,3,6,5,4,3,6,3,4,8,4,9,7,0,0,1,0],"SA","pd",10,10,30,0.95,10000,48.4948775768,5000,-1,50,0.05,0.1],[7,660,103.5696259063,-3.9303740937,[6,2,2,2,6,1,0,8,2,3,1,0,5,7,3,6,5,4,3,6,3,4,8,4,9,7,0,0,1,0],"SA","pd",10,10,30,0.95,10000,48.5377306938,5000,-1,50,0.05,0.1],[7,675,103.5696259063,-3.9303740937,[6,2,2,2,6,1,0,8,2,3,1,0,5,7,3,6,5,4,3,6,3,4,8,4,9,7,0,0,1,0],"SA","pd",10,10,30,0.95,10000,48.4116034508,5000,-1,50,0.05,0.1],[7,690,103.5696259063,-3.9303740937,[6,2,2,2,6,1,0,8,2,3,1,0,5,7,3,6,5,4,3,6,3,4,8,4,9,7,0,0,1,0],"SA","pd",10,10,30,0.95,10000,48.4325110912,5000,-1,50,0.05,0.1],[7,705,103.5696259063,-3.9303740937,[6,2,2,2,6,1,0,8,2,3,1,0,5,7,3,6,5,4,3,6,3,4,8,4,9,7,0,0,1,0],