{"columns":["ite","time","q","scaled_eu","z","solver","attacker","|Q|","|X|","|T|","rho","k","utility_time","RS_iters","mcts_iters","sa_iters","eps","lr"],"index":[0,1,2,3,4,5,6,7,8,9,10,11,12,13,14,15,16,17,18,19,20,21,22,23,24,25,26,27,28,29,30,31,32,33,34,35,36,37,38,39,40,41,42,43,44,45,46,47,48,49,50,51,52,53,54,55,56,57,58,59,60,61,62,63,64,65,66,67,68,69,70,71,72,73,74,75,76,77,78,79],"data":[[9,15,91.211892617,-16.288107383,[9,5,2,1,0,5,7,7,5,4,3,0,5,8,5,9,4,7,2,6,8,8,9,1,8,3,7,9,3,7],"SA","pd",10,10,30,0.95,10000,47.7714095116,5000,-1,50,0.05,0.1],[9,30,91.211892617,-16.288107383,[9,5,7,1,0,8,3,5,5,6,0,5,8,9,6,4,4,2,3,8,8,8,7,9,9,1,7,9,3,7],"SA","pd",10,10,30,0.95,10000,47.7794549465,5000,-1,50,0.05,0.1],[9,45,91.211892617,-16.288107383,[9,2,7,4,0,3,3,6,8,4,9,3,3,7,7,5,0,2,3,5,8,5,5,1,6,1,7,9,1,7],"SA","pd",10,10,30,0.95,10000,47.741104126,5000,-1,50,0.05,0.1],[9,60,91.211892617,-16.288107383,[9,2,7,4,0,3,3,6,8,4,9,3,3,7,7,5,0,2,3,5,8,5,5,1,6,1,7,9,1,7],"SA","pd",10,10,30,0.95,10000,47.7314713001,5000,-1,50,0.05,0.1],[9,75,91.211892617,-16.288107383,[6,2,2,4,6,8,0,0,7,3,0,9,0,1,2,5,3,3,5,5,4,7,5,5,5,8,7,0,4,7],"SA","pd",10,10,30,0.95,10000,47.8441653252,5000,-1,50,0.05,0.1],[9,90,91.4234638774,-16.0765361226,[7,3,2,4,5,1,7,5,6,4,9,9,2,0,1,2,2,7,3,2,0,5,6,1,5,5,1,0,8,3],"SA","pd",10,10,30,0.95,10000,47.7091977596,5000,-1,50,0.05,0.1],[9,105,92.7580364596,-14.7419635404,[8,2,2,3,4,1,0,3,0,4,9,0,5,9,1,2,0,0,6,2,8,6,5,2,3,2,3,2,8,4],"SA","pd",10,10,30,0.95,10000,47.8212387562,5000,-1,50,0.05,0.1],[9,120,92.7580364596,-14.7419635404,[8,2,2,3,4,1,0,3,0,4,9,0,5,9,1,2,0,0,6,2,8,6,5,2,3,2,3,2,8,4],"SA","pd",10,10,30,0.95,10000,47.749329567,5000,-1,50,0.05,0.1],[9,135,92.7580364596,-14.7419635404,[8,2,2,3,4,1,0,3,0,4,9,0,5,9,1,2,0,0,6,2,8,6,5,2,3,2,3,2,8,4],"SA","pd",10,10,30,0.95,10000,47.8251199722,5000,-1,50,0.05,0.1],[9,150,92.7580364596,-14.7419635404,[8,2,2,3,4,1,0,3,0,4,9,0,5,9,1,2,0,0,6,2,8,6,5,2,3,2,3,2,8,4],"SA","pd",10,10,30,0.95,10000,47.7814905643,5000,-1,50,0.05,0.1],[9,165,93.6713002149,-13.8286997851,[4,1,8,6,6,1,5,3,7,5,0,2,8,9,0,6,6,4,8,0,6,8,8,4,2,7,5,6,7,3],"SA","pd",10,10,30,0.95,10000,47.8370683193,5000,-1,50,0.05,0.1],[9,180,93.6713002149,-13.8286997851,[4,1,8,6,6,1,5,3,7,5,0,2,8,9,0,6,6,4,8,0,6,8,8,4,2,7,5,6,7,3],"SA","pd",10,10,30,0.95,10000,47.6761243343,5000,-1,50,0.05,0.1],[9,195,93.6713002149,-13.8286997851,[4,1,8,6,6,1,5,3,7,5,0,2,8,9,0,6,6,4,8,0,6,8,8,4,2,7,5,6,7,3],"SA","pd",10,10,30,0.95,10000,47.6761054993,5000,-1,50,0.05,0.1],[9,210,93.6713002149,-13.8286997851,[4,1,8,6,6,1,5,3,7,5,0,2,8,9,0,6,6,4,8,0,6,8,8,4,2,7,5,6,7,3],"SA","pd",10,10,30,0.95,10000,47.9394900799,5000,-1,50,0.05,0.1],[9,225,96.4440660735,-11.0559339265,[6,2,6,8,6,2,4,0,7,5,0,5,5,9,3,7,1,4,9,0,4,0,0,5,5,8,4,6,1,0],"SA","pd",10,10,30,0.95,10000,47.772603035,5000,-1,50,0.05,0.1],[9,240,96.4440660735,-11.0559339265,[0,2,9,8,5,9,0,2,8,1,0,7,5,0,8,5,1,4,5,6,7,0,8,4,0,4,1,0,1,9],"SA","pd",10,10,30,0.95,10000,47.7338330746,5000,-1,50,0.05,0.1],[9,255,96.4440660735,-11.0559339265,[0,2,9,8,5,9,0,2,8,1,0,7,5,0,8,5,1,4,5,6,7,0,8,4,0,4,1,0,1,9],"SA","pd",10,10,30,0.95,10000,47.7429671288,5000,-1,50,0.05,0.1],[9,270,99.9813938377,-7.5186061623,[9,2,2,4,3,1,0,0,8,5,0,5,2,1,2,5,7,2,3,9,5,1,8,5,1,8,7,8,6,2],"SA","pd",10,10,30,0.95,10000,47.7296960354,5000,-1,50,0.05,0.1],[9,285,99.9813938377,-7.5186061623,[9,2,2,4,6,1,1,5,9,5,4,0,8,8,7,5,3,5,5,3,1,3,3,9,1,1,9,8,1,7],"SA","pd",10,10,30,0.95,10000,47.8198137283,5000,-1,50,0.05,0.1],[9,300,99.9813938377,-7.5186061623,[9,2,2,4,6,1,1,5,9,5,4,0,8,8,7,5,3,5,5,3,1,3,3,9,1,1,9,8,1,7],"SA","pd",10,10,30,0.95,10000,48.0181117058,5000,-1,50,0.05,0.1],[9,315,99.9813938377,-7.5186061623,[9,2,2,4,6,1,1,5,9,5,4,0,8,8,7,5,3,5,5,3,1,3,3,9,1,1,9,8,1,7],"SA","pd",10,10,30,0.95,10000,47.821369648,5000,-1,50,0.05,0.1],[9,330,99.9813938377,-7.5186061623,[9,2,2,4,6,1,1,5,9,5,4,0,8,8,7,5,3,5,5,3,1,3,3,9,1,1,9,8,1,7],"SA","pd",10,10,30,0.95,10000,47.8067755699,5000,-1,50,0.05,0.1],[9,345,99.9813938377,-7.5186061623,[9,2,2,4,6,1,1,5,9,5,4,0,8,8,7,5,3,5,5,3,1,3,3,9,1,1,9,8,1,7],"SA","pd",10,10,30,0.95,10000,47.8023364544,5000,-1,50,0.05,0.1],[9,360,99.9813938377,-7.5186061623,[9,2,2,4,6,1,1,5,9,5,4,0,8,8,7,5,3,5,5,3,1,3,3,9,1,1,9,8,1,7],"SA","pd",10,10,30,0.95,10000,47.7179563046,5000,-1,50,0.05,0.1],[9,375,101.7823218733,-5.7176781267,[8,1,0,2,8,1,0,9,5,5,0,0,5,9,4,1,5,2,5,5,8,0,8,4,4,1,0,5,0,7],"SA","pd",10,10,30,0.95,10000,47.7971794605,5000,-1,50,0.05,0.1],[9,390,101.7823218733,-5.7176781267,[2,9,2,0,5,1,0,6,5,5,0,8,4,9,5,5,8,6,1,7,0,0,7,4,0,1,0,6,1,6],"SA","pd",10,10,30,0.95,10000,47.7696194649,5000,-1,50,0.05,0.1],[9,405,101.7823218733,-5.7176781267,[2,9,2,0,5,1,0,6,5,5,0,8,4,9,5,5,8,6,1,7,0,0,7,4,0,1,0,6,1,6],"SA","pd",10,10,30,0.95,10000,47.7211596966,5000,-1,50,0.05,0.1],[9,420,101.7823218733,-5.7176781267,[2,9,2,0,5,1,0,6,5,5,0,8,4,9,5,5,8,6,1,7,0,0,7,4,0,1,0,6,1,6],"SA","pd",10,10,30,0.95,10000,47.8188416958,5000,-1,50,0.05,0.1],[9,435,101.7823218733,-5.7176781267,[2,9,2,0,5,1,0,6,5,5,0,8,4,9,5,5,8,6,1,7,0,0,7,4,0,1,0,6,1,6],"SA","pd",10,10,30,0.95,10000,47.8812422752,5000,-1,50,0.05,0.1],[9,450,101.7823218733,-5.7176781267,[2,9,2,0,5,1,0,6,5,5,0,8,4,9,5,5,8,6,1,7,0,0,7,4,0,1,0,6,1,6],"SA","pd",10,10,30,0.95,10000,47.7201626301,5000,-1,50,0.05,0.1],[9,465,101.7823218733,-5.7176781267,[2,9,2,0,5,1,0,6,5,5,0,8,4,9,5,5,8,6,1,7,0,0,7,4,0,1,0,6,1,6],"SA","pd",10,10,30,0.95,10000,47.8008315563,5000,-1,50,0.05,0.1],[9,480,101.7823218733,-5.7176781267,[2,9,2,0,5,1,0,6,5,5,0,8,4,9,5,5,8,6,1,7,0,0,7,4,0,1,0,6,1,6],"SA","pd",10,10,30,0.95,10000,47.8216459751,5000,-1,50,0.05,0.1],[9,495,101.7823218733,-5.7176781267,[2,9,2,0,5,1,0,6,5,5,0,8,4,9,5,5,8,6,1,7,0,0,7,4,0,1,0,6,1,6],"SA","pd",10,10,30,0.95,10000,47.6442615986,5000,-1,50,0.05,0.1],[9,510,101.7823218733,-5.7176781267,[2,9,2,0,5,1,0,6,5,5,0,8,4,9,5,5,8,6,1,7,0,0,7,4,0,1,0,6,1,6],"SA","pd",10,10,30,0.95,10000,47.7668881416,5000,-1,50,0.05,0.1],[9,525,105.5501616221,-1.9498383779,[9,2,2,4,6,1,0,0,8,5,6,0,5,9,3,5,4,0,5,5,0,5,7,6,5,1,5,0,1,0],"SA","pd",10,10,30,0.95,10000,47.714204073,5000,-1,50,0.05,0.1],[9,540,105.5501616221,-1.9498383779,[7,6,2,4,0,1,0,7,0,5,5,0,5,9,1,1,1,4,1,5,1,6,3,0,9,1,7,0,1,0],"SA","pd",10,10,30,0.95,10000,47.6133608818,5000,-1,50,0.05,0.1],[9,555,105.5501616221,-1.9498383779,[7,6,2,4,0,1,0,7,0,5,5,0,5,9,1,1,1,4,1,5,1,6,3,0,9,1,7,0,1,0],"SA","pd",10,10,30,0.95,10000,47.6340720654,5000,-1,50,0.05,0.1],[9,570,105.5501616221,-1.9498383779,[7,6,2,4,0,1,0,7,0,5,5,0,5,9,1,1,1,4,1,5,1,6,3,0,9,1,7,0,1,0],"SA","pd",10,10,30,0.95,10000,47.9284415245,5000,-1,50,0.05,0.1],[9,585,105.5501616221,-1.9498383779,[7,6,2,4,0,1,0,7,0,5,5,0,5,9,1,1,1,4,1,5,1,6,3,0,9,1,7,0,1,0],"SA","pd",10,10,30,0.95,10000,47.7872984409,5000,-1,50,0.05,0.1],[9,600,105.5501616221,-1.9498383779,[7,6,2,4,0,1,0,7,0,5,5,0,5,9,1,1,1,4,1,5,1,6,3,0,9,1,7,0,1,0],"SA","pd",10,10,30,0.95,10000,47.6610040665,5000,-1,50,0.05,0.1],[9,615,105.5501616221,-1.9498383779,[7,6,2,4,0,1,0,7,0,5,5,0,5,9,1,1,1,4,1,5,1,6,3,0,9,1,7,0,1,0],"SA","pd",10,10,30,0.95,10000,47.7345056534,5000,-1,50,0.05,0.1],[9,630,105.5501616221,-1.9498383779,[7,6,2,4,0,1,0,7,0,5,5,0,5,9,1,1,1,4,1,5,1,6,3,0,9,1,7,0,1,0],"SA","pd",10,10,30,0.95,10000,47.7608087063,5000,-1,50,0.05,0.1],[9,645,105.5501616221,-1.9498383779,[7,6,2,4,0,1,0,7,0,5,5,0,5,9,1,1,1,4,1,5,1,6,3,0,9,1,7,0,1,0],"SA","pd",10,10,30,0.95,10000,47.7597959042,5000,-1,50,0.05,0.1],[9,660,105.5501616221,-1.9498383779,[8,2,8,2,6,1,0,5,8,6,0,0,4,8,4,6,5,2,3,4,1,0,5,2,9,1,4,0,1,0],"SA","pd",10,10,30,0.95,10000,47.7573106289,5000,-1,50,0.05,0.1],[9,675,106.3584197229,-1.1415802771,[7,3,2,4,6,1,0,3,8,5,0,0,9,9,3,7,5,2,3,3,1,2,8,0,9,1,7,0,1,8],"SA","pd",10,10,30,0.95,10000,47.8205597401,5000,-1,50,0.05,0.1],[9,690,106.8493904972,-0.6506095028,[9,2,2,9,6,1,5,6,8,5,0,0,5,9,0,5,1,2,8,3,1,0,8,0,4,1,7,0,1,8],"SA","pd",10,10,30,0.95,10000,47.7335984707,5000,-1,50,0.05,0.1],[9,705,106.8493904972,-0.6506095028,[9,2,2,9,6,1,5,6,8,5,0,0,5,9,0,5,1,2,8,3,1,0,8,0,4,1,7,0,1,8],