{"columns":["ite","time","q","scaled_eu","z","solver","attacker","|Q|","|X|","|T|","rho","k","utility_time","RS_iters","mcts_iters","sa_iters","eps","lr"],"index":[0,1,2,3,4,5,6,7,8,9,10,11,12,13,14,15,16,17,18,19,20,21,22,23,24,25,26,27,28,29,30,31,32,33,34,35,36,37,38,39,40,41,42,43,44,45,46,47,48,49,50,51,52,53,54,55,56,57,58,59,60,61,62,63,64,65,66,67,68,69,70,71,72,73,74,75,76,77,78,79],"data":[[8,15,86.9239386857,-20.5760613143,[0,7,9,8,5,5,4,6,5,5,3,5,2,4,3,7,0,7,4,2,3,7,6,6,6,3,2,8,8,2],"SA","pd",10,10,30,0.95,10000,47.938344717,5000,-1,50,0.05,0.1],[8,30,87.006191989,-20.493808011,[5,9,3,1,0,0,0,9,4,2,3,9,0,1,2,9,1,9,4,4,3,4,4,5,4,5,0,9,9,7],"SA","pd",10,10,30,0.95,10000,48.1567721367,5000,-1,50,0.05,0.1],[8,45,89.4463434227,-18.0536565773,[8,3,1,3,5,0,1,5,8,9,3,7,3,1,0,0,1,9,4,6,3,0,8,5,4,3,8,4,6,7],"SA","pd",10,10,30,0.95,10000,48.0720405579,5000,-1,50,0.05,0.1],[8,60,93.1302157961,-14.3697842039,[5,0,2,2,5,3,0,5,6,5,4,9,1,1,3,5,2,9,2,4,3,0,4,7,7,1,1,9,5,9],"SA","pd",10,10,30,0.95,10000,47.9844799042,5000,-1,50,0.05,0.1],[8,75,93.1302157961,-14.3697842039,[5,0,2,2,5,3,0,5,6,5,4,9,1,1,3,5,2,9,2,4,3,0,4,7,7,1,1,9,5,9],"SA","pd",10,10,30,0.95,10000,48.0279891491,5000,-1,50,0.05,0.1],[8,90,93.1302157961,-14.3697842039,[5,0,2,2,5,3,0,5,6,5,4,9,1,1,3,5,2,9,2,4,3,0,4,7,7,1,1,9,5,9],"SA","pd",10,10,30,0.95,10000,47.9003767967,5000,-1,50,0.05,0.1],[8,105,93.1302157961,-14.3697842039,[5,0,2,2,5,3,0,5,6,5,4,9,1,1,3,5,2,9,2,4,3,0,4,7,7,1,1,9,5,9],"SA","pd",10,10,30,0.95,10000,48.029045105,5000,-1,50,0.05,0.1],[8,120,93.1302157961,-14.3697842039,[5,0,2,2,5,3,0,5,6,5,4,9,1,1,3,5,2,9,2,4,3,0,4,7,7,1,1,9,5,9],"SA","pd",10,10,30,0.95,10000,48.1910469532,5000,-1,50,0.05,0.1],[8,135,93.1302157961,-14.3697842039,[5,0,2,2,5,3,0,5,6,5,4,9,1,1,3,5,2,9,2,4,3,0,4,7,7,1,1,9,5,9],"SA","pd",10,10,30,0.95,10000,48.1413557529,5000,-1,50,0.05,0.1],[8,150,96.5049940777,-10.9950059223,[0,3,2,4,8,1,1,3,6,9,0,6,5,9,1,1,3,5,8,5,2,0,4,4,9,5,5,0,7,0],"SA","pd",10,10,30,0.95,10000,48.1704287529,5000,-1,50,0.05,0.1],[8,165,96.5049940777,-10.9950059223,[0,5,3,4,7,1,0,2,7,3,0,6,5,0,1,1,6,2,3,5,1,0,8,4,4,5,5,0,7,7],"SA","pd",10,10,30,0.95,10000,48.1706149578,5000,-1,50,0.05,0.1],[8,180,96.5049940777,-10.9950059223,[0,5,3,4,7,1,0,2,7,3,0,6,5,0,1,1,6,2,3,5,1,0,8,4,4,5,5,0,7,7],"SA","pd",10,10,30,0.95,10000,48.0540983677,5000,-1,50,0.05,0.1],[8,195,96.5049940777,-10.9950059223,[0,5,3,4,7,1,0,2,7,3,0,6,5,0,1,1,6,2,3,5,1,0,8,4,4,5,5,0,7,7],"SA","pd",10,10,30,0.95,10000,48.1201307774,5000,-1,50,0.05,0.1],[8,210,96.5049940777,-10.9950059223,[0,5,3,4,7,1,0,2,7,3,0,6,5,0,1,1,6,2,3,5,1,0,8,4,4,5,5,0,7,7],"SA","pd",10,10,30,0.95,10000,48.1079564095,5000,-1,50,0.05,0.1],[8,225,96.5049940777,-10.9950059223,[0,5,3,4,7,1,0,2,7,3,0,6,5,0,1,1,6,2,3,5,1,0,8,4,4,5,5,0,7,7],"SA","pd",10,10,30,0.95,10000,48.2122709751,5000,-1,50,0.05,0.1],[8,240,96.5049940777,-10.9950059223,[0,5,3,4,7,1,0,2,7,3,0,6,5,0,1,1,6,2,3,5,1,0,8,4,4,5,5,0,7,7],"SA","pd",10,10,30,0.95,10000,48.2418992519,5000,-1,50,0.05,0.1],[8,255,96.5049940777,-10.9950059223,[0,5,3,4,7,1,0,2,7,3,0,6,5,0,1,1,6,2,3,5,1,0,8,4,4,5,5,0,7,7],"SA","pd",10,10,30,0.95,10000,48.2010033131,5000,-1,50,0.05,0.1],[8,270,96.5049940777,-10.9950059223,[0,5,3,4,7,1,0,2,7,3,0,6,5,0,1,1,6,2,3,5,1,0,8,4,4,5,5,0,7,7],"SA","pd",10,10,30,0.95,10000,48.128775835,5000,-1,50,0.05,0.1],[8,285,96.5049940777,-10.9950059223,[0,5,3,4,7,1,0,2,7,3,0,6,5,0,1,1,6,2,3,5,1,0,8,4,4,5,5,0,7,7],"SA","pd",10,10,30,0.95,10000,48.089599371,5000,-1,50,0.05,0.1],[8,300,96.5049940777,-10.9950059223,[0,5,3,4,7,1,0,2,7,3,0,6,5,0,1,1,6,2,3,5,1,0,8,4,4,5,5,0,7,7],"SA","pd",10,10,30,0.95,10000,48.1371104717,5000,-1,50,0.05,0.1],[8,315,96.5049940777,-10.9950059223,[0,5,3,4,7,1,0,2,7,3,0,6,5,0,1,1,6,2,3,5,1,0,8,4,4,5,5,0,7,7],"SA","pd",10,10,30,0.95,10000,48.3172883987,5000,-1,50,0.05,0.1],[8,330,96.5049940777,-10.9950059223,[0,5,3,4,7,1,0,2,7,3,0,6,5,0,1,1,6,2,3,5,1,0,8,4,4,5,5,0,7,7],"SA","pd",10,10,30,0.95,10000,48.2206039429,5000,-1,50,0.05,0.1],[8,345,96.5049940777,-10.9950059223,[0,5,3,4,7,1,0,2,7,3,0,6,5,0,1,1,6,2,3,5,1,0,8,4,4,5,5,0,7,7],"SA","pd",10,10,30,0.95,10000,48.25015378,5000,-1,50,0.05,0.1],[8,360,96.5049940777,-10.9950059223,[0,5,3,4,7,1,0,2,7,3,0,6,5,0,1,1,6,2,3,5,1,0,8,4,4,5,5,0,7,7],"SA","pd",10,10,30,0.95,10000,48.0883338451,5000,-1,50,0.05,0.1],[8,375,96.5049940777,-10.9950059223,[0,5,3,4,7,1,0,2,7,3,0,6,5,0,1,1,6,2,3,5,1,0,8,4,4,5,5,0,7,7],"SA","pd",10,10,30,0.95,10000,48.1597371101,5000,-1,50,0.05,0.1],[8,390,97.5090548813,-9.9909451187,[1,9,7,0,6,0,8,3,2,9,0,8,5,8,7,4,2,2,3,7,8,0,3,2,5,7,7,0,1,7],"SA","pd",10,10,30,0.95,10000,48.0950610638,5000,-1,50,0.05,0.1],[8,405,98.6974023702,-8.8025976298,[1,6,1,0,2,0,6,4,8,5,0,8,5,8,5,4,8,2,3,7,4,0,8,5,0,4,2,0,1,0],"SA","pd",10,10,30,0.95,10000,48.1555287838,5000,-1,50,0.05,0.1],[8,420,99.5599261341,-7.9400738659,[1,0,8,4,8,0,0,3,4,5,1,6,5,8,5,1,9,0,6,3,4,0,8,0,6,7,0,0,1,7],"SA","pd",10,10,30,0.95,10000,48.132368803,5000,-1,50,0.05,0.1],[8,435,99.5599261341,-7.9400738659,[1,0,8,4,8,0,0,3,4,5,1,6,5,8,5,1,9,0,6,3,4,0,8,0,6,7,0,0,1,7],"SA","pd",10,10,30,0.95,10000,48.2864809036,5000,-1,50,0.05,0.1],[8,450,99.5599261341,-7.9400738659,[1,0,8,4,8,0,0,3,4,5,1,6,5,8,5,1,9,0,6,3,4,0,8,0,6,7,0,0,1,7],"SA","pd",10,10,30,0.95,10000,48.2566587925,5000,-1,50,0.05,0.1],[8,465,99.5599261341,-7.9400738659,[1,0,8,4,8,0,0,3,4,5,1,6,5,8,5,1,9,0,6,3,4,0,8,0,6,7,0,0,1,7],"SA","pd",10,10,30,0.95,10000,48.2781715393,5000,-1,50,0.05,0.1],[8,480,99.5599261341,-7.9400738659,[1,0,8,4,8,0,0,3,4,5,1,6,5,8,5,1,9,0,6,3,4,0,8,0,6,7,0,0,1,7],"SA","pd",10,10,30,0.95,10000,48.1596839428,5000,-1,50,0.05,0.1],[8,495,99.5599261341,-7.9400738659,[1,0,8,4,8,0,0,3,4,5,1,6,5,8,5,1,9,0,6,3,4,0,8,0,6,7,0,0,1,7],"SA","pd",10,10,30,0.95,10000,48.1369552612,5000,-1,50,0.05,0.1],[8,510,105.0757473642,-2.4242526358,[0,2,2,4,5,5,0,9,8,5,0,0,5,8,3,8,5,2,4,3,4,0,5,0,9,2,7,0,1,3],"SA","pd",10,10,30,0.95,10000,48.1170735359,5000,-1,50,0.05,0.1],[8,525,105.0757473642,-2.4242526358,[0,2,2,4,5,5,0,9,8,5,0,0,5,8,3,8,5,2,4,3,4,0,5,0,9,2,7,0,1,3],"SA","pd",10,10,30,0.95,10000,48.0851407051,5000,-1,50,0.05,0.1],[8,540,105.0757473642,-2.4242526358,[0,2,2,4,5,5,0,9,8,5,0,0,5,8,3,8,5,2,4,3,4,0,5,0,9,2,7,0,1,3],"SA","pd",10,10,30,0.95,10000,48.1379573345,5000,-1,50,0.05,0.1],[8,555,105.0757473642,-2.4242526358,[0,2,2,4,5,5,0,9,8,5,0,0,5,8,3,8,5,2,4,3,4,0,5,0,9,2,7,0,1,3],"SA","pd",10,10,30,0.95,10000,48.1487832069,5000,-1,50,0.05,0.1],[8,570,105.0757473642,-2.4242526358,[0,2,2,4,5,5,0,9,8,5,0,0,5,8,3,8,5,2,4,3,4,0,5,0,9,2,7,0,1,3],"SA","pd",10,10,30,0.95,10000,48.1519646645,5000,-1,50,0.05,0.1],[8,585,105.0757473642,-2.4242526358,[0,2,2,4,5,5,0,9,8,5,0,0,5,8,3,8,5,2,4,3,4,0,5,0,9,2,7,0,1,3],"SA","pd",10,10,30,0.95,10000,48.2108602524,5000,-1,50,0.05,0.1],[8,600,105.0757473642,-2.4242526358,[0,2,2,4,5,5,0,9,8,5,0,0,5,8,3,8,5,2,4,3,4,0,5,0,9,2,7,0,1,3],"SA","pd",10,10,30,0.95,10000,48.1876292229,5000,-1,50,0.05,0.1],[8,615,105.0757473642,-2.4242526358,[0,2,2,4,5,5,0,9,8,5,0,0,5,8,3,8,5,2,4,3,4,0,5,0,9,2,7,0,1,3],"SA","pd",10,10,30,0.95,10000,48.0559895039,5000,-1,50,0.05,0.1],[8,630,105.0757473642,-2.4242526358,[0,2,2,4,5,5,0,9,8,5,0,0,5,8,3,8,5,2,4,3,4,0,5,0,9,2,7,0,1,3],"SA","pd",10,10,30,0.95,10000,48.0341875553,5000,-1,50,0.05,0.1],[8,645,105.0757473642,-2.4242526358,[0,2,2,4,5,5,0,9,8,5,0,0,5,8,3,8,5,2,4,3,4,0,5,0,9,2,7,0,1,3],"SA","pd",10,10,30,0.95,10000,47.996827364,5000,-1,50,0.05,0.1],[8,660,105.0757473642,-2.4242526358,[0,2,2,4,5,5,0,9,8,5,0,0,5,8,3,8,5,2,4,3,4,0,5,0,9,2,7,0,1,3],"SA","pd",10,10,30,0.95,10000,48.1063220501,5000,-1,50,0.05,0.1],[8,675,105.0757473642,-2.4242526358,[0,2,2,4,5,5,0,9,8,5,0,0,5,8,3,8,5,2,4,3,4,0,5,0,9,2,7,0,1,3],"SA","pd",10,10,30,0.95,10000,48.0272946358,5000,-1,50,0.05,0.1],[8,690,105.0757473642,-2.4242526358,[0,2,2,4,5,5,0,9,8,5,0,0,5,8,3,8,5,2,4,3,4,0,5,0,9,2,7,0,1,3],"SA","pd",10,10,30,0.95,10000,47.9838819504,5000,-1,50,0.05,0.1],[8,705,105.0757473642,-2.4242526358,[0,2,2,4,5,5,0,9,8,5,0,0,5,8,3,8,5,2,4,3,4,0,5,0,9,2,7,0,1,3],