{"columns":["ite","time","q","scaled_eu","z","solver","attacker","|Q|","|X|","|T|","rho","k","utility_time","RS_iters","mcts_iters","sa_iters","eps","lr"],"index":[0,1,2,3,4,5,6,7,8,9,10,11,12,13,14,15,16,17,18,19,20,21,22,23,24,25,26,27,28,29,30,31,32,33,34,35,36,37,38,39,40,41,42,43,44,45,46,47,48,49,50,51,52,53,54,55,56,57,58,59,60,61,62,63,64,65,66,67,68,69,70,71,72,73,74,75,76,77,78,79],"data":[[4,15,14.250819835,-16.749180165,[9,4,1,6,7,1,3,3,9,8,5,0,3,7,8,2,8,2,1,3,6,3,0,0,2,9,2,9,0,6],"SA","dd",10,10,30,0.95,10000,61.2867116928,5000,-1,50,0.05,0.1],[4,30,14.250819835,-16.749180165,[9,4,1,6,7,1,3,3,9,8,5,0,3,7,8,2,8,2,1,3,6,3,0,0,2,9,2,9,0,6],"SA","dd",10,10,30,0.95,10000,58.2113449574,5000,-1,50,0.05,0.1],[4,45,14.250819835,-16.749180165,[9,4,1,6,7,1,3,3,9,8,5,0,3,7,8,2,8,2,1,3,6,3,0,0,2,9,2,9,0,6],"SA","dd",10,10,30,0.95,10000,67.5017924309,5000,-1,50,0.05,0.1],[4,60,14.250819835,-16.749180165,[9,4,1,6,7,1,3,3,9,8,5,0,3,7,8,2,8,2,1,3,6,3,0,0,2,9,2,9,0,6],"SA","dd",10,10,30,0.95,10000,55.7587871552,5000,-1,50,0.05,0.1],[4,75,14.250819835,-16.749180165,[9,4,1,6,7,1,3,3,9,8,5,0,3,7,8,2,8,2,1,3,6,3,0,0,2,9,2,9,0,6],"SA","dd",10,10,30,0.95,10000,55.6334857941,5000,-1,50,0.05,0.1],[4,90,14.5443705482,-16.4556294518,[3,9,1,8,3,6,5,3,8,0,0,0,5,6,8,0,8,2,9,4,7,3,7,0,7,8,0,0,6,6],"SA","dd",10,10,30,0.95,10000,55.6186628342,5000,-1,50,0.05,0.1],[4,105,14.5443705482,-16.4556294518,[3,9,1,8,3,6,5,3,8,0,0,0,5,6,8,0,8,2,9,4,7,3,7,0,7,8,0,0,6,6],"SA","dd",10,10,30,0.95,10000,55.6804633141,5000,-1,50,0.05,0.1],[4,120,14.5443705482,-16.4556294518,[3,9,1,8,3,6,5,3,8,0,0,0,5,6,8,0,8,2,9,4,7,3,7,0,7,8,0,0,6,6],"SA","dd",10,10,30,0.95,10000,55.6219382286,5000,-1,50,0.05,0.1],[4,135,14.5443705482,-16.4556294518,[3,9,1,8,3,6,5,3,8,0,0,0,5,6,8,0,8,2,9,4,7,3,7,0,7,8,0,0,6,6],"SA","dd",10,10,30,0.95,10000,55.6371071339,5000,-1,50,0.05,0.1],[4,150,14.5443705482,-16.4556294518,[3,9,1,8,3,6,5,3,8,0,0,0,5,6,8,0,8,2,9,4,7,3,7,0,7,8,0,0,6,6],"SA","dd",10,10,30,0.95,10000,55.9906742573,5000,-1,50,0.05,0.1],[4,165,14.5443705482,-16.4556294518,[3,9,1,8,3,6,5,3,8,0,0,0,5,6,8,0,8,2,9,4,7,3,7,0,7,8,0,0,6,6],"SA","dd",10,10,30,0.95,10000,55.9165656567,5000,-1,50,0.05,0.1],[4,180,14.5443705482,-16.4556294518,[0,7,1,2,4,6,7,3,0,8,7,6,1,9,0,1,2,1,6,3,4,8,1,4,2,4,7,0,6,2],"SA","dd",10,10,30,0.95,10000,55.8510189056,5000,-1,50,0.05,0.1],[4,195,14.5443705482,-16.4556294518,[0,7,1,2,4,6,7,3,0,8,7,6,1,9,0,1,2,1,6,3,4,8,1,4,2,4,7,0,6,2],"SA","dd",10,10,30,0.95,10000,55.9454836845,5000,-1,50,0.05,0.1],[4,210,14.5443705482,-16.4556294518,[0,7,1,2,4,6,7,3,0,8,7,6,1,9,0,1,2,1,6,3,4,8,1,4,2,4,7,0,6,2],"SA","dd",10,10,30,0.95,10000,55.8764302731,5000,-1,50,0.05,0.1],[4,225,14.5443705482,-16.4556294518,[0,7,1,2,4,6,7,3,0,8,7,6,1,9,0,1,2,1,6,3,4,8,1,4,2,4,7,0,6,2],"SA","dd",10,10,30,0.95,10000,55.890853405,5000,-1,50,0.05,0.1],[4,240,14.5443705482,-16.4556294518,[0,7,1,2,4,6,7,3,0,8,7,6,1,9,0,1,2,1,6,3,4,8,1,4,2,4,7,0,6,2],"SA","dd",10,10,30,0.95,10000,55.9079165459,5000,-1,50,0.05,0.1],[4,255,14.5443705482,-16.4556294518,[0,7,1,2,4,6,7,3,0,8,7,6,1,9,0,1,2,1,6,3,4,8,1,4,2,4,7,0,6,2],"SA","dd",10,10,30,0.95,10000,55.7843523026,5000,-1,50,0.05,0.1],[4,270,14.5443705482,-16.4556294518,[0,7,1,2,4,6,7,3,0,8,7,6,1,9,0,1,2,1,6,3,4,8,1,4,2,4,7,0,6,2],"SA","dd",10,10,30,0.95,10000,55.696144104,5000,-1,50,0.05,0.1],[4,285,14.5443705482,-16.4556294518,[0,7,1,2,4,6,7,3,0,8,7,6,1,9,0,1,2,1,6,3,4,8,1,4,2,4,7,0,6,2],"SA","dd",10,10,30,0.95,10000,55.8461120129,5000,-1,50,0.05,0.1],[4,300,14.5443705482,-16.4556294518,[0,7,1,2,4,6,7,3,0,8,7,6,1,9,0,1,2,1,6,3,4,8,1,4,2,4,7,0,6,2],"SA","dd",10,10,30,0.95,10000,55.7679083347,5000,-1,50,0.05,0.1],[4,315,14.5443705482,-16.4556294518,[0,7,1,2,4,6,7,3,0,8,7,6,1,9,0,1,2,1,6,3,4,8,1,4,2,4,7,0,6,2],"SA","dd",10,10,30,0.95,10000,55.8385093212,5000,-1,50,0.05,0.1],[4,330,14.5443705482,-16.4556294518,[0,7,1,2,4,6,7,3,0,8,7,6,1,9,0,1,2,1,6,3,4,8,1,4,2,4,7,0,6,2],"SA","dd",10,10,30,0.95,10000,55.8243243694,5000,-1,50,0.05,0.1],[4,345,14.5443705482,-16.4556294518,[0,7,1,2,4,6,7,3,0,8,7,6,1,9,0,1,2,1,6,3,4,8,1,4,2,4,7,0,6,2],"SA","dd",10,10,30,0.95,10000,55.9359645844,5000,-1,50,0.05,0.1],[4,360,14.5443705482,-16.4556294518,[0,7,1,2,4,6,7,3,0,8,7,6,1,9,0,1,2,1,6,3,4,8,1,4,2,4,7,0,6,2],"SA","dd",10,10,30,0.95,10000,61.8416857719,5000,-1,50,0.05,0.1],[4,375,14.5443705482,-16.4556294518,[0,7,1,2,4,6,7,3,0,8,7,6,1,9,0,1,2,1,6,3,4,8,1,4,2,4,7,0,6,2],"SA","dd",10,10,30,0.95,10000,62.7788825035,5000,-1,50,0.05,0.1],[4,390,14.5443705482,-16.4556294518,[0,7,1,2,4,6,7,3,0,8,7,6,1,9,0,1,2,1,6,3,4,8,1,4,2,4,7,0,6,2],"SA","dd",10,10,30,0.95,10000,55.7146053314,5000,-1,50,0.05,0.1],[4,405,14.5443705482,-16.4556294518,[0,7,1,2,4,6,7,3,0,8,7,6,1,9,0,1,2,1,6,3,4,8,1,4,2,4,7,0,6,2],"SA","dd",10,10,30,0.95,10000,55.9597768784,5000,-1,50,0.05,0.1],[4,420,14.5443705482,-16.4556294518,[0,7,1,2,4,6,7,3,0,8,7,6,1,9,0,1,2,1,6,3,4,8,1,4,2,4,7,0,6,2],"SA","dd",10,10,30,0.95,10000,55.7097830772,5000,-1,50,0.05,0.1],[4,435,14.5443705482,-16.4556294518,[0,7,1,2,4,6,7,3,0,8,7,6,1,9,0,1,2,1,6,3,4,8,1,4,2,4,7,0,6,2],"SA","dd",10,10,30,0.95,10000,55.4616522789,5000,-1,50,0.05,0.1],[4,450,14.5443705482,-16.4556294518,[0,7,1,2,4,6,7,3,0,8,7,6,1,9,0,1,2,1,6,3,4,8,1,4,2,4,7,0,6,2],"SA","dd",10,10,30,0.95,10000,55.5042130947,5000,-1,50,0.05,0.1],[4,465,14.5443705482,-16.4556294518,[0,7,1,2,4,6,7,3,0,8,7,6,1,9,0,1,2,1,6,3,4,8,1,4,2,4,7,0,6,2],"SA","dd",10,10,30,0.95,10000,55.5292060375,5000,-1,50,0.05,0.1],[4,480,14.5443705482,-16.4556294518,[0,7,1,2,4,6,7,3,0,8,7,6,1,9,0,1,2,1,6,3,4,8,1,4,2,4,7,0,6,2],"SA","dd",10,10,30,0.95,10000,55.568097353,5000,-1,50,0.05,0.1],[4,495,14.5443705482,-16.4556294518,[0,7,1,2,4,6,7,3,0,8,7,6,1,9,0,1,2,1,6,3,4,8,1,4,2,4,7,0,6,2],"SA","dd",10,10,30,0.95,10000,55.5716269016,5000,-1,50,0.05,0.1],[4,510,14.5443705482,-16.4556294518,[0,7,1,2,4,6,7,3,0,8,7,6,1,9,0,1,2,1,6,3,4,8,1,4,2,4,7,0,6,2],"SA","dd",10,10,30,0.95,10000,55.7546832561,5000,-1,50,0.05,0.1],[4,525,14.5443705482,-16.4556294518,[0,7,1,2,4,6,7,3,0,8,7,6,1,9,0,1,2,1,6,3,4,8,1,4,2,4,7,0,6,2],"SA","dd",10,10,30,0.95,10000,55.430880785,5000,-1,50,0.05,0.1],[4,540,14.5443705482,-16.4556294518,[0,7,1,2,4,6,7,3,0,8,7,6,1,9,0,1,2,1,6,3,4,8,1,4,2,4,7,0,6,2],"SA","dd",10,10,30,0.95,10000,55.5890436172,5000,-1,50,0.05,0.1],[4,555,14.5443705482,-16.4556294518,[0,7,1,2,4,6,7,3,0,8,7,6,1,9,0,1,2,1,6,3,4,8,1,4,2,4,7,0,6,2],"SA","dd",10,10,30,0.95,10000,55.6047098637,5000,-1,50,0.05,0.1],[4,570,14.5443705482,-16.4556294518,[0,7,1,2,4,6,7,3,0,8,7,6,1,9,0,1,2,1,6,3,4,8,1,4,2,4,7,0,6,2],"SA","dd",10,10,30,0.95,10000,55.4460933208,5000,-1,50,0.05,0.1],[4,585,14.5443705482,-16.4556294518,[0,7,1,2,4,6,7,3,0,8,7,6,1,9,0,1,2,1,6,3,4,8,1,4,2,4,7,0,6,2],"SA","dd",10,10,30,0.95,10000,55.5344383717,5000,-1,50,0.05,0.1],[4,600,14.5443705482,-16.4556294518,[0,7,1,2,4,6,7,3,0,8,7,6,1,9,0,1,2,1,6,3,4,8,1,4,2,4,7,0,6,2],"SA","dd",10,10,30,0.95,10000,55.4847905636,5000,-1,50,0.05,0.1],[4,615,14.5443705482,-16.4556294518,[0,7,1,2,4,6,7,3,0,8,7,6,1,9,0,1,2,1,6,3,4,8,1,4,2,4,7,0,6,2],"SA","dd",10,10,30,0.95,10000,55.5376284122,5000,-1,50,0.05,0.1],[4,630,14.5443705482,-16.4556294518,[0,7,1,2,4,6,7,3,0,8,7,6,1,9,0,1,2,1,6,3,4,8,1,4,2,4,7,0,6,2],"SA","dd",10,10,30,0.95,10000,55.5548710823,5000,-1,50,0.05,0.1],[4,645,14.5443705482,-16.4556294518,[0,7,1,2,4,6,7,3,0,8,7,6,1,9,0,1,2,1,6,3,4,8,1,4,2,4,7,0,6,2],"SA","dd",10,10,30,0.95,10000,55.553391695,5000,-1,50,0.05,0.1],[4,660,14.5443705482,-16.4556294518,[0,7,1,2,4,6,7,3,0,8,7,6,1,9,0,1,2,1,6,3,4,8,1,4,2,4,7,0,6,2],"SA","dd",10,10,30,0.95,10000,55.4818274975,5000,-1,50,0.05,0.1],[4,675,14.5443705482,-16.4556294518,[0,7,1,2,4,6,7,3,0,8,7,6,1,9,0,1,2,1,6,3,4,8,1,4,2,4,7,0,6,2],"SA","dd",10,10,30,0.95,10000,55.4676551819,5000,-1,50,0.05,0.1],[4,690,14.5443705482,-16.4556294518,[0,7,1,2,4,6,7,3,0,8,7,6,1,9,0,1,2,1,6,3,4,8,1,4,2,4,7,0,6,2],"SA","dd",10,10,30,0.95,10000,55.435795784,5000,-1,50,0.05,0.1],[4,705,14.5443705482,-16.4556294518,[0,7,1,2,4,6,7,3,0,8,7,6,1,9,0,1,2,1,6,3,4,8,1,4,2,4,7,0,6,2],