{"columns":["ite","time","q","scaled_eu","z","solver","attacker","|Q|","|X|","|T|","rho","k","utility_time","RS_iters","mcts_iters","sa_iters","eps","lr"],"index":[0,1,2,3,4,5,6,7,8,9,10,11,12,13,14,15,16,17,18,19,20,21,22,23,24,25,26,27,28,29,30,31,32,33,34,35,36,37,38,39,40,41,42,43,44,45,46,47,48,49,50,51,52,53,54,55,56,57,58,59,60,61,62,63,64,65,66,67,68,69,70,71,72,73,74,75,76,77,78,79],"data":[[1,15,7.9124224689,-23.0875775311,[4,9,1,0,8,6,9,9,0,9,2,1,6,1,8,4,1,8,3,3,0,0,2,7,2,1,6,7,4,4],"SA","dd",10,10,30,0.95,10000,55.0334424973,5000,-1,50,0.05,0.1],[1,30,14.9542861642,-16.0457138358,[2,9,1,9,2,7,0,4,8,8,0,5,2,1,9,8,6,7,5,3,3,0,3,4,8,1,6,7,0,4],"SA","dd",10,10,30,0.95,10000,55.0184082985,5000,-1,50,0.05,0.1],[1,45,14.9542861642,-16.0457138358,[2,9,1,9,2,7,0,4,8,8,0,5,2,1,9,8,6,7,5,3,3,0,3,4,8,1,6,7,0,4],"SA","dd",10,10,30,0.95,10000,54.6814875603,5000,-1,50,0.05,0.1],[1,60,14.9542861642,-16.0457138358,[2,9,1,9,2,7,0,4,8,8,0,5,2,1,9,8,6,7,5,3,3,0,3,4,8,1,6,7,0,4],"SA","dd",10,10,30,0.95,10000,55.110035181,5000,-1,50,0.05,0.1],[1,75,14.9542861642,-16.0457138358,[2,9,1,9,2,7,0,4,8,8,0,5,2,1,9,8,6,7,5,3,3,0,3,4,8,1,6,7,0,4],"SA","dd",10,10,30,0.95,10000,55.1185371876,5000,-1,50,0.05,0.1],[1,90,14.9542861642,-16.0457138358,[2,9,1,9,2,7,0,4,8,8,0,5,2,1,9,8,6,7,5,3,3,0,3,4,8,1,6,7,0,4],"SA","dd",10,10,30,0.95,10000,54.8764483929,5000,-1,50,0.05,0.1],[1,105,14.9542861642,-16.0457138358,[2,9,1,9,2,7,0,4,8,8,0,5,2,1,9,8,6,7,5,3,3,0,3,4,8,1,6,7,0,4],"SA","dd",10,10,30,0.95,10000,55.07640481,5000,-1,50,0.05,0.1],[1,120,14.9542861642,-16.0457138358,[2,9,1,9,2,7,0,4,8,8,0,5,2,1,9,8,6,7,5,3,3,0,3,4,8,1,6,7,0,4],"SA","dd",10,10,30,0.95,10000,54.8975348473,5000,-1,50,0.05,0.1],[1,135,14.9542861642,-16.0457138358,[2,9,1,9,2,7,0,4,8,8,0,5,2,1,9,8,6,7,5,3,3,0,3,4,8,1,6,7,0,4],"SA","dd",10,10,30,0.95,10000,54.9237146378,5000,-1,50,0.05,0.1],[1,150,14.9542861642,-16.0457138358,[2,9,1,9,2,7,0,4,8,8,0,5,2,1,9,8,6,7,5,3,3,0,3,4,8,1,6,7,0,4],"SA","dd",10,10,30,0.95,10000,54.6160023212,5000,-1,50,0.05,0.1],[1,165,14.9542861642,-16.0457138358,[2,9,1,9,2,7,0,4,8,8,0,5,2,1,9,8,6,7,5,3,3,0,3,4,8,1,6,7,0,4],"SA","dd",10,10,30,0.95,10000,56.4024982452,5000,-1,50,0.05,0.1],[1,180,14.9542861642,-16.0457138358,[2,9,1,9,2,7,0,4,8,8,0,5,2,1,9,8,6,7,5,3,3,0,3,4,8,1,6,7,0,4],"SA","dd",10,10,30,0.95,10000,59.837187767,5000,-1,50,0.05,0.1],[1,195,14.9542861642,-16.0457138358,[2,9,1,9,2,7,0,4,8,8,0,5,2,1,9,8,6,7,5,3,3,0,3,4,8,1,6,7,0,4],"SA","dd",10,10,30,0.95,10000,61.4353375435,5000,-1,50,0.05,0.1],[1,210,14.9542861642,-16.0457138358,[2,9,1,9,2,7,0,4,8,8,0,5,2,1,9,8,6,7,5,3,3,0,3,4,8,1,6,7,0,4],"SA","dd",10,10,30,0.95,10000,54.7540442944,5000,-1,50,0.05,0.1],[1,225,14.9542861642,-16.0457138358,[2,9,1,9,2,7,0,4,8,8,0,5,2,1,9,8,6,7,5,3,3,0,3,4,8,1,6,7,0,4],"SA","dd",10,10,30,0.95,10000,54.7655649185,5000,-1,50,0.05,0.1],[1,240,14.9542861642,-16.0457138358,[2,9,1,9,2,7,0,4,8,8,0,5,2,1,9,8,6,7,5,3,3,0,3,4,8,1,6,7,0,4],"SA","dd",10,10,30,0.95,10000,54.7416741848,5000,-1,50,0.05,0.1],[1,255,14.9542861642,-16.0457138358,[2,9,1,9,2,7,0,4,8,8,0,5,2,1,9,8,6,7,5,3,3,0,3,4,8,1,6,7,0,4],"SA","dd",10,10,30,0.95,10000,54.7285375595,5000,-1,50,0.05,0.1],[1,270,14.9542861642,-16.0457138358,[2,9,1,9,2,7,0,4,8,8,0,5,2,1,9,8,6,7,5,3,3,0,3,4,8,1,6,7,0,4],"SA","dd",10,10,30,0.95,10000,54.7223489285,5000,-1,50,0.05,0.1],[1,285,14.9542861642,-16.0457138358,[2,9,1,9,2,7,0,4,8,8,0,5,2,1,9,8,6,7,5,3,3,0,3,4,8,1,6,7,0,4],"SA","dd",10,10,30,0.95,10000,54.6368823051,5000,-1,50,0.05,0.1],[1,300,14.9542861642,-16.0457138358,[2,9,1,9,2,7,0,4,8,8,0,5,2,1,9,8,6,7,5,3,3,0,3,4,8,1,6,7,0,4],"SA","dd",10,10,30,0.95,10000,54.7629578114,5000,-1,50,0.05,0.1],[1,315,14.9542861642,-16.0457138358,[2,9,1,9,2,7,0,4,8,8,0,5,2,1,9,8,6,7,5,3,3,0,3,4,8,1,6,7,0,4],"SA","dd",10,10,30,0.95,10000,54.7414398193,5000,-1,50,0.05,0.1],[1,330,14.9542861642,-16.0457138358,[2,9,1,9,2,7,0,4,8,8,0,5,2,1,9,8,6,7,5,3,3,0,3,4,8,1,6,7,0,4],"SA","dd",10,10,30,0.95,10000,54.7665600777,5000,-1,50,0.05,0.1],[1,345,14.9542861642,-16.0457138358,[2,9,1,9,2,7,0,4,8,8,0,5,2,1,9,8,6,7,5,3,3,0,3,4,8,1,6,7,0,4],"SA","dd",10,10,30,0.95,10000,54.6718773842,5000,-1,50,0.05,0.1],[1,360,14.9542861642,-16.0457138358,[2,9,1,9,2,7,0,4,8,8,0,5,2,1,9,8,6,7,5,3,3,0,3,4,8,1,6,7,0,4],"SA","dd",10,10,30,0.95,10000,54.6943223476,5000,-1,50,0.05,0.1],[1,375,14.9542861642,-16.0457138358,[2,9,1,9,2,7,0,4,8,8,0,5,2,1,9,8,6,7,5,3,3,0,3,4,8,1,6,7,0,4],"SA","dd",10,10,30,0.95,10000,54.5437319279,5000,-1,50,0.05,0.1],[1,390,14.9542861642,-16.0457138358,[2,9,1,9,2,7,0,4,8,8,0,5,2,1,9,8,6,7,5,3,3,0,3,4,8,1,6,7,0,4],"SA","dd",10,10,30,0.95,10000,54.6138224602,5000,-1,50,0.05,0.1],[1,405,14.9542861642,-16.0457138358,[2,9,1,9,2,7,0,4,8,8,0,5,2,1,9,8,6,7,5,3,3,0,3,4,8,1,6,7,0,4],"SA","dd",10,10,30,0.95,10000,54.7545518875,5000,-1,50,0.05,0.1],[1,420,14.9542861642,-16.0457138358,[2,9,1,9,2,7,0,4,8,8,0,5,2,1,9,8,6,7,5,3,3,0,3,4,8,1,6,7,0,4],"SA","dd",10,10,30,0.95,10000,54.6498227119,5000,-1,50,0.05,0.1],[1,435,14.9542861642,-16.0457138358,[2,9,1,9,2,7,0,4,8,8,0,5,2,1,9,8,6,7,5,3,3,0,3,4,8,1,6,7,0,4],"SA","dd",10,10,30,0.95,10000,55.0765788555,5000,-1,50,0.05,0.1],[1,450,14.9542861642,-16.0457138358,[2,9,1,9,2,7,0,4,8,8,0,5,2,1,9,8,6,7,5,3,3,0,3,4,8,1,6,7,0,4],"SA","dd",10,10,30,0.95,10000,51.2182648182,5000,-1,50,0.05,0.1],[1,465,14.9542861642,-16.0457138358,[2,9,1,9,2,7,0,4,8,8,0,5,2,1,9,8,6,7,5,3,3,0,3,4,8,1,6,7,0,4],"SA","dd",10,10,30,0.95,10000,51.1944675446,5000,-1,50,0.05,0.1],[1,480,14.9542861642,-16.0457138358,[2,9,1,9,2,7,0,4,8,8,0,5,2,1,9,8,6,7,5,3,3,0,3,4,8,1,6,7,0,4],"SA","dd",10,10,30,0.95,10000,51.2156941891,5000,-1,50,0.05,0.1],[1,495,14.9542861642,-16.0457138358,[2,9,1,9,2,7,0,4,8,8,0,5,2,1,9,8,6,7,5,3,3,0,3,4,8,1,6,7,0,4],"SA","dd",10,10,30,0.95,10000,51.1564936638,5000,-1,50,0.05,0.1],[1,510,14.9542861642,-16.0457138358,[2,9,1,9,2,7,0,4,8,8,0,5,2,1,9,8,6,7,5,3,3,0,3,4,8,1,6,7,0,4],"SA","dd",10,10,30,0.95,10000,55.2145438194,5000,-1,50,0.05,0.1],[1,525,14.9542861642,-16.0457138358,[2,9,1,9,2,7,0,4,8,8,0,5,2,1,9,8,6,7,5,3,3,0,3,4,8,1,6,7,0,4],"SA","dd",10,10,30,0.95,10000,58.6557607651,5000,-1,50,0.05,0.1],[1,540,14.9542861642,-16.0457138358,[2,9,1,9,2,7,0,4,8,8,0,5,2,1,9,8,6,7,5,3,3,0,3,4,8,1,6,7,0,4],"SA","dd",10,10,30,0.95,10000,71.0285151005,5000,-1,50,0.05,0.1],[1,555,14.9542861642,-16.0457138358,[2,9,1,9,2,7,0,4,8,8,0,5,2,1,9,8,6,7,5,3,3,0,3,4,8,1,6,7,0,4],"SA","dd",10,10,30,0.95,10000,54.7880375385,5000,-1,50,0.05,0.1],[1,570,14.9542861642,-16.0457138358,[2,9,1,9,2,7,0,4,8,8,0,5,2,1,9,8,6,7,5,3,3,0,3,4,8,1,6,7,0,4],"SA","dd",10,10,30,0.95,10000,54.8176546097,5000,-1,50,0.05,0.1],[1,585,14.9542861642,-16.0457138358,[2,9,1,9,2,7,0,4,8,8,0,5,2,1,9,8,6,7,5,3,3,0,3,4,8,1,6,7,0,4],"SA","dd",10,10,30,0.95,10000,54.6936616898,5000,-1,50,0.05,0.1],[1,600,14.9542861642,-16.0457138358,[2,9,1,9,2,7,0,4,8,8,0,5,2,1,9,8,6,7,5,3,3,0,3,4,8,1,6,7,0,4],"SA","dd",10,10,30,0.95,10000,54.6914963722,5000,-1,50,0.05,0.1],[1,615,14.9542861642,-16.0457138358,[2,9,1,9,2,7,0,4,8,8,0,5,2,1,9,8,6,7,5,3,3,0,3,4,8,1,6,7,0,4],"SA","dd",10,10,30,0.95,10000,54.7825534344,5000,-1,50,0.05,0.1],[1,630,14.9542861642,-16.0457138358,[2,9,1,9,2,7,0,4,8,8,0,5,2,1,9,8,6,7,5,3,3,0,3,4,8,1,6,7,0,4],"SA","dd",10,10,30,0.95,10000,54.6090555191,5000,-1,50,0.05,0.1],[1,645,14.9542861642,-16.0457138358,[2,9,1,9,2,7,0,4,8,8,0,5,2,1,9,8,6,7,5,3,3,0,3,4,8,1,6,7,0,4],"SA","dd",10,10,30,0.95,10000,54.7292127609,5000,-1,50,0.05,0.1],[1,660,14.9542861642,-16.0457138358,[2,9,1,9,2,7,0,4,8,8,0,5,2,1,9,8,6,7,5,3,3,0,3,4,8,1,6,7,0,4],"SA","dd",10,10,30,0.95,10000,54.7479193211,5000,-1,50,0.05,0.1],[1,675,14.9542861642,-16.0457138358,[2,9,1,9,2,7,0,4,8,8,0,5,2,1,9,8,6,7,5,3,3,0,3,4,8,1,6,7,0,4],"SA","dd",10,10,30,0.95,10000,54.6611018181,5000,-1,50,0.05,0.1],[1,690,14.9542861642,-16.0457138358,[2,9,1,9,2,7,0,4,8,8,0,5,2,1,9,8,6,7,5,3,3,0,3,4,8,1,6,7,0,4],"SA","dd",10,10,30,0.95,10000,54.631975174,5000,-1,50,0.05,0.1],[1,705,14.9542861642,-16.0457138358,[2,9,1,9,2,7,0,4,8,8,0,5,2,1,9,8,6,7,5,3,3,0,3,4,8,1,6,7,0,4],