{"columns":["ite","time","q","scaled_eu","z","solver","attacker","|Q|","|X|","|T|","rho","k","utility_time","RS_iters","mcts_iters","sa_iters","eps","lr"],"index":[0,1,2,3,4,5,6,7,8,9,10,11,12,13,14,15,16,17,18,19,20,21,22,23,24,25,26,27,28,29,30,31,32,33,34,35,36,37,38,39,40,41,42,43,44,45,46,47,48,49,50,51,52,53,54,55,56,57,58,59,60,61,62,63,64,65,66,67,68,69,70,71,72,73,74,75,76,77,78,79],"data":[[9,15,10.6624593227,-20.3375406773,[4,0,5,6,3,7,8,2,5,4,0,3,7,9,6,5,7,1,6,7,0,3,0,9,8,0,8,6,0,9],"SA","dd",10,10,30,0.95,10000,51.5729775429,5000,-1,50,0.05,0.1],[9,30,14.0851908256,-16.9148091744,[5,6,3,4,3,5,8,3,5,5,2,3,9,9,0,4,5,6,9,6,7,1,0,7,9,0,3,0,6,7],"SA","dd",10,10,30,0.95,10000,51.5770258904,5000,-1,50,0.05,0.1],[9,45,18.7042234749,-12.2957765251,[9,2,0,4,3,1,4,9,2,5,7,8,9,0,0,3,0,1,9,3,1,0,0,4,8,4,7,0,0,7],"SA","dd",10,10,30,0.95,10000,51.3898141384,5000,-1,50,0.05,0.1],[9,60,23.6270567224,-7.3729432776,[9,2,0,4,3,1,0,9,8,5,2,2,5,0,3,5,2,6,2,3,1,6,8,4,8,2,3,0,0,7],"SA","dd",10,10,30,0.95,10000,51.540620327,5000,-1,50,0.05,0.1],[9,75,23.6270567224,-7.3729432776,[8,7,9,4,6,1,0,9,7,5,2,0,7,9,0,8,5,4,7,3,2,8,4,9,0,1,8,5,0,0],"SA","dd",10,10,30,0.95,10000,51.4637839794,5000,-1,50,0.05,0.1],[9,90,23.6270567224,-7.3729432776,[8,7,9,4,6,1,0,9,7,5,2,0,7,9,0,8,5,4,7,3,2,8,4,9,0,1,8,5,0,0],"SA","dd",10,10,30,0.95,10000,51.4254350662,5000,-1,50,0.05,0.1],[9,105,23.6270567224,-7.3729432776,[8,7,9,4,6,1,0,9,7,5,2,0,7,9,0,8,5,4,7,3,2,8,4,9,0,1,8,5,0,0],"SA","dd",10,10,30,0.95,10000,51.4036653042,5000,-1,50,0.05,0.1],[9,120,23.6270567224,-7.3729432776,[8,7,9,4,6,1,0,9,7,5,2,0,7,9,0,8,5,4,7,3,2,8,4,9,0,1,8,5,0,0],"SA","dd",10,10,30,0.95,10000,51.5031511784,5000,-1,50,0.05,0.1],[9,135,23.6270567224,-7.3729432776,[8,7,9,4,6,1,0,9,7,5,2,0,7,9,0,8,5,4,7,3,2,8,4,9,0,1,8,5,0,0],"SA","dd",10,10,30,0.95,10000,51.6624641418,5000,-1,50,0.05,0.1],[9,150,23.6270567224,-7.3729432776,[8,7,9,4,6,1,0,9,7,5,2,0,7,9,0,8,5,4,7,3,2,8,4,9,0,1,8,5,0,0],"SA","dd",10,10,30,0.95,10000,51.5188772678,5000,-1,50,0.05,0.1],[9,165,23.6270567224,-7.3729432776,[8,7,9,4,6,1,0,9,7,5,2,0,7,9,0,8,5,4,7,3,2,8,4,9,0,1,8,5,0,0],"SA","dd",10,10,30,0.95,10000,51.6130456924,5000,-1,50,0.05,0.1],[9,180,23.6270567224,-7.3729432776,[8,7,9,4,6,1,0,9,7,5,2,0,7,9,0,8,5,4,7,3,2,8,4,9,0,1,8,5,0,0],"SA","dd",10,10,30,0.95,10000,51.6894338131,5000,-1,50,0.05,0.1],[9,195,23.6270567224,-7.3729432776,[8,7,9,4,6,1,0,9,7,5,2,0,7,9,0,8,5,4,7,3,2,8,4,9,0,1,8,5,0,0],"SA","dd",10,10,30,0.95,10000,51.6908962727,5000,-1,50,0.05,0.1],[9,210,23.6270567224,-7.3729432776,[8,7,9,4,6,1,0,9,7,5,2,0,7,9,0,8,5,4,7,3,2,8,4,9,0,1,8,5,0,0],"SA","dd",10,10,30,0.95,10000,51.5276687145,5000,-1,50,0.05,0.1],[9,225,23.6270567224,-7.3729432776,[8,7,9,4,6,1,0,9,7,5,2,0,7,9,0,8,5,4,7,3,2,8,4,9,0,1,8,5,0,0],"SA","dd",10,10,30,0.95,10000,51.5012319088,5000,-1,50,0.05,0.1],[9,240,23.6270567224,-7.3729432776,[8,7,9,4,6,1,0,9,7,5,2,0,7,9,0,8,5,4,7,3,2,8,4,9,0,1,8,5,0,0],"SA","dd",10,10,30,0.95,10000,51.6145300865,5000,-1,50,0.05,0.1],[9,255,23.6270567224,-7.3729432776,[8,7,9,4,6,1,0,9,7,5,2,0,7,9,0,8,5,4,7,3,2,8,4,9,0,1,8,5,0,0],"SA","dd",10,10,30,0.95,10000,51.4328508377,5000,-1,50,0.05,0.1],[9,270,23.6270567224,-7.3729432776,[9,2,2,2,5,1,4,6,2,5,3,1,5,9,3,5,7,4,0,0,7,0,2,4,9,2,9,1,0,8],"SA","dd",10,10,30,0.95,10000,51.6349956989,5000,-1,50,0.05,0.1],[9,285,23.6270567224,-7.3729432776,[9,2,2,2,5,1,4,6,2,5,3,1,5,9,3,5,7,4,0,0,7,0,2,4,9,2,9,1,0,8],"SA","dd",10,10,30,0.95,10000,51.5567648411,5000,-1,50,0.05,0.1],[9,300,23.6270567224,-7.3729432776,[9,2,2,2,5,1,4,6,2,5,3,1,5,9,3,5,7,4,0,0,7,0,2,4,9,2,9,1,0,8],"SA","dd",10,10,30,0.95,10000,51.5279452801,5000,-1,50,0.05,0.1],[9,315,23.6270567224,-7.3729432776,[9,2,2,2,5,1,4,6,2,5,3,1,5,9,3,5,7,4,0,0,7,0,2,4,9,2,9,1,0,8],"SA","dd",10,10,30,0.95,10000,51.6842992306,5000,-1,50,0.05,0.1],[9,330,23.6270567224,-7.3729432776,[9,2,2,2,5,1,4,6,2,5,3,1,5,9,3,5,7,4,0,0,7,0,2,4,9,2,9,1,0,8],"SA","dd",10,10,30,0.95,10000,51.4204242229,5000,-1,50,0.05,0.1],[9,345,23.6270567224,-7.3729432776,[9,2,2,2,5,1,4,6,2,5,3,1,5,9,3,5,7,4,0,0,7,0,2,4,9,2,9,1,0,8],"SA","dd",10,10,30,0.95,10000,51.6004407406,5000,-1,50,0.05,0.1],[9,360,23.6270567224,-7.3729432776,[9,2,2,2,5,1,4,6,2,5,3,1,5,9,3,5,7,4,0,0,7,0,2,4,9,2,9,1,0,8],"SA","dd",10,10,30,0.95,10000,51.6527340412,5000,-1,50,0.05,0.1],[9,375,23.6270567224,-7.3729432776,[9,2,2,2,5,1,4,6,2,5,3,1,5,9,3,5,7,4,0,0,7,0,2,4,9,2,9,1,0,8],"SA","dd",10,10,30,0.95,10000,51.6485655308,5000,-1,50,0.05,0.1],[9,390,23.6270567224,-7.3729432776,[9,2,2,2,5,1,4,6,2,5,3,1,5,9,3,5,7,4,0,0,7,0,2,4,9,2,9,1,0,8],"SA","dd",10,10,30,0.95,10000,51.6044888496,5000,-1,50,0.05,0.1],[9,405,23.6270567224,-7.3729432776,[9,2,2,2,5,1,4,6,2,5,3,1,5,9,3,5,7,4,0,0,7,0,2,4,9,2,9,1,0,8],"SA","dd",10,10,30,0.95,10000,51.2880499363,5000,-1,50,0.05,0.1],[9,420,23.6270567224,-7.3729432776,[9,2,2,2,5,1,4,6,2,5,3,1,5,9,3,5,7,4,0,0,7,0,2,4,9,2,9,1,0,8],"SA","dd",10,10,30,0.95,10000,51.7179861069,5000,-1,50,0.05,0.1],[9,435,23.6270567224,-7.3729432776,[9,2,2,2,5,1,4,6,2,5,3,1,5,9,3,5,7,4,0,0,7,0,2,4,9,2,9,1,0,8],"SA","dd",10,10,30,0.95,10000,51.4840705395,5000,-1,50,0.05,0.1],[9,450,23.6270567224,-7.3729432776,[9,2,2,2,5,1,4,6,2,5,3,1,5,9,3,5,7,4,0,0,7,0,2,4,9,2,9,1,0,8],"SA","dd",10,10,30,0.95,10000,51.6144075394,5000,-1,50,0.05,0.1],[9,465,23.6270567224,-7.3729432776,[9,2,2,2,5,1,4,6,2,5,3,1,5,9,3,5,7,4,0,0,7,0,2,4,9,2,9,1,0,8],"SA","dd",10,10,30,0.95,10000,51.5821917057,5000,-1,50,0.05,0.1],[9,480,23.6270567224,-7.3729432776,[9,2,2,2,5,1,4,6,2,5,3,1,5,9,3,5,7,4,0,0,7,0,2,4,9,2,9,1,0,8],"SA","dd",10,10,30,0.95,10000,51.6543316841,5000,-1,50,0.05,0.1],[9,495,23.6270567224,-7.3729432776,[9,2,2,2,5,1,4,6,2,5,3,1,5,9,3,5,7,4,0,0,7,0,2,4,9,2,9,1,0,8],"SA","dd",10,10,30,0.95,10000,51.6323647499,5000,-1,50,0.05,0.1],[9,510,23.6270567224,-7.3729432776,[9,2,2,2,5,1,4,6,2,5,3,1,5,9,3,5,7,4,0,0,7,0,2,4,9,2,9,1,0,8],"SA","dd",10,10,30,0.95,10000,51.7090675831,5000,-1,50,0.05,0.1],[9,525,23.6270567224,-7.3729432776,[9,2,2,2,5,1,4,6,2,5,3,1,5,9,3,5,7,4,0,0,7,0,2,4,9,2,9,1,0,8],"SA","dd",10,10,30,0.95,10000,51.7006635666,5000,-1,50,0.05,0.1],[9,540,23.6270567224,-7.3729432776,[9,2,2,2,5,1,4,6,2,5,3,1,5,9,3,5,7,4,0,0,7,0,2,4,9,2,9,1,0,8],"SA","dd",10,10,30,0.95,10000,51.6461219788,5000,-1,50,0.05,0.1],[9,555,23.6270567224,-7.3729432776,[9,2,2,2,5,1,4,6,2,5,3,1,5,9,3,5,7,4,0,0,7,0,2,4,9,2,9,1,0,8],"SA","dd",10,10,30,0.95,10000,51.6905949116,5000,-1,50,0.05,0.1],[9,570,23.6270567224,-7.3729432776,[9,2,2,2,5,1,4,6,2,5,3,1,5,9,3,5,7,4,0,0,7,0,2,4,9,2,9,1,0,8],"SA","dd",10,10,30,0.95,10000,51.5126438141,5000,-1,50,0.05,0.1],[9,585,23.6270567224,-7.3729432776,[9,2,2,2,5,1,4,6,2,5,3,1,5,9,3,5,7,4,0,0,7,0,2,4,9,2,9,1,0,8],"SA","dd",10,10,30,0.95,10000,51.7195384502,5000,-1,50,0.05,0.1],[9,600,23.6270567224,-7.3729432776,[9,2,2,2,5,1,4,6,2,5,3,1,5,9,3,5,7,4,0,0,7,0,2,4,9,2,9,1,0,8],"SA","dd",10,10,30,0.95,10000,51.4583008289,5000,-1,50,0.05,0.1],[9,615,23.6270567224,-7.3729432776,[9,2,2,2,5,1,4,6,2,5,3,1,5,9,3,5,7,4,0,0,7,0,2,4,9,2,9,1,0,8],"SA","dd",10,10,30,0.95,10000,51.5167095661,5000,-1,50,0.05,0.1],[9,630,23.6270567224,-7.3729432776,[9,2,2,2,5,1,4,6,2,5,3,1,5,9,3,5,7,4,0,0,7,0,2,4,9,2,9,1,0,8],"SA","dd",10,10,30,0.95,10000,51.4802975655,5000,-1,50,0.05,0.1],[9,645,23.6270567224,-7.3729432776,[9,2,2,2,5,1,4,6,2,5,3,1,5,9,3,5,7,4,0,0,7,0,2,4,9,2,9,1,0,8],"SA","dd",10,10,30,0.95,10000,51.5436506271,5000,-1,50,0.05,0.1],[9,660,23.6270567224,-7.3729432776,[9,2,2,2,5,1,4,6,2,5,3,1,5,9,3,5,7,4,0,0,7,0,2,4,9,2,9,1,0,8],"SA","dd",10,10,30,0.95,10000,51.6601595879,5000,-1,50,0.05,0.1],[9,675,23.6270567224,-7.3729432776,[9,2,2,2,5,1,4,6,2,5,3,1,5,9,3,5,7,4,0,0,7,0,2,4,9,2,9,1,0,8],"SA","dd",10,10,30,0.95,10000,51.5477969646,5000,-1,50,0.05,0.1],[9,690,23.6270567224,-7.3729432776,[9,2,2,2,5,1,4,6,2,5,3,1,5,9,3,5,7,4,0,0,7,0,2,4,9,2,9,1,0,8],"SA","dd",10,10,30,0.95,10000,51.5443539619,5000,-1,50,0.05,0.1],[9,705,23.6270567224,-7.3729432776,[9,2,2,2,5,1,4,6,2,5,3,1,5,9,3,5,7,4,0,0,7,0,2,4,9,2,9,1,0,8],