{"columns":["ite","time","q","scaled_eu","z","solver","attacker","|Q|","|X|","|T|","rho","k","utility_time","RS_iters","mcts_iters","sa_iters","eps","lr"],"index":[0,1,2,3,4,5,6,7,8,9,10,11,12,13,14,15,16,17,18,19,20,21,22,23,24,25,26,27,28,29,30,31,32,33,34,35,36,37,38,39,40,41,42,43,44,45,46,47,48,49,50,51,52,53,54,55,56,57,58,59,60,61,62,63,64,65,66,67,68,69,70,71,72,73,74,75,76,77,78,79],"data":[[5,15,11.8282294979,-19.1717705021,[7,7,1,4,9,4,5,2,5,5,3,8,3,9,7,0,6,4,3,1,3,0,0,6,0,5,5,1,5,4],"SA","dd",10,10,30,0.95,10000,54.8572268486,5000,-1,50,0.05,0.1],[5,30,15.1254236424,-15.8745763576,[5,7,2,4,6,8,5,0,5,5,3,3,3,9,1,3,5,3,3,5,5,8,3,4,0,5,3,5,0,4],"SA","dd",10,10,30,0.95,10000,54.9455981255,5000,-1,50,0.05,0.1],[5,45,15.1254236424,-15.8745763576,[5,7,2,4,6,8,5,0,5,5,3,3,3,9,1,3,5,3,3,5,5,8,3,4,0,5,3,5,0,4],"SA","dd",10,10,30,0.95,10000,54.7270913124,5000,-1,50,0.05,0.1],[5,60,15.1254236424,-15.8745763576,[0,1,9,0,5,6,3,2,8,0,0,8,9,9,5,5,4,1,7,5,0,6,8,8,8,1,5,5,0,9],"SA","dd",10,10,30,0.95,10000,55.0052144527,5000,-1,50,0.05,0.1],[5,75,15.1254236424,-15.8745763576,[0,1,9,0,5,6,3,2,8,0,0,8,9,9,5,5,4,1,7,5,0,6,8,8,8,1,5,5,0,9],"SA","dd",10,10,30,0.95,10000,54.9168641567,5000,-1,50,0.05,0.1],[5,90,15.1254236424,-15.8745763576,[1,2,0,3,5,5,9,3,0,4,3,3,5,2,5,5,7,5,3,4,9,6,2,0,0,6,7,7,0,2],"SA","dd",10,10,30,0.95,10000,54.9703855515,5000,-1,50,0.05,0.1],[5,105,15.1254236424,-15.8745763576,[1,2,0,3,5,5,9,3,0,4,3,3,5,2,5,5,7,5,3,4,9,6,2,0,0,6,7,7,0,2],"SA","dd",10,10,30,0.95,10000,54.8126814365,5000,-1,50,0.05,0.1],[5,120,15.1254236424,-15.8745763576,[6,3,2,3,4,1,8,1,1,1,1,8,9,1,1,4,2,9,7,9,4,4,9,7,5,1,0,0,0,0],"SA","dd",10,10,30,0.95,10000,54.908411026,5000,-1,50,0.05,0.1],[5,135,15.1254236424,-15.8745763576,[1,0,1,4,4,3,1,1,8,4,0,6,2,3,9,5,8,9,3,3,0,1,5,7,7,4,3,0,0,1],"SA","dd",10,10,30,0.95,10000,54.9359662533,5000,-1,50,0.05,0.1],[5,150,15.1254236424,-15.8745763576,[1,0,1,4,4,3,1,1,8,4,0,6,2,3,9,5,8,9,3,3,0,1,5,7,7,4,3,0,0,1],"SA","dd",10,10,30,0.95,10000,55.1202068329,5000,-1,50,0.05,0.1],[5,165,15.1254236424,-15.8745763576,[1,0,1,4,4,3,1,1,8,4,0,6,2,3,9,5,8,9,3,3,0,1,5,7,7,4,3,0,0,1],"SA","dd",10,10,30,0.95,10000,54.9329583645,5000,-1,50,0.05,0.1],[5,180,15.1254236424,-15.8745763576,[1,0,1,4,4,3,1,1,8,4,0,6,2,3,9,5,8,9,3,3,0,1,5,7,7,4,3,0,0,1],"SA","dd",10,10,30,0.95,10000,54.9759643078,5000,-1,50,0.05,0.1],[5,195,15.1254236424,-15.8745763576,[1,0,1,4,4,3,1,1,8,4,0,6,2,3,9,5,8,9,3,3,0,1,5,7,7,4,3,0,0,1],"SA","dd",10,10,30,0.95,10000,64.0899987221,5000,-1,50,0.05,0.1],[5,210,15.1254236424,-15.8745763576,[1,0,1,4,4,3,1,1,8,4,0,6,2,3,9,5,8,9,3,3,0,1,5,7,7,4,3,0,0,1],"SA","dd",10,10,30,0.95,10000,54.8425462246,5000,-1,50,0.05,0.1],[5,225,15.1254236424,-15.8745763576,[1,0,1,4,4,3,1,1,8,4,0,6,2,3,9,5,8,9,3,3,0,1,5,7,7,4,3,0,0,1],"SA","dd",10,10,30,0.95,10000,54.9229969978,5000,-1,50,0.05,0.1],[5,240,15.1254236424,-15.8745763576,[1,0,1,4,4,3,1,1,8,4,0,6,2,3,9,5,8,9,3,3,0,1,5,7,7,4,3,0,0,1],"SA","dd",10,10,30,0.95,10000,54.8567383289,5000,-1,50,0.05,0.1],[5,255,15.1254236424,-15.8745763576,[1,0,1,4,4,3,1,1,8,4,0,6,2,3,9,5,8,9,3,3,0,1,5,7,7,4,3,0,0,1],"SA","dd",10,10,30,0.95,10000,54.8435184956,5000,-1,50,0.05,0.1],[5,270,15.1254236424,-15.8745763576,[1,0,1,4,4,3,1,1,8,4,0,6,2,3,9,5,8,9,3,3,0,1,5,7,7,4,3,0,0,1],"SA","dd",10,10,30,0.95,10000,54.8619968891,5000,-1,50,0.05,0.1],[5,285,15.1254236424,-15.8745763576,[1,0,1,4,4,3,1,1,8,4,0,6,2,3,9,5,8,9,3,3,0,1,5,7,7,4,3,0,0,1],"SA","dd",10,10,30,0.95,10000,54.846118927,5000,-1,50,0.05,0.1],[5,300,15.1254236424,-15.8745763576,[1,0,1,4,4,3,1,1,8,4,0,6,2,3,9,5,8,9,3,3,0,1,5,7,7,4,3,0,0,1],"SA","dd",10,10,30,0.95,10000,57.0922105312,5000,-1,50,0.05,0.1],[5,315,15.1254236424,-15.8745763576,[6,5,2,4,0,1,9,2,8,5,1,0,0,9,1,0,1,2,1,0,9,4,1,7,7,7,8,9,0,4],"SA","dd",10,10,30,0.95,10000,54.917555809,5000,-1,50,0.05,0.1],[5,330,15.1254236424,-15.8745763576,[6,5,2,4,0,1,9,2,8,5,1,0,0,9,1,0,1,2,1,0,9,4,1,7,7,7,8,9,0,4],"SA","dd",10,10,30,0.95,10000,54.8560562134,5000,-1,50,0.05,0.1],[5,345,15.1254236424,-15.8745763576,[6,5,2,4,0,1,9,2,8,5,1,0,0,9,1,0,1,2,1,0,9,4,1,7,7,7,8,9,0,4],"SA","dd",10,10,30,0.95,10000,54.8250265121,5000,-1,50,0.05,0.1],[5,360,15.1254236424,-15.8745763576,[6,5,2,4,0,1,9,2,8,5,1,0,0,9,1,0,1,2,1,0,9,4,1,7,7,7,8,9,0,4],"SA","dd",10,10,30,0.95,10000,54.6778891087,5000,-1,50,0.05,0.1],[5,375,15.1254236424,-15.8745763576,[6,5,2,4,0,1,9,2,8,5,1,0,0,9,1,0,1,2,1,0,9,4,1,7,7,7,8,9,0,4],"SA","dd",10,10,30,0.95,10000,54.6523704529,5000,-1,50,0.05,0.1],[5,390,15.1254236424,-15.8745763576,[6,5,2,4,0,1,9,2,8,5,1,0,0,9,1,0,1,2,1,0,9,4,1,7,7,7,8,9,0,4],"SA","dd",10,10,30,0.95,10000,54.6480972767,5000,-1,50,0.05,0.1],[5,405,15.1254236424,-15.8745763576,[6,5,2,4,0,1,9,2,8,5,1,0,0,9,1,0,1,2,1,0,9,4,1,7,7,7,8,9,0,4],"SA","dd",10,10,30,0.95,10000,54.6396634579,5000,-1,50,0.05,0.1],[5,420,15.1254236424,-15.8745763576,[6,5,2,4,0,1,9,2,8,5,1,0,0,9,1,0,1,2,1,0,9,4,1,7,7,7,8,9,0,4],"SA","dd",10,10,30,0.95,10000,54.7399511337,5000,-1,50,0.05,0.1],[5,435,15.1254236424,-15.8745763576,[6,5,2,4,0,1,9,2,8,5,1,0,0,9,1,0,1,2,1,0,9,4,1,7,7,7,8,9,0,4],"SA","dd",10,10,30,0.95,10000,54.6262993813,5000,-1,50,0.05,0.1],[5,450,15.1254236424,-15.8745763576,[6,5,2,4,0,1,9,2,8,5,1,0,0,9,1,0,1,2,1,0,9,4,1,7,7,7,8,9,0,4],"SA","dd",10,10,30,0.95,10000,54.6246278286,5000,-1,50,0.05,0.1],[5,465,15.1254236424,-15.8745763576,[6,5,2,4,0,1,9,2,8,5,1,0,0,9,1,0,1,2,1,0,9,4,1,7,7,7,8,9,0,4],"SA","dd",10,10,30,0.95,10000,54.7780115604,5000,-1,50,0.05,0.1],[5,480,15.1254236424,-15.8745763576,[6,5,2,4,0,1,9,2,8,5,1,0,0,9,1,0,1,2,1,0,9,4,1,7,7,7,8,9,0,4],"SA","dd",10,10,30,0.95,10000,54.6355726719,5000,-1,50,0.05,0.1],[5,495,15.1254236424,-15.8745763576,[6,5,2,4,0,1,9,2,8,5,1,0,0,9,1,0,1,2,1,0,9,4,1,7,7,7,8,9,0,4],"SA","dd",10,10,30,0.95,10000,54.5477743149,5000,-1,50,0.05,0.1],[5,510,15.1254236424,-15.8745763576,[4,5,6,4,9,0,0,3,2,5,0,4,6,9,2,8,8,9,3,6,6,9,8,5,9,4,6,2,6,1],"SA","dd",10,10,30,0.95,10000,54.6860699654,5000,-1,50,0.05,0.1],[5,525,15.1254236424,-15.8745763576,[4,5,6,4,9,0,0,3,2,5,0,4,6,9,2,8,8,9,3,6,6,9,8,5,9,4,6,2,6,1],"SA","dd",10,10,30,0.95,10000,54.7324953079,5000,-1,50,0.05,0.1],[5,540,15.1254236424,-15.8745763576,[4,5,6,4,9,0,0,3,2,5,0,4,6,9,2,8,8,9,3,6,6,9,8,5,9,4,6,2,6,1],"SA","dd",10,10,30,0.95,10000,54.6322791576,5000,-1,50,0.05,0.1],[5,555,15.1254236424,-15.8745763576,[4,5,6,4,9,0,0,3,2,5,0,4,6,9,2,8,8,9,3,6,6,9,8,5,9,4,6,2,6,1],"SA","dd",10,10,30,0.95,10000,54.7054305077,5000,-1,50,0.05,0.1],[5,570,15.1254236424,-15.8745763576,[4,5,6,4,9,0,0,3,2,5,0,4,6,9,2,8,8,9,3,6,6,9,8,5,9,4,6,2,6,1],"SA","dd",10,10,30,0.95,10000,54.7024862766,5000,-1,50,0.05,0.1],[5,585,15.1254236424,-15.8745763576,[4,5,6,4,9,0,0,3,2,5,0,4,6,9,2,8,8,9,3,6,6,9,8,5,9,4,6,2,6,1],"SA","dd",10,10,30,0.95,10000,54.7571280003,5000,-1,50,0.05,0.1],[5,600,15.1254236424,-15.8745763576,[4,5,6,4,9,0,0,3,2,5,0,4,6,9,2,8,8,9,3,6,6,9,8,5,9,4,6,2,6,1],"SA","dd",10,10,30,0.95,10000,54.6392514706,5000,-1,50,0.05,0.1],[5,615,15.1254236424,-15.8745763576,[4,5,6,4,9,0,0,3,2,5,0,4,6,9,2,8,8,9,3,6,6,9,8,5,9,4,6,2,6,1],"SA","dd",10,10,30,0.95,10000,54.7089033127,5000,-1,50,0.05,0.1],[5,630,15.1254236424,-15.8745763576,[4,5,6,4,9,0,0,3,2,5,0,4,6,9,2,8,8,9,3,6,6,9,8,5,9,4,6,2,6,1],"SA","dd",10,10,30,0.95,10000,54.7994925976,5000,-1,50,0.05,0.1],[5,645,15.1254236424,-15.8745763576,[4,5,6,4,9,0,0,3,2,5,0,4,6,9,2,8,8,9,3,6,6,9,8,5,9,4,6,2,6,1],"SA","dd",10,10,30,0.95,10000,54.6735603809,5000,-1,50,0.05,0.1],[5,660,15.1254236424,-15.8745763576,[4,5,6,4,9,0,0,3,2,5,0,4,6,9,2,8,8,9,3,6,6,9,8,5,9,4,6,2,6,1],"SA","dd",10,10,30,0.95,10000,54.7634437084,5000,-1,50,0.05,0.1],[5,675,15.1254236424,-15.8745763576,[4,5,6,4,9,0,0,3,2,5,0,4,6,9,2,8,8,9,3,6,6,9,8,5,9,4,6,2,6,1],"SA","dd",10,10,30,0.95,10000,54.7272200584,5000,-1,50,0.05,0.1],[5,690,15.1254236424,-15.8745763576,[4,5,6,4,9,0,0,3,2,5,0,4,6,9,2,8,8,9,3,6,6,9,8,5,9,4,6,2,6,1],"SA","dd",10,10,30,0.95,10000,54.733420372,5000,-1,50,0.05,0.1],[5,705,15.1254236424,-15.8745763576,[4,5,6,4,9,0,0,3,2,5,0,4,6,9,2,8,8,9,3,6,6,9,8,5,9,4,6,2,6,1],