{"columns":["ite","time","q","scaled_eu","z","solver","attacker","|Q|","|X|","|T|","rho","k","utility_time","RS_iters","mcts_iters","sa_iters","eps","lr"],"index":[0,1,2,3,4,5,6,7,8,9,10,11,12,13,14,15,16,17,18,19,20,21,22,23,24,25,26,27,28,29,30,31,32,33,34,35,36,37,38,39,40,41,42,43,44,45,46,47,48,49,50,51,52,53,54,55,56,57,58,59,60,61,62,63,64,65,66,67,68,69,70,71,72,73,74,75,76,77,78,79],"data":[[7,15,6.561209752,-24.438790248,[2,9,1,4,2,6,4,5,3,0,9,7,9,4,1,6,9,3,3,1,1,0,4,5,4,5,5,1,7,8],"SA","dd",10,10,30,0.95,10000,53.855294466,5000,-1,50,0.05,0.1],[7,30,9.4389960495,-21.5610039505,[1,2,4,8,7,4,8,1,3,8,2,9,6,6,5,7,9,4,9,9,2,2,8,3,5,8,1,9,6,9],"SA","dd",10,10,30,0.95,10000,51.3056008816,5000,-1,50,0.05,0.1],[7,45,9.4389960495,-21.5610039505,[1,2,4,8,7,4,8,1,3,8,2,9,6,6,5,7,9,4,9,9,2,2,8,3,5,8,1,9,6,9],"SA","dd",10,10,30,0.95,10000,71.4411964417,5000,-1,50,0.05,0.1],[7,60,9.4389960495,-21.5610039505,[1,2,4,8,7,4,8,1,3,8,2,9,6,6,5,7,9,4,9,9,2,2,8,3,5,8,1,9,6,9],"SA","dd",10,10,30,0.95,10000,51.3417170048,5000,-1,50,0.05,0.1],[7,75,9.4389960495,-21.5610039505,[1,2,4,8,7,4,8,1,3,8,2,9,6,6,5,7,9,4,9,9,2,2,8,3,5,8,1,9,6,9],"SA","dd",10,10,30,0.95,10000,61.1371922493,5000,-1,50,0.05,0.1],[7,90,9.4389960495,-21.5610039505,[1,2,4,8,7,4,8,1,3,8,2,9,6,6,5,7,9,4,9,9,2,2,8,3,5,8,1,9,6,9],"SA","dd",10,10,30,0.95,10000,76.1687302589,5000,-1,50,0.05,0.1],[7,105,9.4389960495,-21.5610039505,[9,2,6,4,6,7,8,2,1,5,1,5,6,9,5,6,0,0,0,8,5,6,0,2,7,6,7,5,0,1],"SA","dd",10,10,30,0.95,10000,57.1788606644,5000,-1,50,0.05,0.1],[7,120,9.4389960495,-21.5610039505,[9,2,6,4,6,7,8,2,1,5,1,5,6,9,5,6,0,0,0,8,5,6,0,2,7,6,7,5,0,1],"SA","dd",10,10,30,0.95,10000,54.9060316086,5000,-1,50,0.05,0.1],[7,135,9.4389960495,-21.5610039505,[9,2,6,4,6,7,8,2,1,5,1,5,6,9,5,6,0,0,0,8,5,6,0,2,7,6,7,5,0,1],"SA","dd",10,10,30,0.95,10000,55.0935792923,5000,-1,50,0.05,0.1],[7,150,12.0804272151,-18.9195727849,[0,2,8,3,7,4,2,9,2,6,2,7,2,9,9,5,5,8,6,3,1,9,0,6,2,3,2,2,0,0],"SA","dd",10,10,30,0.95,10000,55.097358942,5000,-1,50,0.05,0.1],[7,165,12.0804272151,-18.9195727849,[0,2,8,3,7,4,2,9,2,6,2,7,2,9,9,5,5,8,6,3,1,9,0,6,2,3,2,2,0,0],"SA","dd",10,10,30,0.95,10000,54.8519303799,5000,-1,50,0.05,0.1],[7,180,13.0039321066,-17.9960678934,[9,1,3,4,1,9,6,4,2,3,2,6,5,4,3,5,4,5,2,8,9,3,4,9,1,9,6,5,6,1],"SA","dd",10,10,30,0.95,10000,55.0099904537,5000,-1,50,0.05,0.1],[7,195,13.0039321066,-17.9960678934,[9,1,3,4,1,9,6,4,2,3,2,6,5,4,3,5,4,5,2,8,9,3,4,9,1,9,6,5,6,1],"SA","dd",10,10,30,0.95,10000,55.0817267895,5000,-1,50,0.05,0.1],[7,210,13.0039321066,-17.9960678934,[9,1,3,4,1,9,6,4,2,3,2,6,5,4,3,5,4,5,2,8,9,3,4,9,1,9,6,5,6,1],"SA","dd",10,10,30,0.95,10000,55.1368169785,5000,-1,50,0.05,0.1],[7,225,13.0039321066,-17.9960678934,[9,1,3,4,1,9,6,4,2,3,2,6,5,4,3,5,4,5,2,8,9,3,4,9,1,9,6,5,6,1],"SA","dd",10,10,30,0.95,10000,55.0610752106,5000,-1,50,0.05,0.1],[7,240,13.1333398522,-17.8666601478,[1,5,3,5,7,4,2,0,7,5,8,6,5,1,5,0,8,7,3,4,8,9,8,4,1,6,7,8,6,2],"SA","dd",10,10,30,0.95,10000,54.965400219,5000,-1,50,0.05,0.1],[7,255,13.1333398522,-17.8666601478,[1,5,3,5,7,4,2,0,7,5,8,6,5,1,5,0,8,7,3,4,8,9,8,4,1,6,7,8,6,2],"SA","dd",10,10,30,0.95,10000,55.0476689339,5000,-1,50,0.05,0.1],[7,270,13.1333398522,-17.8666601478,[1,5,3,5,7,4,2,0,7,5,8,6,5,1,5,0,8,7,3,4,8,9,8,4,1,6,7,8,6,2],"SA","dd",10,10,30,0.95,10000,55.0578536987,5000,-1,50,0.05,0.1],[7,285,13.1333398522,-17.8666601478,[1,5,3,5,7,4,2,0,7,5,8,6,5,1,5,0,8,7,3,4,8,9,8,4,1,6,7,8,6,2],"SA","dd",10,10,30,0.95,10000,55.1384019852,5000,-1,50,0.05,0.1],[7,300,13.1333398522,-17.8666601478,[1,5,3,5,7,4,2,0,7,5,8,6,5,1,5,0,8,7,3,4,8,9,8,4,1,6,7,8,6,2],"SA","dd",10,10,30,0.95,10000,55.0903339386,5000,-1,50,0.05,0.1],[7,315,13.1333398522,-17.8666601478,[1,5,3,5,7,4,2,0,7,5,8,6,5,1,5,0,8,7,3,4,8,9,8,4,1,6,7,8,6,2],"SA","dd",10,10,30,0.95,10000,55.0970878601,5000,-1,50,0.05,0.1],[7,330,13.1333398522,-17.8666601478,[1,5,3,5,7,4,2,0,7,5,8,6,5,1,5,0,8,7,3,4,8,9,8,4,1,6,7,8,6,2],"SA","dd",10,10,30,0.95,10000,55.0464808941,5000,-1,50,0.05,0.1],[7,345,13.1333398522,-17.8666601478,[1,5,3,5,7,4,2,0,7,5,8,6,5,1,5,0,8,7,3,4,8,9,8,4,1,6,7,8,6,2],"SA","dd",10,10,30,0.95,10000,55.0323581696,5000,-1,50,0.05,0.1],[7,360,13.1333398522,-17.8666601478,[1,5,3,5,7,4,2,0,7,5,8,6,5,1,5,0,8,7,3,4,8,9,8,4,1,6,7,8,6,2],"SA","dd",10,10,30,0.95,10000,55.0675632954,5000,-1,50,0.05,0.1],[7,375,13.1333398522,-17.8666601478,[1,5,3,5,7,4,2,0,7,5,8,6,5,1,5,0,8,7,3,4,8,9,8,4,1,6,7,8,6,2],"SA","dd",10,10,30,0.95,10000,54.8973708153,5000,-1,50,0.05,0.1],[7,390,13.1333398522,-17.8666601478,[1,5,3,5,7,4,2,0,7,5,8,6,5,1,5,0,8,7,3,4,8,9,8,4,1,6,7,8,6,2],"SA","dd",10,10,30,0.95,10000,54.9723756313,5000,-1,50,0.05,0.1],[7,405,13.1333398522,-17.8666601478,[1,5,3,5,7,4,2,0,7,5,8,6,5,1,5,0,8,7,3,4,8,9,8,4,1,6,7,8,6,2],"SA","dd",10,10,30,0.95,10000,54.9363365173,5000,-1,50,0.05,0.1],[7,420,13.1333398522,-17.8666601478,[1,5,3,5,7,4,2,0,7,5,8,6,5,1,5,0,8,7,3,4,8,9,8,4,1,6,7,8,6,2],"SA","dd",10,10,30,0.95,10000,55.0907523632,5000,-1,50,0.05,0.1],[7,435,13.1333398522,-17.8666601478,[1,5,3,5,7,4,2,0,7,5,8,6,5,1,5,0,8,7,3,4,8,9,8,4,1,6,7,8,6,2],"SA","dd",10,10,30,0.95,10000,54.9273059368,5000,-1,50,0.05,0.1],[7,450,13.1333398522,-17.8666601478,[1,5,3,5,7,4,2,0,7,5,8,6,5,1,5,0,8,7,3,4,8,9,8,4,1,6,7,8,6,2],"SA","dd",10,10,30,0.95,10000,55.0734879971,5000,-1,50,0.05,0.1],[7,465,13.1333398522,-17.8666601478,[1,5,3,5,7,4,2,0,7,5,8,6,5,1,5,0,8,7,3,4,8,9,8,4,1,6,7,8,6,2],"SA","dd",10,10,30,0.95,10000,54.9828612804,5000,-1,50,0.05,0.1],[7,480,13.1333398522,-17.8666601478,[1,5,3,5,7,4,2,0,7,5,8,6,5,1,5,0,8,7,3,4,8,9,8,4,1,6,7,8,6,2],"SA","dd",10,10,30,0.95,10000,54.994407177,5000,-1,50,0.05,0.1],[7,495,13.1333398522,-17.8666601478,[1,5,3,5,7,4,2,0,7,5,8,6,5,1,5,0,8,7,3,4,8,9,8,4,1,6,7,8,6,2],"SA","dd",10,10,30,0.95,10000,55.1593260765,5000,-1,50,0.05,0.1],[7,510,13.1333398522,-17.8666601478,[1,5,3,5,7,4,2,0,7,5,8,6,5,1,5,0,8,7,3,4,8,9,8,4,1,6,7,8,6,2],"SA","dd",10,10,30,0.95,10000,55.2172672749,5000,-1,50,0.05,0.1],[7,525,13.1333398522,-17.8666601478,[1,5,3,5,7,4,2,0,7,5,8,6,5,1,5,0,8,7,3,4,8,9,8,4,1,6,7,8,6,2],"SA","dd",10,10,30,0.95,10000,55.162009716,5000,-1,50,0.05,0.1],[7,540,13.1333398522,-17.8666601478,[1,5,3,5,7,4,2,0,7,5,8,6,5,1,5,0,8,7,3,4,8,9,8,4,1,6,7,8,6,2],"SA","dd",10,10,30,0.95,10000,55.1304724216,5000,-1,50,0.05,0.1],[7,555,13.1333398522,-17.8666601478,[1,5,3,5,7,4,2,0,7,5,8,6,5,1,5,0,8,7,3,4,8,9,8,4,1,6,7,8,6,2],"SA","dd",10,10,30,0.95,10000,54.8868989944,5000,-1,50,0.05,0.1],[7,570,13.1333398522,-17.8666601478,[1,5,3,5,7,4,2,0,7,5,8,6,5,1,5,0,8,7,3,4,8,9,8,4,1,6,7,8,6,2],"SA","dd",10,10,30,0.95,10000,54.9984309673,5000,-1,50,0.05,0.1],[7,585,13.1333398522,-17.8666601478,[9,1,1,4,4,4,0,8,7,8,3,8,3,3,0,5,6,2,5,3,0,0,9,2,6,1,7,5,6,2],"SA","dd",10,10,30,0.95,10000,54.93445158,5000,-1,50,0.05,0.1],[7,600,13.1333398522,-17.8666601478,[9,1,1,4,4,4,0,8,7,8,3,8,3,3,0,5,6,2,5,3,0,0,9,2,6,1,7,5,6,2],"SA","dd",10,10,30,0.95,10000,55.0689842701,5000,-1,50,0.05,0.1],[7,615,13.1333398522,-17.8666601478,[9,1,1,4,4,4,0,8,7,8,3,8,3,3,0,5,6,2,5,3,0,0,9,2,6,1,7,5,6,2],"SA","dd",10,10,30,0.95,10000,54.9905493259,5000,-1,50,0.05,0.1],[7,630,13.1333398522,-17.8666601478,[9,1,1,4,4,4,0,8,7,8,3,8,3,3,0,5,6,2,5,3,0,0,9,2,6,1,7,5,6,2],"SA","dd",10,10,30,0.95,10000,55.0157096386,5000,-1,50,0.05,0.1],[7,645,13.1333398522,-17.8666601478,[9,1,1,4,4,4,0,8,7,8,3,8,3,3,0,5,6,2,5,3,0,0,9,2,6,1,7,5,6,2],"SA","dd",10,10,30,0.95,10000,55.0754623413,5000,-1,50,0.05,0.1],[7,660,13.1333398522,-17.8666601478,[9,1,1,4,4,4,0,8,7,8,3,8,3,3,0,5,6,2,5,3,0,0,9,2,6,1,7,5,6,2],"SA","dd",10,10,30,0.95,10000,55.0468261242,5000,-1,50,0.05,0.1],[7,675,14.3156150909,-16.6843849091,[9,0,1,2,0,0,8,8,3,5,0,0,5,5,2,0,8,6,0,5,2,7,8,5,0,6,1,2,6,7],"SA","dd",10,10,30,0.95,10000,54.9628605843,5000,-1,50,0.05,0.1],[7,690,14.3156150909,-16.6843849091,[9,0,1,2,0,0,8,8,3,5,0,0,5,5,2,0,8,6,0,5,2,7,8,5,0,6,1,2,6,7],"SA","dd",10,10,30,0.95,10000,55.0684959888,5000,-1,50,0.05,0.1],[7,705,14.3156150909,-16.6843849091,[9,0,1,2,0,0,8,8,3,5,0,0,5,5,2,0,8,6,0,5,2,7,8,5,0,6,1,2,6,7],