{"columns":["ite","time","q","scaled_eu","z","solver","attacker","|Q|","|X|","|T|","rho","k","utility_time","RS_iters","mcts_iters","sa_iters","eps","lr"],"index":[0,1,2,3,4,5,6,7,8,9,10,11,12,13,14,15,16,17,18,19,20,21,22,23,24,25,26,27,28,29,30,31,32,33,34,35,36,37,38,39,40,41,42,43,44,45,46,47,48,49,50,51,52,53,54,55,56,57,58,59,60,61,62,63,64,65,66,67,68,69,70,71,72,73,74,75,76,77,78,79],"data":[[8,15,7.7145648691,-23.2854351309,[2,8,9,1,9,3,8,4,3,5,9,9,2,3,4,3,5,2,0,5,0,9,5,1,0,7,5,8,5,5],"SA","dd",10,10,30,0.95,10000,54.5980620384,5000,-1,50,0.05,0.1],[8,30,7.7145648691,-23.2854351309,[5,1,0,3,2,1,6,4,1,5,8,8,0,1,2,1,4,5,2,7,9,0,6,4,8,5,7,3,6,7],"SA","dd",10,10,30,0.95,10000,54.6497473717,5000,-1,50,0.05,0.1],[8,45,12.9245916937,-18.0754083063,[7,3,2,5,3,0,0,8,0,3,0,6,7,5,6,5,6,9,1,1,8,9,9,7,4,9,4,2,0,7],"SA","dd",10,10,30,0.95,10000,54.3711833954,5000,-1,50,0.05,0.1],[8,60,12.9245916937,-18.0754083063,[7,3,2,5,3,0,0,8,0,3,0,6,7,5,6,5,6,9,1,1,8,9,9,7,4,9,4,2,0,7],"SA","dd",10,10,30,0.95,10000,54.8585765362,5000,-1,50,0.05,0.1],[8,75,12.9245916937,-18.0754083063,[7,3,2,5,3,0,0,8,0,3,0,6,7,5,6,5,6,9,1,1,8,9,9,7,4,9,4,2,0,7],"SA","dd",10,10,30,0.95,10000,54.7448778152,5000,-1,50,0.05,0.1],[8,90,12.9245916937,-18.0754083063,[7,3,2,5,3,0,0,8,0,3,0,6,7,5,6,5,6,9,1,1,8,9,9,7,4,9,4,2,0,7],"SA","dd",10,10,30,0.95,10000,54.6626749039,5000,-1,50,0.05,0.1],[8,105,12.9245916937,-18.0754083063,[1,1,3,7,7,2,2,7,8,5,8,8,8,9,3,6,8,9,5,3,4,0,9,8,9,1,5,4,6,8],"SA","dd",10,10,30,0.95,10000,54.7230601311,5000,-1,50,0.05,0.1],[8,120,12.9245916937,-18.0754083063,[1,1,3,7,7,2,2,7,8,5,8,8,8,9,3,6,8,9,5,3,4,0,9,8,9,1,5,4,6,8],"SA","dd",10,10,30,0.95,10000,54.6497180462,5000,-1,50,0.05,0.1],[8,135,12.9245916937,-18.0754083063,[1,1,3,7,7,2,2,7,8,5,8,8,8,9,3,6,8,9,5,3,4,0,9,8,9,1,5,4,6,8],"SA","dd",10,10,30,0.95,10000,54.7049167156,5000,-1,50,0.05,0.1],[8,150,12.9245916937,-18.0754083063,[1,1,3,7,7,2,2,7,8,5,8,8,8,9,3,6,8,9,5,3,4,0,9,8,9,1,5,4,6,8],"SA","dd",10,10,30,0.95,10000,54.747456789,5000,-1,50,0.05,0.1],[8,165,12.9245916937,-18.0754083063,[1,1,3,7,7,2,2,7,8,5,8,8,8,9,3,6,8,9,5,3,4,0,9,8,9,1,5,4,6,8],"SA","dd",10,10,30,0.95,10000,54.7675142288,5000,-1,50,0.05,0.1],[8,180,13.6439044947,-17.3560955053,[9,4,2,6,3,4,8,3,5,5,1,0,6,1,3,1,5,7,4,1,1,1,6,4,7,5,5,1,5,2],"SA","dd",10,10,30,0.95,10000,54.7217886448,5000,-1,50,0.05,0.1],[8,195,13.6439044947,-17.3560955053,[9,4,2,6,3,4,8,3,5,5,1,0,6,1,3,1,5,7,4,1,1,1,6,4,7,5,5,1,5,2],"SA","dd",10,10,30,0.95,10000,54.7380504608,5000,-1,50,0.05,0.1],[8,210,13.6439044947,-17.3560955053,[9,4,2,6,3,4,8,3,5,5,1,0,6,1,3,1,5,7,4,1,1,1,6,4,7,5,5,1,5,2],"SA","dd",10,10,30,0.95,10000,54.4365568161,5000,-1,50,0.05,0.1],[8,225,13.6439044947,-17.3560955053,[9,4,2,6,3,4,8,3,5,5,1,0,6,1,3,1,5,7,4,1,1,1,6,4,7,5,5,1,5,2],"SA","dd",10,10,30,0.95,10000,51.3203289509,5000,-1,50,0.05,0.1],[8,240,13.6439044947,-17.3560955053,[9,4,2,6,3,4,8,3,5,5,1,0,6,1,3,1,5,7,4,1,1,1,6,4,7,5,5,1,5,2],"SA","dd",10,10,30,0.95,10000,51.2370712757,5000,-1,50,0.05,0.1],[8,255,13.6439044947,-17.3560955053,[9,4,2,6,3,4,8,3,5,5,1,0,6,1,3,1,5,7,4,1,1,1,6,4,7,5,5,1,5,2],"SA","dd",10,10,30,0.95,10000,51.1812980175,5000,-1,50,0.05,0.1],[8,270,13.6439044947,-17.3560955053,[9,4,2,6,3,4,8,3,5,5,1,0,6,1,3,1,5,7,4,1,1,1,6,4,7,5,5,1,5,2],"SA","dd",10,10,30,0.95,10000,51.2342486382,5000,-1,50,0.05,0.1],[8,285,13.6439044947,-17.3560955053,[9,4,2,6,3,4,8,3,5,5,1,0,6,1,3,1,5,7,4,1,1,1,6,4,7,5,5,1,5,2],"SA","dd",10,10,30,0.95,10000,51.2239439487,5000,-1,50,0.05,0.1],[8,300,13.6439044947,-17.3560955053,[9,4,2,6,3,4,8,3,5,5,1,0,6,1,3,1,5,7,4,1,1,1,6,4,7,5,5,1,5,2],"SA","dd",10,10,30,0.95,10000,51.2757258415,5000,-1,50,0.05,0.1],[8,315,13.6439044947,-17.3560955053,[9,4,2,6,3,4,8,3,5,5,1,0,6,1,3,1,5,7,4,1,1,1,6,4,7,5,5,1,5,2],"SA","dd",10,10,30,0.95,10000,53.7416732311,5000,-1,50,0.05,0.1],[8,330,13.6439044947,-17.3560955053,[9,2,5,4,0,0,7,1,2,5,0,4,2,1,6,6,6,1,3,4,4,0,8,4,5,7,3,7,6,0],"SA","dd",10,10,30,0.95,10000,51.0713465214,5000,-1,50,0.05,0.1],[8,345,13.6439044947,-17.3560955053,[9,2,5,4,0,0,7,1,2,5,0,4,2,1,6,6,6,1,3,4,4,0,8,4,5,7,3,7,6,0],"SA","dd",10,10,30,0.95,10000,54.6034266949,5000,-1,50,0.05,0.1],[8,360,13.6439044947,-17.3560955053,[9,2,5,4,0,0,7,1,2,5,0,4,2,1,6,6,6,1,3,4,4,0,8,4,5,7,3,7,6,0],"SA","dd",10,10,30,0.95,10000,54.8911571503,5000,-1,50,0.05,0.1],[8,375,13.6439044947,-17.3560955053,[9,2,5,4,0,0,7,1,2,5,0,4,2,1,6,6,6,1,3,4,4,0,8,4,5,7,3,7,6,0],"SA","dd",10,10,30,0.95,10000,54.9060096741,5000,-1,50,0.05,0.1],[8,390,13.6439044947,-17.3560955053,[9,2,5,4,0,0,7,1,2,5,0,4,2,1,6,6,6,1,3,4,4,0,8,4,5,7,3,7,6,0],"SA","dd",10,10,30,0.95,10000,54.9192008972,5000,-1,50,0.05,0.1],[8,405,13.6439044947,-17.3560955053,[9,2,5,4,0,0,7,1,2,5,0,4,2,1,6,6,6,1,3,4,4,0,8,4,5,7,3,7,6,0],"SA","dd",10,10,30,0.95,10000,54.9079329967,5000,-1,50,0.05,0.1],[8,420,13.6439044947,-17.3560955053,[9,2,5,4,0,0,7,1,2,5,0,4,2,1,6,6,6,1,3,4,4,0,8,4,5,7,3,7,6,0],"SA","dd",10,10,30,0.95,10000,54.8205704689,5000,-1,50,0.05,0.1],[8,435,13.6439044947,-17.3560955053,[9,2,5,4,0,0,7,1,2,5,0,4,2,1,6,6,6,1,3,4,4,0,8,4,5,7,3,7,6,0],"SA","dd",10,10,30,0.95,10000,54.7915565968,5000,-1,50,0.05,0.1],[8,450,13.6439044947,-17.3560955053,[9,2,5,4,0,0,7,1,2,5,0,4,2,1,6,6,6,1,3,4,4,0,8,4,5,7,3,7,6,0],"SA","dd",10,10,30,0.95,10000,54.9278829098,5000,-1,50,0.05,0.1],[8,465,13.6439044947,-17.3560955053,[9,2,5,4,0,0,7,1,2,5,0,4,2,1,6,6,6,1,3,4,4,0,8,4,5,7,3,7,6,0],"SA","dd",10,10,30,0.95,10000,54.9345259666,5000,-1,50,0.05,0.1],[8,480,13.6439044947,-17.3560955053,[9,2,5,4,0,0,7,1,2,5,0,4,2,1,6,6,6,1,3,4,4,0,8,4,5,7,3,7,6,0],"SA","dd",10,10,30,0.95,10000,54.9859497547,5000,-1,50,0.05,0.1],[8,495,13.6439044947,-17.3560955053,[9,2,5,4,0,0,7,1,2,5,0,4,2,1,6,6,6,1,3,4,4,0,8,4,5,7,3,7,6,0],"SA","dd",10,10,30,0.95,10000,54.7951581478,5000,-1,50,0.05,0.1],[8,510,13.6439044947,-17.3560955053,[9,2,5,4,0,0,7,1,2,5,0,4,2,1,6,6,6,1,3,4,4,0,8,4,5,7,3,7,6,0],"SA","dd",10,10,30,0.95,10000,54.8627214432,5000,-1,50,0.05,0.1],[8,525,13.6439044947,-17.3560955053,[9,2,5,4,0,0,7,1,2,5,0,4,2,1,6,6,6,1,3,4,4,0,8,4,5,7,3,7,6,0],"SA","dd",10,10,30,0.95,10000,54.8907558918,5000,-1,50,0.05,0.1],[8,540,13.6439044947,-17.3560955053,[9,2,5,4,0,0,7,1,2,5,0,4,2,1,6,6,6,1,3,4,4,0,8,4,5,7,3,7,6,0],"SA","dd",10,10,30,0.95,10000,54.8509178162,5000,-1,50,0.05,0.1],[8,555,13.6439044947,-17.3560955053,[9,2,5,4,0,0,7,1,2,5,0,4,2,1,6,6,6,1,3,4,4,0,8,4,5,7,3,7,6,0],"SA","dd",10,10,30,0.95,10000,54.7841281891,5000,-1,50,0.05,0.1],[8,570,13.6439044947,-17.3560955053,[9,2,5,4,0,0,7,1,2,5,0,4,2,1,6,6,6,1,3,4,4,0,8,4,5,7,3,7,6,0],"SA","dd",10,10,30,0.95,10000,54.798997879,5000,-1,50,0.05,0.1],[8,585,13.6439044947,-17.3560955053,[9,2,5,4,0,0,7,1,2,5,0,4,2,1,6,6,6,1,3,4,4,0,8,4,5,7,3,7,6,0],"SA","dd",10,10,30,0.95,10000,54.8980665207,5000,-1,50,0.05,0.1],[8,600,13.6439044947,-17.3560955053,[9,2,5,4,0,0,7,1,2,5,0,4,2,1,6,6,6,1,3,4,4,0,8,4,5,7,3,7,6,0],"SA","dd",10,10,30,0.95,10000,54.8420996666,5000,-1,50,0.05,0.1],[8,615,13.6439044947,-17.3560955053,[9,2,5,4,0,0,7,1,2,5,0,4,2,1,6,6,6,1,3,4,4,0,8,4,5,7,3,7,6,0],"SA","dd",10,10,30,0.95,10000,54.8606185913,5000,-1,50,0.05,0.1],[8,630,13.6439044947,-17.3560955053,[9,2,5,4,0,0,7,1,2,5,0,4,2,1,6,6,6,1,3,4,4,0,8,4,5,7,3,7,6,0],"SA","dd",10,10,30,0.95,10000,54.8798923492,5000,-1,50,0.05,0.1],[8,645,13.6439044947,-17.3560955053,[9,2,5,4,0,0,7,1,2,5,0,4,2,1,6,6,6,1,3,4,4,0,8,4,5,7,3,7,6,0],"SA","dd",10,10,30,0.95,10000,54.7650365829,5000,-1,50,0.05,0.1],[8,660,13.6439044947,-17.3560955053,[9,2,5,4,0,0,7,1,2,5,0,4,2,1,6,6,6,1,3,4,4,0,8,4,5,7,3,7,6,0],"SA","dd",10,10,30,0.95,10000,59.7526886463,5000,-1,50,0.05,0.1],[8,675,13.6439044947,-17.3560955053,[9,2,5,4,0,0,7,1,2,5,0,4,2,1,6,6,6,1,3,4,4,0,8,4,5,7,3,7,6,0],"SA","dd",10,10,30,0.95,10000,75.5979306698,5000,-1,50,0.05,0.1],[8,690,13.6439044947,-17.3560955053,[9,2,5,4,0,0,7,1,2,5,0,4,2,1,6,6,6,1,3,4,4,0,8,4,5,7,3,7,6,0],"SA","dd",10,10,30,0.95,10000,54.8943045139,5000,-1,50,0.05,0.1],[8,705,13.6439044947,-17.3560955053,[9,2,5,4,0,0,7,1,2,5,0,4,2,1,6,6,6,1,3,4,4,0,8,4,5,7,3,7,6,0],