{"columns":["ite","time","q","scaled_eu","z","solver","attacker","|Q|","|X|","|T|","rho","k","utility_time","RS_iters","mcts_iters","sa_iters","eps","lr"],"index":[0,1,2,3,4,5,6,7,8,9,10,11,12,13,14,15,16,17,18,19,20,21,22,23,24,25,26,27,28,29,30,31,32,33,34,35,36,37,38,39,40,41,42,43,44,45,46,47,48,49,50,51,52,53,54,55,56,57,58,59,60,61,62,63,64,65,66,67,68,69,70,71,72,73,74,75,76,77,78,79],"data":[[2,15,14.0679694698,-16.9320305302,[2,6,4,9,4,6,4,9,8,0,3,6,5,9,1,5,3,2,8,0,9,1,1,7,7,1,6,5,0,0],"SA","dd",10,10,30,0.95,10000,54.610681057,5000,-1,50,0.05,0.1],[2,30,14.0679694698,-16.9320305302,[6,3,1,6,0,3,6,4,8,7,8,1,5,9,1,5,7,2,5,1,1,5,8,8,7,2,1,7,6,1],"SA","dd",10,10,30,0.95,10000,54.6775720119,5000,-1,50,0.05,0.1],[2,45,14.0679694698,-16.9320305302,[1,1,2,5,1,1,9,2,9,7,6,2,3,5,3,0,2,0,7,2,2,5,8,6,9,0,3,8,0,0],"SA","dd",10,10,30,0.95,10000,54.3854010105,5000,-1,50,0.05,0.1],[2,60,14.0679694698,-16.9320305302,[1,9,1,2,1,9,8,9,3,8,0,0,5,1,3,5,2,3,4,9,5,8,8,2,9,9,4,0,0,3],"SA","dd",10,10,30,0.95,10000,54.8106062412,5000,-1,50,0.05,0.1],[2,75,14.0679694698,-16.9320305302,[1,9,1,2,1,9,8,9,3,8,0,0,5,1,3,5,2,3,4,9,5,8,8,2,9,9,4,0,0,3],"SA","dd",10,10,30,0.95,10000,54.7024328709,5000,-1,50,0.05,0.1],[2,90,14.0679694698,-16.9320305302,[1,9,1,2,1,9,8,9,3,8,0,0,5,1,3,5,2,3,4,9,5,8,8,2,9,9,4,0,0,3],"SA","dd",10,10,30,0.95,10000,54.6249523163,5000,-1,50,0.05,0.1],[2,105,14.0679694698,-16.9320305302,[1,9,1,2,1,9,8,9,3,8,0,0,5,1,3,5,2,3,4,9,5,8,8,2,9,9,4,0,0,3],"SA","dd",10,10,30,0.95,10000,54.7858073711,5000,-1,50,0.05,0.1],[2,120,14.0679694698,-16.9320305302,[1,9,1,2,1,9,8,9,3,8,0,0,5,1,3,5,2,3,4,9,5,8,8,2,9,9,4,0,0,3],"SA","dd",10,10,30,0.95,10000,54.7554101944,5000,-1,50,0.05,0.1],[2,135,14.0679694698,-16.9320305302,[1,9,1,2,1,9,8,9,3,8,0,0,5,1,3,5,2,3,4,9,5,8,8,2,9,9,4,0,0,3],"SA","dd",10,10,30,0.95,10000,54.6818490028,5000,-1,50,0.05,0.1],[2,150,14.0679694698,-16.9320305302,[1,9,1,2,1,9,8,9,3,8,0,0,5,1,3,5,2,3,4,9,5,8,8,2,9,9,4,0,0,3],"SA","dd",10,10,30,0.95,10000,54.4256596565,5000,-1,50,0.05,0.1],[2,165,14.0679694698,-16.9320305302,[1,9,1,2,1,9,8,9,3,8,0,0,5,1,3,5,2,3,4,9,5,8,8,2,9,9,4,0,0,3],"SA","dd",10,10,30,0.95,10000,54.4450917244,5000,-1,50,0.05,0.1],[2,180,14.0679694698,-16.9320305302,[1,9,1,2,1,9,8,9,3,8,0,0,5,1,3,5,2,3,4,9,5,8,8,2,9,9,4,0,0,3],"SA","dd",10,10,30,0.95,10000,54.3343019485,5000,-1,50,0.05,0.1],[2,195,14.0679694698,-16.9320305302,[9,2,4,6,5,1,0,7,5,5,4,4,9,9,6,5,1,0,4,4,5,6,7,1,3,1,4,6,0,2],"SA","dd",10,10,30,0.95,10000,54.4331626892,5000,-1,50,0.05,0.1],[2,210,14.0679694698,-16.9320305302,[9,2,4,6,5,1,0,7,5,5,4,4,9,9,6,5,1,0,4,4,5,6,7,1,3,1,4,6,0,2],"SA","dd",10,10,30,0.95,10000,54.4124362469,5000,-1,50,0.05,0.1],[2,225,14.0679694698,-16.9320305302,[9,2,4,6,5,1,0,7,5,5,4,4,9,9,6,5,1,0,4,4,5,6,7,1,3,1,4,6,0,2],"SA","dd",10,10,30,0.95,10000,54.4263007641,5000,-1,50,0.05,0.1],[2,240,14.0679694698,-16.9320305302,[9,2,4,6,5,1,0,7,5,5,4,4,9,9,6,5,1,0,4,4,5,6,7,1,3,1,4,6,0,2],"SA","dd",10,10,30,0.95,10000,54.5113813877,5000,-1,50,0.05,0.1],[2,255,14.0679694698,-16.9320305302,[9,2,4,6,5,1,0,7,5,5,4,4,9,9,6,5,1,0,4,4,5,6,7,1,3,1,4,6,0,2],"SA","dd",10,10,30,0.95,10000,54.5075297356,5000,-1,50,0.05,0.1],[2,270,14.0679694698,-16.9320305302,[9,2,4,6,5,1,0,7,5,5,4,4,9,9,6,5,1,0,4,4,5,6,7,1,3,1,4,6,0,2],"SA","dd",10,10,30,0.95,10000,54.6148474216,5000,-1,50,0.05,0.1],[2,285,14.0679694698,-16.9320305302,[9,2,4,6,5,1,0,7,5,5,4,4,9,9,6,5,1,0,4,4,5,6,7,1,3,1,4,6,0,2],"SA","dd",10,10,30,0.95,10000,54.6740772724,5000,-1,50,0.05,0.1],[2,300,14.0679694698,-16.9320305302,[9,2,4,6,5,1,0,7,5,5,4,4,9,9,6,5,1,0,4,4,5,6,7,1,3,1,4,6,0,2],"SA","dd",10,10,30,0.95,10000,54.6944711208,5000,-1,50,0.05,0.1],[2,315,14.0679694698,-16.9320305302,[9,2,4,6,5,1,0,7,5,5,4,4,9,9,6,5,1,0,4,4,5,6,7,1,3,1,4,6,0,2],"SA","dd",10,10,30,0.95,10000,54.6945996284,5000,-1,50,0.05,0.1],[2,330,14.0679694698,-16.9320305302,[9,2,4,6,5,1,0,7,5,5,4,4,9,9,6,5,1,0,4,4,5,6,7,1,3,1,4,6,0,2],"SA","dd",10,10,30,0.95,10000,54.4535138607,5000,-1,50,0.05,0.1],[2,345,14.0679694698,-16.9320305302,[9,2,4,6,5,1,0,7,5,5,4,4,9,9,6,5,1,0,4,4,5,6,7,1,3,1,4,6,0,2],"SA","dd",10,10,30,0.95,10000,54.3566982746,5000,-1,50,0.05,0.1],[2,360,14.0679694698,-16.9320305302,[9,2,4,6,5,1,0,7,5,5,4,4,9,9,6,5,1,0,4,4,5,6,7,1,3,1,4,6,0,2],"SA","dd",10,10,30,0.95,10000,54.2970275879,5000,-1,50,0.05,0.1],[2,375,14.0679694698,-16.9320305302,[9,2,4,6,5,1,0,7,5,5,4,4,9,9,6,5,1,0,4,4,5,6,7,1,3,1,4,6,0,2],"SA","dd",10,10,30,0.95,10000,54.3526389599,5000,-1,50,0.05,0.1],[2,390,14.0679694698,-16.9320305302,[9,2,4,6,5,1,0,7,5,5,4,4,9,9,6,5,1,0,4,4,5,6,7,1,3,1,4,6,0,2],"SA","dd",10,10,30,0.95,10000,54.3525993824,5000,-1,50,0.05,0.1],[2,405,14.0679694698,-16.9320305302,[9,2,4,6,5,1,0,7,5,5,4,4,9,9,6,5,1,0,4,4,5,6,7,1,3,1,4,6,0,2],"SA","dd",10,10,30,0.95,10000,54.4135034084,5000,-1,50,0.05,0.1],[2,420,14.0679694698,-16.9320305302,[9,2,4,6,5,1,0,7,5,5,4,4,9,9,6,5,1,0,4,4,5,6,7,1,3,1,4,6,0,2],"SA","dd",10,10,30,0.95,10000,54.4543128014,5000,-1,50,0.05,0.1],[2,435,14.0679694698,-16.9320305302,[9,2,4,6,5,1,0,7,5,5,4,4,9,9,6,5,1,0,4,4,5,6,7,1,3,1,4,6,0,2],"SA","dd",10,10,30,0.95,10000,54.4558846951,5000,-1,50,0.05,0.1],[2,450,14.0679694698,-16.9320305302,[9,2,4,6,5,1,0,7,5,5,4,4,9,9,6,5,1,0,4,4,5,6,7,1,3,1,4,6,0,2],"SA","dd",10,10,30,0.95,10000,54.4655408859,5000,-1,50,0.05,0.1],[2,465,14.0679694698,-16.9320305302,[9,2,4,6,5,1,0,7,5,5,4,4,9,9,6,5,1,0,4,4,5,6,7,1,3,1,4,6,0,2],"SA","dd",10,10,30,0.95,10000,54.4762122631,5000,-1,50,0.05,0.1],[2,480,14.0679694698,-16.9320305302,[9,2,4,6,5,1,0,7,5,5,4,4,9,9,6,5,1,0,4,4,5,6,7,1,3,1,4,6,0,2],"SA","dd",10,10,30,0.95,10000,54.4219067097,5000,-1,50,0.05,0.1],[2,495,14.0679694698,-16.9320305302,[9,2,4,6,5,1,0,7,5,5,4,4,9,9,6,5,1,0,4,4,5,6,7,1,3,1,4,6,0,2],"SA","dd",10,10,30,0.95,10000,54.3939146996,5000,-1,50,0.05,0.1],[2,510,14.0679694698,-16.9320305302,[9,2,4,6,5,1,0,7,5,5,4,4,9,9,6,5,1,0,4,4,5,6,7,1,3,1,4,6,0,2],"SA","dd",10,10,30,0.95,10000,54.5355265141,5000,-1,50,0.05,0.1],[2,525,14.0679694698,-16.9320305302,[9,2,4,6,5,1,0,7,5,5,4,4,9,9,6,5,1,0,4,4,5,6,7,1,3,1,4,6,0,2],"SA","dd",10,10,30,0.95,10000,54.4457485676,5000,-1,50,0.05,0.1],[2,540,14.0679694698,-16.9320305302,[9,2,4,6,5,1,0,7,5,5,4,4,9,9,6,5,1,0,4,4,5,6,7,1,3,1,4,6,0,2],"SA","dd",10,10,30,0.95,10000,54.3954424858,5000,-1,50,0.05,0.1],[2,555,14.0679694698,-16.9320305302,[9,2,4,6,5,1,0,7,5,5,4,4,9,9,6,5,1,0,4,4,5,6,7,1,3,1,4,6,0,2],"SA","dd",10,10,30,0.95,10000,54.4105417728,5000,-1,50,0.05,0.1],[2,570,14.0679694698,-16.9320305302,[9,2,4,6,5,1,0,7,5,5,4,4,9,9,6,5,1,0,4,4,5,6,7,1,3,1,4,6,0,2],"SA","dd",10,10,30,0.95,10000,54.5719480515,5000,-1,50,0.05,0.1],[2,585,14.0679694698,-16.9320305302,[9,2,4,6,5,1,0,7,5,5,4,4,9,9,6,5,1,0,4,4,5,6,7,1,3,1,4,6,0,2],"SA","dd",10,10,30,0.95,10000,54.6029520035,5000,-1,50,0.05,0.1],[2,600,14.0679694698,-16.9320305302,[2,2,5,4,8,4,1,5,8,7,0,3,4,5,2,5,6,4,3,5,4,4,0,4,9,3,3,5,6,0],"SA","dd",10,10,30,0.95,10000,54.4393353462,5000,-1,50,0.05,0.1],[2,615,14.0679694698,-16.9320305302,[2,2,5,4,8,4,1,5,8,7,0,3,4,5,2,5,6,4,3,5,4,4,0,4,9,3,3,5,6,0],"SA","dd",10,10,30,0.95,10000,54.6015002728,5000,-1,50,0.05,0.1],[2,630,14.0679694698,-16.9320305302,[2,2,5,4,8,4,1,5,8,7,0,3,4,5,2,5,6,4,3,5,4,4,0,4,9,3,3,5,6,0],"SA","dd",10,10,30,0.95,10000,54.7409994602,5000,-1,50,0.05,0.1],[2,645,14.0679694698,-16.9320305302,[2,2,5,4,8,4,1,5,8,7,0,3,4,5,2,5,6,4,3,5,4,4,0,4,9,3,3,5,6,0],"SA","dd",10,10,30,0.95,10000,54.5782086849,5000,-1,50,0.05,0.1],[2,660,14.0679694698,-16.9320305302,[2,2,5,4,8,4,1,5,8,7,0,3,4,5,2,5,6,4,3,5,4,4,0,4,9,3,3,5,6,0],"SA","dd",10,10,30,0.95,10000,54.6011242867,5000,-1,50,0.05,0.1],[2,675,14.0679694698,-16.9320305302,[2,2,5,4,8,4,1,5,8,7,0,3,4,5,2,5,6,4,3,5,4,4,0,4,9,3,3,5,6,0],"SA","dd",10,10,30,0.95,10000,54.6512567997,5000,-1,50,0.05,0.1],[2,690,14.0679694698,-16.9320305302,[2,2,5,4,8,4,1,5,8,7,0,3,4,5,2,5,6,4,3,5,4,4,0,4,9,3,3,5,6,0],"SA","dd",10,10,30,0.95,10000,54.6597523689,5000,-1,50,0.05,0.1],[2,705,14.0679694698,-16.9320305302,[2,2,5,4,8,4,1,5,8,7,0,3,4,5,2,5,6,4,3,5,4,4,0,4,9,3,3,5,6,0],