{"columns":["ite","time","q","scaled_eu","z","solver","attacker","|Q|","|X|","|T|","rho","k","utility_time","RS_iters","mcts_iters","sa_iters","eps","lr"],"index":[0,1,2,3,4,5,6,7,8,9,10,11,12,13,14,15,16,17,18,19,20,21,22,23,24,25,26,27,28,29,30,31,32,33,34,35,36,37,38,39,40,41,42,43,44,45,46,47,48,49,50,51,52,53,54,55,56,57,58,59,60,61,62,63,64,65,66,67,68,69,70,71,72,73,74,75,76,77,78,79],"data":[[3,15,11.2502547975,-19.7497452025,[8,7,7,3,4,0,5,8,8,8,0,7,6,3,4,1,1,3,9,0,4,8,7,7,5,5,2,3,6,7],"SA","dd",10,10,30,0.95,10000,54.7191619873,5000,-1,50,0.05,0.1],[3,30,13.1392749185,-17.8607250815,[9,9,8,9,8,6,8,3,0,6,2,1,5,9,2,5,9,6,3,0,6,9,0,0,6,4,4,9,6,5],"SA","dd",10,10,30,0.95,10000,54.656961441,5000,-1,50,0.05,0.1],[3,45,13.1392749185,-17.8607250815,[1,1,2,7,0,6,0,0,7,3,8,2,6,9,5,5,8,7,4,1,1,0,4,8,9,9,0,9,6,6],"SA","dd",10,10,30,0.95,10000,54.4326357841,5000,-1,50,0.05,0.1],[3,60,13.1392749185,-17.8607250815,[2,4,2,2,6,0,1,3,5,3,2,0,0,2,6,6,6,2,3,6,7,6,7,5,5,4,7,4,6,0],"SA","dd",10,10,30,0.95,10000,54.9539477825,5000,-1,50,0.05,0.1],[3,75,13.1392749185,-17.8607250815,[2,4,2,2,6,0,1,3,5,3,2,0,0,2,6,6,6,2,3,6,7,6,7,5,5,4,7,4,6,0],"SA","dd",10,10,30,0.95,10000,54.8464298248,5000,-1,50,0.05,0.1],[3,90,13.1392749185,-17.8607250815,[4,2,2,4,0,9,9,0,4,8,8,6,0,8,2,5,2,3,3,0,1,7,3,6,6,1,7,1,6,5],"SA","dd",10,10,30,0.95,10000,54.8318343163,5000,-1,50,0.05,0.1],[3,105,13.1392749185,-17.8607250815,[4,2,2,4,0,9,9,0,4,8,8,6,0,8,2,5,2,3,3,0,1,7,3,6,6,1,7,1,6,5],"SA","dd",10,10,30,0.95,10000,54.9622452259,5000,-1,50,0.05,0.1],[3,120,13.1392749185,-17.8607250815,[9,4,7,1,8,8,9,3,3,5,4,5,5,1,3,5,0,0,3,3,1,6,6,4,2,7,1,7,5,0],"SA","dd",10,10,30,0.95,10000,54.8583390713,5000,-1,50,0.05,0.1],[3,135,13.1392749185,-17.8607250815,[9,4,7,1,8,8,9,3,3,5,4,5,5,1,3,5,0,0,3,3,1,6,6,4,2,7,1,7,5,0],"SA","dd",10,10,30,0.95,10000,54.947655201,5000,-1,50,0.05,0.1],[3,150,13.1392749185,-17.8607250815,[9,4,7,1,8,8,9,3,3,5,4,5,5,1,3,5,0,0,3,3,1,6,6,4,2,7,1,7,5,0],"SA","dd",10,10,30,0.95,10000,54.8245103359,5000,-1,50,0.05,0.1],[3,165,13.1392749185,-17.8607250815,[9,4,7,1,8,8,9,3,3,5,4,5,5,1,3,5,0,0,3,3,1,6,6,4,2,7,1,7,5,0],"SA","dd",10,10,30,0.95,10000,54.8242692947,5000,-1,50,0.05,0.1],[3,180,13.1392749185,-17.8607250815,[9,4,7,1,8,8,9,3,3,5,4,5,5,1,3,5,0,0,3,3,1,6,6,4,2,7,1,7,5,0],"SA","dd",10,10,30,0.95,10000,54.7346215248,5000,-1,50,0.05,0.1],[3,195,13.1392749185,-17.8607250815,[9,4,7,1,8,8,9,3,3,5,4,5,5,1,3,5,0,0,3,3,1,6,6,4,2,7,1,7,5,0],"SA","dd",10,10,30,0.95,10000,54.7383978367,5000,-1,50,0.05,0.1],[3,210,13.1392749185,-17.8607250815,[9,4,7,1,8,8,9,3,3,5,4,5,5,1,3,5,0,0,3,3,1,6,6,4,2,7,1,7,5,0],"SA","dd",10,10,30,0.95,10000,54.8416554928,5000,-1,50,0.05,0.1],[3,225,13.1392749185,-17.8607250815,[9,4,7,1,8,8,9,3,3,5,4,5,5,1,3,5,0,0,3,3,1,6,6,4,2,7,1,7,5,0],"SA","dd",10,10,30,0.95,10000,54.8850064278,5000,-1,50,0.05,0.1],[3,240,13.1392749185,-17.8607250815,[9,4,7,1,8,8,9,3,3,5,4,5,5,1,3,5,0,0,3,3,1,6,6,4,2,7,1,7,5,0],"SA","dd",10,10,30,0.95,10000,54.8047420979,5000,-1,50,0.05,0.1],[3,255,13.1392749185,-17.8607250815,[9,4,7,1,8,8,9,3,3,5,4,5,5,1,3,5,0,0,3,3,1,6,6,4,2,7,1,7,5,0],"SA","dd",10,10,30,0.95,10000,54.7150533199,5000,-1,50,0.05,0.1],[3,270,13.1392749185,-17.8607250815,[9,4,7,1,8,8,9,3,3,5,4,5,5,1,3,5,0,0,3,3,1,6,6,4,2,7,1,7,5,0],"SA","dd",10,10,30,0.95,10000,54.6484692097,5000,-1,50,0.05,0.1],[3,285,13.1392749185,-17.8607250815,[9,4,7,1,8,8,9,3,3,5,4,5,5,1,3,5,0,0,3,3,1,6,6,4,2,7,1,7,5,0],"SA","dd",10,10,30,0.95,10000,54.6846961975,5000,-1,50,0.05,0.1],[3,300,13.1392749185,-17.8607250815,[9,4,7,1,8,8,9,3,3,5,4,5,5,1,3,5,0,0,3,3,1,6,6,4,2,7,1,7,5,0],"SA","dd",10,10,30,0.95,10000,54.5909552574,5000,-1,50,0.05,0.1],[3,315,13.1392749185,-17.8607250815,[9,4,7,1,8,8,9,3,3,5,4,5,5,1,3,5,0,0,3,3,1,6,6,4,2,7,1,7,5,0],"SA","dd",10,10,30,0.95,10000,54.6864256859,5000,-1,50,0.05,0.1],[3,330,13.1392749185,-17.8607250815,[9,4,7,1,8,8,9,3,3,5,4,5,5,1,3,5,0,0,3,3,1,6,6,4,2,7,1,7,5,0],"SA","dd",10,10,30,0.95,10000,54.698318243,5000,-1,50,0.05,0.1],[3,345,13.1392749185,-17.8607250815,[9,4,7,1,8,8,9,3,3,5,4,5,5,1,3,5,0,0,3,3,1,6,6,4,2,7,1,7,5,0],"SA","dd",10,10,30,0.95,10000,54.3383636475,5000,-1,50,0.05,0.1],[3,360,13.1392749185,-17.8607250815,[9,4,7,1,8,8,9,3,3,5,4,5,5,1,3,5,0,0,3,3,1,6,6,4,2,7,1,7,5,0],"SA","dd",10,10,30,0.95,10000,51.1610212326,5000,-1,50,0.05,0.1],[3,375,13.1392749185,-17.8607250815,[9,4,7,1,8,8,9,3,3,5,4,5,5,1,3,5,0,0,3,3,1,6,6,4,2,7,1,7,5,0],"SA","dd",10,10,30,0.95,10000,61.1256709099,5000,-1,50,0.05,0.1],[3,390,13.1392749185,-17.8607250815,[9,4,7,1,8,8,9,3,3,5,4,5,5,1,3,5,0,0,3,3,1,6,6,4,2,7,1,7,5,0],"SA","dd",10,10,30,0.95,10000,55.644302845,5000,-1,50,0.05,0.1],[3,405,13.1966044489,-17.8033955511,[3,0,3,6,7,1,2,9,7,5,5,6,5,1,4,6,3,8,2,9,4,0,6,3,9,9,4,8,6,0],"SA","dd",10,10,30,0.95,10000,51.1674787998,5000,-1,50,0.05,0.1],[3,420,13.1966044489,-17.8033955511,[1,2,2,4,2,5,2,2,7,5,9,1,0,1,3,1,1,2,8,4,9,5,0,1,1,3,7,3,6,7],"SA","dd",10,10,30,0.95,10000,51.2045006752,5000,-1,50,0.05,0.1],[3,435,13.1966044489,-17.8033955511,[1,2,2,4,2,5,2,2,7,5,9,1,0,1,3,1,1,2,8,4,9,5,0,1,1,3,7,3,6,7],"SA","dd",10,10,30,0.95,10000,51.231512785,5000,-1,50,0.05,0.1],[3,450,13.1966044489,-17.8033955511,[1,2,2,4,2,5,2,2,7,5,9,1,0,1,3,1,1,2,8,4,9,5,0,1,1,3,7,3,6,7],"SA","dd",10,10,30,0.95,10000,54.8156411648,5000,-1,50,0.05,0.1],[3,465,13.1966044489,-17.8033955511,[1,2,2,4,2,5,2,2,7,5,9,1,0,1,3,1,1,2,8,4,9,5,0,1,1,3,7,3,6,7],"SA","dd",10,10,30,0.95,10000,54.928766489,5000,-1,50,0.05,0.1],[3,480,13.1966044489,-17.8033955511,[1,2,2,4,2,5,2,2,7,5,9,1,0,1,3,1,1,2,8,4,9,5,0,1,1,3,7,3,6,7],"SA","dd",10,10,30,0.95,10000,54.7805943489,5000,-1,50,0.05,0.1],[3,495,13.1966044489,-17.8033955511,[1,2,2,4,2,5,2,2,7,5,9,1,0,1,3,1,1,2,8,4,9,5,0,1,1,3,7,3,6,7],"SA","dd",10,10,30,0.95,10000,54.8856725693,5000,-1,50,0.05,0.1],[3,510,13.1966044489,-17.8033955511,[1,2,2,4,2,5,2,2,7,5,9,1,0,1,3,1,1,2,8,4,9,5,0,1,1,3,7,3,6,7],"SA","dd",10,10,30,0.95,10000,56.7093188763,5000,-1,50,0.05,0.1],[3,525,13.1966044489,-17.8033955511,[1,2,2,4,2,5,2,2,7,5,9,1,0,1,3,1,1,2,8,4,9,5,0,1,1,3,7,3,6,7],"SA","dd",10,10,30,0.95,10000,51.2845480442,5000,-1,50,0.05,0.1],[3,540,13.1966044489,-17.8033955511,[1,2,2,4,2,5,2,2,7,5,9,1,0,1,3,1,1,2,8,4,9,5,0,1,1,3,7,3,6,7],"SA","dd",10,10,30,0.95,10000,75.6356620789,5000,-1,50,0.05,0.1],[3,555,13.1966044489,-17.8033955511,[1,2,2,4,2,5,2,2,7,5,9,1,0,1,3,1,1,2,8,4,9,5,0,1,1,3,7,3,6,7],"SA","dd",10,10,30,0.95,10000,51.2373592854,5000,-1,50,0.05,0.1],[3,570,13.1966044489,-17.8033955511,[1,2,2,4,2,5,2,2,7,5,9,1,0,1,3,1,1,2,8,4,9,5,0,1,1,3,7,3,6,7],"SA","dd",10,10,30,0.95,10000,51.0884463787,5000,-1,50,0.05,0.1],[3,585,13.1966044489,-17.8033955511,[1,2,2,4,2,5,2,2,7,5,9,1,0,1,3,1,1,2,8,4,9,5,0,1,1,3,7,3,6,7],"SA","dd",10,10,30,0.95,10000,51.1194932461,5000,-1,50,0.05,0.1],[3,600,13.1966044489,-17.8033955511,[1,2,2,4,2,5,2,2,7,5,9,1,0,1,3,1,1,2,8,4,9,5,0,1,1,3,7,3,6,7],"SA","dd",10,10,30,0.95,10000,51.2133002281,5000,-1,50,0.05,0.1],[3,615,13.1966044489,-17.8033955511,[1,2,2,4,2,5,2,2,7,5,9,1,0,1,3,1,1,2,8,4,9,5,0,1,1,3,7,3,6,7],"SA","dd",10,10,30,0.95,10000,54.1649954319,5000,-1,50,0.05,0.1],[3,630,13.1966044489,-17.8033955511,[1,2,2,4,2,5,2,2,7,5,9,1,0,1,3,1,1,2,8,4,9,5,0,1,1,3,7,3,6,7],"SA","dd",10,10,30,0.95,10000,51.2336306572,5000,-1,50,0.05,0.1],[3,645,13.1966044489,-17.8033955511,[1,2,2,4,2,5,2,2,7,5,9,1,0,1,3,1,1,2,8,4,9,5,0,1,1,3,7,3,6,7],"SA","dd",10,10,30,0.95,10000,51.1245570183,5000,-1,50,0.05,0.1],[3,660,13.1966044489,-17.8033955511,[1,2,2,4,2,5,2,2,7,5,9,1,0,1,3,1,1,2,8,4,9,5,0,1,1,3,7,3,6,7],"SA","dd",10,10,30,0.95,10000,57.0484457016,5000,-1,50,0.05,0.1],[3,675,13.1966044489,-17.8033955511,[1,2,2,4,2,5,2,2,7,5,9,1,0,1,3,1,1,2,8,4,9,5,0,1,1,3,7,3,6,7],"SA","dd",10,10,30,0.95,10000,68.9793732166,5000,-1,50,0.05,0.1],[3,690,13.1966044489,-17.8033955511,[1,2,2,4,2,5,2,2,7,5,9,1,0,1,3,1,1,2,8,4,9,5,0,1,1,3,7,3,6,7],"SA","dd",10,10,30,0.95,10000,51.2198987007,5000,-1,50,0.05,0.1],[3,705,13.1966044489,-17.8033955511,[1,2,2,4,2,5,2,2,7,5,9,1,0,1,3,1,1,2,8,4,9,5,0,1,1,3,7,3,6,7],