{"columns":["ite","time","q","scaled_eu","z","solver","attacker","|Q|","|X|","|T|","rho","k","utility_time","RS_iters","mcts_iters","sa_iters","eps","lr"],"index":[0,1,2,3,4,5,6,7,8,9,10,11,12,13,14,15,16,17,18,19,20,21,22,23,24,25,26,27,28,29,30,31,32,33,34,35,36,37,38,39,40,41,42,43,44,45,46,47,48,49,50,51,52,53,54,55,56,57,58,59,60,61,62,63,64,65,66,67,68,69,70,71,72,73,74,75,76,77,78,79],"data":[[6,15,13.0595317019,-17.9404682981,[7,7,7,2,9,9,0,0,3,8,3,0,7,2,4,2,5,9,5,9,3,3,8,4,8,2,6,0,0,0],"SA","dd",10,10,30,0.95,10000,55.2495429516,5000,-1,50,0.05,0.1],[6,30,13.0595317019,-17.9404682981,[7,0,2,9,3,4,8,3,1,5,0,1,6,1,7,4,9,3,8,3,4,2,8,0,9,5,5,2,0,0],"SA","dd",10,10,30,0.95,10000,55.2381522655,5000,-1,50,0.05,0.1],[6,45,13.0595317019,-17.9404682981,[7,0,2,9,3,4,8,3,1,5,0,1,6,1,7,4,9,3,8,3,4,2,8,0,9,5,5,2,0,0],"SA","dd",10,10,30,0.95,10000,55.0013358593,5000,-1,50,0.05,0.1],[6,60,13.0595317019,-17.9404682981,[7,0,2,9,3,4,8,3,1,5,0,1,6,1,7,4,9,3,8,3,4,2,8,0,9,5,5,2,0,0],"SA","dd",10,10,30,0.95,10000,55.3855512142,5000,-1,50,0.05,0.1],[6,75,13.0595317019,-17.9404682981,[7,0,2,9,3,4,8,3,1,5,0,1,6,1,7,4,9,3,8,3,4,2,8,0,9,5,5,2,0,0],"SA","dd",10,10,30,0.95,10000,55.3734419346,5000,-1,50,0.05,0.1],[6,90,13.0595317019,-17.9404682981,[7,0,2,9,3,4,8,3,1,5,0,1,6,1,7,4,9,3,8,3,4,2,8,0,9,5,5,2,0,0],"SA","dd",10,10,30,0.95,10000,55.3094189167,5000,-1,50,0.05,0.1],[6,105,13.0595317019,-17.9404682981,[7,0,2,9,3,4,8,3,1,5,0,1,6,1,7,4,9,3,8,3,4,2,8,0,9,5,5,2,0,0],"SA","dd",10,10,30,0.95,10000,55.3556923866,5000,-1,50,0.05,0.1],[6,120,13.0595317019,-17.9404682981,[7,0,2,9,3,4,8,3,1,5,0,1,6,1,7,4,9,3,8,3,4,2,8,0,9,5,5,2,0,0],"SA","dd",10,10,30,0.95,10000,55.2686123848,5000,-1,50,0.05,0.1],[6,135,13.0595317019,-17.9404682981,[7,0,2,9,3,4,8,3,1,5,0,1,6,1,7,4,9,3,8,3,4,2,8,0,9,5,5,2,0,0],"SA","dd",10,10,30,0.95,10000,55.2120630741,5000,-1,50,0.05,0.1],[6,150,13.0595317019,-17.9404682981,[7,0,2,9,3,4,8,3,1,5,0,1,6,1,7,4,9,3,8,3,4,2,8,0,9,5,5,2,0,0],"SA","dd",10,10,30,0.95,10000,55.2649512291,5000,-1,50,0.05,0.1],[6,165,13.0595317019,-17.9404682981,[7,0,2,9,3,4,8,3,1,5,0,1,6,1,7,4,9,3,8,3,4,2,8,0,9,5,5,2,0,0],"SA","dd",10,10,30,0.95,10000,55.415430069,5000,-1,50,0.05,0.1],[6,180,13.0595317019,-17.9404682981,[7,0,2,9,3,4,8,3,1,5,0,1,6,1,7,4,9,3,8,3,4,2,8,0,9,5,5,2,0,0],"SA","dd",10,10,30,0.95,10000,55.3275434971,5000,-1,50,0.05,0.1],[6,195,13.0595317019,-17.9404682981,[7,0,2,9,3,4,8,3,1,5,0,1,6,1,7,4,9,3,8,3,4,2,8,0,9,5,5,2,0,0],"SA","dd",10,10,30,0.95,10000,55.3927266598,5000,-1,50,0.05,0.1],[6,210,13.0595317019,-17.9404682981,[7,0,2,9,3,4,8,3,1,5,0,1,6,1,7,4,9,3,8,3,4,2,8,0,9,5,5,2,0,0],"SA","dd",10,10,30,0.95,10000,55.4303059578,5000,-1,50,0.05,0.1],[6,225,13.0595317019,-17.9404682981,[7,0,2,9,3,4,8,3,1,5,0,1,6,1,7,4,9,3,8,3,4,2,8,0,9,5,5,2,0,0],"SA","dd",10,10,30,0.95,10000,55.323007822,5000,-1,50,0.05,0.1],[6,240,13.0595317019,-17.9404682981,[9,3,2,0,9,0,4,0,5,3,0,9,5,9,1,6,8,4,3,0,8,2,4,0,9,1,6,9,0,0],"SA","dd",10,10,30,0.95,10000,55.4575510025,5000,-1,50,0.05,0.1],[6,255,13.0595317019,-17.9404682981,[9,3,2,0,9,0,4,0,5,3,0,9,5,9,1,6,8,4,3,0,8,2,4,0,9,1,6,9,0,0],"SA","dd",10,10,30,0.95,10000,55.3914601803,5000,-1,50,0.05,0.1],[6,270,13.0595317019,-17.9404682981,[9,3,2,0,9,0,4,0,5,3,0,9,5,9,1,6,8,4,3,0,8,2,4,0,9,1,6,9,0,0],"SA","dd",10,10,30,0.95,10000,55.440018177,5000,-1,50,0.05,0.1],[6,285,13.0595317019,-17.9404682981,[9,3,2,0,9,0,4,0,5,3,0,9,5,9,1,6,8,4,3,0,8,2,4,0,9,1,6,9,0,0],"SA","dd",10,10,30,0.95,10000,55.3730041981,5000,-1,50,0.05,0.1],[6,300,13.0595317019,-17.9404682981,[9,3,2,0,9,0,4,0,5,3,0,9,5,9,1,6,8,4,3,0,8,2,4,0,9,1,6,9,0,0],"SA","dd",10,10,30,0.95,10000,55.3629963398,5000,-1,50,0.05,0.1],[6,315,13.0595317019,-17.9404682981,[9,3,2,0,9,0,4,0,5,3,0,9,5,9,1,6,8,4,3,0,8,2,4,0,9,1,6,9,0,0],"SA","dd",10,10,30,0.95,10000,55.3044259548,5000,-1,50,0.05,0.1],[6,330,13.0595317019,-17.9404682981,[9,3,2,0,9,0,4,0,5,3,0,9,5,9,1,6,8,4,3,0,8,2,4,0,9,1,6,9,0,0],"SA","dd",10,10,30,0.95,10000,55.2035126686,5000,-1,50,0.05,0.1],[6,345,13.0595317019,-17.9404682981,[9,3,2,0,9,0,4,0,5,3,0,9,5,9,1,6,8,4,3,0,8,2,4,0,9,1,6,9,0,0],"SA","dd",10,10,30,0.95,10000,55.3889253139,5000,-1,50,0.05,0.1],[6,360,13.0595317019,-17.9404682981,[9,3,2,0,9,0,4,0,5,3,0,9,5,9,1,6,8,4,3,0,8,2,4,0,9,1,6,9,0,0],"SA","dd",10,10,30,0.95,10000,55.2746245861,5000,-1,50,0.05,0.1],[6,375,14.2321122426,-16.7678877574,[4,0,7,5,6,6,4,4,5,2,1,0,5,7,4,1,9,6,4,3,4,7,1,4,8,8,4,3,6,1],"SA","dd",10,10,30,0.95,10000,55.4498796463,5000,-1,50,0.05,0.1],[6,390,14.2321122426,-16.7678877574,[4,0,7,5,6,6,4,4,5,2,1,0,5,7,4,1,9,6,4,3,4,7,1,4,8,8,4,3,6,1],"SA","dd",10,10,30,0.95,10000,55.5668349266,5000,-1,50,0.05,0.1],[6,405,14.2321122426,-16.7678877574,[4,0,7,5,6,6,4,4,5,2,1,0,5,7,4,1,9,6,4,3,4,7,1,4,8,8,4,3,6,1],"SA","dd",10,10,30,0.95,10000,55.4530050755,5000,-1,50,0.05,0.1],[6,420,14.2321122426,-16.7678877574,[4,0,7,5,6,6,4,4,5,2,1,0,5,7,4,1,9,6,4,3,4,7,1,4,8,8,4,3,6,1],"SA","dd",10,10,30,0.95,10000,55.6216523647,5000,-1,50,0.05,0.1],[6,435,14.2321122426,-16.7678877574,[4,0,7,5,6,6,4,4,5,2,1,0,5,7,4,1,9,6,4,3,4,7,1,4,8,8,4,3,6,1],"SA","dd",10,10,30,0.95,10000,55.5146379471,5000,-1,50,0.05,0.1],[6,450,14.2321122426,-16.7678877574,[4,0,7,5,6,6,4,4,5,2,1,0,5,7,4,1,9,6,4,3,4,7,1,4,8,8,4,3,6,1],"SA","dd",10,10,30,0.95,10000,55.5831882954,5000,-1,50,0.05,0.1],[6,465,14.2321122426,-16.7678877574,[4,0,7,5,6,6,4,4,5,2,1,0,5,7,4,1,9,6,4,3,4,7,1,4,8,8,4,3,6,1],"SA","dd",10,10,30,0.95,10000,55.6642975807,5000,-1,50,0.05,0.1],[6,480,14.2321122426,-16.7678877574,[4,0,7,5,6,6,4,4,5,2,1,0,5,7,4,1,9,6,4,3,4,7,1,4,8,8,4,3,6,1],"SA","dd",10,10,30,0.95,10000,55.6207778454,5000,-1,50,0.05,0.1],[6,495,14.2321122426,-16.7678877574,[4,0,7,5,6,6,4,4,5,2,1,0,5,7,4,1,9,6,4,3,4,7,1,4,8,8,4,3,6,1],"SA","dd",10,10,30,0.95,10000,55.3906552792,5000,-1,50,0.05,0.1],[6,510,14.2321122426,-16.7678877574,[4,0,7,5,6,6,4,4,5,2,1,0,5,7,4,1,9,6,4,3,4,7,1,4,8,8,4,3,6,1],"SA","dd",10,10,30,0.95,10000,55.674646616,5000,-1,50,0.05,0.1],[6,525,14.2321122426,-16.7678877574,[4,0,7,5,6,6,4,4,5,2,1,0,5,7,4,1,9,6,4,3,4,7,1,4,8,8,4,3,6,1],"SA","dd",10,10,30,0.95,10000,55.6960225105,5000,-1,50,0.05,0.1],[6,540,14.2321122426,-16.7678877574,[4,0,7,5,6,6,4,4,5,2,1,0,5,7,4,1,9,6,4,3,4,7,1,4,8,8,4,3,6,1],"SA","dd",10,10,30,0.95,10000,55.6028957367,5000,-1,50,0.05,0.1],[6,555,14.2321122426,-16.7678877574,[4,0,7,5,6,6,4,4,5,2,1,0,5,7,4,1,9,6,4,3,4,7,1,4,8,8,4,3,6,1],"SA","dd",10,10,30,0.95,10000,55.7089323997,5000,-1,50,0.05,0.1],[6,570,14.2321122426,-16.7678877574,[4,0,7,5,6,6,4,4,5,2,1,0,5,7,4,1,9,6,4,3,4,7,1,4,8,8,4,3,6,1],"SA","dd",10,10,30,0.95,10000,55.4922690392,5000,-1,50,0.05,0.1],[6,585,14.2321122426,-16.7678877574,[4,0,7,5,6,6,4,4,5,2,1,0,5,7,4,1,9,6,4,3,4,7,1,4,8,8,4,3,6,1],"SA","dd",10,10,30,0.95,10000,55.560233593,5000,-1,50,0.05,0.1],[6,600,14.2321122426,-16.7678877574,[4,0,7,5,6,6,4,4,5,2,1,0,5,7,4,1,9,6,4,3,4,7,1,4,8,8,4,3,6,1],"SA","dd",10,10,30,0.95,10000,55.6057929993,5000,-1,50,0.05,0.1],[6,615,14.2321122426,-16.7678877574,[4,0,7,5,6,6,4,4,5,2,1,0,5,7,4,1,9,6,4,3,4,7,1,4,8,8,4,3,6,1],"SA","dd",10,10,30,0.95,10000,55.5252492428,5000,-1,50,0.05,0.1],[6,630,14.2321122426,-16.7678877574,[4,0,7,5,6,6,4,4,5,2,1,0,5,7,4,1,9,6,4,3,4,7,1,4,8,8,4,3,6,1],"SA","dd",10,10,30,0.95,10000,55.4221916199,5000,-1,50,0.05,0.1],[6,645,14.2321122426,-16.7678877574,[4,0,7,5,6,6,4,4,5,2,1,0,5,7,4,1,9,6,4,3,4,7,1,4,8,8,4,3,6,1],"SA","dd",10,10,30,0.95,10000,55.5397648811,5000,-1,50,0.05,0.1],[6,660,14.2321122426,-16.7678877574,[4,0,7,5,6,6,4,4,5,2,1,0,5,7,4,1,9,6,4,3,4,7,1,4,8,8,4,3,6,1],"SA","dd",10,10,30,0.95,10000,55.372631073,5000,-1,50,0.05,0.1],[6,675,14.2321122426,-16.7678877574,[4,0,7,5,6,6,4,4,5,2,1,0,5,7,4,1,9,6,4,3,4,7,1,4,8,8,4,3,6,1],"SA","dd",10,10,30,0.95,10000,55.6549499035,5000,-1,50,0.05,0.1],[6,690,14.2321122426,-16.7678877574,[4,0,7,5,6,6,4,4,5,2,1,0,5,7,4,1,9,6,4,3,4,7,1,4,8,8,4,3,6,1],"SA","dd",10,10,30,0.95,10000,55.3351752758,5000,-1,50,0.05,0.1],[6,705,14.2321122426,-16.7678877574,[4,0,7,5,6,6,4,4,5,2,1,0,5,7,4,1,9,6,4,3,4,7,1,4,8,8,4,3,6,1],