{"columns":["ite","time","q","scaled_eu","z","solver","attacker","|Q|","|X|","|T|","rho","k","utility_time","RS_iters","mcts_iters","sa_iters","eps","lr"],"index":[0,1,2,3,4,5,6,7,8,9,10,11,12,13,14,15,16,17,18,19,20,21,22,23,24,25,26,27,28,29,30,31,32,33,34,35,36,37,38,39,40,41,42,43,44,45,46,47,48,49,50,51,52,53,54,55,56,57,58,59,60,61,62,63,64,65,66,67,68,69,70,71,72,73,74,75,76,77,78,79],"data":[[0,15,11.3782436365,-19.6217563635,[7,0,7,9,5,3,1,0,1,2,8,0,7,9,9,8,4,8,3,3,9,5,2,9,6,5,7,9,6,3],"SA","dd",10,10,30,0.95,10000,55.4769001007,5000,-1,50,0.05,0.1],[0,30,11.3782436365,-19.6217563635,[4,2,7,3,1,7,8,3,2,1,7,7,6,8,1,9,2,4,1,2,1,0,8,3,9,7,1,6,0,8],"SA","dd",10,10,30,0.95,10000,55.6063468456,5000,-1,50,0.05,0.1],[0,45,11.3782436365,-19.6217563635,[7,6,8,9,2,1,0,4,8,1,6,4,1,5,4,9,1,2,1,3,5,9,6,8,2,9,7,4,0,4],"SA","dd",10,10,30,0.95,10000,62.8974876404,5000,-1,50,0.05,0.1],[0,60,11.3782436365,-19.6217563635,[7,6,8,9,2,1,0,4,8,1,6,4,1,5,4,9,1,2,1,3,5,9,6,8,2,9,7,4,0,4],"SA","dd",10,10,30,0.95,10000,56.0013608932,5000,-1,50,0.05,0.1],[0,75,11.3782436365,-19.6217563635,[5,2,2,1,5,5,2,8,8,2,0,3,7,1,9,3,2,3,6,3,3,7,1,7,9,3,2,8,6,2],"SA","dd",10,10,30,0.95,10000,69.601069212,5000,-1,50,0.05,0.1],[0,90,11.3782436365,-19.6217563635,[5,2,2,1,5,5,2,8,8,2,0,3,7,1,9,3,2,3,6,3,3,7,1,7,9,3,2,8,6,2],"SA","dd",10,10,30,0.95,10000,73.7331080437,5000,-1,50,0.05,0.1],[0,105,11.3782436365,-19.6217563635,[8,8,6,4,4,4,1,4,0,9,6,0,2,2,3,5,6,5,5,1,7,0,7,0,9,5,4,9,0,4],"SA","dd",10,10,30,0.95,10000,59.156788826,5000,-1,50,0.05,0.1],[0,120,11.3782436365,-19.6217563635,[8,8,6,4,4,4,1,4,0,9,6,0,2,2,3,5,6,5,5,1,7,0,7,0,9,5,4,9,0,4],"SA","dd",10,10,30,0.95,10000,52.0484542847,5000,-1,50,0.05,0.1],[0,135,11.3782436365,-19.6217563635,[8,8,6,4,4,4,1,4,0,9,6,0,2,2,3,5,6,5,5,1,7,0,7,0,9,5,4,9,0,4],"SA","dd",10,10,30,0.95,10000,52.1726453304,5000,-1,50,0.05,0.1],[0,150,11.3782436365,-19.6217563635,[8,8,6,4,4,4,1,4,0,9,6,0,2,2,3,5,6,5,5,1,7,0,7,0,9,5,4,9,0,4],"SA","dd",10,10,30,0.95,10000,52.1298365593,5000,-1,50,0.05,0.1],[0,165,11.3782436365,-19.6217563635,[8,8,6,4,4,4,1,4,0,9,6,0,2,2,3,5,6,5,5,1,7,0,7,0,9,5,4,9,0,4],"SA","dd",10,10,30,0.95,10000,54.9462897778,5000,-1,50,0.05,0.1],[0,180,11.3782436365,-19.6217563635,[8,8,6,4,4,4,1,4,0,9,6,0,2,2,3,5,6,5,5,1,7,0,7,0,9,5,4,9,0,4],"SA","dd",10,10,30,0.95,10000,56.0141844749,5000,-1,50,0.05,0.1],[0,195,11.3782436365,-19.6217563635,[8,8,6,4,4,4,1,4,0,9,6,0,2,2,3,5,6,5,5,1,7,0,7,0,9,5,4,9,0,4],"SA","dd",10,10,30,0.95,10000,63.5838975906,5000,-1,50,0.05,0.1],[0,210,11.3782436365,-19.6217563635,[8,8,6,4,4,4,1,4,0,9,6,0,2,2,3,5,6,5,5,1,7,0,7,0,9,5,4,9,0,4],"SA","dd",10,10,30,0.95,10000,56.0698776245,5000,-1,50,0.05,0.1],[0,225,11.3782436365,-19.6217563635,[9,7,7,7,9,1,3,0,8,4,2,4,5,1,2,2,8,2,3,1,6,0,1,4,1,2,2,6,0,7],"SA","dd",10,10,30,0.95,10000,55.8439538479,5000,-1,50,0.05,0.1],[0,240,11.3782436365,-19.6217563635,[9,7,7,7,9,1,3,0,8,4,2,4,5,1,2,2,8,2,3,1,6,0,1,4,1,2,2,6,0,7],"SA","dd",10,10,30,0.95,10000,55.7272000313,5000,-1,50,0.05,0.1],[0,255,11.3782436365,-19.6217563635,[9,7,7,7,9,1,3,0,8,4,2,4,5,1,2,2,8,2,3,1,6,0,1,4,1,2,2,6,0,7],"SA","dd",10,10,30,0.95,10000,55.9358987808,5000,-1,50,0.05,0.1],[0,270,11.3782436365,-19.6217563635,[9,7,7,7,9,1,3,0,8,4,2,4,5,1,2,2,8,2,3,1,6,0,1,4,1,2,2,6,0,7],"SA","dd",10,10,30,0.95,10000,55.9053995609,5000,-1,50,0.05,0.1],[0,285,11.3782436365,-19.6217563635,[9,7,7,7,9,1,3,0,8,4,2,4,5,1,2,2,8,2,3,1,6,0,1,4,1,2,2,6,0,7],"SA","dd",10,10,30,0.95,10000,55.9087531567,5000,-1,50,0.05,0.1],[0,300,11.3782436365,-19.6217563635,[9,7,7,7,9,1,3,0,8,4,2,4,5,1,2,2,8,2,3,1,6,0,1,4,1,2,2,6,0,7],"SA","dd",10,10,30,0.95,10000,55.8019573689,5000,-1,50,0.05,0.1],[0,315,11.3782436365,-19.6217563635,[9,7,7,7,9,1,3,0,8,4,2,4,5,1,2,2,8,2,3,1,6,0,1,4,1,2,2,6,0,7],"SA","dd",10,10,30,0.95,10000,55.9861140251,5000,-1,50,0.05,0.1],[0,330,11.3782436365,-19.6217563635,[9,7,7,7,9,1,3,0,8,4,2,4,5,1,2,2,8,2,3,1,6,0,1,4,1,2,2,6,0,7],"SA","dd",10,10,30,0.95,10000,55.9496555328,5000,-1,50,0.05,0.1],[0,345,12.6316533834,-18.3683466166,[9,8,0,8,9,9,1,9,8,4,9,0,6,0,0,9,9,7,4,0,4,0,3,6,6,8,6,9,6,2],"SA","dd",10,10,30,0.95,10000,55.8700623512,5000,-1,50,0.05,0.1],[0,360,13.1963343549,-17.8036656451,[8,5,2,4,2,5,1,2,6,7,9,2,4,6,0,1,6,2,9,3,2,9,2,7,9,4,0,2,0,0],"SA","dd",10,10,30,0.95,10000,55.8646557331,5000,-1,50,0.05,0.1],[0,375,13.1963343549,-17.8036656451,[8,5,2,4,2,5,1,2,6,7,9,2,4,6,0,1,6,2,9,3,2,9,2,7,9,4,0,2,0,0],"SA","dd",10,10,30,0.95,10000,55.7771146297,5000,-1,50,0.05,0.1],[0,390,13.1963343549,-17.8036656451,[8,5,2,4,2,5,1,2,6,7,9,2,4,6,0,1,6,2,9,3,2,9,2,7,9,4,0,2,0,0],"SA","dd",10,10,30,0.95,10000,55.7630600929,5000,-1,50,0.05,0.1],[0,405,13.1963343549,-17.8036656451,[8,5,2,4,2,5,1,2,6,7,9,2,4,6,0,1,6,2,9,3,2,9,2,7,9,4,0,2,0,0],"SA","dd",10,10,30,0.95,10000,55.9537317753,5000,-1,50,0.05,0.1],[0,420,13.1963343549,-17.8036656451,[8,5,2,4,2,5,1,2,6,7,9,2,4,6,0,1,6,2,9,3,2,9,2,7,9,4,0,2,0,0],"SA","dd",10,10,30,0.95,10000,55.9886670113,5000,-1,50,0.05,0.1],[0,435,13.1963343549,-17.8036656451,[8,5,2,4,2,5,1,2,6,7,9,2,4,6,0,1,6,2,9,3,2,9,2,7,9,4,0,2,0,0],"SA","dd",10,10,30,0.95,10000,55.9857721329,5000,-1,50,0.05,0.1],[0,450,13.1963343549,-17.8036656451,[8,5,2,4,2,5,1,2,6,7,9,2,4,6,0,1,6,2,9,3,2,9,2,7,9,4,0,2,0,0],"SA","dd",10,10,30,0.95,10000,55.9174218178,5000,-1,50,0.05,0.1],[0,465,13.1963343549,-17.8036656451,[8,5,2,4,2,5,1,2,6,7,9,2,4,6,0,1,6,2,9,3,2,9,2,7,9,4,0,2,0,0],"SA","dd",10,10,30,0.95,10000,55.7395236492,5000,-1,50,0.05,0.1],[0,480,13.1963343549,-17.8036656451,[8,5,2,4,2,5,1,2,6,7,9,2,4,6,0,1,6,2,9,3,2,9,2,7,9,4,0,2,0,0],"SA","dd",10,10,30,0.95,10000,56.0090241432,5000,-1,50,0.05,0.1],[0,495,13.1963343549,-17.8036656451,[8,5,2,4,2,5,1,2,6,7,9,2,4,6,0,1,6,2,9,3,2,9,2,7,9,4,0,2,0,0],"SA","dd",10,10,30,0.95,10000,55.9967885017,5000,-1,50,0.05,0.1],[0,510,13.1963343549,-17.8036656451,[8,5,2,4,2,5,1,2,6,7,9,2,4,6,0,1,6,2,9,3,2,9,2,7,9,4,0,2,0,0],"SA","dd",10,10,30,0.95,10000,56.1265108585,5000,-1,50,0.05,0.1],[0,525,13.1963343549,-17.8036656451,[8,5,2,4,2,5,1,2,6,7,9,2,4,6,0,1,6,2,9,3,2,9,2,7,9,4,0,2,0,0],"SA","dd",10,10,30,0.95,10000,55.9756274223,5000,-1,50,0.05,0.1],[0,540,13.1963343549,-17.8036656451,[8,5,2,4,2,5,1,2,6,7,9,2,4,6,0,1,6,2,9,3,2,9,2,7,9,4,0,2,0,0],"SA","dd",10,10,30,0.95,10000,56.0325775146,5000,-1,50,0.05,0.1],[0,555,13.1963343549,-17.8036656451,[8,5,2,4,2,5,1,2,6,7,9,2,4,6,0,1,6,2,9,3,2,9,2,7,9,4,0,2,0,0],"SA","dd",10,10,30,0.95,10000,55.8862397671,5000,-1,50,0.05,0.1],[0,570,13.1963343549,-17.8036656451,[8,5,2,4,2,5,1,2,6,7,9,2,4,6,0,1,6,2,9,3,2,9,2,7,9,4,0,2,0,0],"SA","dd",10,10,30,0.95,10000,55.8663878441,5000,-1,50,0.05,0.1],[0,585,13.1963343549,-17.8036656451,[8,5,2,4,2,5,1,2,6,7,9,2,4,6,0,1,6,2,9,3,2,9,2,7,9,4,0,2,0,0],"SA","dd",10,10,30,0.95,10000,55.9821240902,5000,-1,50,0.05,0.1],[0,600,13.1963343549,-17.8036656451,[8,5,2,4,2,5,1,2,6,7,9,2,4,6,0,1,6,2,9,3,2,9,2,7,9,4,0,2,0,0],"SA","dd",10,10,30,0.95,10000,55.9502754211,5000,-1,50,0.05,0.1],[0,615,13.1963343549,-17.8036656451,[8,5,2,4,2,5,1,2,6,7,9,2,4,6,0,1,6,2,9,3,2,9,2,7,9,4,0,2,0,0],"SA","dd",10,10,30,0.95,10000,55.8625984192,5000,-1,50,0.05,0.1],[0,630,13.1963343549,-17.8036656451,[8,5,2,4,2,5,1,2,6,7,9,2,4,6,0,1,6,2,9,3,2,9,2,7,9,4,0,2,0,0],"SA","dd",10,10,30,0.95,10000,55.8490302563,5000,-1,50,0.05,0.1],[0,645,13.1963343549,-17.8036656451,[8,5,2,4,2,5,1,2,6,7,9,2,4,6,0,1,6,2,9,3,2,9,2,7,9,4,0,2,0,0],"SA","dd",10,10,30,0.95,10000,55.8398046494,5000,-1,50,0.05,0.1],[0,660,13.1963343549,-17.8036656451,[8,5,2,4,2,5,1,2,6,7,9,2,4,6,0,1,6,2,9,3,2,9,2,7,9,4,0,2,0,0],"SA","dd",10,10,30,0.95,10000,55.8594102859,5000,-1,50,0.05,0.1],[0,675,13.1963343549,-17.8036656451,[8,5,2,4,2,5,1,2,6,7,9,2,4,6,0,1,6,2,9,3,2,9,2,7,9,4,0,2,0,0],"SA","dd",10,10,30,0.95,10000,56.022258997,5000,-1,50,0.05,0.1],[0,690,13.1963343549,-17.8036656451,[8,5,2,4,2,5,1,2,6,7,9,2,4,6,0,1,6,2,9,3,2,9,2,7,9,4,0,2,0,0],"SA","dd",10,10,30,0.95,10000,55.9967811108,5000,-1,50,0.05,0.1],[0,705,13.1963343549,-17.8036656451,[8,5,2,4,2,5,1,2,6,7,9,2,4,6,0,1,6,2,9,3,2,9,2,7,9,4,0,2,0,0],