{"columns":["ite","time","q","scaled_eu","z","solver","attacker","|Q|","|X|","|T|","rho","k","utility_time","RS_iters","mcts_iters","sa_iters","eps","lr"],"index":[0,1,2,3,4,5,6,7,8,9,10,11,12,13,14,15,16,17,18,19,20,21,22,23,24,25,26,27,28,29,30,31,32,33,34,35,36,37,38,39,40,41,42,43,44,45,46,47,48,49,50,51,52,53,54,55,56,57,58,59,60,61,62,63,64,65,66,67,68,69,70,71,72,73,74,75,76,77,78,79],"data":[[1,15,22.3429885692,-8.6570114308,[2,6,8,8,5,0,9,0,8,4],"SA","att",30,10,10,0.95,10000,49.2270019054,5000,-1,50,0.05,0.1],[1,30,26.2920313885,-4.7079686115,[2,3,6,1,9,1,5,0,9,1],"SA","att",30,10,10,0.95,10000,49.3818018436,5000,-1,50,0.05,0.1],[1,45,26.2920313885,-4.7079686115,[2,3,6,1,9,1,5,0,9,1],"SA","att",30,10,10,0.95,10000,49.4021716118,5000,-1,50,0.05,0.1],[1,60,26.3330939341,-4.6669060659,[9,3,5,4,9,1,5,2,3,3],"SA","att",30,10,10,0.95,10000,49.3054273129,5000,-1,50,0.05,0.1],[1,75,26.3330939341,-4.6669060659,[9,3,5,2,3,9,0,0,3,1],"SA","att",30,10,10,0.95,10000,49.4632389545,5000,-1,50,0.05,0.1],[1,90,29.0922047214,-1.9077952786,[5,3,7,1,9,9,6,0,3,1],"SA","att",30,10,10,0.95,10000,49.4148547649,5000,-1,50,0.05,0.1],[1,105,29.0922047214,-1.9077952786,[7,3,7,1,9,9,5,0,3,6],"SA","att",30,10,10,0.95,10000,49.4636650085,5000,-1,50,0.05,0.1],[1,120,29.0922047214,-1.9077952786,[7,3,7,1,9,9,5,0,3,6],"SA","att",30,10,10,0.95,10000,49.476282835,5000,-1,50,0.05,0.1],[1,135,29.6418129873,-1.3581870127,[2,3,7,1,9,9,5,0,3,0],"SA","att",30,10,10,0.95,10000,49.402864933,5000,-1,50,0.05,0.1],[1,150,31.2102187335,0.2102187335,[7,3,6,1,9,9,5,0,3,6],"SA","att",30,10,10,0.95,10000,49.3009459972,5000,-1,50,0.05,0.1],[1,165,31.2102187335,0.2102187335,[7,3,7,1,9,9,5,0,3,6],"SA","att",30,10,10,0.95,10000,49.3240809441,5000,-1,50,0.05,0.1],[1,180,31.2102187335,0.2102187335,[7,3,6,1,9,9,5,0,3,8],"SA","att",30,10,10,0.95,10000,49.4631850719,5000,-1,50,0.05,0.1],[1,195,31.2102187335,0.2102187335,[7,3,6,1,9,9,5,0,3,8],"SA","att",30,10,10,0.95,10000,49.454200983,5000,-1,50,0.05,0.1],[1,210,32.2240187154,1.2240187154,[7,3,2,1,9,9,5,0,3,6],"SA","att",30,10,10,0.95,10000,49.4535570145,5000,-1,50,0.05,0.1],[1,225,32.2240187154,1.2240187154,[7,3,2,1,9,9,5,0,3,8],"SA","att",30,10,10,0.95,10000,49.5632002354,5000,-1,50,0.05,0.1],[1,240,32.2240187154,1.2240187154,[7,3,2,1,9,9,5,0,3,8],"SA","att",30,10,10,0.95,10000,49.4894750118,5000,-1,50,0.05,0.1],[1,255,32.2240187154,1.2240187154,[7,3,2,1,9,9,5,0,3,8],"SA","att",30,10,10,0.95,10000,49.4657518864,5000,-1,50,0.05,0.1],[1,270,32.2240187154,1.2240187154,[7,3,2,1,9,9,5,0,3,8],"SA","att",30,10,10,0.95,10000,49.4877133369,5000,-1,50,0.05,0.1],[1,285,32.2240187154,1.2240187154,[7,3,2,1,9,9,5,0,3,8],"SA","att",30,10,10,0.95,10000,49.6295962334,5000,-1,50,0.05,0.1],[1,300,32.2240187154,1.2240187154,[7,3,2,1,9,9,5,0,3,8],"SA","att",30,10,10,0.95,10000,49.4978640079,5000,-1,50,0.05,0.1],[1,315,32.2240187154,1.2240187154,[7,3,2,1,9,9,5,0,3,8],"SA","att",30,10,10,0.95,10000,49.568457365,5000,-1,50,0.05,0.1],[1,330,32.2240187154,1.2240187154,[7,3,2,1,9,9,5,0,3,8],"SA","att",30,10,10,0.95,10000,49.5125205517,5000,-1,50,0.05,0.1],[1,345,32.2240187154,1.2240187154,[7,3,2,1,9,9,5,0,3,8],"SA","att",30,10,10,0.95,10000,49.4111466408,5000,-1,50,0.05,0.1],[1,360,32.2240187154,1.2240187154,[7,3,2,1,9,9,5,0,3,8],"SA","att",30,10,10,0.95,10000,49.3978686333,5000,-1,50,0.05,0.1],[1,375,32.2240187154,1.2240187154,[7,3,2,1,9,9,5,0,3,8],"SA","att",30,10,10,0.95,10000,49.5684566498,5000,-1,50,0.05,0.1],[1,390,32.2240187154,1.2240187154,[7,3,2,1,9,9,5,0,3,8],"SA","att",30,10,10,0.95,10000,49.3738088608,5000,-1,50,0.05,0.1],[1,405,32.2240187154,1.2240187154,[7,3,2,1,9,9,5,0,3,8],"SA","att",30,10,10,0.95,10000,49.4514672756,5000,-1,50,0.05,0.1],[1,420,32.2240187154,1.2240187154,[7,3,2,1,9,9,5,0,3,8],"SA","att",30,10,10,0.95,10000,49.5579502583,5000,-1,50,0.05,0.1],[1,435,32.2240187154,1.2240187154,[7,3,2,1,9,9,5,0,3,8],"SA","att",30,10,10,0.95,10000,49.4816467762,5000,-1,50,0.05,0.1],[1,450,32.2240187154,1.2240187154,[7,3,2,1,9,9,5,0,3,8],"SA","att",30,10,10,0.95,10000,49.3970491886,5000,-1,50,0.05,0.1],[1,465,32.2240187154,1.2240187154,[7,3,2,1,9,9,5,0,3,8],"SA","att",30,10,10,0.95,10000,49.5164747238,5000,-1,50,0.05,0.1],[1,480,32.2240187154,1.2240187154,[7,3,2,1,9,9,5,0,3,8],"SA","att",30,10,10,0.95,10000,49.3964107037,5000,-1,50,0.05,0.1],[1,495,32.2240187154,1.2240187154,[7,3,2,1,9,9,5,0,3,8],"SA","att",30,10,10,0.95,10000,49.5739176273,5000,-1,50,0.05,0.1],[1,510,32.2240187154,1.2240187154,[7,3,2,1,9,9,5,0,3,8],"SA","att",30,10,10,0.95,10000,49.5236523151,5000,-1,50,0.05,0.1],[1,525,32.2240187154,1.2240187154,[7,3,2,1,9,9,5,0,3,8],"SA","att",30,10,10,0.95,10000,49.5396177769,5000,-1,50,0.05,0.1],[1,540,32.2240187154,1.2240187154,[7,3,2,1,9,9,5,0,3,8],"SA","att",30,10,10,0.95,10000,49.4651460648,5000,-1,50,0.05,0.1],[1,555,32.2240187154,1.2240187154,[7,3,2,1,9,9,5,0,3,8],"SA","att",30,10,10,0.95,10000,49.4879744053,5000,-1,50,0.05,0.1],[1,570,32.2240187154,1.2240187154,[7,3,2,1,9,9,5,0,3,8],"SA","att",30,10,10,0.95,10000,49.4690396786,5000,-1,50,0.05,0.1],[1,585,32.2240187154,1.2240187154,[7,3,2,1,9,9,5,0,3,8],"SA","att",30,10,10,0.95,10000,49.4237267971,5000,-1,50,0.05,0.1],[1,600,32.2240187154,1.2240187154,[7,3,2,1,9,9,5,0,3,8],"SA","att",30,10,10,0.95,10000,49.4112372398,5000,-1,50,0.05,0.1],[1,615,32.2240187154,1.2240187154,[7,3,2,1,9,9,5,0,3,8],"SA","att",30,10,10,0.95,10000,49.3969600201,5000,-1,50,0.05,0.1],[1,630,32.2240187154,1.2240187154,[7,3,2,1,9,9,5,0,3,8],"SA","att",30,10,10,0.95,10000,49.5176150799,5000,-1,50,0.05,0.1],[1,645,32.2240187154,1.2240187154,[7,3,2,1,9,9,5,0,3,8],"SA","att",30,10,10,0.95,10000,49.2513303757,5000,-1,50,0.05,0.1],[1,660,32.2240187154,1.2240187154,[7,3,2,1,9,9,5,0,3,8],"SA","att",30,10,10,0.95,10000,49.439211607,5000,-1,50,0.05,0.1],[1,675,32.2240187154,1.2240187154,[7,3,2,1,9,9,5,0,3,8],"SA","att",30,10,10,0.95,10000,49.3980793953,5000,-1,50,0.05,0.1],[1,690,32.2240187154,1.2240187154,[7,3,2,1,9,9,5,0,3,8],"SA","att",30,10,10,0.95,10000,49.5212361813,5000,-1,50,0.05,0.1],[1,705,32.2240187154,1.2240187154,[7,3,2,1,9,9,5,0,3,8],"SA","att",30,10,10,0.95,10000,49.4626870155,5000,-1,50,0.05,0.1],[1,720,32.2240187154,1.2240187154,[7,3,2,1,9,9,5,0,3,8],"SA","att",30,10,10,0.95,10000,49.4513635635,5000,-1,50,0.05,0.1],[1,735,32.2240187154,1.2240187154,[7,3,2,1,9,9,5,0,3,8],"SA","att",30,10,10,0.95,10000,49.494546175,5000,-1,50,0.05,0.1],[1,750,32.2240187154,1.2240187154,[7,3,2,1,9,9,5,0,3,8],"SA","att",30,10,10,0.95,10000,49.5029714108,5000,-1,50,0.05,0.1],[1,765,32.2240187154,1.2240187154,[7,3,2,1,9,9,5,0,3,8],"SA","att",30,10,10,0.95,10000,49.4308667183,5000,-1,50,0.05,0.1],[1,780,32.2240187154,1.2240187154,[7,3,2,1,9,9,5,0,3,8],"SA","att",30,10,10,0.95,10000,49.4927401543,5000,-1,50,0.05,0.1],[1,795,32.2240187154,1.2240187154,[7,3,2,1,9,9,5,0,3,8],"SA","att",30,10,10,0.95,10000,49.4622395039,5000,-1,50,0.05,0.1],[1,810,32.2240187154,1.2240187154,[7,3,2,1,9,9,5,0,3,8],"SA","att",30,10,10,0.95,10000,49.5660715103,5000,-1,50,0.05,0.1],[1,825,32.2240187154,1.2240187154,[7,3,2,1,9,9,5,0,3,8],"SA","att",30,10,10,0.95,10000,49.438847065,5000,-1,50,0.05,0.1],[1,840,32.2240187154,1.2240187154,[7,3,2,1,9,9,5,0,3,8],"SA","att",30,10,10,0.95,10000,49.241610527,5000,-1,50,0.05,0.1],[1,855,32.2240187154,1.2240187154,[7,3,2,1,9,9,5,0,3,8],"SA","att",30,10,10,0.95,10000,49.4545674324,5000,-1,50,0.05,0.1],[1,870,32.2240187154,1.2240187154,[7,3,2,1,9,9,5,0,3,8],"SA","att",30,10,10,0.95,10000,49.5250623226,5000,-1,50,0.05,0.1],[1,885,32.2240187154,1.2240187154,[7,3,2,1,9,9,5,0,3,8],"SA","att",30,10,10,0.95,10000,49.5111072063,5000,-1,50,0.05,0.1],[1,900,32.2240187154,1.2240187154,[7,3,2,1,9,9,5,0,3,8],"SA","att",30,10,10,0.95,10000,49.4751214981,5000,-1,50,0.05,0.1],[1,915,32.2240187154,1.2240187154,[7,3,2,1,9,9,5,0,3,8],"SA","att",30,10,10,0.95,10000,49.6361413002,5000,-1,50,0.05,0.1],[1,930,32.2240187154,1.2240187154,[7,3,2,1,9,9,5,0,3,8],