{"columns":["ite","time","q","scaled_eu","z","solver","attacker","|Q|","|X|","|T|","rho","k","utility_time","RS_iters","mcts_iters","sa_iters","eps","lr"],"index":[0,1,2,3,4,5,6,7,8,9,10,11,12,13,14,15,16,17,18,19,20,21,22,23,24,25,26,27,28,29,30,31,32,33,34,35,36,37,38,39,40,41,42,43,44,45,46,47,48,49,50,51,52,53,54,55,56,57,58,59,60,61,62,63,64,65,66,67,68,69,70,71,72,73,74,75,76,77,78,79],"data":[[6,15,21.0514024155,-9.9485975845,[3,7,8,5,5,2,3,4,2,7],"SA","att",30,10,10,0.95,10000,50.0313429832,5000,-1,50,0.05,0.1],[6,30,21.7745833692,-9.2254166308,[0,8,0,7,1,1,8,3,7,0],"SA","att",30,10,10,0.95,10000,49.990550518,5000,-1,50,0.05,0.1],[6,45,25.5738895345,-5.4261104655,[6,1,5,9,1,5,5,8,3,8],"SA","att",30,10,10,0.95,10000,50.0095059872,5000,-1,50,0.05,0.1],[6,60,29.1511713595,-1.8488286405,[6,1,2,1,9,3,5,0,3,8],"SA","att",30,10,10,0.95,10000,49.8360669613,5000,-1,50,0.05,0.1],[6,75,29.1511713595,-1.8488286405,[6,1,2,1,9,3,5,0,3,8],"SA","att",30,10,10,0.95,10000,49.9445507526,5000,-1,50,0.05,0.1],[6,90,29.1511713595,-1.8488286405,[6,1,2,1,9,3,5,0,3,8],"SA","att",30,10,10,0.95,10000,50.0022542477,5000,-1,50,0.05,0.1],[6,105,29.1511713595,-1.8488286405,[3,3,2,1,5,9,5,0,3,8],"SA","att",30,10,10,0.95,10000,49.9657285213,5000,-1,50,0.05,0.1],[6,120,31.2092300927,0.2092300927,[7,3,8,1,9,9,5,0,3,6],"SA","att",30,10,10,0.95,10000,50.07939291,5000,-1,50,0.05,0.1],[6,135,31.2092300927,0.2092300927,[7,3,8,1,9,9,5,0,3,6],"SA","att",30,10,10,0.95,10000,49.9781854153,5000,-1,50,0.05,0.1],[6,150,31.2092300927,0.2092300927,[7,3,8,1,9,9,5,0,3,6],"SA","att",30,10,10,0.95,10000,49.7748718262,5000,-1,50,0.05,0.1],[6,165,31.2092300927,0.2092300927,[7,3,8,1,9,9,5,0,3,6],"SA","att",30,10,10,0.95,10000,49.8098733425,5000,-1,50,0.05,0.1],[6,180,31.2092300927,0.2092300927,[7,3,8,1,9,9,5,0,3,6],"SA","att",30,10,10,0.95,10000,49.9998641014,5000,-1,50,0.05,0.1],[6,195,31.3937105772,0.3937105772,[7,3,2,1,9,9,5,8,3,1],"SA","att",30,10,10,0.95,10000,49.934787035,5000,-1,50,0.05,0.1],[6,210,31.3937105772,0.3937105772,[7,3,2,1,9,9,5,0,3,6],"SA","att",30,10,10,0.95,10000,50.0152387619,5000,-1,50,0.05,0.1],[6,225,31.3937105772,0.3937105772,[7,3,2,1,9,9,5,0,3,8],"SA","att",30,10,10,0.95,10000,49.968193531,5000,-1,50,0.05,0.1],[6,240,31.3937105772,0.3937105772,[7,3,2,1,9,9,5,0,3,8],"SA","att",30,10,10,0.95,10000,81.5297179222,5000,-1,50,0.05,0.1],[6,255,31.3937105772,0.3937105772,[7,3,2,1,9,9,5,0,3,8],"SA","att",30,10,10,0.95,10000,81.5208966732,5000,-1,50,0.05,0.1],[6,270,31.3937105772,0.3937105772,[7,3,2,1,9,9,5,0,3,8],"SA","att",30,10,10,0.95,10000,81.2664787769,5000,-1,50,0.05,0.1],[6,285,32.2234390123,1.2234390123,[7,3,2,1,9,9,5,0,3,6],"SA","att",30,10,10,0.95,10000,81.4017322063,5000,-1,50,0.05,0.1],[6,300,32.2234390123,1.2234390123,[7,3,2,1,9,9,5,0,3,6],"SA","att",30,10,10,0.95,10000,81.5612826347,5000,-1,50,0.05,0.1],[6,315,32.2234390123,1.2234390123,[7,3,2,1,9,9,5,0,3,6],"SA","att",30,10,10,0.95,10000,81.3448226452,5000,-1,50,0.05,0.1],[6,330,32.2234390123,1.2234390123,[7,3,2,1,9,9,5,0,3,6],"SA","att",30,10,10,0.95,10000,72.3223688602,5000,-1,50,0.05,0.1],[6,345,32.2234390123,1.2234390123,[7,3,2,1,9,9,5,0,3,6],"SA","att",30,10,10,0.95,10000,49.8944067955,5000,-1,50,0.05,0.1],[6,360,32.2234390123,1.2234390123,[7,3,2,1,9,9,5,0,3,6],"SA","att",30,10,10,0.95,10000,49.8293321133,5000,-1,50,0.05,0.1],[6,375,32.2234390123,1.2234390123,[7,3,2,1,9,9,5,0,3,8],"SA","att",30,10,10,0.95,10000,49.7615060806,5000,-1,50,0.05,0.1],[6,390,32.2234390123,1.2234390123,[7,3,2,1,9,9,5,0,3,8],"SA","att",30,10,10,0.95,10000,49.8868463039,5000,-1,50,0.05,0.1],[6,405,32.2234390123,1.2234390123,[7,3,2,1,9,9,5,0,3,8],"SA","att",30,10,10,0.95,10000,49.8988919258,5000,-1,50,0.05,0.1],[6,420,32.2234390123,1.2234390123,[7,3,2,1,9,9,5,0,3,8],"SA","att",30,10,10,0.95,10000,49.9643855095,5000,-1,50,0.05,0.1],[6,435,32.2234390123,1.2234390123,[7,3,2,1,9,9,5,0,3,8],"SA","att",30,10,10,0.95,10000,50.0172405243,5000,-1,50,0.05,0.1],[6,450,32.2234390123,1.2234390123,[7,3,2,1,9,9,5,0,3,8],"SA","att",30,10,10,0.95,10000,49.8910725117,5000,-1,50,0.05,0.1],[6,465,32.2234390123,1.2234390123,[7,3,2,1,9,9,5,0,3,8],"SA","att",30,10,10,0.95,10000,49.9336516857,5000,-1,50,0.05,0.1],[6,480,32.2263228045,1.2263228045,[7,3,2,1,9,9,5,0,3,6],"SA","att",30,10,10,0.95,10000,50.0273005962,5000,-1,50,0.05,0.1],[6,495,32.2263228045,1.2263228045,[7,3,2,1,9,9,5,0,3,6],"SA","att",30,10,10,0.95,10000,50.0087058544,5000,-1,50,0.05,0.1],[6,510,32.2263228045,1.2263228045,[7,3,2,1,9,9,5,0,3,6],"SA","att",30,10,10,0.95,10000,49.8456697464,5000,-1,50,0.05,0.1],[6,525,32.2263228045,1.2263228045,[7,3,2,1,9,9,5,0,3,6],"SA","att",30,10,10,0.95,10000,49.9046275616,5000,-1,50,0.05,0.1],[6,540,32.2263228045,1.2263228045,[7,3,2,1,9,9,5,0,3,6],"SA","att",30,10,10,0.95,10000,50.0820658207,5000,-1,50,0.05,0.1],[6,555,32.2263228045,1.2263228045,[7,3,2,1,9,9,5,0,3,6],"SA","att",30,10,10,0.95,10000,49.9122259617,5000,-1,50,0.05,0.1],[6,570,32.2263228045,1.2263228045,[7,3,2,1,9,9,5,0,3,6],"SA","att",30,10,10,0.95,10000,49.9832599163,5000,-1,50,0.05,0.1],[6,585,32.2263228045,1.2263228045,[7,3,2,1,9,9,5,0,3,6],"SA","att",30,10,10,0.95,10000,49.9727885723,5000,-1,50,0.05,0.1],[6,600,32.2263228045,1.2263228045,[7,3,2,1,9,9,5,0,3,6],"SA","att",30,10,10,0.95,10000,49.9199995995,5000,-1,50,0.05,0.1],[6,615,32.2263228045,1.2263228045,[7,3,2,1,9,9,5,0,3,6],"SA","att",30,10,10,0.95,10000,49.9093925953,5000,-1,50,0.05,0.1],[6,630,32.2263228045,1.2263228045,[7,3,2,1,9,9,5,0,3,6],"SA","att",30,10,10,0.95,10000,49.8482038975,5000,-1,50,0.05,0.1],[6,645,32.2263228045,1.2263228045,[7,3,2,1,9,9,5,0,3,6],"SA","att",30,10,10,0.95,10000,49.896848917,5000,-1,50,0.05,0.1],[6,660,32.2263228045,1.2263228045,[7,3,2,1,9,9,5,0,3,6],"SA","att",30,10,10,0.95,10000,49.8428034782,5000,-1,50,0.05,0.1],[6,675,32.2263228045,1.2263228045,[7,3,2,1,9,9,5,0,3,6],"SA","att",30,10,10,0.95,10000,50.1078238487,5000,-1,50,0.05,0.1],[6,690,32.2263228045,1.2263228045,[7,3,2,1,9,9,5,0,3,6],"SA","att",30,10,10,0.95,10000,49.8653066158,5000,-1,50,0.05,0.1],[6,705,32.2263228045,1.2263228045,[7,3,2,1,9,9,5,0,3,6],"SA","att",30,10,10,0.95,10000,49.8110070229,5000,-1,50,0.05,0.1],[6,720,32.2263228045,1.2263228045,[7,3,2,1,9,9,5,0,3,6],"SA","att",30,10,10,0.95,10000,49.9875233173,5000,-1,50,0.05,0.1],[6,735,32.2263228045,1.2263228045,[7,3,2,1,9,9,5,0,3,6],"SA","att",30,10,10,0.95,10000,49.9446706772,5000,-1,50,0.05,0.1],[6,750,32.2263228045,1.2263228045,[7,3,2,1,9,9,5,0,3,6],"SA","att",30,10,10,0.95,10000,50.1000063419,5000,-1,50,0.05,0.1],[6,765,32.2263228045,1.2263228045,[7,3,2,1,9,9,5,0,3,6],"SA","att",30,10,10,0.95,10000,50.1109359264,5000,-1,50,0.05,0.1],[6,780,32.2263228045,1.2263228045,[7,3,2,1,9,9,5,0,3,6],"SA","att",30,10,10,0.95,10000,49.9417049885,5000,-1,50,0.05,0.1],[6,795,32.2263228045,1.2263228045,[7,3,2,1,9,9,5,0,3,6],"SA","att",30,10,10,0.95,10000,50.0586388111,5000,-1,50,0.05,0.1],[6,810,32.2263228045,1.2263228045,[7,3,2,1,9,9,5,0,3,6],"SA","att",30,10,10,0.95,10000,49.9006752968,5000,-1,50,0.05,0.1],[6,825,32.2263228045,1.2263228045,[7,3,2,1,9,9,5,0,3,6],"SA","att",30,10,10,0.95,10000,49.9553103447,5000,-1,50,0.05,0.1],[6,840,32.2263228045,1.2263228045,[7,3,2,1,9,9,5,0,3,6],"SA","att",30,10,10,0.95,10000,49.9305334091,5000,-1,50,0.05,0.1],[6,855,32.2263228045,1.2263228045,[7,3,2,1,9,9,5,0,3,6],"SA","att",30,10,10,0.95,10000,49.9851784706,5000,-1,50,0.05,0.1],[6,870,32.2263228045,1.2263228045,[7,3,2,1,9,9,5,0,3,6],"SA","att",30,10,10,0.95,10000,49.8661596775,5000,-1,50,0.05,0.1],[6,885,32.2263228045,1.2263228045,[7,3,2,1,9,9,5,0,3,6],"SA","att",30,10,10,0.95,10000,49.910895586,5000,-1,50,0.05,0.1],[6,900,32.2263228045,1.2263228045,[7,3,2,1,9,9,5,0,3,6],"SA","att",30,10,10,0.95,10000,49.9533481598,5000,-1,50,0.05,0.1],[6,915,32.2263228045,1.2263228045,[7,3,2,1,9,9,5,0,3,6],"SA","att",30,10,10,0.95,10000,50.0825471878,5000,-1,50,0.05,0.1],[6,930,32.2263228045,1.2263228045,[7,3,2,1,9,9,5,0,3,6],