{"columns":["ite","time","q","scaled_eu","z","solver","attacker","|Q|","|X|","|T|","rho","k","utility_time","RS_iters","mcts_iters","sa_iters","eps","lr"],"index":[0,1,2,3,4,5,6,7,8,9,10,11,12,13,14,15,16,17,18,19,20,21,22,23,24,25,26,27,28,29,30,31,32,33,34,35,36,37,38,39,40,41,42,43,44,45,46,47,48,49,50,51,52,53,54,55,56,57,58,59,60,61,62,63,64,65,66,67,68,69,70,71,72,73,74,75,76,77,78,79],"data":[[7,15,23.6631635985,-7.3368364015,[2,2,3,8,7,4,3,9,3,1],"SA","att",30,10,10,0.95,10000,50.0737700462,5000,-1,50,0.05,0.1],[7,30,23.6631635985,-7.3368364015,[2,8,3,8,7,4,3,0,3,1],"SA","att",30,10,10,0.95,10000,49.9578745365,5000,-1,50,0.05,0.1],[7,45,23.6631635985,-7.3368364015,[5,3,8,9,1,0,6,0,3,9],"SA","att",30,10,10,0.95,10000,50.0341923237,5000,-1,50,0.05,0.1],[7,60,25.2578236257,-5.7421763743,[8,3,7,9,5,6,8,6,3,6],"SA","att",30,10,10,0.95,10000,50.0291922092,5000,-1,50,0.05,0.1],[7,75,26.663551951,-4.336448049,[8,3,6,8,9,6,7,8,3,8],"SA","att",30,10,10,0.95,10000,49.9341654778,5000,-1,50,0.05,0.1],[7,90,28.3826790042,-2.6173209958,[7,3,0,1,0,8,1,0,3,8],"SA","att",30,10,10,0.95,10000,52.9284017086,5000,-1,50,0.05,0.1],[7,105,28.3826790042,-2.6173209958,[7,3,0,1,0,8,1,0,3,8],"SA","att",30,10,10,0.95,10000,50.0584406853,5000,-1,50,0.05,0.1],[7,120,28.3826790042,-2.6173209958,[7,3,0,1,0,8,1,0,3,8],"SA","att",30,10,10,0.95,10000,50.0445361137,5000,-1,50,0.05,0.1],[7,135,29.1988687069,-1.8011312931,[7,3,2,8,8,9,6,0,3,9],"SA","att",30,10,10,0.95,10000,50.1637318134,5000,-1,50,0.05,0.1],[7,150,30.2995075539,-0.7004924461,[7,3,2,1,8,9,2,0,3,8],"SA","att",30,10,10,0.95,10000,50.0101144314,5000,-1,50,0.05,0.1],[7,165,30.2995075539,-0.7004924461,[7,3,2,1,8,9,2,0,3,8],"SA","att",30,10,10,0.95,10000,49.9355812073,5000,-1,50,0.05,0.1],[7,180,31.1858552421,0.1858552421,[7,3,9,1,9,9,5,0,3,8],"SA","att",30,10,10,0.95,10000,49.9714767933,5000,-1,50,0.05,0.1],[7,195,32.178707044,1.178707044,[7,3,2,1,9,9,5,0,3,8],"SA","att",30,10,10,0.95,10000,49.9823813438,5000,-1,50,0.05,0.1],[7,210,32.2021915823,1.2021915823,[7,3,2,1,9,9,5,0,3,6],"SA","att",30,10,10,0.95,10000,50.1398074627,5000,-1,50,0.05,0.1],[7,225,32.2021915823,1.2021915823,[7,3,2,1,9,9,5,0,3,6],"SA","att",30,10,10,0.95,10000,50.0677239895,5000,-1,50,0.05,0.1],[7,240,32.2021915823,1.2021915823,[7,3,2,1,9,9,5,0,3,6],"SA","att",30,10,10,0.95,10000,50.1651408672,5000,-1,50,0.05,0.1],[7,255,32.2197473143,1.2197473143,[7,3,2,1,9,9,5,0,3,6],"SA","att",30,10,10,0.95,10000,50.2775740623,5000,-1,50,0.05,0.1],[7,270,32.2197473143,1.2197473143,[7,3,2,1,9,9,5,0,3,6],"SA","att",30,10,10,0.95,10000,50.3264000416,5000,-1,50,0.05,0.1],[7,285,32.2197473143,1.2197473143,[7,3,2,1,9,9,5,0,3,6],"SA","att",30,10,10,0.95,10000,50.1358931065,5000,-1,50,0.05,0.1],[7,300,32.2197473143,1.2197473143,[7,3,2,1,9,9,5,0,3,6],"SA","att",30,10,10,0.95,10000,50.2681767941,5000,-1,50,0.05,0.1],[7,315,32.2197473143,1.2197473143,[7,3,2,1,9,9,5,0,3,6],"SA","att",30,10,10,0.95,10000,50.1209874153,5000,-1,50,0.05,0.1],[7,330,32.2197473143,1.2197473143,[7,3,2,1,9,9,5,0,3,6],"SA","att",30,10,10,0.95,10000,50.058024168,5000,-1,50,0.05,0.1],[7,345,32.2197473143,1.2197473143,[7,3,2,1,9,9,5,0,3,6],"SA","att",30,10,10,0.95,10000,50.0659954548,5000,-1,50,0.05,0.1],[7,360,32.2203071564,1.2203071564,[7,3,2,1,9,9,5,0,3,6],"SA","att",30,10,10,0.95,10000,50.1124045849,5000,-1,50,0.05,0.1],[7,375,32.2203071564,1.2203071564,[7,3,2,1,9,9,5,0,3,6],"SA","att",30,10,10,0.95,10000,50.1789078712,5000,-1,50,0.05,0.1],[7,390,32.2203071564,1.2203071564,[7,3,2,1,9,9,5,0,3,6],"SA","att",30,10,10,0.95,10000,50.1021904945,5000,-1,50,0.05,0.1],[7,405,32.2203071564,1.2203071564,[7,3,2,1,9,9,5,0,3,6],"SA","att",30,10,10,0.95,10000,50.0532724857,5000,-1,50,0.05,0.1],[7,420,32.2203071564,1.2203071564,[7,3,2,1,9,9,5,0,3,6],"SA","att",30,10,10,0.95,10000,50.2440621853,5000,-1,50,0.05,0.1],[7,435,32.2203071564,1.2203071564,[7,3,2,1,9,9,5,0,3,6],"SA","att",30,10,10,0.95,10000,50.0893511772,5000,-1,50,0.05,0.1],[7,450,32.2203071564,1.2203071564,[7,3,2,1,9,9,5,0,3,6],"SA","att",30,10,10,0.95,10000,50.2363686562,5000,-1,50,0.05,0.1],[7,465,32.2203071564,1.2203071564,[7,3,2,1,9,9,5,0,3,6],"SA","att",30,10,10,0.95,10000,50.1743006706,5000,-1,50,0.05,0.1],[7,480,32.2203071564,1.2203071564,[7,3,2,1,9,9,5,0,3,6],"SA","att",30,10,10,0.95,10000,50.220105648,5000,-1,50,0.05,0.1],[7,495,32.2203071564,1.2203071564,[7,3,2,1,9,9,5,0,3,6],"SA","att",30,10,10,0.95,10000,50.1813046932,5000,-1,50,0.05,0.1],[7,510,32.2203071564,1.2203071564,[7,3,2,1,9,9,5,0,3,6],"SA","att",30,10,10,0.95,10000,50.0966086388,5000,-1,50,0.05,0.1],[7,525,32.2203071564,1.2203071564,[7,3,2,1,9,9,5,0,3,6],"SA","att",30,10,10,0.95,10000,50.100785017,5000,-1,50,0.05,0.1],[7,540,32.2203071564,1.2203071564,[7,3,2,1,9,9,5,0,3,6],"SA","att",30,10,10,0.95,10000,50.0175111294,5000,-1,50,0.05,0.1],[7,555,32.2203071564,1.2203071564,[7,3,2,1,9,9,5,0,3,6],"SA","att",30,10,10,0.95,10000,50.0774357319,5000,-1,50,0.05,0.1],[7,570,32.2203071564,1.2203071564,[7,3,2,1,9,9,5,0,3,6],"SA","att",30,10,10,0.95,10000,49.9834733009,5000,-1,50,0.05,0.1],[7,585,32.2203071564,1.2203071564,[7,3,2,1,9,9,5,0,3,6],"SA","att",30,10,10,0.95,10000,50.1569368839,5000,-1,50,0.05,0.1],[7,600,32.2203071564,1.2203071564,[7,3,2,1,9,9,5,0,3,6],"SA","att",30,10,10,0.95,10000,50.027130127,5000,-1,50,0.05,0.1],[7,615,32.2203071564,1.2203071564,[7,3,2,1,9,9,5,0,3,6],"SA","att",30,10,10,0.95,10000,50.0351784229,5000,-1,50,0.05,0.1],[7,630,32.2203071564,1.2203071564,[7,3,2,1,9,9,5,0,3,6],"SA","att",30,10,10,0.95,10000,50.0724728107,5000,-1,50,0.05,0.1],[7,645,32.2203071564,1.2203071564,[7,3,2,1,9,9,5,0,3,6],"SA","att",30,10,10,0.95,10000,49.912737608,5000,-1,50,0.05,0.1],[7,660,32.2203071564,1.2203071564,[7,3,2,1,9,9,5,0,3,6],"SA","att",30,10,10,0.95,10000,49.913333416,5000,-1,50,0.05,0.1],[7,675,32.2203071564,1.2203071564,[7,3,2,1,9,9,5,0,3,6],"SA","att",30,10,10,0.95,10000,49.9497072697,5000,-1,50,0.05,0.1],[7,690,32.2203071564,1.2203071564,[7,3,2,1,9,9,5,0,3,6],"SA","att",30,10,10,0.95,10000,49.9624772072,5000,-1,50,0.05,0.1],[7,705,32.2203071564,1.2203071564,[7,3,2,1,9,9,5,0,3,6],"SA","att",30,10,10,0.95,10000,50.0341427326,5000,-1,50,0.05,0.1],[7,720,32.2203071564,1.2203071564,[7,3,2,1,9,9,5,0,3,6],"SA","att",30,10,10,0.95,10000,50.0475435257,5000,-1,50,0.05,0.1],[7,735,32.2203071564,1.2203071564,[7,3,2,1,9,9,5,0,3,6],"SA","att",30,10,10,0.95,10000,50.0058944225,5000,-1,50,0.05,0.1],[7,750,32.2203071564,1.2203071564,[7,3,2,1,9,9,5,0,3,6],"SA","att",30,10,10,0.95,10000,50.0359632969,5000,-1,50,0.05,0.1],[7,765,32.2203071564,1.2203071564,[7,3,2,1,9,9,5,0,3,6],"SA","att",30,10,10,0.95,10000,49.9890682697,5000,-1,50,0.05,0.1],[7,780,32.2203071564,1.2203071564,[7,3,2,1,9,9,5,0,3,6],"SA","att",30,10,10,0.95,10000,50.0231406689,5000,-1,50,0.05,0.1],[7,795,32.2203071564,1.2203071564,[7,3,2,1,9,9,5,0,3,6],"SA","att",30,10,10,0.95,10000,49.9393446445,5000,-1,50,0.05,0.1],[7,810,32.2203071564,1.2203071564,[7,3,2,1,9,9,5,0,3,6],"SA","att",30,10,10,0.95,10000,50.0239093304,5000,-1,50,0.05,0.1],[7,825,32.2203071564,1.2203071564,[7,3,2,1,9,9,5,0,3,6],"SA","att",30,10,10,0.95,10000,49.9649064541,5000,-1,50,0.05,0.1],[7,840,32.2203071564,1.2203071564,[7,3,2,1,9,9,5,0,3,6],"SA","att",30,10,10,0.95,10000,49.9854846001,5000,-1,50,0.05,0.1],[7,855,32.2203071564,1.2203071564,[7,3,2,1,9,9,5,0,3,6],"SA","att",30,10,10,0.95,10000,49.8926844597,5000,-1,50,0.05,0.1],[7,870,32.2203071564,1.2203071564,[7,3,2,1,9,9,5,0,3,6],"SA","att",30,10,10,0.95,10000,50.0262310505,5000,-1,50,0.05,0.1],[7,885,32.2203071564,1.2203071564,[7,3,2,1,9,9,5,0,3,6],"SA","att",30,10,10,0.95,10000,50.0898146629,5000,-1,50,0.05,0.1],[7,900,32.2203071564,1.2203071564,[7,3,2,1,9,9,5,0,3,6],"SA","att",30,10,10,0.95,10000,50.1998875141,5000,-1,50,0.05,0.1],[7,915,32.2203071564,1.2203071564,[7,3,2,1,9,9,5,0,3,6],"SA","att",30,10,10,0.95,10000,50.2828691006,5000,-1,50,0.05,0.1],[7,930,32.2203071564,1.2203071564,[7,3,2,1,9,9,5,0,3,6],