{"columns":["ite","time","q","scaled_eu","z","solver","attacker","|Q|","|X|","|T|","rho","k","utility_time","RS_iters","mcts_iters","sa_iters","eps","lr"],"index":[0,1,2,3,4,5,6,7,8,9,10,11,12,13,14,15,16,17,18,19,20,21,22,23,24,25,26,27,28,29,30,31,32,33,34,35,36,37,38,39,40,41,42,43,44,45,46,47,48,49,50,51,52,53,54,55,56,57,58,59,60,61,62,63,64,65,66,67,68,69,70,71,72,73,74,75,76,77,78,79],"data":[[3,15,22.1729212513,-8.8270787487,[3,7,9,9,2,0,9,3,5,4],"SA","att",30,10,10,0.95,10000,48.3951165676,5000,-1,50,0.05,0.1],[3,30,22.1729212513,-8.8270787487,[3,7,9,9,2,0,9,3,5,4],"SA","att",30,10,10,0.95,10000,48.5248770714,5000,-1,50,0.05,0.1],[3,45,26.5006588732,-4.4993411268,[1,1,6,1,9,2,5,7,3,4],"SA","att",30,10,10,0.95,10000,48.4012372494,5000,-1,50,0.05,0.1],[3,60,28.1724778747,-2.8275221253,[7,1,1,7,9,4,5,0,3,6],"SA","att",30,10,10,0.95,10000,48.4566905499,5000,-1,50,0.05,0.1],[3,75,28.1724778747,-2.8275221253,[7,1,1,7,9,4,5,0,3,6],"SA","att",30,10,10,0.95,10000,48.49771595,5000,-1,50,0.05,0.1],[3,90,28.1724778747,-2.8275221253,[7,1,1,7,9,4,5,0,3,6],"SA","att",30,10,10,0.95,10000,48.4277029037,5000,-1,50,0.05,0.1],[3,105,29.5286009868,-1.4713990132,[7,3,5,1,9,7,5,0,3,2],"SA","att",30,10,10,0.95,10000,48.5593709946,5000,-1,50,0.05,0.1],[3,120,30.1191982643,-0.8808017357,[7,3,0,1,9,2,5,0,3,8],"SA","att",30,10,10,0.95,10000,48.5410254002,5000,-1,50,0.05,0.1],[3,135,31.2167049905,0.2167049905,[7,3,5,1,9,9,5,0,3,6],"SA","att",30,10,10,0.95,10000,48.5440964699,5000,-1,50,0.05,0.1],[3,150,31.2167049905,0.2167049905,[7,3,5,1,9,9,5,0,3,6],"SA","att",30,10,10,0.95,10000,48.5212807655,5000,-1,50,0.05,0.1],[3,165,31.9610581758,0.9610581758,[7,3,2,1,9,9,5,0,3,1],"SA","att",30,10,10,0.95,10000,48.4354228973,5000,-1,50,0.05,0.1],[3,180,31.9610581758,0.9610581758,[7,3,2,1,9,9,5,0,3,8],"SA","att",30,10,10,0.95,10000,48.3761644363,5000,-1,50,0.05,0.1],[3,195,31.973679514,0.973679514,[7,3,2,1,9,9,5,0,3,1],"SA","att",30,10,10,0.95,10000,48.3740649223,5000,-1,50,0.05,0.1],[3,210,32.2159061245,1.2159061245,[7,3,2,1,9,9,5,0,3,6],"SA","att",30,10,10,0.95,10000,48.5044858456,5000,-1,50,0.05,0.1],[3,225,32.2159061245,1.2159061245,[7,3,2,1,9,9,5,0,3,8],"SA","att",30,10,10,0.95,10000,48.61673069,5000,-1,50,0.05,0.1],[3,240,32.2159061245,1.2159061245,[7,3,2,1,9,9,5,0,3,8],"SA","att",30,10,10,0.95,10000,48.7568798065,5000,-1,50,0.05,0.1],[3,255,32.2159061245,1.2159061245,[7,3,2,1,9,9,5,0,3,8],"SA","att",30,10,10,0.95,10000,48.6383817196,5000,-1,50,0.05,0.1],[3,270,32.2159061245,1.2159061245,[7,3,2,1,9,9,5,0,3,8],"SA","att",30,10,10,0.95,10000,48.5797977448,5000,-1,50,0.05,0.1],[3,285,32.2159061245,1.2159061245,[7,3,2,1,9,9,5,0,3,8],"SA","att",30,10,10,0.95,10000,48.5769579411,5000,-1,50,0.05,0.1],[3,300,32.2159061245,1.2159061245,[7,3,2,1,9,9,5,0,3,8],"SA","att",30,10,10,0.95,10000,48.7205803394,5000,-1,50,0.05,0.1],[3,315,32.2199774137,1.2199774137,[7,3,2,1,9,9,5,0,3,6],"SA","att",30,10,10,0.95,10000,48.4725151062,5000,-1,50,0.05,0.1],[3,330,32.2200144738,1.2200144738,[7,3,2,1,9,9,5,0,3,6],"SA","att",30,10,10,0.95,10000,48.4959161282,5000,-1,50,0.05,0.1],[3,345,32.2200144738,1.2200144738,[7,3,2,1,9,9,5,0,3,6],"SA","att",30,10,10,0.95,10000,48.5705280304,5000,-1,50,0.05,0.1],[3,360,32.2200144738,1.2200144738,[7,3,2,1,9,9,5,0,3,6],"SA","att",30,10,10,0.95,10000,48.4244997501,5000,-1,50,0.05,0.1],[3,375,32.2200144738,1.2200144738,[7,3,2,1,9,9,5,0,3,6],"SA","att",30,10,10,0.95,10000,48.5979011059,5000,-1,50,0.05,0.1],[3,390,32.2200144738,1.2200144738,[7,3,2,1,9,9,5,0,3,6],"SA","att",30,10,10,0.95,10000,48.394037962,5000,-1,50,0.05,0.1],[3,405,32.2200144738,1.2200144738,[7,3,2,1,9,9,5,0,3,6],"SA","att",30,10,10,0.95,10000,48.546361208,5000,-1,50,0.05,0.1],[3,420,32.2200144738,1.2200144738,[7,3,2,1,9,9,5,0,3,6],"SA","att",30,10,10,0.95,10000,48.4909548759,5000,-1,50,0.05,0.1],[3,435,32.2200144738,1.2200144738,[7,3,2,1,9,9,5,0,3,6],"SA","att",30,10,10,0.95,10000,48.3188409805,5000,-1,50,0.05,0.1],[3,450,32.2200144738,1.2200144738,[7,3,2,1,9,9,5,0,3,6],"SA","att",30,10,10,0.95,10000,48.4537005424,5000,-1,50,0.05,0.1],[3,465,32.2200144738,1.2200144738,[7,3,2,1,9,9,5,0,3,6],"SA","att",30,10,10,0.95,10000,48.4149773121,5000,-1,50,0.05,0.1],[3,480,32.2200144738,1.2200144738,[7,3,2,1,9,9,5,0,3,6],"SA","att",30,10,10,0.95,10000,48.576113224,5000,-1,50,0.05,0.1],[3,495,32.2200144738,1.2200144738,[7,3,2,1,9,9,5,0,3,6],"SA","att",30,10,10,0.95,10000,48.3765859604,5000,-1,50,0.05,0.1],[3,510,32.2200144738,1.2200144738,[7,3,2,1,9,9,5,0,3,6],"SA","att",30,10,10,0.95,10000,48.3632004261,5000,-1,50,0.05,0.1],[3,525,32.2200144738,1.2200144738,[7,3,2,1,9,9,5,0,3,6],"SA","att",30,10,10,0.95,10000,48.3760931492,5000,-1,50,0.05,0.1],[3,540,32.2200144738,1.2200144738,[7,3,2,1,9,9,5,0,3,6],"SA","att",30,10,10,0.95,10000,48.3374814987,5000,-1,50,0.05,0.1],[3,555,32.2200144738,1.2200144738,[7,3,2,1,9,9,5,0,3,6],"SA","att",30,10,10,0.95,10000,48.4691801071,5000,-1,50,0.05,0.1],[3,570,32.2200144738,1.2200144738,[7,3,2,1,9,9,5,0,3,6],"SA","att",30,10,10,0.95,10000,48.3440997601,5000,-1,50,0.05,0.1],[3,585,32.2200144738,1.2200144738,[7,3,2,1,9,9,5,0,3,6],"SA","att",30,10,10,0.95,10000,48.401185751,5000,-1,50,0.05,0.1],[3,600,32.2200144738,1.2200144738,[7,3,2,1,9,9,5,0,3,6],"SA","att",30,10,10,0.95,10000,48.3760244846,5000,-1,50,0.05,0.1],[3,615,32.2200144738,1.2200144738,[7,3,2,1,9,9,5,0,3,6],"SA","att",30,10,10,0.95,10000,48.1917133331,5000,-1,50,0.05,0.1],[3,630,32.2200144738,1.2200144738,[7,3,2,1,9,9,5,0,3,6],"SA","att",30,10,10,0.95,10000,48.3291449547,5000,-1,50,0.05,0.1],[3,645,32.2200144738,1.2200144738,[7,3,2,1,9,9,5,0,3,6],"SA","att",30,10,10,0.95,10000,48.2944283485,5000,-1,50,0.05,0.1],[3,660,32.2200144738,1.2200144738,[7,3,2,1,9,9,5,0,3,6],"SA","att",30,10,10,0.95,10000,48.2979140282,5000,-1,50,0.05,0.1],[3,675,32.2200144738,1.2200144738,[7,3,2,1,9,9,5,0,3,6],"SA","att",30,10,10,0.95,10000,48.3954489231,5000,-1,50,0.05,0.1],[3,690,32.2200144738,1.2200144738,[7,3,2,1,9,9,5,0,3,6],"SA","att",30,10,10,0.95,10000,48.2729437351,5000,-1,50,0.05,0.1],[3,705,32.2200144738,1.2200144738,[7,3,2,1,9,9,5,0,3,6],"SA","att",30,10,10,0.95,10000,48.4185538292,5000,-1,50,0.05,0.1],[3,720,32.2200144738,1.2200144738,[7,3,2,1,9,9,5,0,3,6],"SA","att",30,10,10,0.95,10000,48.3386309147,5000,-1,50,0.05,0.1],[3,735,32.2200144738,1.2200144738,[7,3,2,1,9,9,5,0,3,6],"SA","att",30,10,10,0.95,10000,48.4216711521,5000,-1,50,0.05,0.1],[3,750,32.2200144738,1.2200144738,[7,3,2,1,9,9,5,0,3,6],"SA","att",30,10,10,0.95,10000,48.3371391296,5000,-1,50,0.05,0.1],[3,765,32.2200144738,1.2200144738,[7,3,2,1,9,9,5,0,3,6],"SA","att",30,10,10,0.95,10000,48.3153762817,5000,-1,50,0.05,0.1],[3,780,32.2200144738,1.2200144738,[7,3,2,1,9,9,5,0,3,6],"SA","att",30,10,10,0.95,10000,48.5522913933,5000,-1,50,0.05,0.1],[3,795,32.2200144738,1.2200144738,[7,3,2,1,9,9,5,0,3,6],"SA","att",30,10,10,0.95,10000,48.31335783,5000,-1,50,0.05,0.1],[3,810,32.2200144738,1.2200144738,[7,3,2,1,9,9,5,0,3,6],"SA","att",30,10,10,0.95,10000,48.4600567818,5000,-1,50,0.05,0.1],[3,825,32.2200144738,1.2200144738,[7,3,2,1,9,9,5,0,3,6],"SA","att",30,10,10,0.95,10000,48.3391747475,5000,-1,50,0.05,0.1],[3,840,32.2200144738,1.2200144738,[7,3,2,1,9,9,5,0,3,6],"SA","att",30,10,10,0.95,10000,48.281478405,5000,-1,50,0.05,0.1],[3,855,32.2200144738,1.2200144738,[7,3,2,1,9,9,5,0,3,6],"SA","att",30,10,10,0.95,10000,48.2972352505,5000,-1,50,0.05,0.1],[3,870,32.2200144738,1.2200144738,[7,3,2,1,9,9,5,0,3,6],"SA","att",30,10,10,0.95,10000,48.370241642,5000,-1,50,0.05,0.1],[3,885,32.2200144738,1.2200144738,[7,3,2,1,9,9,5,0,3,6],"SA","att",30,10,10,0.95,10000,48.5065431595,5000,-1,50,0.05,0.1],[3,900,32.2200144738,1.2200144738,[7,3,2,1,9,9,5,0,3,6],"SA","att",30,10,10,0.95,10000,48.5570735931,5000,-1,50,0.05,0.1],[3,915,32.2200144738,1.2200144738,[7,3,2,1,9,9,5,0,3,6],"SA","att",30,10,10,0.95,10000,48.5013091564,5000,-1,50,0.05,0.1],[3,930,32.2200144738,1.2200144738,[7,3,2,1,9,9,5,0,3,6],