{"columns":["ite","time","q","scaled_eu","z","solver","attacker","|Q|","|X|","|T|","rho","k","utility_time","RS_iters","mcts_iters","sa_iters","eps","lr"],"index":[0,1,2,3,4,5,6,7,8,9,10,11,12,13,14,15,16,17,18,19,20,21,22,23,24,25,26,27,28,29,30,31,32,33,34,35,36,37,38,39,40,41,42,43,44,45,46,47,48,49,50,51,52,53,54,55,56,57,58,59,60,61,62,63,64,65,66,67,68,69,70,71,72,73,74,75,76,77,78,79],"data":[[2,15,22.9103599121,-8.0896400879,[4,1,9,5,4,3,4,3,5,6],"SA","att",30,10,10,0.95,10000,48.0455133915,5000,-1,50,0.05,0.1],[2,30,23.5463166807,-7.4536833193,[1,8,7,5,1,9,7,9,4,3],"SA","att",30,10,10,0.95,10000,48.0771040916,5000,-1,50,0.05,0.1],[2,45,24.0146554664,-6.9853445336,[9,8,7,3,1,9,6,8,4,3],"SA","att",30,10,10,0.95,10000,48.0499191284,5000,-1,50,0.05,0.1],[2,60,24.0146554664,-6.9853445336,[9,8,7,3,1,9,6,8,4,3],"SA","att",30,10,10,0.95,10000,48.0069916248,5000,-1,50,0.05,0.1],[2,75,27.8268228699,-3.1731771301,[0,4,9,1,9,9,5,0,5,6],"SA","att",30,10,10,0.95,10000,48.0067930222,5000,-1,50,0.05,0.1],[2,90,27.8268228699,-3.1731771301,[0,4,9,1,9,9,5,0,5,6],"SA","att",30,10,10,0.95,10000,63.4962205887,5000,-1,50,0.05,0.1],[2,105,27.8268228699,-3.1731771301,[0,4,9,1,9,9,5,0,5,6],"SA","att",30,10,10,0.95,10000,44.1475188732,5000,-1,50,0.05,0.1],[2,120,28.8252540735,-2.1747459265,[0,3,9,1,9,9,1,0,3,5],"SA","att",30,10,10,0.95,10000,44.0068945885,5000,-1,50,0.05,0.1],[2,135,29.3043404616,-1.6956595384,[5,3,2,6,9,9,8,0,3,6],"SA","att",30,10,10,0.95,10000,44.0780892372,5000,-1,50,0.05,0.1],[2,150,31.2980267581,0.2980267581,[7,3,2,1,9,9,6,0,3,6],"SA","att",30,10,10,0.95,10000,43.9867928028,5000,-1,50,0.05,0.1],[2,165,31.2980267581,0.2980267581,[7,3,2,1,9,9,6,0,3,6],"SA","att",30,10,10,0.95,10000,44.0014233589,5000,-1,50,0.05,0.1],[2,180,31.2980267581,0.2980267581,[7,3,2,1,9,9,6,0,3,6],"SA","att",30,10,10,0.95,10000,43.9171731472,5000,-1,50,0.05,0.1],[2,195,31.309890894,0.309890894,[7,3,2,1,9,9,9,0,3,6],"SA","att",30,10,10,0.95,10000,43.9454343319,5000,-1,50,0.05,0.1],[2,210,31.309890894,0.309890894,[7,3,2,1,9,9,5,0,3,6],"SA","att",30,10,10,0.95,10000,44.0867648125,5000,-1,50,0.05,0.1],[2,225,32.2035903704,1.2035903704,[7,3,2,1,9,9,5,0,3,6],"SA","att",30,10,10,0.95,10000,44.153488636,5000,-1,50,0.05,0.1],[2,240,32.2111222969,1.2111222969,[7,3,2,1,9,9,5,0,3,6],"SA","att",30,10,10,0.95,10000,44.1684334278,5000,-1,50,0.05,0.1],[2,255,32.2171468812,1.2171468812,[7,3,2,1,9,9,5,0,3,6],"SA","att",30,10,10,0.95,10000,43.8086807728,5000,-1,50,0.05,0.1],[2,270,32.2171468812,1.2171468812,[7,3,2,1,9,9,5,0,3,6],"SA","att",30,10,10,0.95,10000,43.9031605721,5000,-1,50,0.05,0.1],[2,285,32.2171468812,1.2171468812,[7,3,2,1,9,9,5,0,3,6],"SA","att",30,10,10,0.95,10000,43.8709897995,5000,-1,50,0.05,0.1],[2,300,32.2171468812,1.2171468812,[7,3,2,1,9,9,5,0,3,6],"SA","att",30,10,10,0.95,10000,43.9391562939,5000,-1,50,0.05,0.1],[2,315,32.2171468812,1.2171468812,[7,3,2,1,9,9,5,0,3,6],"SA","att",30,10,10,0.95,10000,44.0091187954,5000,-1,50,0.05,0.1],[2,330,32.2171468812,1.2171468812,[7,3,2,1,9,9,5,0,3,8],"SA","att",30,10,10,0.95,10000,43.9195685387,5000,-1,50,0.05,0.1],[2,345,32.2171468812,1.2171468812,[7,3,2,1,9,9,5,0,3,8],"SA","att",30,10,10,0.95,10000,43.9476630688,5000,-1,50,0.05,0.1],[2,360,32.2186394841,1.2186394841,[7,3,2,1,9,9,5,0,3,6],"SA","att",30,10,10,0.95,10000,43.8801763058,5000,-1,50,0.05,0.1],[2,375,32.2186394841,1.2186394841,[7,3,2,1,9,9,5,0,3,8],"SA","att",30,10,10,0.95,10000,43.9470968246,5000,-1,50,0.05,0.1],[2,390,32.2186394841,1.2186394841,[7,3,2,1,9,9,5,0,3,8],"SA","att",30,10,10,0.95,10000,43.8807146549,5000,-1,50,0.05,0.1],[2,405,32.2265707929,1.2265707929,[7,3,2,1,9,9,5,0,3,6],"SA","att",30,10,10,0.95,10000,43.8551139832,5000,-1,50,0.05,0.1],[2,420,32.2265707929,1.2265707929,[7,3,2,1,9,9,5,0,3,6],"SA","att",30,10,10,0.95,10000,43.8757796288,5000,-1,50,0.05,0.1],[2,435,32.2265707929,1.2265707929,[7,3,2,1,9,9,5,0,3,8],"SA","att",30,10,10,0.95,10000,43.9934835434,5000,-1,50,0.05,0.1],[2,450,32.2265707929,1.2265707929,[7,3,2,1,9,9,5,0,3,8],"SA","att",30,10,10,0.95,10000,44.0569183826,5000,-1,50,0.05,0.1],[2,465,32.2265707929,1.2265707929,[7,3,2,1,9,9,5,0,3,8],"SA","att",30,10,10,0.95,10000,44.1539804935,5000,-1,50,0.05,0.1],[2,480,32.2265707929,1.2265707929,[7,3,2,1,9,9,5,0,3,8],"SA","att",30,10,10,0.95,10000,44.1518008709,5000,-1,50,0.05,0.1],[2,495,32.2265707929,1.2265707929,[7,3,2,1,9,9,5,0,3,8],"SA","att",30,10,10,0.95,10000,44.083480835,5000,-1,50,0.05,0.1],[2,510,32.2265707929,1.2265707929,[7,3,2,1,9,9,5,0,3,8],"SA","att",30,10,10,0.95,10000,44.0681738853,5000,-1,50,0.05,0.1],[2,525,32.2265707929,1.2265707929,[7,3,2,1,9,9,5,0,3,8],"SA","att",30,10,10,0.95,10000,44.0296056271,5000,-1,50,0.05,0.1],[2,540,32.2265707929,1.2265707929,[7,3,2,1,9,9,5,0,3,8],"SA","att",30,10,10,0.95,10000,44.1688728333,5000,-1,50,0.05,0.1],[2,555,32.2265707929,1.2265707929,[7,3,2,1,9,9,5,0,3,8],"SA","att",30,10,10,0.95,10000,44.0914444923,5000,-1,50,0.05,0.1],[2,570,32.2265707929,1.2265707929,[7,3,2,1,9,9,5,0,3,8],"SA","att",30,10,10,0.95,10000,44.1285326481,5000,-1,50,0.05,0.1],[2,585,32.2265707929,1.2265707929,[7,3,2,1,9,9,5,0,3,8],"SA","att",30,10,10,0.95,10000,44.2609243393,5000,-1,50,0.05,0.1],[2,600,32.2265707929,1.2265707929,[7,3,2,1,9,9,5,0,3,8],"SA","att",30,10,10,0.95,10000,44.092448473,5000,-1,50,0.05,0.1],[2,615,32.2265707929,1.2265707929,[7,3,2,1,9,9,5,0,3,8],"SA","att",30,10,10,0.95,10000,44.2096660137,5000,-1,50,0.05,0.1],[2,630,32.2265707929,1.2265707929,[7,3,2,1,9,9,5,0,3,8],"SA","att",30,10,10,0.95,10000,44.2099454403,5000,-1,50,0.05,0.1],[2,645,32.2265707929,1.2265707929,[7,3,2,1,9,9,5,0,3,8],"SA","att",30,10,10,0.95,10000,44.1044743061,5000,-1,50,0.05,0.1],[2,660,32.2265707929,1.2265707929,[7,3,2,1,9,9,5,0,3,8],"SA","att",30,10,10,0.95,10000,44.1577835083,5000,-1,50,0.05,0.1],[2,675,32.2265707929,1.2265707929,[7,3,2,1,9,9,5,0,3,8],"SA","att",30,10,10,0.95,10000,44.0233821869,5000,-1,50,0.05,0.1],[2,690,32.2265707929,1.2265707929,[7,3,2,1,9,9,5,0,3,8],"SA","att",30,10,10,0.95,10000,44.0158410072,5000,-1,50,0.05,0.1],[2,705,32.2265707929,1.2265707929,[7,3,2,1,9,9,5,0,3,8],"SA","att",30,10,10,0.95,10000,44.1124100685,5000,-1,50,0.05,0.1],[2,720,32.2265707929,1.2265707929,[7,3,2,1,9,9,5,0,3,8],"SA","att",30,10,10,0.95,10000,43.9879207611,5000,-1,50,0.05,0.1],[2,735,32.2265707929,1.2265707929,[7,3,2,1,9,9,5,0,3,8],"SA","att",30,10,10,0.95,10000,43.9918961525,5000,-1,50,0.05,0.1],[2,750,32.2265707929,1.2265707929,[7,3,2,1,9,9,5,0,3,8],"SA","att",30,10,10,0.95,10000,44.1713631153,5000,-1,50,0.05,0.1],[2,765,32.2265707929,1.2265707929,[7,3,2,1,9,9,5,0,3,8],"SA","att",30,10,10,0.95,10000,44.0297553539,5000,-1,50,0.05,0.1],[2,780,32.2265707929,1.2265707929,[7,3,2,1,9,9,5,0,3,8],"SA","att",30,10,10,0.95,10000,44.0429267883,5000,-1,50,0.05,0.1],[2,795,32.2265707929,1.2265707929,[7,3,2,1,9,9,5,0,3,8],"SA","att",30,10,10,0.95,10000,43.984361887,5000,-1,50,0.05,0.1],[2,810,32.2265707929,1.2265707929,[7,3,2,1,9,9,5,0,3,8],"SA","att",30,10,10,0.95,10000,44.0072338581,5000,-1,50,0.05,0.1],[2,825,32.2265707929,1.2265707929,[7,3,2,1,9,9,5,0,3,8],"SA","att",30,10,10,0.95,10000,44.13560462,5000,-1,50,0.05,0.1],[2,840,32.2265707929,1.2265707929,[7,3,2,1,9,9,5,0,3,8],"SA","att",30,10,10,0.95,10000,44.0109744072,5000,-1,50,0.05,0.1],[2,855,32.2265707929,1.2265707929,[7,3,2,1,9,9,5,0,3,8],"SA","att",30,10,10,0.95,10000,44.1280608177,5000,-1,50,0.05,0.1],[2,870,32.2265707929,1.2265707929,[7,3,2,1,9,9,5,0,3,8],"SA","att",30,10,10,0.95,10000,44.1311333179,5000,-1,50,0.05,0.1],[2,885,32.2265707929,1.2265707929,[7,3,2,1,9,9,5,0,3,8],"SA","att",30,10,10,0.95,10000,44.1228487492,5000,-1,50,0.05,0.1],[2,900,32.2265707929,1.2265707929,[7,3,2,1,9,9,5,0,3,8],"SA","att",30,10,10,0.95,10000,44.2238647938,5000,-1,50,0.05,0.1],[2,915,32.2265707929,1.2265707929,[7,3,2,1,9,9,5,0,3,8],"SA","att",30,10,10,0.95,10000,44.2026703358,5000,-1,50,0.05,0.1],[2,930,32.2265707929,1.2265707929,[7,3,2,1,9,9,5,0,3,8],