{"columns":["ite","time","q","scaled_eu","z","solver","attacker","|Q|","|X|","|T|","rho","k","utility_time","RS_iters","mcts_iters","sa_iters","eps","lr"],"index":[0,1,2,3,4,5,6,7,8,9,10,11,12,13,14,15,16,17,18,19,20,21,22,23,24,25,26,27,28,29,30,31,32,33,34,35,36,37,38,39,40,41,42,43,44,45,46,47,48,49,50,51,52,53,54,55,56,57,58,59,60,61,62,63,64,65,66,67,68,69,70,71,72,73,74,75,76,77,78,79],"data":[[5,15,23.0075805215,-7.9924194785,[3,0,7,8,5,3,0,0,0,8],"SA","att",30,10,10,0.95,10000,48.5358483791,5000,-1,50,0.05,0.1],[5,30,23.0075805215,-7.9924194785,[6,5,3,1,4,9,5,7,3,4],"SA","att",30,10,10,0.95,10000,48.5811235905,5000,-1,50,0.05,0.1],[5,45,25.546516726,-5.453483274,[2,3,2,1,3,3,8,5,4,3],"SA","att",30,10,10,0.95,10000,48.5422546864,5000,-1,50,0.05,0.1],[5,60,26.5858845872,-4.4141154128,[9,1,2,4,5,3,5,8,3,8],"SA","att",30,10,10,0.95,10000,48.5716812611,5000,-1,50,0.05,0.1],[5,75,26.5858845872,-4.4141154128,[9,1,2,4,5,3,5,8,3,8],"SA","att",30,10,10,0.95,10000,48.6029551029,5000,-1,50,0.05,0.1],[5,90,27.0326766867,-3.9673233133,[7,9,8,1,9,1,0,2,3,6],"SA","att",30,10,10,0.95,10000,61.0623252392,5000,-1,50,0.05,0.1],[5,105,27.0326766867,-3.9673233133,[7,0,0,1,3,9,5,0,3,1],"SA","att",30,10,10,0.95,10000,48.5714361668,5000,-1,50,0.05,0.1],[5,120,27.0326766867,-3.9673233133,[7,3,0,0,9,3,5,0,3,8],"SA","att",30,10,10,0.95,10000,48.6505169868,5000,-1,50,0.05,0.1],[5,135,29.2298328016,-1.7701671984,[7,3,9,1,4,9,9,0,3,9],"SA","att",30,10,10,0.95,10000,48.5291118622,5000,-1,50,0.05,0.1],[5,150,32.2126026315,1.2126026315,[7,3,2,1,9,9,5,0,3,6],"SA","att",30,10,10,0.95,10000,48.5317311287,5000,-1,50,0.05,0.1],[5,165,32.2126026315,1.2126026315,[7,3,2,1,9,9,5,0,3,6],"SA","att",30,10,10,0.95,10000,48.4763293266,5000,-1,50,0.05,0.1],[5,180,32.2174132821,1.2174132821,[7,3,2,1,9,9,5,0,3,6],"SA","att",30,10,10,0.95,10000,48.4397447109,5000,-1,50,0.05,0.1],[5,195,32.2174132821,1.2174132821,[7,3,2,1,9,9,5,0,3,8],"SA","att",30,10,10,0.95,10000,48.3745388985,5000,-1,50,0.05,0.1],[5,210,32.2201922787,1.2201922787,[7,3,2,1,9,9,5,0,3,6],"SA","att",30,10,10,0.95,10000,48.4619486332,5000,-1,50,0.05,0.1],[5,225,32.2201922787,1.2201922787,[7,3,2,1,9,9,5,0,3,6],"SA","att",30,10,10,0.95,10000,48.5965065956,5000,-1,50,0.05,0.1],[5,240,32.2201922787,1.2201922787,[7,3,2,1,9,9,5,0,3,6],"SA","att",30,10,10,0.95,10000,48.5677864552,5000,-1,50,0.05,0.1],[5,255,32.2201922787,1.2201922787,[7,3,2,1,9,9,5,0,3,6],"SA","att",30,10,10,0.95,10000,48.6834101677,5000,-1,50,0.05,0.1],[5,270,32.2201922787,1.2201922787,[7,3,2,1,9,9,5,0,3,6],"SA","att",30,10,10,0.95,10000,48.6307077408,5000,-1,50,0.05,0.1],[5,285,32.2201922787,1.2201922787,[7,3,2,1,9,9,5,0,3,6],"SA","att",30,10,10,0.95,10000,48.6456079483,5000,-1,50,0.05,0.1],[5,300,32.2201922787,1.2201922787,[7,3,2,1,9,9,5,0,3,6],"SA","att",30,10,10,0.95,10000,48.6628162861,5000,-1,50,0.05,0.1],[5,315,32.2201922787,1.2201922787,[7,3,2,1,9,9,5,0,3,6],"SA","att",30,10,10,0.95,10000,48.7351231575,5000,-1,50,0.05,0.1],[5,330,32.2201922787,1.2201922787,[7,3,2,1,9,9,5,0,3,6],"SA","att",30,10,10,0.95,10000,48.632825613,5000,-1,50,0.05,0.1],[5,345,32.2201922787,1.2201922787,[7,3,2,1,9,9,5,0,3,6],"SA","att",30,10,10,0.95,10000,48.5413401127,5000,-1,50,0.05,0.1],[5,360,32.2201922787,1.2201922787,[7,3,2,1,9,9,5,0,3,6],"SA","att",30,10,10,0.95,10000,48.5529503822,5000,-1,50,0.05,0.1],[5,375,32.2201922787,1.2201922787,[7,3,2,1,9,9,5,0,3,6],"SA","att",30,10,10,0.95,10000,48.4632210732,5000,-1,50,0.05,0.1],[5,390,32.2201922787,1.2201922787,[7,3,2,1,9,9,5,0,3,6],"SA","att",30,10,10,0.95,10000,48.6014351845,5000,-1,50,0.05,0.1],[5,405,32.2201922787,1.2201922787,[7,3,2,1,9,9,5,0,3,6],"SA","att",30,10,10,0.95,10000,48.5124065876,5000,-1,50,0.05,0.1],[5,420,32.2201922787,1.2201922787,[7,3,2,1,9,9,5,0,3,6],"SA","att",30,10,10,0.95,10000,48.5150163174,5000,-1,50,0.05,0.1],[5,435,32.2201922787,1.2201922787,[7,3,2,1,9,9,5,0,3,6],"SA","att",30,10,10,0.95,10000,48.3976852894,5000,-1,50,0.05,0.1],[5,450,32.2201922787,1.2201922787,[7,3,2,1,9,9,5,0,3,6],"SA","att",30,10,10,0.95,10000,48.4227440357,5000,-1,50,0.05,0.1],[5,465,32.2201922787,1.2201922787,[7,3,2,1,9,9,5,0,3,6],"SA","att",30,10,10,0.95,10000,48.4467515945,5000,-1,50,0.05,0.1],[5,480,32.2201922787,1.2201922787,[7,3,2,1,9,9,5,0,3,6],"SA","att",30,10,10,0.95,10000,48.3778986931,5000,-1,50,0.05,0.1],[5,495,32.2201922787,1.2201922787,[7,3,2,1,9,9,5,0,3,6],"SA","att",30,10,10,0.95,10000,48.3848178387,5000,-1,50,0.05,0.1],[5,510,32.2201922787,1.2201922787,[7,3,2,1,9,9,5,0,3,6],"SA","att",30,10,10,0.95,10000,48.4050068855,5000,-1,50,0.05,0.1],[5,525,32.2201922787,1.2201922787,[7,3,2,1,9,9,5,0,3,8],"SA","att",30,10,10,0.95,10000,48.6086597443,5000,-1,50,0.05,0.1],[5,540,32.2201922787,1.2201922787,[7,3,2,1,9,9,5,0,3,8],"SA","att",30,10,10,0.95,10000,48.6198937893,5000,-1,50,0.05,0.1],[5,555,32.2201922787,1.2201922787,[7,3,2,1,9,9,5,0,3,8],"SA","att",30,10,10,0.95,10000,48.5296020508,5000,-1,50,0.05,0.1],[5,570,32.2201922787,1.2201922787,[7,3,2,1,9,9,5,0,3,8],"SA","att",30,10,10,0.95,10000,48.6346211433,5000,-1,50,0.05,0.1],[5,585,32.2201922787,1.2201922787,[7,3,2,1,9,9,5,0,3,8],"SA","att",30,10,10,0.95,10000,48.5653102398,5000,-1,50,0.05,0.1],[5,600,32.2201922787,1.2201922787,[7,3,2,1,9,9,5,0,3,8],"SA","att",30,10,10,0.95,10000,48.6442689896,5000,-1,50,0.05,0.1],[5,615,32.2201922787,1.2201922787,[7,3,2,1,9,9,5,0,3,8],"SA","att",30,10,10,0.95,10000,48.6364660263,5000,-1,50,0.05,0.1],[5,630,32.2201922787,1.2201922787,[7,3,2,1,9,9,5,0,3,8],"SA","att",30,10,10,0.95,10000,48.4927122593,5000,-1,50,0.05,0.1],[5,645,32.2201922787,1.2201922787,[7,3,2,1,9,9,5,0,3,8],"SA","att",30,10,10,0.95,10000,48.6713027954,5000,-1,50,0.05,0.1],[5,660,32.2201922787,1.2201922787,[7,3,2,1,9,9,5,0,3,8],"SA","att",30,10,10,0.95,10000,48.5824949741,5000,-1,50,0.05,0.1],[5,675,32.2201922787,1.2201922787,[7,3,2,1,9,9,5,0,3,8],"SA","att",30,10,10,0.95,10000,48.5403273106,5000,-1,50,0.05,0.1],[5,690,32.2201922787,1.2201922787,[7,3,2,1,9,9,5,0,3,8],"SA","att",30,10,10,0.95,10000,48.4893519878,5000,-1,50,0.05,0.1],[5,705,32.2201922787,1.2201922787,[7,3,2,1,9,9,5,0,3,8],"SA","att",30,10,10,0.95,10000,48.475556612,5000,-1,50,0.05,0.1],[5,720,32.2201922787,1.2201922787,[7,3,2,1,9,9,5,0,3,8],"SA","att",30,10,10,0.95,10000,48.4974205494,5000,-1,50,0.05,0.1],[5,735,32.2201922787,1.2201922787,[7,3,2,1,9,9,5,0,3,8],"SA","att",30,10,10,0.95,10000,48.5460710526,5000,-1,50,0.05,0.1],[5,750,32.2201922787,1.2201922787,[7,3,2,1,9,9,5,0,3,8],"SA","att",30,10,10,0.95,10000,48.5785434246,5000,-1,50,0.05,0.1],[5,765,32.2201922787,1.2201922787,[7,3,2,1,9,9,5,0,3,8],"SA","att",30,10,10,0.95,10000,48.5375096798,5000,-1,50,0.05,0.1],[5,780,32.2201922787,1.2201922787,[7,3,2,1,9,9,5,0,3,8],"SA","att",30,10,10,0.95,10000,48.6095297337,5000,-1,50,0.05,0.1],[5,795,32.2201922787,1.2201922787,[7,3,2,1,9,9,5,0,3,8],"SA","att",30,10,10,0.95,10000,48.6750183105,5000,-1,50,0.05,0.1],[5,810,32.2201922787,1.2201922787,[7,3,2,1,9,9,5,0,3,8],"SA","att",30,10,10,0.95,10000,48.4851715565,5000,-1,50,0.05,0.1],[5,825,32.2201922787,1.2201922787,[7,3,2,1,9,9,5,0,3,8],"SA","att",30,10,10,0.95,10000,48.4450590611,5000,-1,50,0.05,0.1],[5,840,32.2201922787,1.2201922787,[7,3,2,1,9,9,5,0,3,8],"SA","att",30,10,10,0.95,10000,48.6197373867,5000,-1,50,0.05,0.1],[5,855,32.2201922787,1.2201922787,[7,3,2,1,9,9,5,0,3,8],"SA","att",30,10,10,0.95,10000,48.6159756184,5000,-1,50,0.05,0.1],[5,870,32.2201922787,1.2201922787,[7,3,2,1,9,9,5,0,3,8],"SA","att",30,10,10,0.95,10000,48.4590001106,5000,-1,50,0.05,0.1],[5,885,32.2201922787,1.2201922787,[7,3,2,1,9,9,5,0,3,8],"SA","att",30,10,10,0.95,10000,48.4271068573,5000,-1,50,0.05,0.1],[5,900,32.2201922787,1.2201922787,[7,3,2,1,9,9,5,0,3,8],"SA","att",30,10,10,0.95,10000,48.5162138939,5000,-1,50,0.05,0.1],[5,915,32.2201922787,1.2201922787,[7,3,2,1,9,9,5,0,3,8],"SA","att",30,10,10,0.95,10000,48.6814174652,5000,-1,50,0.05,0.1],[5,930,32.2201922787,1.2201922787,[7,3,2,1,9,9,5,0,3,8],