{"columns":["ite","time","q","scaled_eu","z","solver","attacker","|Q|","|X|","|T|","rho","k","utility_time","RS_iters","mcts_iters","sa_iters","eps","lr"],"index":[0,1,2,3,4,5,6,7,8,9,10,11,12,13,14,15,16,17,18,19,20,21,22,23,24,25,26,27,28,29,30,31,32,33,34,35,36,37,38,39,40,41,42,43,44,45,46,47,48,49,50,51,52,53,54,55,56,57,58,59,60,61,62,63,64,65,66,67,68,69,70,71,72,73,74,75,76,77,78,79],"data":[[0,15,22.0859489039,-8.9140510961,[8,6,9,5,9,8,2,8,2,5],"SA","att",30,10,10,0.95,10000,49.0700685978,5000,-1,50,0.05,0.1],[0,30,23.058708798,-7.941291202,[4,2,2,5,7,1,5,6,2,0],"SA","att",30,10,10,0.95,10000,49.1998045444,5000,-1,50,0.05,0.1],[0,45,23.058708798,-7.941291202,[4,2,2,5,7,1,5,6,2,0],"SA","att",30,10,10,0.95,10000,49.2763845921,5000,-1,50,0.05,0.1],[0,60,26.384750276,-4.615249724,[5,5,2,8,0,9,5,0,5,8],"SA","att",30,10,10,0.95,10000,49.2593743801,5000,-1,50,0.05,0.1],[0,75,26.384750276,-4.615249724,[9,1,2,6,9,9,5,8,3,9],"SA","att",30,10,10,0.95,10000,49.283536911,5000,-1,50,0.05,0.1],[0,90,26.8706493132,-4.1293506868,[1,5,2,6,1,9,5,5,3,7],"SA","att",30,10,10,0.95,10000,49.5996620655,5000,-1,50,0.05,0.1],[0,105,26.8706493132,-4.1293506868,[8,6,2,1,9,9,5,8,3,9],"SA","att",30,10,10,0.95,10000,49.6289479733,5000,-1,50,0.05,0.1],[0,120,26.8706493132,-4.1293506868,[6,7,2,1,9,9,5,8,3,9],"SA","att",30,10,10,0.95,10000,49.6405813694,5000,-1,50,0.05,0.1],[0,135,28.9769281823,-2.0230718177,[1,3,2,7,0,9,5,0,3,1],"SA","att",30,10,10,0.95,10000,49.5895578861,5000,-1,50,0.05,0.1],[0,150,29.6591166941,-1.3408833059,[5,4,2,1,9,9,5,0,3,5],"SA","att",30,10,10,0.95,10000,49.4781208038,5000,-1,50,0.05,0.1],[0,165,30.6611466695,-0.3388533305,[5,3,2,1,9,9,5,0,3,3],"SA","att",30,10,10,0.95,10000,49.3738267422,5000,-1,50,0.05,0.1],[0,180,30.9699862212,-0.0300137788,[8,3,2,1,9,9,5,0,3,1],"SA","att",30,10,10,0.95,10000,49.433093071,5000,-1,50,0.05,0.1],[0,195,32.1802991753,1.1802991753,[7,3,2,1,9,9,5,0,3,8],"SA","att",30,10,10,0.95,10000,49.3812842369,5000,-1,50,0.05,0.1],[0,210,32.1966428248,1.1966428248,[7,3,2,1,9,9,5,0,3,8],"SA","att",30,10,10,0.95,10000,49.45956707,5000,-1,50,0.05,0.1],[0,225,32.1966428248,1.1966428248,[7,3,2,1,9,9,5,0,3,8],"SA","att",30,10,10,0.95,10000,49.6076622009,5000,-1,50,0.05,0.1],[0,240,32.1966428248,1.1966428248,[7,3,2,1,9,9,5,0,3,8],"SA","att",30,10,10,0.95,10000,49.2758255005,5000,-1,50,0.05,0.1],[0,255,32.1966428248,1.1966428248,[7,3,2,1,9,9,5,0,3,8],"SA","att",30,10,10,0.95,10000,49.4247729778,5000,-1,50,0.05,0.1],[0,270,32.1966428248,1.1966428248,[7,3,2,1,9,9,5,0,3,8],"SA","att",30,10,10,0.95,10000,49.4186263084,5000,-1,50,0.05,0.1],[0,285,32.2254444882,1.2254444882,[7,3,2,1,9,9,5,0,3,6],"SA","att",30,10,10,0.95,10000,49.2982070446,5000,-1,50,0.05,0.1],[0,300,32.2254444882,1.2254444882,[7,3,2,1,9,9,5,0,3,6],"SA","att",30,10,10,0.95,10000,49.2914397717,5000,-1,50,0.05,0.1],[0,315,32.2254444882,1.2254444882,[7,3,2,1,9,9,5,0,3,6],"SA","att",30,10,10,0.95,10000,49.3696036339,5000,-1,50,0.05,0.1],[0,330,32.2254444882,1.2254444882,[7,3,2,1,9,9,5,0,3,6],"SA","att",30,10,10,0.95,10000,49.2053530216,5000,-1,50,0.05,0.1],[0,345,32.2254444882,1.2254444882,[7,3,2,1,9,9,5,0,3,8],"SA","att",30,10,10,0.95,10000,49.2634851933,5000,-1,50,0.05,0.1],[0,360,32.2254444882,1.2254444882,[7,3,2,1,9,9,5,0,3,8],"SA","att",30,10,10,0.95,10000,49.2860751152,5000,-1,50,0.05,0.1],[0,375,32.2254444882,1.2254444882,[7,3,2,1,9,9,5,0,3,8],"SA","att",30,10,10,0.95,10000,49.2388579845,5000,-1,50,0.05,0.1],[0,390,32.2254444882,1.2254444882,[7,3,2,1,9,9,5,0,3,8],"SA","att",30,10,10,0.95,10000,49.3147447109,5000,-1,50,0.05,0.1],[0,405,32.2254444882,1.2254444882,[7,3,2,1,9,9,5,0,3,8],"SA","att",30,10,10,0.95,10000,49.2789342403,5000,-1,50,0.05,0.1],[0,420,32.2254444882,1.2254444882,[7,3,2,1,9,9,5,0,3,8],"SA","att",30,10,10,0.95,10000,49.2141065598,5000,-1,50,0.05,0.1],[0,435,32.2254444882,1.2254444882,[7,3,2,1,9,9,5,0,3,8],"SA","att",30,10,10,0.95,10000,49.2473874092,5000,-1,50,0.05,0.1],[0,450,32.2254444882,1.2254444882,[7,3,2,1,9,9,5,0,3,8],"SA","att",30,10,10,0.95,10000,49.2809422016,5000,-1,50,0.05,0.1],[0,465,32.2254444882,1.2254444882,[7,3,2,1,9,9,5,0,3,8],"SA","att",30,10,10,0.95,10000,49.257215023,5000,-1,50,0.05,0.1],[0,480,32.2254444882,1.2254444882,[7,3,2,1,9,9,5,0,3,8],"SA","att",30,10,10,0.95,10000,49.2229409218,5000,-1,50,0.05,0.1],[0,495,32.2254444882,1.2254444882,[7,3,2,1,9,9,5,0,3,8],"SA","att",30,10,10,0.95,10000,49.2771778107,5000,-1,50,0.05,0.1],[0,510,32.2254444882,1.2254444882,[7,3,2,1,9,9,5,0,3,8],"SA","att",30,10,10,0.95,10000,49.379846096,5000,-1,50,0.05,0.1],[0,525,32.2254444882,1.2254444882,[7,3,2,1,9,9,5,0,3,8],"SA","att",30,10,10,0.95,10000,49.3452506065,5000,-1,50,0.05,0.1],[0,540,32.2254444882,1.2254444882,[7,3,2,1,9,9,5,0,3,8],"SA","att",30,10,10,0.95,10000,49.3095812798,5000,-1,50,0.05,0.1],[0,555,32.2254444882,1.2254444882,[7,3,2,1,9,9,5,0,3,8],"SA","att",30,10,10,0.95,10000,49.1699869633,5000,-1,50,0.05,0.1],[0,570,32.2254444882,1.2254444882,[7,3,2,1,9,9,5,0,3,8],"SA","att",30,10,10,0.95,10000,49.2599492073,5000,-1,50,0.05,0.1],[0,585,32.2254444882,1.2254444882,[7,3,2,1,9,9,5,0,3,8],"SA","att",30,10,10,0.95,10000,49.3009338379,5000,-1,50,0.05,0.1],[0,600,32.2254444882,1.2254444882,[7,3,2,1,9,9,5,0,3,8],"SA","att",30,10,10,0.95,10000,49.1939570904,5000,-1,50,0.05,0.1],[0,615,32.2254444882,1.2254444882,[7,3,2,1,9,9,5,0,3,8],"SA","att",30,10,10,0.95,10000,49.2157213688,5000,-1,50,0.05,0.1],[0,630,32.2254444882,1.2254444882,[7,3,2,1,9,9,5,0,3,8],"SA","att",30,10,10,0.95,10000,49.3003773689,5000,-1,50,0.05,0.1],[0,645,32.2254444882,1.2254444882,[7,3,2,1,9,9,5,0,3,8],"SA","att",30,10,10,0.95,10000,49.2144911289,5000,-1,50,0.05,0.1],[0,660,32.2254444882,1.2254444882,[7,3,2,1,9,9,5,0,3,8],"SA","att",30,10,10,0.95,10000,49.2657339573,5000,-1,50,0.05,0.1],[0,675,32.2254444882,1.2254444882,[7,3,2,1,9,9,5,0,3,8],"SA","att",30,10,10,0.95,10000,49.2454607487,5000,-1,50,0.05,0.1],[0,690,32.2254444882,1.2254444882,[7,3,2,1,9,9,5,0,3,8],"SA","att",30,10,10,0.95,10000,49.1986243725,5000,-1,50,0.05,0.1],[0,705,32.2254444882,1.2254444882,[7,3,2,1,9,9,5,0,3,8],"SA","att",30,10,10,0.95,10000,49.2532849312,5000,-1,50,0.05,0.1],[0,720,32.2254444882,1.2254444882,[7,3,2,1,9,9,5,0,3,8],"SA","att",30,10,10,0.95,10000,49.260581255,5000,-1,50,0.05,0.1],[0,735,32.2254444882,1.2254444882,[7,3,2,1,9,9,5,0,3,8],"SA","att",30,10,10,0.95,10000,49.2683806419,5000,-1,50,0.05,0.1],[0,750,32.2254444882,1.2254444882,[7,3,2,1,9,9,5,0,3,8],"SA","att",30,10,10,0.95,10000,49.309907198,5000,-1,50,0.05,0.1],[0,765,32.2254444882,1.2254444882,[7,3,2,1,9,9,5,0,3,8],"SA","att",30,10,10,0.95,10000,49.2898607254,5000,-1,50,0.05,0.1],[0,780,32.2254444882,1.2254444882,[7,3,2,1,9,9,5,0,3,8],"SA","att",30,10,10,0.95,10000,49.3193042278,5000,-1,50,0.05,0.1],[0,795,32.2254444882,1.2254444882,[7,3,2,1,9,9,5,0,3,8],"SA","att",30,10,10,0.95,10000,49.3218944073,5000,-1,50,0.05,0.1],[0,810,32.2254444882,1.2254444882,[7,3,2,1,9,9,5,0,3,8],"SA","att",30,10,10,0.95,10000,49.2634310722,5000,-1,50,0.05,0.1],[0,825,32.2254444882,1.2254444882,[7,3,2,1,9,9,5,0,3,8],"SA","att",30,10,10,0.95,10000,49.2953605652,5000,-1,50,0.05,0.1],[0,840,32.2254444882,1.2254444882,[7,3,2,1,9,9,5,0,3,8],"SA","att",30,10,10,0.95,10000,49.1777288914,5000,-1,50,0.05,0.1],[0,855,32.2254444882,1.2254444882,[7,3,2,1,9,9,5,0,3,8],"SA","att",30,10,10,0.95,10000,49.2488543987,5000,-1,50,0.05,0.1],[0,870,32.2254444882,1.2254444882,[7,3,2,1,9,9,5,0,3,8],"SA","att",30,10,10,0.95,10000,49.3883891106,5000,-1,50,0.05,0.1],[0,885,32.2254444882,1.2254444882,[7,3,2,1,9,9,5,0,3,8],"SA","att",30,10,10,0.95,10000,49.3572468758,5000,-1,50,0.05,0.1],[0,900,32.2254444882,1.2254444882,[7,3,2,1,9,9,5,0,3,8],"SA","att",30,10,10,0.95,10000,49.4086210728,5000,-1,50,0.05,0.1],[0,915,32.2254444882,1.2254444882,[7,3,2,1,9,9,5,0,3,8],"SA","att",30,10,10,0.95,10000,49.4392209053,5000,-1,50,0.05,0.1],[0,930,32.2254444882,1.2254444882,[7,3,2,1,9,9,5,0,3,8],