{"columns":["ite","time","q","scaled_eu","z","solver","attacker","|Q|","|X|","|T|","rho","k","utility_time","RS_iters","mcts_iters","sa_iters","eps","lr"],"index":[0,1,2,3,4,5,6,7,8,9,10,11,12,13,14,15,16,17,18,19,20,21,22,23,24,25,26,27,28,29,30,31,32,33,34,35,36,37,38,39,40,41,42,43,44,45,46,47,48,49,50,51,52,53,54,55,56,57,58,59,60,61,62,63,64,65,66,67,68,69,70,71,72,73,74,75,76,77,78,79],"data":[[8,15,26.6437406944,-4.3562593056,[8,0,2,5,7,9,8,8,3,9],"SA","att",30,10,10,0.95,10000,48.4878344536,5000,-1,50,0.05,0.1],[8,30,26.6437406944,-4.3562593056,[8,0,2,5,7,9,8,8,3,9],"SA","att",30,10,10,0.95,10000,48.6958060265,5000,-1,50,0.05,0.1],[8,45,26.6437406944,-4.3562593056,[7,9,6,9,3,9,5,3,3,6],"SA","att",30,10,10,0.95,10000,48.4695754051,5000,-1,50,0.05,0.1],[8,60,29.6620827143,-1.3379172857,[7,6,2,1,9,9,7,0,3,3],"SA","att",30,10,10,0.95,10000,48.6340069771,5000,-1,50,0.05,0.1],[8,75,29.6620827143,-1.3379172857,[7,7,2,1,9,9,5,0,3,7],"SA","att",30,10,10,0.95,10000,48.6462197304,5000,-1,50,0.05,0.1],[8,90,29.6620827143,-1.3379172857,[7,7,2,1,9,9,5,0,3,7],"SA","att",30,10,10,0.95,10000,48.7203772068,5000,-1,50,0.05,0.1],[8,105,29.6620827143,-1.3379172857,[7,3,2,1,9,9,5,0,3,7],"SA","att",30,10,10,0.95,10000,48.7899856567,5000,-1,50,0.05,0.1],[8,120,30.09265575,-0.90734425,[7,4,2,3,9,9,5,0,3,9],"SA","att",30,10,10,0.95,10000,48.7574086189,5000,-1,50,0.05,0.1],[8,135,31.1008209694,0.1008209694,[6,3,2,1,9,9,5,0,3,9],"SA","att",30,10,10,0.95,10000,48.7256975174,5000,-1,50,0.05,0.1],[8,150,31.1008209694,0.1008209694,[6,3,2,1,9,9,5,0,3,9],"SA","att",30,10,10,0.95,10000,48.593619585,5000,-1,50,0.05,0.1],[8,165,31.1008209694,0.1008209694,[6,3,2,1,9,9,5,0,3,9],"SA","att",30,10,10,0.95,10000,48.7352249622,5000,-1,50,0.05,0.1],[8,180,32.0853129625,1.0853129625,[7,3,2,1,9,9,5,0,3,9],"SA","att",30,10,10,0.95,10000,48.6314730644,5000,-1,50,0.05,0.1],[8,195,32.1058294611,1.1058294611,[7,3,2,1,9,9,5,0,3,9],"SA","att",30,10,10,0.95,10000,48.7529652119,5000,-1,50,0.05,0.1],[8,210,32.1069887427,1.1069887427,[7,3,2,1,9,9,5,0,3,9],"SA","att",30,10,10,0.95,10000,48.6867997646,5000,-1,50,0.05,0.1],[8,225,32.2137164216,1.2137164216,[7,3,2,1,9,9,5,0,3,6],"SA","att",30,10,10,0.95,10000,48.7520718575,5000,-1,50,0.05,0.1],[8,240,32.2137164216,1.2137164216,[7,3,2,1,9,9,5,0,3,6],"SA","att",30,10,10,0.95,10000,48.8000695705,5000,-1,50,0.05,0.1],[8,255,32.2137164216,1.2137164216,[7,3,2,1,9,9,5,0,3,6],"SA","att",30,10,10,0.95,10000,48.7987251282,5000,-1,50,0.05,0.1],[8,270,32.2137164216,1.2137164216,[7,3,2,1,9,9,5,0,3,6],"SA","att",30,10,10,0.95,10000,48.731518507,5000,-1,50,0.05,0.1],[8,285,32.2137164216,1.2137164216,[7,3,2,1,9,9,5,0,3,6],"SA","att",30,10,10,0.95,10000,48.945805788,5000,-1,50,0.05,0.1],[8,300,32.2137164216,1.2137164216,[7,3,2,1,9,9,5,0,3,6],"SA","att",30,10,10,0.95,10000,48.8975770473,5000,-1,50,0.05,0.1],[8,315,32.2137164216,1.2137164216,[7,3,2,1,9,9,5,0,3,6],"SA","att",30,10,10,0.95,10000,48.7938292027,5000,-1,50,0.05,0.1],[8,330,32.2137164216,1.2137164216,[7,3,2,1,9,9,5,0,3,6],"SA","att",30,10,10,0.95,10000,48.6778383255,5000,-1,50,0.05,0.1],[8,345,32.2137164216,1.2137164216,[7,3,2,1,9,9,5,0,3,6],"SA","att",30,10,10,0.95,10000,48.6834826469,5000,-1,50,0.05,0.1],[8,360,32.2137164216,1.2137164216,[7,3,2,1,9,9,5,0,3,6],"SA","att",30,10,10,0.95,10000,48.7372601032,5000,-1,50,0.05,0.1],[8,375,32.2137164216,1.2137164216,[7,3,2,1,9,9,5,0,3,6],"SA","att",30,10,10,0.95,10000,48.7636623383,5000,-1,50,0.05,0.1],[8,390,32.2137164216,1.2137164216,[7,3,2,1,9,9,5,0,3,8],"SA","att",30,10,10,0.95,10000,48.7208249569,5000,-1,50,0.05,0.1],[8,405,32.2137164216,1.2137164216,[7,3,2,1,9,9,5,0,3,8],"SA","att",30,10,10,0.95,10000,48.7098455429,5000,-1,50,0.05,0.1],[8,420,32.2137164216,1.2137164216,[7,3,2,1,9,9,5,0,3,8],"SA","att",30,10,10,0.95,10000,48.8347685337,5000,-1,50,0.05,0.1],[8,435,32.2137164216,1.2137164216,[7,3,2,1,9,9,5,0,3,8],"SA","att",30,10,10,0.95,10000,48.6620221138,5000,-1,50,0.05,0.1],[8,450,32.2137164216,1.2137164216,[7,3,2,1,9,9,5,0,3,8],"SA","att",30,10,10,0.95,10000,48.6308426857,5000,-1,50,0.05,0.1],[8,465,32.2137164216,1.2137164216,[7,3,2,1,9,9,5,0,3,8],"SA","att",30,10,10,0.95,10000,48.8054563999,5000,-1,50,0.05,0.1],[8,480,32.2137164216,1.2137164216,[7,3,2,1,9,9,5,0,3,8],"SA","att",30,10,10,0.95,10000,48.6776750088,5000,-1,50,0.05,0.1],[8,495,32.2137164216,1.2137164216,[7,3,2,1,9,9,5,0,3,8],"SA","att",30,10,10,0.95,10000,48.7080881596,5000,-1,50,0.05,0.1],[8,510,32.2137164216,1.2137164216,[7,3,2,1,9,9,5,0,3,8],"SA","att",30,10,10,0.95,10000,48.7285020351,5000,-1,50,0.05,0.1],[8,525,32.2137164216,1.2137164216,[7,3,2,1,9,9,5,0,3,8],"SA","att",30,10,10,0.95,10000,48.7882618904,5000,-1,50,0.05,0.1],[8,540,32.2137164216,1.2137164216,[7,3,2,1,9,9,5,0,3,8],"SA","att",30,10,10,0.95,10000,48.8014585972,5000,-1,50,0.05,0.1],[8,555,32.2137164216,1.2137164216,[7,3,2,1,9,9,5,0,3,8],"SA","att",30,10,10,0.95,10000,48.7917811871,5000,-1,50,0.05,0.1],[8,570,32.2137164216,1.2137164216,[7,3,2,1,9,9,5,0,3,8],"SA","att",30,10,10,0.95,10000,48.731292963,5000,-1,50,0.05,0.1],[8,585,32.2137164216,1.2137164216,[7,3,2,1,9,9,5,0,3,8],"SA","att",30,10,10,0.95,10000,48.8348464966,5000,-1,50,0.05,0.1],[8,600,32.2137164216,1.2137164216,[7,3,2,1,9,9,5,0,3,8],"SA","att",30,10,10,0.95,10000,48.7717001438,5000,-1,50,0.05,0.1],[8,615,32.2137164216,1.2137164216,[7,3,2,1,9,9,5,0,3,8],"SA","att",30,10,10,0.95,10000,48.7054564953,5000,-1,50,0.05,0.1],[8,630,32.2137164216,1.2137164216,[7,3,2,1,9,9,5,0,3,8],"SA","att",30,10,10,0.95,10000,48.7226274014,5000,-1,50,0.05,0.1],[8,645,32.2137164216,1.2137164216,[7,3,2,1,9,9,5,0,3,8],"SA","att",30,10,10,0.95,10000,48.6795907021,5000,-1,50,0.05,0.1],[8,660,32.2137164216,1.2137164216,[7,3,2,1,9,9,5,0,3,8],"SA","att",30,10,10,0.95,10000,48.7864227295,5000,-1,50,0.05,0.1],[8,675,32.2137164216,1.2137164216,[7,3,2,1,9,9,5,0,3,8],"SA","att",30,10,10,0.95,10000,48.6105437279,5000,-1,50,0.05,0.1],[8,690,32.2137164216,1.2137164216,[7,3,2,1,9,9,5,0,3,8],"SA","att",30,10,10,0.95,10000,48.7519643307,5000,-1,50,0.05,0.1],[8,705,32.2137164216,1.2137164216,[7,3,2,1,9,9,5,0,3,8],"SA","att",30,10,10,0.95,10000,48.7372088432,5000,-1,50,0.05,0.1],[8,720,32.2137164216,1.2137164216,[7,3,2,1,9,9,5,0,3,8],"SA","att",30,10,10,0.95,10000,48.6818623543,5000,-1,50,0.05,0.1],[8,735,32.2137164216,1.2137164216,[7,3,2,1,9,9,5,0,3,8],"SA","att",30,10,10,0.95,10000,48.6921360493,5000,-1,50,0.05,0.1],[8,750,32.2137164216,1.2137164216,[7,3,2,1,9,9,5,0,3,8],"SA","att",30,10,10,0.95,10000,48.7287435532,5000,-1,50,0.05,0.1],[8,765,32.2137164216,1.2137164216,[7,3,2,1,9,9,5,0,3,8],"SA","att",30,10,10,0.95,10000,48.6884548664,5000,-1,50,0.05,0.1],[8,780,32.2137164216,1.2137164216,[7,3,2,1,9,9,5,0,3,8],"SA","att",30,10,10,0.95,10000,48.7077610493,5000,-1,50,0.05,0.1],[8,795,32.2137164216,1.2137164216,[7,3,2,1,9,9,5,0,3,8],"SA","att",30,10,10,0.95,10000,48.7688043118,5000,-1,50,0.05,0.1],[8,810,32.2137164216,1.2137164216,[7,3,2,1,9,9,5,0,3,8],"SA","att",30,10,10,0.95,10000,48.7650046349,5000,-1,50,0.05,0.1],[8,825,32.2137164216,1.2137164216,[7,3,2,1,9,9,5,0,3,8],"SA","att",30,10,10,0.95,10000,48.4774696827,5000,-1,50,0.05,0.1],[8,840,32.2137164216,1.2137164216,[7,3,2,1,9,9,5,0,3,8],"SA","att",30,10,10,0.95,10000,48.6295645237,5000,-1,50,0.05,0.1],[8,855,32.2137164216,1.2137164216,[7,3,2,1,9,9,5,0,3,8],"SA","att",30,10,10,0.95,10000,48.7810547352,5000,-1,50,0.05,0.1],[8,870,32.2137164216,1.2137164216,[7,3,2,1,9,9,5,0,3,8],"SA","att",30,10,10,0.95,10000,48.7581143379,5000,-1,50,0.05,0.1],[8,885,32.2137164216,1.2137164216,[7,3,2,1,9,9,5,0,3,8],"SA","att",30,10,10,0.95,10000,48.7012648582,5000,-1,50,0.05,0.1],[8,900,32.2137164216,1.2137164216,[7,3,2,1,9,9,5,0,3,8],"SA","att",30,10,10,0.95,10000,48.7616226673,5000,-1,50,0.05,0.1],[8,915,32.2137164216,1.2137164216,[7,3,2,1,9,9,5,0,3,8],"SA","att",30,10,10,0.95,10000,48.8887426853,5000,-1,50,0.05,0.1],[8,930,32.2137164216,1.2137164216,[7,3,2,1,9,9,5,0,3,8],