{"columns":["ite","time","q","scaled_eu","z","solver","attacker","|Q|","|X|","|T|","rho","k","utility_time","RS_iters","mcts_iters","sa_iters","eps","lr"],"index":[0,1,2,3,4,5,6,7,8,9,10,11,12,13,14,15,16,17,18,19,20,21,22,23,24,25,26,27,28,29,30,31,32,33,34,35,36,37,38,39,40,41,42,43,44,45,46,47,48,49,50,51,52,53,54,55,56,57,58,59,60,61,62,63,64,65,66,67,68,69,70,71,72,73,74,75,76,77,78,79],"data":[[4,15,23.1071285331,-7.8928714669,[9,9,0,0,4,5,5,0,6,2],"SA","att",30,10,10,0.95,10000,43.8382921219,5000,-1,50,0.05,0.1],[4,30,27.005028749,-3.994971251,[7,9,2,1,3,9,5,2,0,2],"SA","att",30,10,10,0.95,10000,43.6836140156,5000,-1,50,0.05,0.1],[4,45,27.005028749,-3.994971251,[7,9,2,1,8,9,5,0,5,1],"SA","att",30,10,10,0.95,10000,43.6918795109,5000,-1,50,0.05,0.1],[4,60,27.005028749,-3.994971251,[7,9,2,1,8,9,5,0,5,1],"SA","att",30,10,10,0.95,10000,43.6475584507,5000,-1,50,0.05,0.1],[4,75,28.1506607847,-2.8493392153,[7,8,4,1,7,8,5,0,3,8],"SA","att",30,10,10,0.95,10000,43.7456159592,5000,-1,50,0.05,0.1],[4,90,29.1825318818,-1.8174681182,[7,3,9,1,2,5,5,0,3,6],"SA","att",30,10,10,0.95,10000,43.4175589085,5000,-1,50,0.05,0.1],[4,105,29.1825318818,-1.8174681182,[7,3,9,1,2,5,5,0,3,6],"SA","att",30,10,10,0.95,10000,46.8702328205,5000,-1,50,0.05,0.1],[4,120,29.1825318818,-1.8174681182,[7,3,9,1,2,5,5,0,3,6],"SA","att",30,10,10,0.95,10000,47.7934207916,5000,-1,50,0.05,0.1],[4,135,29.5571669381,-1.4428330619,[7,3,2,2,6,9,5,8,3,8],"SA","att",30,10,10,0.95,10000,47.8919055462,5000,-1,50,0.05,0.1],[4,150,31.2106820998,0.2106820998,[7,3,2,1,6,9,5,0,3,6],"SA","att",30,10,10,0.95,10000,47.8113617897,5000,-1,50,0.05,0.1],[4,165,32.2087300855,1.2087300855,[7,3,2,1,9,9,5,0,3,6],"SA","att",30,10,10,0.95,10000,47.6337900162,5000,-1,50,0.05,0.1],[4,180,32.2187848736,1.2187848736,[7,3,2,1,9,9,5,0,3,6],"SA","att",30,10,10,0.95,10000,47.76248312,5000,-1,50,0.05,0.1],[4,195,32.2187848736,1.2187848736,[7,3,2,1,9,9,5,0,3,8],"SA","att",30,10,10,0.95,10000,47.7063806057,5000,-1,50,0.05,0.1],[4,210,32.2187848736,1.2187848736,[7,3,2,1,9,9,5,0,3,8],"SA","att",30,10,10,0.95,10000,47.7231924534,5000,-1,50,0.05,0.1],[4,225,32.2187848736,1.2187848736,[7,3,2,1,9,9,5,0,3,8],"SA","att",30,10,10,0.95,10000,47.8602716923,5000,-1,50,0.05,0.1],[4,240,32.2187848736,1.2187848736,[7,3,2,1,9,9,5,0,3,8],"SA","att",30,10,10,0.95,10000,47.7905290127,5000,-1,50,0.05,0.1],[4,255,32.2187848736,1.2187848736,[7,3,2,1,9,9,5,0,3,8],"SA","att",30,10,10,0.95,10000,80.2670154572,5000,-1,50,0.05,0.1],[4,270,32.2187848736,1.2187848736,[7,3,2,1,9,9,5,0,3,8],"SA","att",30,10,10,0.95,10000,80.4301922321,5000,-1,50,0.05,0.1],[4,285,32.2187848736,1.2187848736,[7,3,2,1,9,9,5,0,3,8],"SA","att",30,10,10,0.95,10000,80.4784393311,5000,-1,50,0.05,0.1],[4,300,32.2187848736,1.2187848736,[7,3,2,1,9,9,5,0,3,8],"SA","att",30,10,10,0.95,10000,80.9355876446,5000,-1,50,0.05,0.1],[4,315,32.2187848736,1.2187848736,[7,3,2,1,9,9,5,0,3,8],"SA","att",30,10,10,0.95,10000,80.6493134499,5000,-1,50,0.05,0.1],[4,330,32.2187848736,1.2187848736,[7,3,2,1,9,9,5,0,3,8],"SA","att",30,10,10,0.95,10000,80.0373616219,5000,-1,50,0.05,0.1],[4,345,32.2187848736,1.2187848736,[7,3,2,1,9,9,5,0,3,8],"SA","att",30,10,10,0.95,10000,79.2254166603,5000,-1,50,0.05,0.1],[4,360,32.2187848736,1.2187848736,[7,3,2,1,9,9,5,0,3,8],"SA","att",30,10,10,0.95,10000,47.8178327084,5000,-1,50,0.05,0.1],[4,375,32.2187848736,1.2187848736,[7,3,2,1,9,9,5,0,3,8],"SA","att",30,10,10,0.95,10000,47.7476329803,5000,-1,50,0.05,0.1],[4,390,32.2187848736,1.2187848736,[7,3,2,1,9,9,5,0,3,8],"SA","att",30,10,10,0.95,10000,47.8402938843,5000,-1,50,0.05,0.1],[4,405,32.2187848736,1.2187848736,[7,3,2,1,9,9,5,0,3,8],"SA","att",30,10,10,0.95,10000,47.8849306107,5000,-1,50,0.05,0.1],[4,420,32.2187848736,1.2187848736,[7,3,2,1,9,9,5,0,3,8],"SA","att",30,10,10,0.95,10000,47.8083364964,5000,-1,50,0.05,0.1],[4,435,32.2187848736,1.2187848736,[7,3,2,1,9,9,5,0,3,8],"SA","att",30,10,10,0.95,10000,47.8173487186,5000,-1,50,0.05,0.1],[4,450,32.2187848736,1.2187848736,[7,3,2,1,9,9,5,0,3,8],"SA","att",30,10,10,0.95,10000,47.7768676281,5000,-1,50,0.05,0.1],[4,465,32.2187848736,1.2187848736,[7,3,2,1,9,9,5,0,3,8],"SA","att",30,10,10,0.95,10000,47.8242874146,5000,-1,50,0.05,0.1],[4,480,32.2187848736,1.2187848736,[7,3,2,1,9,9,5,0,3,8],"SA","att",30,10,10,0.95,10000,47.7845995426,5000,-1,50,0.05,0.1],[4,495,32.2187848736,1.2187848736,[7,3,2,1,9,9,5,0,3,8],"SA","att",30,10,10,0.95,10000,47.9179668427,5000,-1,50,0.05,0.1],[4,510,32.2187848736,1.2187848736,[7,3,2,1,9,9,5,0,3,8],"SA","att",30,10,10,0.95,10000,47.7640769482,5000,-1,50,0.05,0.1],[4,525,32.2187848736,1.2187848736,[7,3,2,1,9,9,5,0,3,8],"SA","att",30,10,10,0.95,10000,47.8882324696,5000,-1,50,0.05,0.1],[4,540,32.2187848736,1.2187848736,[7,3,2,1,9,9,5,0,3,8],"SA","att",30,10,10,0.95,10000,47.8011357784,5000,-1,50,0.05,0.1],[4,555,32.2187848736,1.2187848736,[7,3,2,1,9,9,5,0,3,8],"SA","att",30,10,10,0.95,10000,47.8256113529,5000,-1,50,0.05,0.1],[4,570,32.2187848736,1.2187848736,[7,3,2,1,9,9,5,0,3,8],"SA","att",30,10,10,0.95,10000,47.8546636105,5000,-1,50,0.05,0.1],[4,585,32.2187848736,1.2187848736,[7,3,2,1,9,9,5,0,3,8],"SA","att",30,10,10,0.95,10000,47.8509843349,5000,-1,50,0.05,0.1],[4,600,32.2187848736,1.2187848736,[7,3,2,1,9,9,5,0,3,8],"SA","att",30,10,10,0.95,10000,47.7827475071,5000,-1,50,0.05,0.1],[4,615,32.2187848736,1.2187848736,[7,3,2,1,9,9,5,0,3,8],"SA","att",30,10,10,0.95,10000,47.8196549416,5000,-1,50,0.05,0.1],[4,630,32.2187848736,1.2187848736,[7,3,2,1,9,9,5,0,3,8],"SA","att",30,10,10,0.95,10000,47.8188579082,5000,-1,50,0.05,0.1],[4,645,32.2187848736,1.2187848736,[7,3,2,1,9,9,5,0,3,8],"SA","att",30,10,10,0.95,10000,47.8908414841,5000,-1,50,0.05,0.1],[4,660,32.2187848736,1.2187848736,[7,3,2,1,9,9,5,0,3,8],"SA","att",30,10,10,0.95,10000,47.7967014313,5000,-1,50,0.05,0.1],[4,675,32.2187848736,1.2187848736,[7,3,2,1,9,9,5,0,3,8],"SA","att",30,10,10,0.95,10000,47.72179389,5000,-1,50,0.05,0.1],[4,690,32.2187848736,1.2187848736,[7,3,2,1,9,9,5,0,3,8],"SA","att",30,10,10,0.95,10000,47.7970907688,5000,-1,50,0.05,0.1],[4,705,32.2187848736,1.2187848736,[7,3,2,1,9,9,5,0,3,8],"SA","att",30,10,10,0.95,10000,47.8657579422,5000,-1,50,0.05,0.1],[4,720,32.2187848736,1.2187848736,[7,3,2,1,9,9,5,0,3,8],"SA","att",30,10,10,0.95,10000,47.7504045963,5000,-1,50,0.05,0.1],[4,735,32.2187848736,1.2187848736,[7,3,2,1,9,9,5,0,3,8],"SA","att",30,10,10,0.95,10000,47.7697882652,5000,-1,50,0.05,0.1],[4,750,32.2187848736,1.2187848736,[7,3,2,1,9,9,5,0,3,8],"SA","att",30,10,10,0.95,10000,47.8876955509,5000,-1,50,0.05,0.1],[4,765,32.2187848736,1.2187848736,[7,3,2,1,9,9,5,0,3,8],"SA","att",30,10,10,0.95,10000,47.8824343681,5000,-1,50,0.05,0.1],[4,780,32.2187848736,1.2187848736,[7,3,2,1,9,9,5,0,3,8],"SA","att",30,10,10,0.95,10000,47.7832291126,5000,-1,50,0.05,0.1],[4,795,32.2187848736,1.2187848736,[7,3,2,1,9,9,5,0,3,8],"SA","att",30,10,10,0.95,10000,47.7243242264,5000,-1,50,0.05,0.1],[4,810,32.2187848736,1.2187848736,[7,3,2,1,9,9,5,0,3,8],"SA","att",30,10,10,0.95,10000,47.7750325203,5000,-1,50,0.05,0.1],[4,825,32.2187848736,1.2187848736,[7,3,2,1,9,9,5,0,3,8],"SA","att",30,10,10,0.95,10000,47.8990962505,5000,-1,50,0.05,0.1],[4,840,32.2187848736,1.2187848736,[7,3,2,1,9,9,5,0,3,8],"SA","att",30,10,10,0.95,10000,47.880863905,5000,-1,50,0.05,0.1],[4,855,32.2187848736,1.2187848736,[7,3,2,1,9,9,5,0,3,8],"SA","att",30,10,10,0.95,10000,47.8081250191,5000,-1,50,0.05,0.1],[4,870,32.2187848736,1.2187848736,[7,3,2,1,9,9,5,0,3,8],"SA","att",30,10,10,0.95,10000,47.8426930904,5000,-1,50,0.05,0.1],[4,885,32.2187848736,1.2187848736,[7,3,2,1,9,9,5,0,3,8],"SA","att",30,10,10,0.95,10000,47.6897642612,5000,-1,50,0.05,0.1],[4,900,32.2187848736,1.2187848736,[7,3,2,1,9,9,5,0,3,8],"SA","att",30,10,10,0.95,10000,47.9622447491,5000,-1,50,0.05,0.1],[4,915,32.2187848736,1.2187848736,[7,3,2,1,9,9,5,0,3,8],"SA","att",30,10,10,0.95,10000,47.9496703148,5000,-1,50,0.05,0.1],[4,930,32.2187848736,1.2187848736,[7,3,2,1,9,9,5,0,3,8],