{"columns":["ite","time","q","scaled_eu","z","solver","attacker","|Q|","|X|","|T|","rho","k","utility_time","RS_iters","mcts_iters","sa_iters","eps","lr"],"index":[0,1,2,3,4,5,6,7,8,9,10,11,12,13,14,15,16,17,18,19,20,21,22,23,24,25,26,27,28,29,30,31,32,33,34,35,36,37,38,39,40,41,42,43,44,45,46,47,48,49,50,51,52,53,54,55,56,57,58,59,60,61,62,63,64,65,66,67,68,69,70,71,72,73,74,75,76,77,78,79],"data":[[9,15,22.3418734991,-8.6581265009,[7,5,0,4,5,3,7,7,9,8],"SA","att",30,10,10,0.95,10000,49.9002811909,5000,-1,50,0.05,0.1],[9,30,22.3418734991,-8.6581265009,[7,5,0,4,5,3,7,7,9,8],"SA","att",30,10,10,0.95,10000,49.8139622211,5000,-1,50,0.05,0.1],[9,45,23.576408852,-7.423591148,[1,7,5,0,2,3,8,9,3,2],"SA","att",30,10,10,0.95,10000,49.7943396568,5000,-1,50,0.05,0.1],[9,60,25.5489613568,-5.4510386432,[0,8,5,1,2,9,1,9,3,5],"SA","att",30,10,10,0.95,10000,49.7732493877,5000,-1,50,0.05,0.1],[9,75,25.5489613568,-5.4510386432,[0,8,5,1,2,9,1,9,3,5],"SA","att",30,10,10,0.95,10000,49.829079628,5000,-1,50,0.05,0.1],[9,90,26.1812741685,-4.8187258315,[3,3,6,9,9,9,8,8,4,7],"SA","att",30,10,10,0.95,10000,49.8877630234,5000,-1,50,0.05,0.1],[9,105,26.4223187584,-4.5776812416,[7,8,0,2,9,9,6,2,3,3],"SA","att",30,10,10,0.95,10000,50.1463410854,5000,-1,50,0.05,0.1],[9,120,30.5522240579,-0.4477759421,[7,3,7,1,9,9,5,8,3,8],"SA","att",30,10,10,0.95,10000,50.1254870892,5000,-1,50,0.05,0.1],[9,135,30.5522240579,-0.4477759421,[7,3,8,1,9,9,5,8,3,8],"SA","att",30,10,10,0.95,10000,50.0268957615,5000,-1,50,0.05,0.1],[9,150,30.5522240579,-0.4477759421,[7,3,8,1,9,9,5,8,3,8],"SA","att",30,10,10,0.95,10000,50.1743392944,5000,-1,50,0.05,0.1],[9,165,30.5522240579,-0.4477759421,[7,3,8,1,9,9,5,8,3,8],"SA","att",30,10,10,0.95,10000,50.0496881008,5000,-1,50,0.05,0.1],[9,180,30.5522240579,-0.4477759421,[7,3,8,1,9,9,5,8,3,8],"SA","att",30,10,10,0.95,10000,50.0348548889,5000,-1,50,0.05,0.1],[9,195,30.5522240579,-0.4477759421,[7,3,8,1,9,9,5,8,3,8],"SA","att",30,10,10,0.95,10000,50.1555924416,5000,-1,50,0.05,0.1],[9,210,30.5522240579,-0.4477759421,[7,3,8,1,9,9,5,8,3,8],"SA","att",30,10,10,0.95,10000,50.2020189762,5000,-1,50,0.05,0.1],[9,225,30.5522240579,-0.4477759421,[7,3,8,1,9,9,5,8,3,8],"SA","att",30,10,10,0.95,10000,50.0315423012,5000,-1,50,0.05,0.1],[9,240,30.5522240579,-0.4477759421,[7,3,8,1,9,9,5,8,3,8],"SA","att",30,10,10,0.95,10000,50.1226174831,5000,-1,50,0.05,0.1],[9,255,30.5522240579,-0.4477759421,[7,3,8,1,9,9,5,8,3,8],"SA","att",30,10,10,0.95,10000,50.173507452,5000,-1,50,0.05,0.1],[9,270,30.5522240579,-0.4477759421,[7,3,2,1,9,9,5,8,3,9],"SA","att",30,10,10,0.95,10000,50.1079890728,5000,-1,50,0.05,0.1],[9,285,31.1881842064,0.1881842064,[7,3,4,1,9,9,5,0,3,8],"SA","att",30,10,10,0.95,10000,50.0776360035,5000,-1,50,0.05,0.1],[9,300,31.1881842064,0.1881842064,[7,3,2,1,9,9,5,0,3,8],"SA","att",30,10,10,0.95,10000,50.0552821159,5000,-1,50,0.05,0.1],[9,315,31.1881842064,0.1881842064,[7,3,2,1,9,9,5,0,3,8],"SA","att",30,10,10,0.95,10000,50.032504797,5000,-1,50,0.05,0.1],[9,330,31.1881842064,0.1881842064,[7,3,2,1,9,9,5,0,3,8],"SA","att",30,10,10,0.95,10000,50.0696351528,5000,-1,50,0.05,0.1],[9,345,32.1015621252,1.1015621252,[7,3,2,1,9,9,5,0,3,9],"SA","att",30,10,10,0.95,10000,49.9795212746,5000,-1,50,0.05,0.1],[9,360,32.1015621252,1.1015621252,[7,3,2,1,9,9,5,0,3,9],"SA","att",30,10,10,0.95,10000,49.9671127796,5000,-1,50,0.05,0.1],[9,375,32.1015621252,1.1015621252,[7,3,2,1,9,9,5,0,3,9],"SA","att",30,10,10,0.95,10000,49.9419076443,5000,-1,50,0.05,0.1],[9,390,32.1956966352,1.1956966352,[7,3,2,1,9,9,5,0,3,8],"SA","att",30,10,10,0.95,10000,50.0163478851,5000,-1,50,0.05,0.1],[9,405,32.2177376228,1.2177376228,[7,3,2,1,9,9,5,0,3,6],"SA","att",30,10,10,0.95,10000,50.0244445801,5000,-1,50,0.05,0.1],[9,420,32.2177376228,1.2177376228,[7,3,2,1,9,9,5,0,3,6],"SA","att",30,10,10,0.95,10000,49.8098363876,5000,-1,50,0.05,0.1],[9,435,32.2177376228,1.2177376228,[7,3,2,1,9,9,5,0,3,6],"SA","att",30,10,10,0.95,10000,49.9858562946,5000,-1,50,0.05,0.1],[9,450,32.2177376228,1.2177376228,[7,3,2,1,9,9,5,0,3,6],"SA","att",30,10,10,0.95,10000,49.9946417809,5000,-1,50,0.05,0.1],[9,465,32.2177376228,1.2177376228,[7,3,2,1,9,9,5,0,3,6],"SA","att",30,10,10,0.95,10000,49.9539248943,5000,-1,50,0.05,0.1],[9,480,32.2177376228,1.2177376228,[7,3,2,1,9,9,5,0,3,6],"SA","att",30,10,10,0.95,10000,50.0417747498,5000,-1,50,0.05,0.1],[9,495,32.2177376228,1.2177376228,[7,3,2,1,9,9,5,0,3,6],"SA","att",30,10,10,0.95,10000,49.9143998623,5000,-1,50,0.05,0.1],[9,510,32.2177376228,1.2177376228,[7,3,2,1,9,9,5,0,3,6],"SA","att",30,10,10,0.95,10000,49.9642491341,5000,-1,50,0.05,0.1],[9,525,32.2177376228,1.2177376228,[7,3,2,1,9,9,5,0,3,6],"SA","att",30,10,10,0.95,10000,50.0353906155,5000,-1,50,0.05,0.1],[9,540,32.2177376228,1.2177376228,[7,3,2,1,9,9,5,0,3,6],"SA","att",30,10,10,0.95,10000,50.0189919472,5000,-1,50,0.05,0.1],[9,555,32.2177376228,1.2177376228,[7,3,2,1,9,9,5,0,3,6],"SA","att",30,10,10,0.95,10000,50.0485944748,5000,-1,50,0.05,0.1],[9,570,32.2177376228,1.2177376228,[7,3,2,1,9,9,5,0,3,6],"SA","att",30,10,10,0.95,10000,50.0100975037,5000,-1,50,0.05,0.1],[9,585,32.2177376228,1.2177376228,[7,3,2,1,9,9,5,0,3,8],"SA","att",30,10,10,0.95,10000,49.9335474968,5000,-1,50,0.05,0.1],[9,600,32.2177376228,1.2177376228,[7,3,2,1,9,9,5,0,3,8],"SA","att",30,10,10,0.95,10000,49.9934327602,5000,-1,50,0.05,0.1],[9,615,32.2227104216,1.2227104216,[7,3,2,1,9,9,5,0,3,6],"SA","att",30,10,10,0.95,10000,50.0363385677,5000,-1,50,0.05,0.1],[9,630,32.2227104216,1.2227104216,[7,3,2,1,9,9,5,0,3,8],"SA","att",30,10,10,0.95,10000,50.0364823341,5000,-1,50,0.05,0.1],[9,645,32.2227104216,1.2227104216,[7,3,2,1,9,9,5,0,3,8],"SA","att",30,10,10,0.95,10000,50.0225131512,5000,-1,50,0.05,0.1],[9,660,32.2227104216,1.2227104216,[7,3,2,1,9,9,5,0,3,8],"SA","att",30,10,10,0.95,10000,49.9281573296,5000,-1,50,0.05,0.1],[9,675,32.2227104216,1.2227104216,[7,3,2,1,9,9,5,0,3,8],"SA","att",30,10,10,0.95,10000,50.0927450657,5000,-1,50,0.05,0.1],[9,690,32.2227104216,1.2227104216,[7,3,2,1,9,9,5,0,3,8],"SA","att",30,10,10,0.95,10000,50.0446879864,5000,-1,50,0.05,0.1],[9,705,32.2227104216,1.2227104216,[7,3,2,1,9,9,5,0,3,8],"SA","att",30,10,10,0.95,10000,50.0631771088,5000,-1,50,0.05,0.1],[9,720,32.223065774,1.223065774,[7,3,2,1,9,9,5,0,3,6],"SA","att",30,10,10,0.95,10000,50.0473928452,5000,-1,50,0.05,0.1],[9,735,32.223065774,1.223065774,[7,3,2,1,9,9,5,0,3,6],"SA","att",30,10,10,0.95,10000,50.0847916603,5000,-1,50,0.05,0.1],[9,750,32.223065774,1.223065774,[7,3,2,1,9,9,5,0,3,6],"SA","att",30,10,10,0.95,10000,49.9609055519,5000,-1,50,0.05,0.1],[9,765,32.223065774,1.223065774,[7,3,2,1,9,9,5,0,3,6],"SA","att",30,10,10,0.95,10000,49.9272115231,5000,-1,50,0.05,0.1],[9,780,32.223065774,1.223065774,[7,3,2,1,9,9,5,0,3,6],"SA","att",30,10,10,0.95,10000,49.9548075199,5000,-1,50,0.05,0.1],[9,795,32.223065774,1.223065774,[7,3,2,1,9,9,5,0,3,6],"SA","att",30,10,10,0.95,10000,49.872164011,5000,-1,50,0.05,0.1],[9,810,32.223065774,1.223065774,[7,3,2,1,9,9,5,0,3,6],"SA","att",30,10,10,0.95,10000,49.9637064934,5000,-1,50,0.05,0.1],[9,825,32.223065774,1.223065774,[7,3,2,1,9,9,5,0,3,6],"SA","att",30,10,10,0.95,10000,50.0366239548,5000,-1,50,0.05,0.1],[9,840,32.223065774,1.223065774,[7,3,2,1,9,9,5,0,3,6],"SA","att",30,10,10,0.95,10000,49.8974175453,5000,-1,50,0.05,0.1],[9,855,32.223065774,1.223065774,[7,3,2,1,9,9,5,0,3,6],"SA","att",30,10,10,0.95,10000,49.9547872543,5000,-1,50,0.05,0.1],[9,870,32.223065774,1.223065774,[7,3,2,1,9,9,5,0,3,6],"SA","att",30,10,10,0.95,10000,50.0805737972,5000,-1,50,0.05,0.1],[9,885,32.223065774,1.223065774,[7,3,2,1,9,9,5,0,3,6],"SA","att",30,10,10,0.95,10000,50.0441629887,5000,-1,50,0.05,0.1],[9,900,32.224348252,1.224348252,[7,3,2,1,9,9,5,0,3,6],"SA","att",30,10,10,0.95,10000,50.0975365639,5000,-1,50,0.05,0.1],[9,915,32.224348252,1.224348252,[7,3,2,1,9,9,5,0,3,6],"SA","att",30,10,10,0.95,10000,50.1008803844,5000,-1,50,0.05,0.1],[9,930,32.224348252,1.224348252,[7,3,2,1,9,9,5,0,3,6],"SA","att",30,10,10,0.95,10000,50.1235356331,5000,-1,50,0.05,0.1],[9,945,32.224348252,1.224348252,[7,3,2,1,9,9,5,0,3,6],